date,open,high,low,close,volume,amount,outstanding_share,turnover,ret_1,ret_2,ret_3,ret_5,ret_10,ma5,ma10,ma20,ma30,ma60,mom_5,mom_10,mom_20,trend_stability,vol_ma_5,vol_ratio_5,amount_ratio_5,vol_ma_10,vol_ratio_10,amount_ratio_10,vol_ma_20,vol_ratio_20,amount_ratio_20,volume_spike,money_flow,money_flow_ma,price_vol_corr,turnover_acceleration,vwap,vwap_20,vwap_60,vwap_120,cost_bias,bias_vwap_20,bias_vwap_60,bias_vwap_120,price_std_20,chip_concentration,profit_ratio,std_5,cv_5,std_10,cv_10,std_20,cv_20,atr,volatility_breakout,ma_diff_5,ma_diff_10,ma_diff_20,ma_diff_30,ma_diff_60,bias_20,bias_extreme,rsi,body,upper_shadow,lower_shadow,range,close_pos,vol_x_ret,mom_x_vol,range_x_vol,body_x_mom,target,latent_20,latent_23,latent_21,latent_24,latent_26,latent_30,latent_22,latent_27,latent_32,latent_3,latent_25,latent_28,latent_5,latent_7,latent_14,latent_4,latent_8,latent_9,latent_16,latent_13,latent_17,latent_15,latent_6,latent_10,latent_11,latent_1,latent_12,latent_2,latent_29,latent_18,latent_19,latent_31,alpha_score,signal,yearmonth,group
2024-05-17,57.4,61.0,57.2,60.39,28825848.0,2407770995.0,626402226.0,0.04601811233027132,0.027565084226646164,0.05245730219588696,0.060590094836670216,0.013935527199462783,-0.017249796582587518,58.55800000000001,59.176,56.623000000000005,54.01266666666667,51.125166666666665,0.013935527029224959,-0.017249796742514367,0.24541142477925093,0.6953303366903614,29726378.0,0.96970603011238,0.9785662244832688,29403144.3,0.9803661712465217,0.9796095472393499,34379169.75,0.8384684158930276,0.8861703442249593,0.8507117489962012,86189285.52000006,-21357276.188999973,-0.5418217059658404,0.18093826297838578,55.151936490013284,79.03192892841747,70.96435632574108,58.69753691395385,0.09497515125212708,-0.23587845040834376,-0.1490094023709959,0.028833630421787104,4.819024906828329,0.20751085899305877,0.75,1.4117613112709178,0.023377402070494182,1.2405034820141017,0.020541538032930722,4.819024906828329,0.07979839221775699,3.256714251973034,0.25741794313662664,0.03128522131369138,0.020515073506063963,0.06652773589062244,0.11807106954206947,0.1812186429029632,0.06652773607897844,0.06652773607897844,62.31851708045188,0.05209059232541979,0.010101010099337462,0.003311806589946641,0.06292432520898748,0.8394736820013851,0.013513364758114148,-0.00035433735584668337,0.06101809759590761,0.0007259098573192258,0.003477396920019915,-0.8308247327804565,-0.7834371328353882,-0.579131543636322,-0.16539384424686432,0.06740850955247879,-0.5118215084075928,-0.549640417098999,-0.3092572093009949,-1.9380751848220825,0.6556121110916138,-0.16579027473926544,-0.2943376302719116,-0.03328683227300644,-0.21767152845859528,-0.21857596933841705,0.2980802059173584,1.7869740724563599,1.813204050064087,0.03710608556866646,0.08991261571645737,-0.7858765721321106,0.30614715814590454,0.10517486184835434,1.924949288368225,1.9539660215377808,3.454712152481079,-1.881669044494629,0.36643970012664795,-1.0949535369873047,-0.7558488249778748,-0.8123670220375061,0.3153705894947052,,观望,2024-05,
2024-05-20,59.02,64.4,58.84,64.02,38840980.0,3415738040.0,626402226.0,0.06200645270376162,0.060109289617486183,0.08933129147524244,0.11571976298361797,0.07941325240263009,0.04933617439763971,59.5,59.477,57.286,54.467,51.412166666666664,0.079413252220635,0.04933617422564551,0.2612293141723345,0.7022780351512585,32035354.6,1.2124410822035971,1.2733571509395227,30692623.0,1.26548258843827,1.3261664299958196,34777420.05,1.1168447787144002,1.229257633438589,1.1483336387496552,194204899.99999973,2889205.7090000003,-0.14951467612649938,0.42294995507965827,55.23489496523525,79.89954048359606,71.50313077888227,59.03668497123084,0.15904990930631935,-0.19874382740481766,-0.10465458920985227,0.0844104819096394,4.881686938797006,0.2048472199239302,0.8,2.863712625247406,0.04473153115901423,1.9161422470973641,0.029930369365792887,4.881686938797006,0.07625252949132273,3.421234662546389,0.39251641229668754,0.07596638637378716,0.07638246699120965,0.11755053571246887,0.17539060326888012,0.24523053857318522,0.11755053590755149,0.11755053590755149,68.32790818789107,0.08471704505511389,0.00593564510997584,0.0028116213678832168,0.08684786003017064,0.9316546745833532,0.09628388968435223,0.001476649917668681,0.10529791340204663,0.006727656066348659,-0.014214308028741018,-0.6850206851959229,-0.6024585962295532,-0.06137514114379883,0.2091265618801117,0.3241134285926819,-0.14846381545066833,-0.04511629045009613,0.473977267742157,-1.8694278001785278,0.6639893054962158,0.17713916301727295,-0.36403998732566833,0.41185328364372253,-0.25827449560165405,-0.24786406755447388,0.41259443759918213,1.7102874517440796,1.7679437398910522,0.14700651168823242,0.10235105454921722,-0.6668545603752136,0.5510631799697876,0.12933316826820374,1.8810222148895264,1.8262689113616943,3.505241870880127,-1.7581701278686523,0.5756129026412964,-1.3600050210952759,-0.13391752541065216,-0.18992918729782104,0.32341402769088745,,观望,2024-05,
2024-05-21,63.93,64.9,63.23,63.83,22934811.0,2061806491.0,626402226.0,0.03661355283881127,-0.0029678225554513604,0.05696307335651585,0.08609834949804318,0.12100456621004563,0.07857384251436295,60.878,59.94200000000001,57.973,54.905,51.73,0.12100456601317089,0.07857384233210984,0.27430624849784246,0.6920825074313983,29042658.8,0.7896939174177809,0.8300428035598826,28440690.4,0.8064083774843944,0.8609588127812781,34552703.4,0.6637631427704727,0.7401629358343299,0.6905895662146508,-2293481.1000000327,16068828.01400001,0.22204898871146309,-0.39483256368559116,55.286602628716224,80.6192097244119,71.86040709540931,59.449147436038054,0.15452925238792448,-0.20825321634637717,-0.11175009187948681,0.07369075508905065,4.781480832061203,0.2091402293622742,0.85,2.9792734013516458,0.04667512769677103,2.350946854165645,0.03683137793823173,4.781480832061203,0.07490961665850082,3.2961464723645046,0.49167756429871995,0.0484904232976624,0.06486270043294118,0.1010297895397807,0.16255350129085633,0.2339068236547639,0.10102978972970167,0.10102978972970167,67.71914885213813,-0.0015642108553786847,0.015196616008899261,0.009399968665298476,0.02616324611841417,0.35928143497436166,0.09555656991585018,0.0028939828829929685,0.020660956319616036,-0.00018927665570818856,-0.015353282155726067,-0.7326583862304688,-0.6552537083625793,-1.1537185907363892,-0.6706688404083252,-0.4808761477470398,-0.9406812191009521,-1.1922674179077148,1.4921413660049438,-1.7760571241378784,1.6064101457595825,-0.7553941607475281,0.41796785593032837,1.205756425857544,0.4237405061721802,0.44760674238204956,1.2725239992141724,1.719923973083496,1.7152388095855713,0.28177717328071594,0.7907897233963013,-0.5286203622817993,0.7617722153663635,0.8304862380027771,1.797841191291809,1.8043763637542725,3.438434600830078,-1.770024061203003,-0.11292392015457153,-0.1625414788722992,-1.1585625410079956,-1.3042181730270386,0.28745076060295105,,观望,2024-05,
2024-05-22,63.37,63.93,61.89,62.98,21427244.0,1890105904.0,626402226.0,0.034206845235572325,-0.013316622277925738,-0.01624492346141826,0.04288789534691162,0.09759498082955731,0.060090893788924404,61.998000000000005,60.299,58.678,55.39933333333333,52.07483333333333,0.09759498063827188,0.06009089361048803,0.2884615381979414,0.6561134105143165,29263188.6,0.7322251957191018,0.7469698519824656,28058012.4,0.7636764748168688,0.7968897172329931,34172303.5,0.6270354001742959,0.6799096293706778,0.6492442013338879,-8356625.160000012,14652322.946000015,0.2841871136376617,0.054251954343985664,55.332422804980915,81.3505871472785,72.24911955618614,59.75551220266238,0.13821150073209276,-0.22581996997784515,-0.12829387559495187,0.05396134479446313,4.393988237533103,0.22758367652927283,0.9,2.3137999049186226,0.03673864567404313,2.5257449946061485,0.04010392178795029,4.393988237533103,0.06976799359853006,3.2064217243384685,0.5748183318478757,0.01583922045616948,0.04446176536186974,0.07331538207278454,0.1368367848343235,0.20941337603076082,0.07331538225570067,0.07331538225570067,64.93202379075828,-0.0061543317017272725,0.008891711653081695,0.017307081610462457,0.0323912353076546,0.5343137228710096,0.0714615039391246,0.0024098804975230537,0.023717678612730872,-0.000600631883271576,-0.008891711654493428,-0.9135637283325195,-0.8382569551467896,0.24110084772109985,0.4279887080192566,0.49479514360427856,0.239332377910614,0.027221277356147766,-0.08021101355552673,-1.920566201210022,0.09133793413639069,0.21513088047504425,0.4171489477157593,0.8755605220794678,0.3492431044578552,0.3540772795677185,0.7354444861412048,1.897088646888733,1.8189671039581299,0.1400292068719864,0.8635623455047607,-0.78611159324646,0.6630357503890991,0.880086362361908,1.912294626235962,1.9700103998184204,3.3745346069335938,-1.9651153087615967,0.7828031182289124,0.17487701773643494,0.3469792306423187,0.12473323196172714,0.25706684589385986,,观望,2024-05,
2024-05-23,64.65,65.12,60.06,61.81,33839745.0,2954224332.0,626402226.0,0.054022389441508785,-0.018577326135280958,-0.03164656117812936,-0.03452046235551376,0.05172707163518808,0.03343922420999834,62.605999999999995,60.499,59.45399999999999,55.82366666666667,52.39383333333333,0.051727071456231455,0.033439224037211224,0.3352775974648352,0.5971022454076954,29173725.6,1.1599390994477574,1.1603717759447891,29008394.6,1.1665500785762197,1.1987002800927393,33702163.65,1.0040822705458554,1.058183761927026,1.0259006776778858,-96104875.80000012,2632578.989,0.20156239268789997,-0.013046175437614105,55.40253113296509,82.83704436436086,72.72777267529915,60.06878311365256,0.11565299880716817,-0.2538362459176219,-0.15011834232903987,0.02898705111193922,3.333552554194896,0.29998027052005266,0.95,1.515067655255516,0.02451169155493284,2.561650726473983,0.041443952856488324,3.333552554194896,0.053932252930845706,3.3388201726000064,0.7684446779055548,-0.012714436473706181,0.02166977949690585,0.03962727469310279,0.10723647656479574,0.1797189870602356,0.039627274867965356,0.039627274867965356,61.19835059308178,-0.04392884763434981,0.007603947580067293,0.02831257077684637,0.08186377607476726,0.34584980168804375,0.0600002528895897,0.0013858536245557331,0.0949569946975584,-0.0022723106405719167,-0.004691797443779344,-0.9965702295303345,-0.8606373071670532,0.2518868148326874,0.47613686323165894,0.5457108020782471,-0.2786475121974945,0.10970636457204819,-0.08586052060127258,-1.9208462238311768,0.12525683641433716,0.33417004346847534,0.30052095651626587,0.3764696717262268,0.2301158457994461,0.22702734172344208,-0.2915137708187103,1.8634216785430908,1.7949039936065674,-0.016240296885371208,0.8301125168800354,-0.7282009720802307,0.5123618245124817,0.8320060968399048,1.9102814197540283,1.9363843202590942,3.4789724349975586,-1.896817684173584,0.8480702042579651,0.2108946442604065,0.530177116394043,0.42183738946914673,0.34971848130226135,,观望,2024-05,
2024-05-24,62.26,66.18,60.25,60.6,45010558.0,3998607950.0,626402226.0,0.07185568015526177,-0.019576120368872352,-0.037789774531597264,-0.050603164656117805,0.003477396920019915,0.01746138347884485,62.648,60.60300000000001,60.03150000000001,56.245,52.69383333333334,0.003477396753853723,0.017461383308015277,0.23547400586432743,0.4923182498941886,32410667.6,1.3887575089628819,1.3961149316751764,31068522.8,1.4487511456450701,1.501935842238584,33749276.4,1.3336747569497518,1.4082009276067875,1.336158624173007,-74717526.27999985,-6279320.922999995,-0.013351395370695913,0.5614651822211785,55.49977723681818,84.13558781070637,73.28184281728178,60.466147801813584,0.09189627449168136,-0.27973403910433525,-0.17305573017455655,0.002213671666750461,2.2657501952706123,0.44135491974083874,1.0,1.4392949662947652,0.023750742014146165,2.540315159800325,0.04191939206899556,2.2657501952706123,0.03738861707750373,3.5239044459857207,1.1211805934701085,-0.03269058884039544,-4.9502664876577285e-05,0.009470028067019687,0.07742910461775643,0.1500396944961857,0.009470028235176509,0.009470028235176509,57.51500302254981,-0.026662383548560438,0.0646864686361905,0.005775577556802733,0.09785478546240031,0.05902192232879963,0.004829261084322055,0.000731970572955707,0.13589656809886028,-9.271568600176698e-05,0.29537953795379535,-1.0814096927642822,-0.925341010093689,-0.8211572766304016,-0.31030330061912537,-0.1512458324432373,-0.3752553462982178,-0.8172532916069031,-0.4429943561553955,-2.025845527648926,-0.058643851429224014,-0.31097543239593506,0.37297022342681885,-0.09120120853185654,0.10655221343040466,0.09732961654663086,-0.34751009941101074,1.9892315864562988,1.8792587518692017,-0.010570036247372627,0.4349132776260376,-0.901338517665863,0.5954491496086121,0.4333672821521759,2.0075814723968506,2.0531229972839355,3.4049086570739746,-2.0654022693634033,0.31600579619407654,0.09869466722011566,-0.8758010268211365,-0.8587448596954346,0.2577063739299774,,观望,2024-05,
2024-05-27,62.44,64.51,61.89,63.11,32446168.0,2879189623.0,626402226.0,0.0517976575645183,0.04141914191419138,0.02103219543763135,0.0020641473483646866,-0.014214308028741018,0.06407013994267396,62.465999999999994,60.983000000000004,60.36749999999999,56.79833333333333,53.026666666666664,-0.014214308182721735,0.0640701397632657,0.11917006541600106,0.47186602648571974,31131705.2,1.0422226406024169,1.0444005174197617,31583529.9,1.0273129096947453,1.0586708778622151,31958166.95,1.0152699950145292,1.0568073199544792,0.9552053670405357,21738932.560000055,-338566.2810000017,-0.00947349615751726,-0.16464085097749848,55.56931906666602,85.24964800273065,73.71787281834497,60.77809520070408,0.135698638385104,-0.2597036881843957,-0.14389824899702153,0.03836752026524359,2.1944616292169883,0.45569263190985315,1.0,1.270011810969271,0.020123780870987693,2.608703594593431,0.04133581990461215,2.1944616292169883,0.03477201123228123,3.5514826998438838,1.1887670068929752,0.010309608265246739,0.0348785725472871,0.04543007395611398,0.11112415250838503,0.19015589617988016,0.04543007412929145,0.04543007412929145,62.55029256293938,0.010730301087327013,0.022183489142420708,0.00871494216309377,0.04151481539510151,0.46564885318454513,-0.0148144736480506,0.002648391758517681,0.04326768052520456,-0.0001525238065486603,0.29678339407383936,-1.053110122680664,-0.9125747084617615,-1.3660975694656372,-0.785013735294342,-0.5393359065055847,-0.8033546209335327,-1.2508924007415771,-0.2157740592956543,-1.9759068489074707,0.003688748925924301,-0.6657103896141052,0.41804587841033936,-0.2406686395406723,0.058457136154174805,0.04818011820316315,-0.4195263981819153,1.899095058441162,1.822448492050171,-0.03731676936149597,0.24459463357925415,-0.8643543124198914,0.40578484535217285,0.24651262164115906,1.974407434463501,2.0141115188598633,3.2209529876708984,-2.0254151821136475,-0.015373576432466507,0.00954420119524002,-1.5335828065872192,-1.4280288219451904,0.15232577919960022,,观望,2024-05,
2024-05-28,62.53,65.27,61.81,62.85,32599993.0,2907695558.0,626402226.0,0.05204322661522598,-0.004119790841388027,0.03712871287128716,0.01682575635010508,-0.015353282155726067,0.10379346680716561,62.27,61.574,60.69799999999999,57.32833333333333,53.3195,-0.015353282309986893,0.10379346661331357,0.1175320054911928,0.4231346931359157,33064741.6,0.9859442845305644,0.9937562078017944,31053700.2,1.0497941562532374,1.0749454297436816,32002030.5,1.0186851424943173,1.0595920848407923,0.9524677193427862,10431997.76000001,11012968.374999994,0.14627308785892068,0.42141973613822237,55.639854091340005,85.7497164750218,74.20555227498282,61.081089862484966,0.12958599598093135,-0.2670529701598757,-0.15302833719103193,0.02896002906132611,2.0318454147582496,0.4921634233662143,1.0,1.0661378897691625,0.01696321224502037,2.233458702948864,0.03553633576123311,2.0318454147582496,0.03232848710318162,3.544948221283606,1.0992266811903777,0.009314276375571806,0.020723032282989218,0.03545421578380625,0.0963165390418379,0.1787432363059025,0.03545421595439735,0.03545421595439735,61.73408951167067,0.005117543578263631,0.038504375491089114,0.011455847253547181,0.0550517104128795,0.30057803381335857,-0.015137480790223218,0.0036884394793930495,0.0542779192352103,-7.857109129074203e-05,0.29912490055688146,-0.8599581122398376,-0.8445218205451965,-0.5196778178215027,-0.22156651318073273,-0.0943199023604393,0.0005090534687042236,-0.5468699932098389,0.22998611629009247,-1.9705049991607666,1.0374493598937988,-0.2088155299425125,0.3495250940322876,0.17436490952968597,0.172577366232872,0.18026794493198395,0.20665904879570007,1.8549432754516602,1.8423359394073486,0.08576612174510956,0.21339623630046844,-0.7302917242050171,0.39919984340667725,0.22789451479911804,1.9705193042755127,1.9971903562545776,3.4355318546295166,-1.9184991121292114,0.36727458238601685,-0.1649632751941681,-0.5707966685295105,-0.5993241667747498,0.2772948145866394,,观望,2024-05,
2024-05-29,64.36,64.65,61.88,62.42,23238675.0,2061956249.0,626402226.0,0.0370986469004023,-0.006841686555290383,-0.010933291079068264,0.030033003300329986,-0.008891711654493428,0.08783548274660169,62.158,62.077999999999996,60.842499999999994,57.763000000000005,53.67366666666667,-0.008891711811862213,0.08783548255701712,0.04854695094094619,0.43777440652425464,33427027.8,0.6952061409420311,0.696528071460031,31345108.2,0.7413812340899812,0.7510723877728813,30441265.35,0.7633938580677294,0.7878236362869586,0.6941766731055786,-45083029.49999995,5549409.459999988,0.21068423963696098,0.08453868355631755,55.689261831277655,85.97807929163497,74.65091066777019,61.40290835731169,0.1208624059179404,-0.27400099520398324,-0.16384141276190445,0.01656422586320705,2.0471157502049784,0.48849216025764447,1.0,1.000284959399791,0.016025071439274913,1.6826222920721177,0.026956460938842568,2.0471157502049784,0.03279583066127876,3.4895947769062055,0.821947798351978,0.004215064673217528,0.0055091979436341365,0.025927599782072264,0.08062254365586563,0.162953900206255,0.025927599950692493,0.025927599950692493,60.33193487258956,-0.030142945924465016,0.004645946811175052,0.008651073372532656,0.04437680229984356,0.1949458476716751,-0.006181572545689659,0.0023677337545926196,0.030851025474221694,0.0002680223883208895,0.28724767702659393,-1.0270003080368042,-0.9533794522285461,-0.5539777874946594,-0.17114520072937012,0.021022502332925797,-0.5910587906837463,-0.5745946168899536,0.14173030853271484,-1.9979722499847412,0.3863462805747986,-0.18405333161354065,0.4228660464286804,0.28896528482437134,0.25889331102371216,0.2501705288887024,0.353435754776001,1.8415441513061523,1.8371168375015259,-0.0769214853644371,0.34240835905075073,-0.7276802062988281,0.26791757345199585,0.34938672184944153,1.989321231842041,2.039639949798584,3.576328754425049,-1.9794182777404785,0.4583492875099182,0.22188100218772888,-0.43141645193099976,-0.4757794141769409,0.2270784080028534,,观望,2024-05,
2024-05-30,61.82,62.72,60.53,61.52,19425253.0,1687360522.0,626402226.0,0.031010830092420522,-0.014418455623197657,-0.021161495624502757,-0.025194105530026878,-0.004691797443779344,0.04679258124893648,62.1,62.352999999999994,60.817499999999995,58.13633333333333,53.98800000000001,-0.004691797604806425,0.04679258107081963,-0.008061915671063846,0.5225692819462476,30544129.4,0.6359733730043716,0.6233410495668149,29858927.5,0.6505676736044854,0.642450216210961,29418505.0,0.660307279380784,0.6672448214162165,0.5890048064561628,-5827575.8999999445,8018200.209999971,0.2722553321134502,-0.4259633753150326,55.72812363817534,85.96112158146717,75.00238870619475,61.607820349813544,0.10393094157322502,-0.2843276254638418,-0.17975945751553357,-0.0014254740601905569,2.0349961205188487,0.4914014257830736,1.0,1.0333682789796865,0.01679727371280419,1.251364144532866,0.020340769576226565,2.0349961205188487,0.03307861053621688,3.396766578555762,0.6149221247972666,-0.00933977471669245,-0.013359421517270986,0.011550951451218872,0.05820227148973922,0.13951248404469263,0.011550951617544492,0.011550951617544492,57.39365290353275,-0.0048527984463194625,0.01462938881426698,0.016092327695693735,0.035598179448049674,0.4520547924563722,-0.0029838582457736382,0.0009517971094384429,0.02263949425639105,2.2768348127049994e-05,0.3023407022106632,-1.0214968919754028,-0.9130127429962158,0.3472311496734619,0.4935610294342041,0.612392008304596,-0.03521166741847992,0.25642216205596924,-0.27698272466659546,-2.0121569633483887,0.139059916138649,0.443341463804245,0.1575656533241272,0.2312336415052414,0.06747599691152573,0.06921815872192383,-0.22579850256443024,1.8238401412963867,1.8398603200912476,-0.1288730353116989,0.23688684403896332,-0.7551617622375488,0.021194424480199814,0.24104222655296326,1.9939355850219727,2.045248031616211,3.516519546508789,-1.9242719411849976,0.9203409552574158,0.07679925113916397,0.6268462538719177,0.5562325716018677,0.21342825889587402,,观望,2024-05,
2024-06-17,79.31,80.44,77.69,78.5,37337838.0,4149166467.0,626402226.0,0.05960680925166444,0.01842241826673585,0.154921288803884,0.20435716477447063,0.21254247760271872,0.2739370334307043,70.78200000000001,68.75699999999999,65.6165,63.46966666666666,57.576833333333326,0.21254247741542454,0.27393703322396346,0.2998840865540844,0.71013205244995,30612246.2,1.21970265612198,1.3312175420038117,29326720.8,1.2731678476647135,1.44297260787753,29231171.6,1.2773295066968846,1.5229471858736785,1.2748294829639448,-30243648.780000083,67678048.81399994,0.8843908501742566,0.598108780840759,56.551217127078345,93.20297909133413,80.27932987994532,65.5512276638266,0.3881222012180521,-0.15775224391621612,-0.02216423433785808,0.19753668691881687,4.7368069136120425,0.21111267909510908,1.0,6.517370635463474,0.08302382974055078,4.926445755083254,0.06275727075739722,4.7368069136120425,0.06034148933768953,3.9214908910030166,1.0400351617723533,0.10903902106340047,0.1417019356368514,0.19634543122593473,0.23681128498598114,0.3633955784247609,0.19634543140825866,0.19634543140825866,77.91432663404707,-0.010213087881703081,0.014394904456764923,0.010318471336265192,0.03503184712929531,0.294545453474381,0.25923862447078244,0.017191540564514392,0.04272843699246064,-0.0021707150004386232,0.005477707006369403,-0.7355372905731201,-0.7297385334968567,-2.726120710372925,-2.1125802993774414,-1.8770103454589844,-1.7847132682800293,-2.777639150619507,3.9415247440338135,-1.5870354175567627,2.699864625930786,-2.2477385997772217,1.2110223770141602,1.901878833770752,1.2021880149841309,1.202784538269043,2.5710761547088623,1.59198796749115,1.615509033203125,0.7286383509635925,1.0316590070724487,-0.5322090983390808,0.9583646655082703,1.0291162729263306,1.6142147779464722,1.603542447090149,1.6596070528030396,-1.6429593563079834,-1.2209534645080566,0.928299605846405,-2.8718531131744385,-3.0387189388275146,-0.42809930443763733,,观望,2024-06,
2024-06-18,78.5,85.01,78.5,81.84,38114714.0,4430137559.0,626402226.0,0.060847028343733886,0.04254777070063698,0.06175402179553724,0.20406061497719596,0.25559987726296396,0.20814880425155025,74.114,70.167,66.5075,64.164,58.00066666666667,0.2555998770703283,0.20814880407319936,0.2783505152642378,0.7716131168318635,34917008.6,1.0915801647452694,1.19762670020445,28657899.0,1.3299898223522941,1.5270714582076805,29194858.3,1.3055283094146748,1.5963583824149101,1.2835781201238226,127303144.76000012,57021232.78599999,0.8624350761276162,1.297326209268188,56.69395755314821,95.05619869372683,80.95481213666184,66.07715683721442,0.4435400796156881,-0.13903563234534244,0.010934345222663788,0.23855207937621214,5.943085212421748,0.168262773050478,1.0,7.163977945248126,0.0875363873945841,6.400333411454264,0.07820544245689406,5.943085212421748,0.07261834325141207,4.106384398788515,1.0769378482589205,0.10424481189731427,0.16636025465441606,0.23053790907333216,0.27548157825642416,0.41101826391460694,0.2305379092583546,0.2305379092583546,80.51609181360678,0.04254777069521689,0.038734115342285685,0.0,0.07954545453573499,0.5130568348493751,0.27900775613157686,0.01627836931941791,0.08683024036685494,0.010875204959313952,-0.08174486803519054,-0.8337059617042542,-0.9558008313179016,-0.7901265621185303,-0.5968368649482727,-0.4105658531188965,-0.6803656816482544,-1.1548112630844116,-0.10317570716142654,-1.6652227640151978,0.3819500803947449,-0.9988781809806824,0.8779128193855286,1.8225277662277222,0.9591827392578125,0.9762794971466064,1.7940341234207153,1.7729523181915283,1.6975435018539429,0.7952959537506104,1.33955717086792,-0.597525954246521,0.7764338254928589,1.3334133625030518,1.6745330095291138,1.7444006204605103,1.7623289823532104,-1.7911179065704346,0.13872934877872467,1.0109226703643799,-0.616603434085846,-0.9321747422218323,-0.5073345899581909,,观望,2024-06,
2024-06-19,83.16,83.97,80.76,81.65,23050322.0,2663231072.0,626402226.0,0.03679795671735049,-0.002321603128054739,0.04012738853503195,0.05928905033731202,0.25268487266032524,0.19616173454438912,77.408,71.506,67.3985,64.913,58.449,0.25268487246813676,0.19616173436915307,0.2791790692026981,0.8263750815723829,36500782.6,0.6315021311351279,0.6735072470141146,28562622.1,0.8070100118714237,0.9063645887785595,29200633.85,0.7893774538733168,0.9493828532950886,0.796285200298817,-34805986.21999979,51692396.15699998,0.8647061354328597,0.5233384079730088,56.7789514241457,96.0672119262918,81.43126286295659,66.46888342363432,0.43803289691041547,-0.15007422030061102,0.0026861567578970735,0.22839433723611702,6.795252425503898,0.14716156750486423,1.0,5.657143272005899,0.06928528195117019,7.295141762387712,0.08934650044695955,6.795252425503898,0.08322415706885067,4.0423569417321925,1.0735644969231735,0.05480053727588885,0.14186222119236702,0.21145129324666723,0.2578374129592169,0.3969443444033356,0.21145129342641167,0.21145129342641167,79.93918062453949,-0.018157768155584578,0.009920391915502735,0.010900183709626438,0.03931414573921436,0.27725856611446004,0.1595710355906038,0.017526364487489895,0.024826966818070874,-0.004588193330699884,-0.054990814451929104,-0.8195058107376099,-1.1140531301498413,-1.0398344993591309,-0.9128987789154053,-0.6458492279052734,-1.2983521223068237,-1.3773908615112305,0.7166903018951416,-1.701640248298645,0.9896264672279358,-1.308475136756897,0.8811299800872803,1.855820894241333,0.919638991355896,0.9388172626495361,0.7929435968399048,1.8983548879623413,1.777878999710083,0.9240303635597229,1.75870943069458,-0.2586227357387543,1.1531087160110474,1.7474273443222046,1.7205045223236084,1.7837525606155396,1.8411999940872192,-1.8631912469863892,-0.04293409362435341,0.775039553642273,-0.4541335105895996,-0.745089590549469,-0.6048586964607239,,观望,2024-06,
2024-06-20,82.29,83.21,80.31,80.35,21455264.0,2459964896.0,626402226.0,0.03425157687737847,-0.015921616656460635,-0.01820625610948201,0.023566878980891603,0.18213917904958055,0.21191553544494712,79.88399999999999,72.911,68.267,65.611,58.900999999999996,0.1821391788756601,0.21191553526215468,0.2758018416519845,0.8635143456411334,35244202.2,0.6087600984198188,0.6278980830386711,28974866.6,0.7404784393381811,0.8142542989131014,29202034.85,0.7347181150288913,0.8681055273962591,0.7444395327602222,-41623212.16000026,50857976.18899996,0.8561059844444909,-0.22650747709852181,56.85665619334189,97.03832094598025,81.90623819149866,66.81949735602565,0.4132030509632618,-0.17197660453410346,-0.01900024010210488,0.20249333172743755,7.292627928618326,0.13712477976621715,1.0,2.0578945551222025,0.02561163104998241,7.530275854472023,0.09371843003777026,7.292627928618326,0.09076077072446445,3.9607600173227495,1.0325874181233388,0.005833458388935009,0.1020285003494632,0.1769962059008019,0.22464220919896927,0.3641534097274828,0.17699620607321243,0.17699620607321243,75.93036398713745,-0.02357516101305457,0.011449906656944476,0.000497822028562711,0.03609209707080362,0.013793103400710733,0.11087906456432765,0.01986039126538288,0.02197142856500007,-0.0042939604687792345,-0.07131300560049769,-0.8298331499099731,-1.079573631286621,0.575707733631134,0.46950170397758484,0.6470872759819031,0.26071101427078247,0.27090951800346375,-0.4388762414455414,-1.8191227912902832,-0.16448286175727844,0.10050421953201294,0.8481462001800537,0.5253118276596069,0.931139349937439,0.9625347852706909,0.3624585270881653,2.1773934364318848,1.9159331321716309,1.006381630897522,1.9480841159820557,-0.3465757966041565,1.144787073135376,1.931053876876831,1.812124490737915,1.9162644147872925,1.8532770872116089,-1.9117871522903442,0.9114316701889038,0.8906715512275696,1.1514424085617065,0.9131101965904236,-0.5343449711799622,,观望,2024-06,
2024-06-21,78.13,81.69,78.01,80.12,22598799.0,2540997903.0,626402226.0,0.03607713712051847,-0.002862476664592273,-0.018738518064911225,-0.02101661779081132,0.03943954333160371,0.20264184929450613,80.492,74.261,69.1825,66.288,59.345666666666666,0.03943954319675158,0.20264184911398364,0.29623038322338946,0.8830262527089191,28511387.4,0.7926236167658397,0.7821584732280155,28164409.5,0.8023885251348867,0.8523532858571412,28639987.55,0.7890645539055058,0.9032876374272677,0.7856956532578918,44971610.01000021,61311590.969999984,0.8725086225208808,-0.5983354955940483,56.935147826137204,98.22124062340941,82.37110251267352,67.15864144105454,0.40721510453722476,-0.1842904906160926,-0.02732878939343031,0.19299613989841813,7.582889238972649,0.13187585459401016,1.0,1.3495073175057624,0.01684357610256274,7.48712591348939,0.09344890055610211,7.582889238972649,0.09464414925145043,3.940705730371124,0.9873711282943722,-0.004621577423269074,0.07889740225974662,0.15809633922479005,0.20866521825840811,0.35005644871289854,0.15809633939218726,0.15809633939218726,75.21172427607154,0.025470369893066756,0.01959560658766896,0.0014977533697580231,0.04593110333924964,0.5733695636593228,0.031260713479088785,0.018936658006357306,0.03640607725080159,0.0010045397536348473,-0.0640289565651524,-0.7585057020187378,-1.1156878471374512,0.8772098422050476,0.6544002890586853,0.7957131862640381,0.6190976500511169,0.6067256927490234,-0.5099566578865051,-1.8917901515960693,-0.265203595161438,0.3433261811733246,0.8397822380065918,0.16074326634407043,0.9837470650672913,1.0041296482086182,-0.27592915296554565,2.2886435985565186,2.0183024406433105,1.0909978151321411,1.3058582544326782,-0.47729575634002686,1.1795799732208252,1.309288501739502,1.8948063850402832,1.959434151649475,1.8459036350250244,-1.9587185382843018,1.0350507497787476,0.8293454051017761,1.2434335947036743,1.0777225494384766,-0.6080034375190735,,观望,2024-06,
2024-06-24,79.37,81.4,78.29,78.93,18195743.0,2039502333.0,626402226.0,0.029048017782746512,-0.014852720918621998,-0.01767268201617911,-0.03331292100428662,0.005477707006369403,0.21918443002780363,80.578,75.68,70.099,66.93366666666667,59.7175,0.005477706878283195,0.21918442983948383,0.30247524730982267,0.8841005578172431,24682968.4,0.7371780697170925,0.7214965051941796,27647607.3,0.6581308394090215,0.6862866340256029,27299246.8,0.6665291219683025,0.7511702929501981,0.6372024064094752,-8006126.919999959,63571631.492999986,0.8995172618615417,-0.512672828030375,56.997784954679865,99.45695013644112,82.79585092903251,67.48500830433392,0.38479065568528514,-0.20639030362665445,-0.046691360565230156,0.1695930990191652,7.598680564136802,0.13160179458044904,1.0,1.1957717173447406,0.015149774701548751,6.794834639472665,0.08608684452821229,7.598680564136802,0.09627113344956405,3.8813696067731867,0.8942124324320012,-0.020452232740890364,0.042943974492211545,0.12597897243527334,0.1792271949075115,0.32172311276900034,0.12597897259590018,0.12597897259590018,71.4441138263046,-0.0055436562926113285,0.025718991508207414,0.00810845052475505,0.03940200176873153,0.2057877806887855,0.004038045477431191,0.018868895934596498,0.029046291606862975,-3.036652420487499e-05,0.013302926643861568,-0.7217862606048584,-1.1490870714187622,0.8283435106277466,0.5947287082672119,0.6836638450622559,0.9399808645248413,0.633500337600708,-0.1552237570285797,-1.9110348224639893,-0.14434537291526794,0.35241663455963135,0.7769221663475037,-0.4051780104637146,1.0237146615982056,1.0335646867752075,-0.30863118171691895,2.295067071914673,2.0786819458007812,1.0772923231124878,0.25494131445884705,-0.8369572758674622,1.0577378273010254,0.270957350730896,1.9247852563858032,1.9695374965667725,1.910607099533081,-2.0173685550689697,1.0057774782180786,0.870337724685669,0.6722764372825623,0.6585082411766052,-0.6870828866958618,,观望,2024-06,
2024-06-25,76.02,77.73,74.33,75.15,28626524.0,3045241934.0,626402226.0,0.04569990784164295,-0.04789053591790193,-0.06203195207189216,-0.06471686372121954,-0.08174486803519054,0.1529610309911016,79.24,76.67699999999999,70.701,67.46166666666666,60.07183333333334,-0.08174486814739179,0.15296103081421286,0.190778006466364,0.8665258149398812,22785330.4,1.256357643161496,1.1943119893739342,28851169.5,0.9922136431939089,0.9746513254325698,27108264.6,1.0560072517515557,1.1181755166195784,1.0009267231378862,-24905075.879999723,60135442.491,0.8213183298921137,-0.24893771995770453,57.08585999909969,100.46391694509282,83.25534943413683,67.89049653287998,0.31643808118481886,-0.2519702368257032,-0.09735529895948558,0.10692959748208919,7.492021651133529,0.13347532151271196,1.0,2.4818742917403354,0.03302560600678748,5.731189618608361,0.07626333490147341,7.492021651133529,0.09969423353475165,3.9327003491465313,0.764972376994068,-0.05161534590464201,-0.019914707275986765,0.06292697400844038,0.11396595580987268,0.2510022720713254,0.06292697415878146,0.06292697415878146,60.99243734819583,-0.011444356746718586,0.0227544910149363,0.010911510311256051,0.04524284763203695,0.24117646987889452,-0.1027007897452395,0.01166531831985891,0.056841197420900616,0.0009355174332922244,0.07904191616766454,-0.7827560305595398,-1.1960006952285767,1.021977424621582,0.7672299146652222,0.8365963697433472,0.7675213813781738,0.8426138162612915,-0.4146702289581299,-1.9671101570129395,-0.27393388748168945,0.5322898626327515,0.602415144443512,-0.4235861003398895,1.0213621854782104,1.046038269996643,-0.2860288918018341,2.3029329776763916,2.169363260269165,1.0772403478622437,-0.007836843840777874,-0.9802266359329224,0.9501159191131592,0.0022140927612781525,1.9775385856628418,2.018980026245117,1.924858570098877,-2.1000866889953613,1.1422852277755737,0.8962292075157166,0.7464551329612732,0.7382466197013855,-0.746184766292572,,观望,2024-06,
2024-06-26,76.78,78.47,76.44,77.16,27442826.0,2985041413.0,626402226.0,0.04381023064882914,0.026746506986027763,-0.022424933485366894,-0.036944583125312125,-0.054990814451929104,0.1837987112611228,78.34200000000001,77.875,71.41650000000001,68.13566666666667,60.5235,-0.05499081456766808,0.18379871107950296,0.2276849640051415,0.8536570268973057,23663831.2,1.1596949694265901,1.1418785304437193,30082306.9,0.9122580289877965,0.9089067056130006,26850406.25,1.0220637164474928,1.0945163852121718,0.9713757459902187,10428273.879999876,60376302.92299999,0.8428469253706146,0.19056150278508022,57.17408641122941,101.57275501371603,84.01065081545029,68.28258853606418,0.3495624476623942,-0.24034747320203553,-0.08154502731444613,0.13000988471969133,7.385330605862928,0.13540355225967854,1.0,2.1866115338581777,0.028338666842597088,4.073205808151035,0.0527890851169407,7.385330605862928,0.09571449721236112,3.888936038493207,0.5515265355084048,-0.01508769255123854,-0.009181380544567408,0.08042259126666473,0.13244654031430736,0.2748767005750037,0.08042259141794927,0.08042259141794927,64.00765449678887,0.00494920552162677,0.016977708655135114,0.004406428200569456,0.026308968373987968,0.35467980120847314,-0.06377257088457321,0.009702565803559873,0.030510378274117102,-0.0002721608430970567,0.01931052358735097,-0.7591533064842224,-1.1524651050567627,0.25500360131263733,0.10230083763599396,0.15213322639465332,0.39777612686157227,0.21315976977348328,-0.6583337187767029,-2.015965700149536,-0.5923700332641602,-0.06348943710327148,0.28027424216270447,-0.7137693762779236,0.753564178943634,0.7691150903701782,-0.6939715147018433,2.285660982131958,2.2432596683502197,1.0434575080871582,-0.6139587163925171,-1.0555195808410645,0.7920795679092407,-0.5870154500007629,2.0306382179260254,2.058666706085205,1.990183711051941,-2.234079599380493,0.7056398987770081,0.7972886562347412,-0.48343658447265625,-0.34776929020881653,-0.902806282043457,,观望,2024-06,
2024-06-27,75.69,76.71,73.96,74.62,18740794.0,1983514912.0,626402226.0,0.029918147193812812,-0.032918610679108284,-0.007052561543579472,-0.0546053465095655,-0.07131300560049769,0.09783728115345003,77.196,78.53999999999999,72.0265,68.71033333333334,60.97366666666667,-0.07131300571607779,0.09783728099193234,0.19545017603405168,0.8075592932136322,23120937.2,0.8105551188469986,0.787465420478745,29182569.7,0.6421913557530197,0.6163202594442011,26625512.2,0.7038660461900895,0.7283370149293754,0.6645975444981509,-20052649.57999987,54293527.563,0.8832614382113001,-0.12651766950991616,57.23074792968774,102.28339078487286,84.65601705229365,68.54216967950224,0.3038445713076521,-0.2704582882186197,-0.11855054610110238,0.08867286152331078,7.10152857896775,0.14081475381983302,1.0,2.365360437650391,0.03169874614491294,2.5250478543319557,0.03383875440891943,7.10152857896775,0.09516923851535859,3.839726321457978,0.355563991991052,-0.03336960476794515,-0.04991087356125379,0.036007580399435524,0.08600841196821318,0.22380699844897967,0.036007580543272244,0.036007580543272244,57.91529661278848,-0.014136609854123757,0.013669257569864694,0.008844813721677334,0.03685339050698829,0.23999999912727665,-0.057803121729848084,0.0033106917235224396,0.029871704322306746,0.0010081241393330891,0.03752345215759845,-0.8786371946334839,-1.2667052745819092,0.41999733448028564,0.2712230384349823,0.3638637065887451,0.04896710067987442,0.3507993221282959,-0.4429529309272766,-2.1204185485839844,0.0947679728269577,0.07882265746593475,0.10987880825996399,-0.5895113348960876,0.7779483795166016,0.8034671545028687,-0.23105400800704956,2.30110502243042,2.329843521118164,1.026071548461914,-0.4895736873149872,-1.0637680292129517,0.6898000836372375,-0.4618408977985382,2.1227529048919678,2.1596171855926514,1.984444499015808,-2.330777168273926,0.8742213845252991,0.6425528526306152,-0.16168877482414246,-0.098653145134449,-0.9617753028869629,,观望,2024-06,
2024-06-28,74.38,76.63,74.11,74.99,19237563.0,2045422130.0,626402226.0,0.030711198334726224,0.004958456177968307,-0.02812337998963199,-0.002129075182967566,-0.0640289565651524,-0.02711468604047751,76.16999999999999,78.33099999999999,72.7,69.251,61.418666666666674,-0.0640289566819735,-0.02711468616669499,0.21895318575764722,0.7492245073259852,22448690.0,0.8569570429276715,0.8453049867324663,25480038.7,0.7550052504433595,0.7216873220684741,26616127.7,0.7227784303123851,0.7461638196719018,0.6945705547297002,11734913.429999989,3480124.2540000277,0.5761277962635082,-0.14873516066052894,57.289353243927145,102.9920948868907,85.34387755145443,68.84975249282716,0.3089692194762066,-0.27188586578070406,-0.12131951170383615,0.0891832909321284,6.678820412712423,0.14972703811579305,1.0,1.8325528641765512,0.02443729649196131,2.7369262970630603,0.036497216918230276,6.678820412712423,0.08906281386613943,3.745460155639551,0.4097918680004771,-0.015491663513785836,-0.042652334447070284,0.03149931210020651,0.08287244933894478,0.22096431032569375,0.03149931224209057,0.03149931224209057,58.53444348508015,0.008201129334740364,0.02186958260809848,0.003600480063528354,0.033604480592931744,0.3492063478206085,-0.05487006527981732,-0.0009896105826956048,0.028797596318039114,-0.000525109754917353,-0.0004000533404454609,-0.9498534202575684,-1.2562967538833618,0.8815404176712036,0.73996502161026,0.7826287150382996,0.19193774461746216,0.8198275566101074,-0.5825346112251282,-2.1746065616607666,-0.5240328311920166,0.5723853707313538,0.06380723416805267,-0.4193981885910034,0.5555527806282043,0.6044589281082153,-0.27179697155952454,2.287315845489502,2.376840591430664,0.8678812384605408,-0.5178236961364746,-1.0954854488372803,0.6262058615684509,-0.5109668970108032,2.1802220344543457,2.2059500217437744,1.8426710367202759,-2.3901865482330322,1.1612002849578857,0.7707772850990295,0.5224565863609314,0.5533124804496765,-1.0061421394348145,-0.008497559343390486,观望,2024-06,4.0
2024-07-15,79.54,80.75,78.03,79.98,15642735.0,1747398572.0,626402226.0,0.02497234899672914,-0.008184523809523725,-0.03324066239574519,-0.058394160583941535,-0.009044728038656746,0.02041337075784644,82.52799999999999,81.191,79.755,76.089,67.3315,-0.009044728161436422,0.020413370627658578,0.018853503054923282,0.3409628333701803,23196802.6,0.6743487570136063,0.6523701650897464,23552975.7,0.6641511119123684,0.6514287960901533,24125125.5,0.6484001502914458,0.6447051202367201,0.604924424234873,6882803.399999964,10393592.71399996,0.43641134931596803,-0.1946875661216314,58.194747465463344,112.34694719826432,92.91417563648605,73.0789973636178,0.37435083892176846,-0.2880981460149935,-0.1392056222625192,0.09443209246625273,2.808268805547599,0.35609126678458836,1.0,2.1928907861545146,0.027417989320834394,2.139830990210803,0.02675457601829529,2.808268805547599,0.03511213809948084,3.999116865422792,0.761975128009085,-0.03087437002824789,-0.014915446414637601,0.002821139614717527,0.05113748359800541,0.1878541245646015,0.0028211397404551697,0.0028211397404551697,57.39511973050243,0.005531807894703038,0.009627406850509152,0.018879719927622007,0.03400850212127925,0.7169117620701787,-0.00609930111039429,0.0005461510762473277,0.022933591133379252,-5.003369864887689e-05,-0.06501625406351597,-1.1183087825775146,-1.250431776046753,0.3003280758857727,0.3270414471626282,0.44515323638916016,0.13640806078910828,0.33493486046791077,-0.01746126264333725,-1.841225028038025,-0.43848446011543274,0.30014193058013916,0.07447414100170135,-0.6437370777130127,0.1346592754125595,0.1410302370786667,-0.7000476121902466,1.7969437837600708,1.8067649602890015,0.5933732986450195,-0.21285104751586914,-0.9835292100906372,0.0840202122926712,-0.24166053533554077,1.832545280456543,1.8349953889846802,1.4842250347137451,-1.8908514976501465,0.9587175846099854,0.4028843641281128,0.35769516229629517,0.4623190760612488,-1.3951910734176636,-1.0411445486694246,卖出 📉,2024-07,1.0
2024-07-16,83.24,83.66,78.37,81.09,28691116.0,3265613009.0,626402226.0,0.04580302369487429,0.013878469617404354,0.005580357142857206,-0.01982352230146256,-0.038648488441019424,0.010593220338983134,81.876,81.276,79.7175,76.534,67.837,-0.038648488554991145,0.010593220213036991,-0.009164222994970106,0.45444295854584654,23220722.2,1.23558241440053,1.2247944626257774,23231970.7,1.2349841677443225,1.23148610079578,23653945.6,1.2129526500644352,1.231304108578354,1.1330540730688003,-61685899.39999975,-1644811.7699999802,0.37762900510738545,0.004185916898080011,58.29200738891028,112.12328032072585,93.64788000544671,73.5055694129544,0.3910998030825563,-0.2767782054891359,-0.13409678900063005,0.10318171327176939,2.7838630392053845,0.35921307274272574,1.0,1.9910876424711692,0.024554046642318767,2.1145905829103695,0.026077082040320616,2.7838630392053845,0.03433053445384239,4.091322803606878,0.7595885808800653,-0.009599882870487075,-0.0022884985724827,0.017217047572086974,0.05952909804014839,0.19536536090992174,0.01721704769968957,0.01721704769968957,59.40580664317948,-0.02582892839670474,0.0051794302620324015,0.03354297693506683,0.06523615734797916,0.5141776927898348,-0.04775339266088576,0.00027624027256654824,0.08060464880222898,0.0009982490435277288,-0.10346528548526324,-1.1818335056304932,-1.3319871425628662,0.8126641511917114,0.7616773247718811,0.8648422360420227,0.33684852719306946,0.8044455051422119,-0.18092185258865356,-1.8509098291397095,-0.3247319459915161,0.7307536005973816,-0.1199813187122345,-0.687187910079956,-0.03938983380794525,-0.04621592536568642,-0.5675497651100159,1.7630879878997803,1.807594656944275,0.6399491429328918,-0.3149789869785309,-1.0123435258865356,-0.04143795371055603,-0.3170454800128937,1.845093846321106,1.8548365831375122,1.38932204246521,-1.9198135137557983,1.1833664178848267,0.37858691811561584,1.0219842195510864,1.0769295692443848,-1.402805209159851,-0.6690389653186904,观望,2024-07,2.0
2024-07-17,80.39,82.17,77.79,78.65,20586652.0,2300569840.0,626402226.0,0.03286490875273486,-0.030090023430755952,-0.01662915728932235,-0.024677579365079305,-0.0740522721921355,0.006526746864601973,80.61800000000001,81.327,79.5675,76.88033333333334,68.313,-0.07405227230114741,0.0065267467357914555,-0.036742192402113516,0.49199283572945424,23270117.8,0.8846818987740573,0.8704438740764221,23393745.4,0.8800066705009105,0.860761572348434,23530762.1,0.8748825011494205,0.8734047388346652,0.8166697942612011,-35820774.47999989,-3842159.152999962,0.3471548723618451,0.012142672493177464,58.35899207638093,111.93963461132438,94.2309091260618,73.99418003802403,0.34769291246603373,-0.2973891662851348,-0.1653481779021967,0.06292143462612132,2.754928358988505,0.3629858442987969,1.0,1.4969869738917114,0.019033527955516542,2.035212519615552,0.025876827963849762,2.754928358988505,0.035027696867618925,4.111942603349243,0.7387533347601328,-0.024411421887864826,-0.03291649771503713,-0.011531090079299644,0.023018457123015645,0.15131819695353488,-0.011531089955069462,0.011531089955069462,53.43587252988168,-0.021644483141977238,0.022631913538126918,0.010934520024038833,0.05568976477359311,0.1963470315151895,-0.06551270477147177,0.00016889150244569348,0.04926772684218296,0.0016028231594472932,-0.08582326764144943,-1.1619536876678467,-1.30789053440094,-0.6362621188163757,-0.44341805577278137,-0.24353526532649994,-0.24711006879806519,-0.5094711780548096,-0.4501478672027588,-1.7200145721435547,0.03317074105143547,-0.3547133505344391,-0.4784407317638397,-0.3399466574192047,-0.24539072811603546,-0.23586666584014893,-0.22391381859779358,1.576028823852539,1.666372537612915,0.6505554914474487,-0.3936918377876282,-1.0550655126571655,0.029466642066836357,-0.42063042521476746,1.7116680145263672,1.7283755540847778,1.3671563863754272,-1.832017421722412,0.6267769932746887,-0.01213834248483181,-0.8886803984642029,-0.7409802079200745,-1.3040502071380615,-1.9479155983104226,卖出 📉,2024-07,0.0
2024-07-18,76.83,77.78,72.65,77.42,34944083.0,3693910361.0,626402226.0,0.055785374875088646,-0.01563890654799749,-0.04525835491429275,-0.032008002000500135,-0.06418469720778441,-0.029824561403508754,79.556,81.08900000000001,79.421,77.25099999999999,68.78866666666666,-0.06418469732090115,-0.029824561525084503,-0.036465463716681135,0.4471430049430398,24142523.4,1.4474080617438683,1.3823077919290734,24095417.8,1.4502376879308556,1.3560790212008333,24205203.05,1.4436599820219225,1.3702859967395131,1.354679583625735,20617008.970000118,-467872.38299995364,0.09286328849428561,0.14263358037908191,58.4594872657488,111.3695340328905,94.87804384415286,74.42450479593894,0.3243359396578236,-0.3048368149126337,-0.18400509893342154,0.04024877575301655,2.7888233700747147,0.3585741596777668,1.0,1.5075907932862693,0.01947288547005348,2.348647128313065,0.03033643926646475,2.7888233700747147,0.03602200167546493,4.246803845967155,0.8421641704144575,-0.02684901213901525,-0.04524658103500523,-0.025194847833042266,0.00218767381623719,0.12547609570489215,-0.025194847710303336,0.025194847710303336,50.67145291196895,0.007679291942251862,0.004649961249722292,0.0539912167328866,0.0662619478085427,0.9298245595909853,-0.09290144817913631,-0.0009047709993546673,0.09590807744493615,-0.0004928930289522709,-0.13911134073882714,-1.0840175151824951,-1.2887719869613647,0.3042714595794678,0.26372072100639343,0.39542895555496216,0.11957678943872452,0.3586283028125763,-0.42010360956192017,-1.789185881614685,-0.6433237195014954,0.286040335893631,-0.3410222828388214,-0.590583324432373,-0.21455901861190796,-0.20960761606693268,-0.45374158024787903,1.6365928649902344,1.7503955364227295,0.6143679618835449,-0.634536862373352,-0.9799662232398987,-0.12489166855812073,-0.655204713344574,1.7816578149795532,1.7648557424545288,1.353580355644226,-1.8451721668243408,0.9430432915687561,-0.10077214241027832,0.3069731295108795,0.4221261739730835,-1.3527946472167969,-1.2196057985040734,卖出 📉,2024-07,1.0
2024-07-19,76.75,77.45,74.7,74.96,19781690.0,2104039679.0,626402226.0,0.03157985265524903,-0.03177473521053997,-0.046916719643992466,-0.07559501788136647,-0.07043650793650802,-0.06742970888280664,78.42,80.547,79.163,77.529,69.2665,-0.07043650805178114,-0.06742970899882683,-0.06440339502441306,0.3165578607486796,23929255.2,0.8266738698996361,0.8023622889738037,23941198.4,0.8262614790410823,0.78028021365198,24064347.6,0.8220330893159136,0.786888037232902,0.7778562719836459,-35409225.10000012,-4136738.19699997,0.1933628682744218,-0.051148283499770186,58.51697286895958,111.11351606515191,95.81127719180307,74.82822410222106,0.28099586025856516,-0.32537460198769286,-0.21762863206657013,0.0017610453723841957,2.9545132291214817,0.33846522897874975,1.0,2.3762891238234434,0.03170076205318084,3.050857984968213,0.04069981302776435,2.9545132291214817,0.03941453079945754,4.13988928554093,1.0326093464639134,-0.0441213977245446,-0.06936322903778369,-0.053092985478936705,-0.03313598794862094,0.0821970214920349,-0.05309298535932194,0.05309298535932194,45.59139544358775,-0.0233224755669939,0.00933831376609685,0.00346851654169298,0.03668623265252319,0.09454545420164959,-0.058228020598089514,-0.002744376548768811,0.030327549918899736,0.0016427537380620347,-0.09485058697972248,-1.0264493227005005,-1.152033805847168,-1.1062934398651123,-0.838581919670105,-0.6648519039154053,-0.3698727488517761,-0.8030648827552795,0.06619364768266678,-1.552319049835205,-0.40265268087387085,-0.6186801195144653,-0.4548642337322235,-0.5960028767585754,-0.43270328640937805,-0.40919119119644165,-0.613978385925293,1.3773252964019775,1.4973236322402954,0.43992695212364197,-0.6657310724258423,-0.9046550393104553,-0.13401204347610474,-0.7277193069458008,1.551459550857544,1.538771629333496,1.3455010652542114,-1.6485271453857422,0.31818118691444397,-0.7075276374816895,-1.3897943496704102,-1.0855704545974731,-1.1792752742767334,-2.0890223497262155,卖出 📉,2024-07,0.0
2024-07-22,75.35,76.11,73.89,74.78,14824521.0,1562777818.0,626402226.0,0.023666137163439772,-0.0024012806830308042,-0.03409971583570137,-0.04920534011443112,-0.06501625406351597,-0.07347292776607595,77.38,79.954,78.9555,77.86366666666666,69.69533333333334,-0.06501625418041801,-0.073472927880873,-0.05257823399815298,0.1744433752018984,23765612.4,0.6237803070456537,0.6044668573264556,23481207.5,0.6313355477992345,0.5937695260900464,23895786.5,0.6203822167560793,0.5897190114830275,0.5895287146962807,-8449976.969999898,-6963027.753999951,0.1847608108392129,-0.05230632622747877,58.55911389537062,110.89980436090688,96.58861332473693,75.28742543982658,0.277000197332421,-0.3256976382335208,-0.2257886574208806,-0.006739843165870174,3.113206968959848,0.3212121798384602,1.0,2.6455150727224397,0.03537730773426941,3.550975452839192,0.04748563054779802,3.113206968959848,0.04163154544722563,4.00275433657372,1.1406165657593403,-0.03360041366844124,-0.06471220963745239,-0.0528842197120043,-0.039603409501272946,0.07295562576074599,-0.0528842195920487,0.0528842195920487,45.2340462655593,-0.00756469807464295,0.010163145224637252,0.011901577960430393,0.029687082103545443,0.40090089909504145,-0.04055585892269822,-0.003488908308616144,0.018518217189839106,0.0004918283328191048,-0.09213693500936082,-0.992506206035614,-1.252639651298523,0.5594738721847534,0.426761269569397,0.5421549677848816,0.36723053455352783,0.6125198602676392,-0.48845699429512024,-1.720436453819275,-0.6812148094177246,0.4807179272174835,-0.3968881070613861,-0.9185401797294617,-0.3821985125541687,-0.3796250522136688,-0.7717103362083435,1.5530447959899902,1.669529676437378,0.5126367211341858,-0.7316253185272217,-0.9188956618309021,-0.23561778664588928,-0.7393674850463867,1.7150943279266357,1.6878483295440674,1.3046787977218628,-1.769673228263855,0.9876400828361511,-0.5143774747848511,0.6238239407539368,0.7234943509101868,-1.3031702041625977,-0.9627915805461784,观望,2024-07,1.0
2024-07-23,76.31,76.75,72.65,72.7,16476944.0,1721389674.0,626402226.0,0.026304095541320762,-0.027814923776410816,-0.030149413020277405,-0.06096615861534482,-0.10346528548526324,-0.13811499703615882,75.702,78.789,78.833,78.11433333333333,69.96716666666666,-0.10346528559582369,-0.1381149971383383,-0.03260146386791729,-0.10296506589537091,21322778.0,0.772739086811296,0.7561437900132464,22271750.1,0.7398136170717895,0.6965253212831568,23288307.5,0.7075200290961459,0.6662123247579711,0.6553398370066137,-59481767.83999999,-24882670.579999942,0.05987164234325102,-0.425712684023863,58.60491983263996,110.95033140128368,97.52529671211434,75.62340766565,0.24051018596411078,-0.3447518445252803,-0.25455238332056884,-0.0386574442476213,3.312642608648388,0.3018737953712665,1.0,2.348131171804857,0.032298915701263656,3.847196526187727,0.05291879677659614,3.312642608648388,0.04556592308380645,4.009700455389883,1.1613678168994415,-0.03965549139525293,-0.07728236186811821,-0.0777973692390499,-0.069312930311213,0.03905879647753019,-0.07779736912206814,0.07779736912206814,41.21400732847278,-0.04730703707937268,0.006052269600267882,0.0006877579091213147,0.056396148547950935,0.012195121921474636,-0.07995167022255235,-0.007308879465363882,0.0435795083286178,0.004894636102109515,-0.060797799174690526,-1.0790458917617798,-1.3023344278335571,1.0042076110839844,0.8314149975776672,0.9353348612785339,0.20652545988559723,0.9994888305664062,-0.2737700045108795,-1.7585042715072632,-0.3103051483631134,0.835369884967804,-0.39493924379348755,-0.6387737989425659,-0.2986084520816803,-0.30956462025642395,-0.5682814121246338,1.5641484260559082,1.6935135126113892,0.4714916944503784,-0.6344393491744995,-0.9148443341255188,-0.3098984658718109,-0.6186137199401855,1.7434353828430176,1.7402673959732056,1.2795876264572144,-1.8273138999938965,1.19904363155365,-0.3415493965148926,1.2782107591629028,1.3030606508255005,-1.401105523109436,-0.5031085226424332,观望,2024-07,3.0
2024-07-24,72.21,75.42,71.54,71.9,19456617.0,2001985296.0,626402226.0,0.031060900157145993,-0.011004126547455306,-0.03851297138272258,-0.040821771611526,-0.08582326764144943,-0.1535201318577819,74.352,77.485,78.57,78.33833333333334,70.22816666666667,-0.0858232677576829,-0.15352013195743808,-0.06817003640899799,-0.29723488449462604,21096771.0,0.9222556854790712,0.9030885616392443,22183444.4,0.8770782683323962,0.823895274500036,22888997.05,0.850042356923629,0.7898335573533986,0.7694386949506037,-6031551.269999768,-27112999.626999915,0.09980465682928857,-0.05489163560932586,58.657035146134156,110.73847506350218,97.94454335960033,76.07665777536563,0.22576942085247276,-0.3507225021947479,-0.26591112139834683,-0.05490064755076651,3.644625459062059,0.2743766152348568,1.0,2.1625725421362594,0.030077504058907988,3.7390974846879503,0.05200413747104185,3.644625459062059,0.050690201092561296,4.000436137147748,1.0259209118818466,-0.032978265677724994,-0.07207846691978059,-0.08489245270651724,-0.08218624354843052,0.02380573781785489,-0.08489245259004696,0.08489245259004696,39.750747477136386,-0.004293034205193987,0.04464534074483386,0.005006954102224338,0.05396383865730677,0.0927835049155064,-0.07915099652871874,-0.007983682046887096,0.04976845701197646,0.00036844222408525493,-0.060083449235048825,-1.0396828651428223,-1.2159250974655151,0.8205738067626953,0.688677966594696,0.7522825002670288,0.7601121664047241,0.8380123376846313,-0.4724714159965515,-1.6577895879745483,-0.7750183343887329,0.7402616143226624,-0.645972728729248,-0.774182915687561,-0.6330069899559021,-0.6410349607467651,-0.6284578442573547,1.4448268413543701,1.5898213386535645,0.39832112193107605,-0.8817973732948303,-1.0173252820968628,-0.2827560305595398,-0.866414487361908,1.6546673774719238,1.62540864944458,1.2601678371429443,-1.6985509395599365,1.1177457571029663,-0.7074494957923889,0.8525291085243225,0.9195075631141663,-1.3321274518966675,-0.9228959835241894,观望,2024-07,1.0
2024-07-25,70.47,70.5,65.39,66.65,35545665.0,3383436310.0,626402226.0,0.056745751411170754,-0.07301808066759385,-0.08321870701513068,-0.10871890879914414,-0.13911134073882714,-0.194367218663121,72.19800000000001,75.87700000000001,78.17150000000001,78.29433333333333,70.34683333333334,-0.1391113408500242,-0.1943672187605019,-0.10680782643972009,-0.5531535086095442,21217087.4,1.6753319779415143,1.5702398792610635,22679805.4,1.5672826275661071,1.401878537561262,23729240.6,1.497968923624129,1.2989791491643237,1.3913822128970827,-135784440.29999974,-28764442.20699991,-0.35203068133986687,0.017215561215327968,58.73539257232653,109.76704829525814,98.33798838204257,76.51192345653897,0.1347502260741249,-0.39280502632519776,-0.32223547484960635,-0.12889394242115515,4.446704604772672,0.22488563703508396,1.0,3.3695875118479655,0.05055645178308178,4.59296817609989,0.06891175056880379,4.446704604772672,0.06671724837367592,4.1796906987800515,1.0328925741640915,-0.07684423404016116,-0.12160470246298549,-0.14738747508396444,-0.14872511005708455,-0.05255152460510393,-0.14738747497489502,0.14738747497489502,31.77727844367531,-0.05420746416145763,0.0004501125280645163,0.018904726178709044,0.0766691672803197,0.24657534198321954,-0.23305767763407523,-0.013394185297975827,0.12844630766686682,0.0075408730235800026,0.009752438109527306,-0.9679011702537537,-1.181679129600525,0.44681107997894287,0.36252498626708984,0.43282026052474976,0.17430058121681213,0.5125483870506287,-0.2015053927898407,-1.6490809917449951,-0.3519590497016907,0.42795661091804504,-0.5106779336929321,-0.754687488079071,-0.49683696031570435,-0.49238449335098267,-0.6837342977523804,1.4143989086151123,1.5627232789993286,0.30302417278289795,-0.7639421820640564,-0.9417873024940491,-0.2917039096355438,-0.7848160266876221,1.6403428316116333,1.6153714656829834,1.2701168060302734,-1.7217360734939575,0.9534220695495605,-0.6628639101982117,0.33207565546035767,0.4395630657672882,-1.4071282148361206,-1.0191993081608883,卖出 📉,2024-07,1.0
2024-07-26,66.65,68.87,65.81,67.85,20878196.0,1982159227.0,626402226.0,0.03333033494041255,0.01800450112528118,-0.05632823365785833,-0.06671251719394788,-0.09485058697972248,-0.15860615079365092,70.776,74.598,77.8145,77.98666666666666,70.44399999999999,-0.09485058710047345,-0.15860615089799035,-0.09521269514665776,-0.7300431505188869,21436388.6,0.9739605112402183,0.930438443775379,22682821.9,0.9204408557296828,0.8341269575792218,23811272.25,0.876819843173226,0.7619218746879871,0.8568040315160842,25053835.19999976,-29010998.778999954,-0.35516604970470744,0.05543034998526397,58.78095018871455,109.25605009618921,98.5851934846159,76.9210196879253,0.1542855258747864,-0.37898175945163004,-0.3117627748979577,-0.11792640977365032,4.97124836063932,0.20115671667223428,1.0,3.4125694132137214,0.05029579090214833,4.89042556657617,0.07207701644591599,4.97124836063932,0.07326821458963359,4.0997127917243334,0.9837419501024133,-0.04134169788609954,-0.09045818934951899,-0.12805454007568573,-0.12997948378398283,-0.036823576310711426,-0.12805453996363148,0.12805453996363148,34.98729219783106,0.0180045011225798,0.015033161383193498,0.01238025055086516,0.04509948414958007,0.6666666644880144,-0.09238072618620531,-0.011431858146697884,0.04392511663899513,-0.0017077375019278272,0.02962417096536485,-0.7897056341171265,-0.912345826625824,-1.253413200378418,-0.8866118788719177,-0.9383838772773743,-0.25807344913482666,-0.7741386294364929,-0.7255231142044067,-1.273455262184143,-1.458491563796997,-0.5009139776229858,-0.8405128717422485,-1.3144657611846924,-1.015395164489746,-0.9929801821708679,-1.298140048980713,1.0355128049850464,1.1955524682998657,0.10879961401224136,-1.1697430610656738,-0.8218991756439209,-0.303864985704422,-1.2293504476547241,1.2774068117141724,1.2312219142913818,1.1696369647979736,-1.380167007446289,0.11539856344461441,-1.8810371160507202,-1.7972660064697266,-1.3252464532852173,-1.1490896940231323,-2.4245237295574515,卖出 📉,2024-07,0.0
2024-08-12,66.23,69.5,66.23,67.89,19597077.0,1869464759.0,626402226.0,0.03128513307677805,0.016469531366970935,0.05092879256965954,0.04093836246550131,0.11606115403583761,-0.042454160789844875,65.776,66.832,70.261,73.90433333333334,71.8775,0.11606115385236548,-0.04245416092490062,-0.15116279080380557,-0.8381985259164063,24133539.6,0.8120266369878039,0.8382941305276554,28003664.1,0.6998040302875934,0.710195473296685,25918619.15,0.7561003495820877,0.7328134782076036,0.7798257609402723,32531147.819999933,-9419189.364000041,-0.5527828713162897,-0.5352975205800239,59.42886669503632,98.42648459727069,100.73672004289251,82.07438402824413,0.142374131890864,-0.3102466243939941,-0.32606501411706446,-0.17282352095829168,5.301526989561969,0.18862489997365353,1.0,1.511466175606314,0.022263458173275585,3.450374536835615,0.05082301570669296,5.301526989561969,0.07808995417264797,4.056615883831514,0.650826551882259,0.03213938198854627,0.015830739613384326,-0.03374560580780994,-0.08137998235357691,-0.05547633138945052,-0.033745605670286394,0.033745605670286394,45.39767115635949,0.0250641703117825,0.023714832814300358,0.0,0.04816615111972801,0.5076452583864055,0.0942447485966447,-0.0021576484875006946,0.03911219771039908,0.00290897652673768,0.043747238179407955,-0.9032720923423767,-1.0888477563858032,0.04380875080823898,0.02809949778020382,0.029633112251758575,0.7033131718635559,0.1484287828207016,-0.2753778100013733,-1.3492876291275024,0.451794296503067,0.21229606866836548,-1.2640440464019775,0.059669580310583115,-0.8162171840667725,-0.8445737957954407,-0.16633231937885284,1.0061601400375366,1.1698561906814575,-0.9787847995758057,-0.21208326518535614,-0.9040250778198242,-0.8022500872612,-0.19700616598129272,1.3619952201843262,1.4507192373275757,1.4830739498138428,-1.5843164920806885,0.758493959903717,-1.794894814491272,-0.1812504380941391,-0.14894668757915497,-1.6655300855636597,-0.8694765238884825,观望,2024-08,2.0
2024-08-13,68.56,70.67,67.34,68.28,20814461.0,2015226869.0,626402226.0,0.03322858721769613,0.0057445868316394755,0.022308728851624382,0.056965944272445945,0.06057781919850891,-0.017553956834532314,66.55600000000001,66.71,69.62049999999999,73.50566666666667,71.9485,0.060577819033771796,-0.01755395697589146,-0.15797262311530735,-0.772564998516721,22583554.6,0.9216645195437918,0.9519112972668561,28513663.1,0.729982006415724,0.7517879143043773,25524786.4,0.8154607319260463,0.8097966161130578,0.8406311993234225,-5828049.080000023,-9640561.439000038,-0.6767014846793022,-0.2713142512497905,59.47486367912568,97.49579183745882,101.00174632614731,82.53679078021705,0.14804802863238375,-0.29966208065847855,-0.32397208480420414,-0.1727325553301523,4.65928555060823,0.21462517954565088,1.0,1.6137936671092674,0.023634939467968925,3.3660956611479618,0.04929841330777648,4.65928555060823,0.06823792545292694,4.00471474927212,0.7224488856417177,0.025902998824162582,0.023534702289981446,-0.019254386420773262,-0.07109202477753296,-0.05098785950353535,-0.019254386279903057,0.019254386279903057,46.15781976602548,-0.0040840140017380545,0.03090216754087548,0.01376684241157483,0.048769771521855604,0.2822822814345872,0.0558324266266044,-0.0008653822261844233,0.04494936803795155,-0.00024740066112867806,0.04071470415934386,-0.8486561179161072,-1.0200650691986084,0.8574943542480469,0.7166793346405029,0.624393105506897,0.9856694936752319,0.8349553346633911,-0.12293431162834167,-1.2895241975784302,0.23651549220085144,0.7294063568115234,-1.1828367710113525,0.2672872245311737,-0.7030063271522522,-0.7495750188827515,0.004838722292333841,0.9992574453353882,1.1364346742630005,-0.859417200088501,0.36707642674446106,-0.9662164449691772,-0.704501748085022,0.38318657875061035,1.2812633514404297,1.354782223701477,1.5028411149978638,-1.4596654176712036,1.0114669799804688,-1.851938009262085,0.7137287855148315,0.6442712545394897,-1.4298850297927856,-0.062030753821270615,观望,2024-08,4.0
2024-08-14,69.72,70.2,67.58,67.58,16275428.0,1573965066.0,626402226.0,0.025982391703697427,-0.010251903925014738,-0.004566210045662156,0.011828117981733666,0.03618521925789642,-0.04790081713158645,67.02799999999999,66.36999999999999,69.06700000000001,73.15366666666665,72.011,0.03618521909902106,-0.047900817265722595,-0.1407501590412269,-0.703808886900821,20557453.4,0.7917044822293015,0.8082419470801459,27062995.1,0.6013904942842041,0.6206779090058531,25309225.2,0.643063067770245,0.6418507616269566,0.6597059237634452,-34829415.92000001,-19403053.06300006,-0.6223757954985323,-0.38364505493348566,59.51064505658217,96.89071883757232,101.12012562959976,82.88171884218838,0.13559515168665293,-0.30251317349300333,-0.33168595688316604,-0.1846211571857449,4.1610627438066965,0.2403232200920696,1.0,1.4634787323367482,0.02165550062326418,3.0430868830476885,0.045029400452758134,4.1610627438066965,0.061572399277759295,3.90580655289554,0.7313244387539598,0.008235364174936644,0.01823112836850549,-0.02152981901320028,-0.07619121405495377,-0.06153226603414297,-0.021529818871530715,0.021529818871530715,44.9482843880694,-0.03069420538859809,0.007102693103417833,0.0,0.03876886652282208,0.0,0.02864800027692663,-0.0021569450826726135,0.030693485397067757,-0.0011106765470567748,0.05696951760876012,-0.8771714568138123,-1.0848960876464844,0.7102479934692383,0.5784891247749329,0.4956275522708893,0.8007311820983887,0.6990343928337097,-0.3394351601600647,-1.3273426294326782,0.13546787202358246,0.6216790080070496,-1.3647568225860596,0.328572154045105,-0.6639347076416016,-0.7146692276000977,-0.1770368218421936,1.0300488471984863,1.181782603263855,-0.7697304487228394,0.1422034204006195,-1.0406986474990845,-0.7217326760292053,0.15906423330307007,1.3316354751586914,1.3974069356918335,1.4861326217651367,-1.5356820821762085,0.9994080662727356,-2.0230653285980225,0.4704817235469818,0.4121969938278198,-1.5300657749176025,-0.2656072849802156,观望,2024-08,4.0
2024-08-15,67.37,68.44,66.86,67.3,12955317.0,1229724060.0,626402226.0,0.020682105622019293,-0.00414323764427349,-0.014352665495020567,-0.00869052879658272,0.04179566563467496,-0.07031357922364967,67.56800000000001,65.86099999999999,68.561,72.73700000000001,72.083,0.04179566547340641,-0.07031357935207716,-0.1307155774824702,-0.6244890160945449,19510324.0,0.6640236728001028,0.6597207111257719,25563774.8,0.5067841937020973,0.5189507151078546,24209786.9,0.5351272629334872,0.528000710290941,0.5359712542530306,-906872.1900000958,-13429128.442000061,-0.583321247776219,-0.287815807892314,59.53771163557907,96.20157820554793,101.2465801536366,83.22369347100182,0.13037599449459303,-0.30042727723027296,-0.33528619042859886,-0.19133605836119516,3.6792689491258153,0.2717931227940448,1.0,0.5674240037238122,0.00843126305556463,2.245417308405718,0.033364298782646,3.6792689491258153,0.05466967234144308,3.7396775134030014,0.6102889822273888,-0.003966374762614633,0.021849045562343683,-0.018392380651041873,-0.07474875248157775,-0.0663540641945598,-0.018392380507869066,0.018392380507869066,44.44657038949544,-0.001039038147389298,0.015898959878766772,0.006537890043605036,0.02347696879294545,0.27848101089568866,0.027753311401861908,-0.0023459632699799906,0.015589263044105033,-4.342729082239104e-05,0.06181277860326895,-0.8916321396827698,-1.1079423427581787,1.1430810689926147,0.9546561241149902,0.8712618350982666,0.8964595794677734,1.1176478862762451,-0.47470805048942566,-1.3691028356552124,-0.130569726228714,0.9679452776908875,-1.4491441249847412,0.05771544203162193,-0.7459439635276794,-0.8076046109199524,-0.45433732867240906,1.066596269607544,1.2210673093795776,-0.7631887197494507,-0.04839828982949257,-1.1357500553131104,-0.8165444731712341,-0.021689653396606445,1.365191102027893,1.4388773441314697,1.5016127824783325,-1.5649056434631348,1.1957792043685913,-2.091996192932129,0.9436036944389343,0.8730344176292419,-1.574234127998352,-0.13494848928980324,观望,2024-08,4.0
2024-08-16,69.32,71.7,69.01,69.86,25327027.0,2506923871.0,626402226.0,0.04043253032756624,0.03803863298662713,0.03373779224622675,0.023140011716461517,0.045964964815091935,0.062671128688774,68.18199999999999,66.273,68.306,72.38633333333334,72.21716666666667,0.045964964658486984,0.06267112852712664,-0.06803628614353818,-0.4709106584614807,18993862.0,1.3334321898305876,1.3631543343241879,23821116.5,1.0632174608608287,1.130498466628334,24487053.75,1.034302748651417,1.0671557878236972,1.042045700311599,13676594.580000158,1747947.0459999696,-0.28667245527985324,-0.09252494962528124,59.59656670058389,95.93493530841782,101.51512249379931,83.64687308699442,0.1722151772765721,-0.27179812259830516,-0.31182666893528943,-0.16482233678545033,3.376724354818208,0.29614498903698255,1.0,1.0063399028171232,0.014405094512926887,2.5745983505521353,0.03685368379879185,3.376724354818208,0.048335590528698145,3.786843405302787,0.7624544002988954,0.024610600888121725,0.05412460563817478,0.022750563490359532,-0.03490069501587767,-0.032639977240041196,0.022750563640090204,0.022750563640090204,49.947493181731026,0.007789959606493173,0.02633839106407987,0.004437446320578495,0.03850558258824709,0.31598512893685643,0.061291163688873954,0.002309661954052169,0.05134458331134887,0.0003580652180034999,0.008016032064128265,-0.8987926244735718,-1.0224536657333374,1.374732255935669,1.1933950185775757,1.091671347618103,0.7468569874763489,1.3378193378448486,-0.24179679155349731,-1.2729120254516602,0.05107872188091278,1.1799736022949219,-1.4453060626983643,-0.01869243010878563,-0.8331786394119263,-0.8992170095443726,-0.5484341979026794,0.983888566493988,1.1279548406600952,-0.7757182717323303,-0.02375299111008644,-1.1151548624038696,-0.8752233982086182,0.011057302355766296,1.2570247650146484,1.3163962364196777,1.3982231616973877,-1.4410682916641235,1.2596025466918945,-2.0390141010284424,1.2940096855163574,1.2150219678878784,-1.4585187435150146,0.12062505598777143,观望,2024-08,5.0
2024-08-19,69.9,72.35,69.09,70.86,18398436.0,1837880722.0,626402226.0,0.02937160060475264,0.014314342971657679,0.052897473997028266,0.048535069547203324,0.043747238179407955,0.1648857471642282,68.776,67.276,68.11,72.05799999999999,72.38816666666666,0.043747238025666935,0.16488574697272962,-0.052420433397643684,-0.24968055896328448,18754133.8,0.9810336321691374,1.0028026849742269,21443836.7,0.8579824710192832,0.9047301610394919,24665749.5,0.7459102752989522,0.7778009628386161,0.7580449986431966,17662498.559999883,7562635.365999961,0.8337570952539369,-0.06116427465177576,59.64019759661395,95.79757803832395,101.87156858932386,84.03877708894575,0.18812483619308207,-0.2603153289360576,-0.30441828881953503,-0.15681781131819028,3.0820789292808817,0.3244563230535953,1.0,1.5307775801866188,0.021602844763908984,2.1346672912759956,0.03012513817350754,3.0820789292808817,0.04349532781323636,3.7492117334954442,0.6926063002701877,0.030301267734340387,0.05327308385556928,0.04037586242249658,-0.016625496264588646,-0.02111072495443156,0.04037586257524595,0.04037586257524595,51.949065253613426,0.01373390557743426,0.021027377925341817,0.011430990684246295,0.046006209420546555,0.5429447836105992,0.04291751196851295,0.004967205910395483,0.04513363873017277,0.0006008204363180512,-0.08552074513124475,-0.8492182493209839,-1.034199833869934,-0.4295741319656372,-0.30895963311195374,-0.2746446132659912,0.4222908020019531,-0.411347359418869,-0.27220839262008667,-1.155808687210083,0.9609302878379822,-0.20159512758255005,-1.0242458581924438,0.28982940316200256,-0.228873148560524,-0.21987906098365784,0.23547478020191193,0.9322852492332458,1.012977123260498,-0.49081069231033325,0.2596118450164795,-1.0608214139938354,-0.35450124740600586,0.26888853311538696,1.1867611408233643,1.2140363454818726,1.361565351486206,-1.3663190603256226,0.5518826246261597,-1.0346119403839111,-1.0859469175338745,-1.1174333095550537,-1.3717546463012695,-0.34744005101039627,观望,2024-08,3.0
2024-08-20,72.31,72.94,70.68,71.06,17226519.0,1736130026.0,626402226.0,0.02750073081636846,0.0028224668360146143,0.01717721156598917,0.05586924219910849,0.04071470415934386,0.10375893134513836,69.332,67.944,68.02799999999999,71.615,72.52066666666666,0.04071470400692534,0.10375893117369417,-0.022558459556731858,-0.03075722456764315,18036545.4,0.9550897146856067,0.9770419523826442,20310050.0,0.8481770847437594,0.8917047867777941,24703228.25,0.6973387779793514,0.7345104224524484,0.7209940015435594,-21533148.75,4209616.278999977,0.7978258466225043,-0.1723773678309518,59.68186422098985,95.68207265380386,102.14280094820518,84.38422970830945,0.19064645395256452,-0.2573321414440012,-0.3043073095671883,-0.157899524050492,2.9734343071520457,0.33631144775304794,1.0,1.7887202128902187,0.02517197034391358,2.172577578208084,0.030573847141884967,2.9734343071520457,0.04184399531007044,3.6428394668171973,0.7306627106829715,0.024923556074406994,0.04586129738522016,0.04456988283580765,-0.0077497732307825196,-0.020141385119624267,0.04456988298935749,0.04456988298935749,52.359399069716275,-0.01728668233753469,0.008865747254592429,0.0053475935821350904,0.03180410919901421,0.16814159217636332,0.038886195179056615,0.0031723097013098885,0.030375777580716364,-0.0007038221546344691,-0.07289614410357459,-0.9532539248466492,-1.0716214179992676,0.5463367700576782,0.5407359600067139,0.5381823182106018,0.5245587229728699,0.4440123438835144,-0.1908765733242035,-1.2683542966842651,0.2461303174495697,0.502945601940155,-0.33744049072265625,0.3907003104686737,0.3969382643699646,0.39406245946884155,0.38297131657600403,1.1219669580459595,1.1170517206192017,-0.46590471267700195,0.10208393633365631,-1.1586142778396606,-0.16488148272037506,0.11733858287334442,1.2647820711135864,1.328048825263977,1.3660134077072144,-1.4014450311660767,0.8907006978988647,0.6839723587036133,0.2219533920288086,0.1535085290670395,-1.4759106636047363,0.9251968644344297,观望,2024-08,7.0
2024-08-21,69.72,72.51,69.41,71.43,15135485.0,1515712417.0,626402226.0,0.024162565795224362,0.005206867435969764,0.008044030482641906,0.022473518465502496,0.05696951760876012,0.09521619135234594,70.102,68.565,68.00450000000001,71.16466666666666,72.66366666666666,0.056969517452357454,0.0952161911844196,-0.006536856883652575,0.18952496158002924,17808556.8,0.8498995831037802,0.85862717560499,19183005.1,0.7890048989248296,0.8165085356243826,24487171.65,0.6180985381380293,0.6479224219219949,0.6381094250910779,25881679.35000012,3655478.067999995,0.8414379225955868,-0.0700407387135994,59.717835096743705,95.53338661102578,102.40678364144296,84.7930119171612,0.19612507526909573,-0.25230327811119313,-0.3024876140032091,-0.1575956746319641,2.942922777390805,0.339798245568855,1.0,1.6707543206594027,0.02339009268410334,2.194853829605179,0.03072733906338941,2.942922777390805,0.04120009487580574,3.604065219187398,0.7458074805799224,0.01894382456721022,0.04178516720749892,0.05037166642643198,0.0037284418760630267,-0.016977765272376377,0.050371666580887986,0.050371666580887986,53.15636989486162,0.024526678137618208,0.015119697603931139,0.004339913201128421,0.043399132011284015,0.6516129011238309,0.048418369265308694,0.0029257401908481706,0.036884904203456206,0.0013972730182093946,-0.06761864762704761,-1.0139707326889038,-1.154708743095398,0.7260754704475403,0.6882075667381287,0.6700171828269958,0.6660324931144714,0.6344719529151917,-0.5085681676864624,-1.3129085302352905,0.053597014397382736,0.6176727414131165,-0.5059601068496704,0.3706499934196472,0.17761805653572083,0.17387323081493378,-0.01356944628059864,1.1813867092132568,1.1862996816635132,-0.23255929350852966,0.027451545000076294,-1.2326489686965942,-0.2043243944644928,0.044553712010383606,1.3029696941375732,1.3735836744308472,1.3419305086135864,-1.4802266359329224,1.0195763111114502,0.6415058970451355,0.44132545590400696,0.374755859375,-1.6052875518798828,0.7805178773986634,观望,2024-08,7.0
2024-08-22,71.75,72.32,70.18,71.46,12028160.0,1206547578.0,626402226.0,0.01920197518582892,0.0004199916001679238,0.005629045876723859,0.008467400508043843,0.06181277860326895,0.10619195046439622,70.934,69.251,68.245,70.789,72.81433333333332,0.06181277844549582,0.1061919502931592,0.0721680418496371,0.23934527150881757,17623125.4,0.6825213874946378,0.6852896197939263,18566724.7,0.6478342407909993,0.6657464399685987,23311296.4,0.5159798834697154,0.5409319256010658,0.5206815483623478,-3488166.4000000753,3070178.895999995,0.8703177464813205,-0.07156575172957946,59.7464936422366,95.6831383967989,102.60539895765172,85.1868130390769,0.19605345257420703,-0.2531599485830546,-0.3035454203584974,-0.1611377694430256,3.0218859569552743,0.33091917131722814,1.0,0.6514445486778468,0.009116212546693044,1.8651866156259769,0.026101128118737278,3.0218859569552743,0.04228779676087877,3.4994891321025827,0.6172260091949336,0.007415343698731869,0.03189845619097209,0.047109678211281425,0.009478873693726575,-0.01859981793622123,0.047109678364715135,0.047109678364715135,53.22469589950174,-0.004041811846126665,0.00797649034313222,0.017912118665279402,0.02994682339351411,0.5981308383264892,0.042188543417201976,0.002771729699780329,0.020439347453598128,-0.000249835620163008,-0.05205709487825361,-1.0930768251419067,-1.2230316400527954,0.9581437706947327,0.8905156254768372,0.8571082353591919,0.5401822924613953,0.8764132857322693,-0.10367044806480408,-1.3374391794204712,0.15867111086845398,0.8236051797866821,-0.5163338780403137,0.11767959594726562,0.018629852682352066,0.009743177331984043,-0.25931715965270996,1.244714617729187,1.225099802017212,-0.08728272467851639,0.061760738492012024,-1.2781703472137451,-0.24171817302703857,0.0915987491607666,1.3242113590240479,1.3882752656936646,1.3208975791931152,-1.5017967224121094,1.1572320461273193,0.7142415046691895,0.7730539441108704,0.7298807501792908,-1.6413034200668335,0.961464926760651,观望,2024-08,7.0
2024-08-23,70.83,71.29,69.79,70.42,12225443.0,1210358302.0,626402226.0,0.019516921384631222,-0.014553596417576142,-0.014139717205655988,-0.009006473402758286,0.008016032064128265,0.05434945351100451,71.04599999999999,69.614,68.3735,70.44833333333334,72.96266666666666,0.008016031919837463,0.05434945335314434,0.037877671180858385,0.28450618972611114,15002808.6,0.814876955772134,0.8061929627428392,16998335.3,0.7192141338687437,0.7246815404219001,22878658.75,0.5343601272080687,0.5521939459741184,0.5358891627272165,-5012431.629999958,1815383.6339999712,0.8473413100123234,-0.5172965622850246,59.77464357912204,95.80578902598475,102.7839225081678,85.50020833655556,0.17809150809551877,-0.2649713475988339,-0.3148733937994629,-0.17637627591730698,3.0586241747077474,0.3269443840141316,1.0,0.431717500226813,0.006130609204281552,1.6767243197507504,0.02381034250940993,3.0586241747077474,0.04343402689965077,3.3688113369523975,0.548195599882423,-0.008811192887873687,0.011578130690439004,0.029931186639570617,-0.0004021861410864469,-0.034848872615010906,0.02993118679020368,0.02993118679020368,50.47605709154305,-0.005788507693662453,0.006532235159538279,0.008946322066323946,0.02130076682458098,0.419999997199997,0.006532079805788656,0.0012940790995375647,0.017357504025626615,-4.6400862440622955e-05,0.01363249076966766,-1.182508945465088,-1.3027125597000122,1.219934344291687,1.147253155708313,1.0966185331344604,0.5071169137954712,1.1280372142791748,-0.2804458737373352,-1.363710880279541,0.04718583822250366,1.0643194913864136,-0.5616139769554138,-0.0346594862639904,-0.03213494271039963,-0.03967941924929619,-0.16488730907440186,1.2949661016464233,1.287353277206421,0.134269118309021,0.03744064271450043,-1.301437258720398,-0.16148142516613007,0.07724983990192413,1.356685757637024,1.4199020862579346,1.3144354820251465,-1.5585718154907227,1.3332788944244385,0.8079105615615845,1.1894935369491577,1.113979697227478,-1.7176700830459595,1.1985174274370989,买入 📈,2024-08,8.0
2024-09-09,61.94,64.93,61.91,64.8,17718396.0,1585200297.0,626402226.0,0.02828597227877667,0.027918781725888353,0.009031454375583836,0.03266932270916323,0.029388403494837068,-0.06439503320820106,63.54200000000001,65.155,67.453,67.246,72.48966666666666,0.02938840333131232,-0.06439503334328689,-0.04551480349896675,-0.717476350881365,18856084.8,0.9396646328192154,0.9493455225650369,21257470.6,0.8335138424230016,0.8189735234753265,19021008.45,0.9315171720035691,0.8832042383616923,0.8048245879999325,50674612.55999999,12218125.698999949,-0.30792439183080655,-0.3263835574045779,60.19792363809978,94.36033238553132,102.16921269063366,88.89489592718493,0.07644908800454919,-0.31327075306131436,-0.36575805672288864,-0.271049261893747,3.1572891436869512,0.31672740484736456,1.0,0.9129183972303659,0.01408824686866487,2.614422604621263,0.04034602784286733,3.1572891436869512,0.0487235978888845,3.5799859328465082,0.8280592867359801,0.01979792876840536,-0.0054485459281024,-0.039331089938278385,-0.036373910859177516,-0.10607948731459471,-0.039331089795857976,0.039331089795857976,43.166625805473984,0.04617371649238396,0.002006172839196728,0.0004629629628915357,0.04660493826441298,0.9569536392153822,0.02761524337911902,-0.002598083808210623,0.043793012201791826,0.0013569718035838473,0.09320987654320989,-1.1086761951446533,-1.3132286071777344,1.2004902362823486,0.9277119636535645,0.9175716042518616,0.8238957524299622,1.1613123416900635,-0.2958444058895111,-1.224995732307434,-0.4343286454677582,1.020010232925415,-1.0532951354980469,-0.10070978105068207,-0.7895094156265259,-0.8000224828720093,-0.10837053507566452,0.93244469165802,1.0555154085159302,-1.23805832862854,-0.7781239748001099,-1.015276312828064,-1.3094871044158936,-0.7985191941261292,1.266198992729187,1.4904340505599976,0.7912996411323547,-1.7834078073501587,1.2211474180221558,-1.479265809059143,1.3605408668518066,1.310415506362915,-1.9065196514129639,-0.32678400147836306,观望,2024-09,4.0
2024-09-10,64.39,67.58,64.08,65.88,26755557.0,2478915774.0,626402226.0,0.04271306181469413,0.016666666666666607,0.04505076142131981,0.025848645281843607,0.047376788553259,-0.05085722518369118,64.138,64.80199999999999,67.333,67.12533333333333,72.22366666666666,0.04737678838674442,-0.05085722532043546,-0.03514938502707243,-0.7322169123016263,21163695.6,1.2642195156123859,1.307040243356836,22451311.1,1.1917146789703512,1.2154944951946651,19318063.25,1.3850020394772227,1.3635301858100464,1.195337639598501,39865779.929999866,14885977.163999936,-0.22603481723189364,0.7582094118857741,60.24809656031995,94.10949231155458,101.5920574714771,89.12252768637829,0.09347852896964848,-0.2999643459779734,-0.35152410887537733,-0.26079295874740704,3.169786810032183,0.3154786289350042,1.0,1.2856593639069775,0.019515169455249334,2.177954187866109,0.03305941389701754,3.169786810032183,0.04811455387903822,3.5742726519289008,0.6870980010712507,0.027160185689113936,0.01663528887740595,-0.021579314894393575,-0.018552359911029215,-0.0878336280691231,-0.021579314749082923,0.021579314749082923,46.264671811467736,0.023140239163978765,0.025804493013690925,0.004705525196614255,0.05312689738112829,0.5142857128163257,0.05989466067607152,-0.0016813100615221564,0.06716406047315894,0.0010963102140904774,0.05676988463873722,-1.0221965312957764,-1.2238520383834839,0.4713396430015564,0.35198286175727844,0.28298550844192505,0.5463197231292725,0.49659401178359985,0.19333329796791077,-1.1632211208343506,0.3218119144439697,0.5102258324623108,-0.9370004534721375,0.015556571073830128,-0.5520492792129517,-0.5584747195243835,-0.10698037594556808,0.8847690224647522,0.969223141670227,-1.4116233587265015,-0.2045087069272995,-1.0706427097320557,-1.266150712966919,-0.2092379331588745,1.2064787149429321,1.4855400323867798,0.7688469290733337,-1.8347983360290527,0.937945544719696,-1.7282376289367676,0.23442383110523224,0.22851145267486572,-2.008457660675049,-0.3604136447591467,观望,2024-09,3.0
2024-09-11,66.45,68.27,66.09,66.6,20512659.0,1929736547.0,626402226.0,0.032746784970716245,0.010928961748633892,0.02777777777777768,0.05647208121827396,0.06135458167330676,-0.0431034482758621,64.90799999999999,64.502,67.28399999999999,66.97933333333333,71.97283333333333,0.061354581504166505,-0.04310344841334712,-0.014501331900784065,-0.7436481471479438,20054590.2,1.0228410950027784,1.0523663457627463,22894523.3,0.8959635774552244,0.930083650472782,19529924.8,1.0503194052237204,1.0511682978089227,0.9306613664187978,3076898.849999825,14244915.365999933,-0.22886068640421603,-0.2128132403383719,60.288144579571245,93.99942486977727,101.24417921256915,89.32073951548195,0.10469480300721568,-0.29148502671942145,-0.3421844048913796,-0.2543724966758003,3.173340262413409,0.31512536134029956,1.0,1.3948189846721097,0.0209432279949351,1.563591307783736,0.023477346960194635,3.173340262413409,0.047647751680734714,3.489681748219694,0.4927272758539013,0.02606766484469314,0.03252612306090885,-0.010165864245561096,-0.005663438622013128,-0.07465085218617418,-0.01016586409844833,0.01016586409844833,48.28846116962654,0.0022573363427752916,0.025075075071310078,0.005405405404593775,0.0327327327278178,0.233944953055295,0.06275598750216249,-0.0010119546135810014,0.03348038418575444,0.00013849792662512376,0.02297297297297307,-1.061781883239746,-1.2406424283981323,-1.0624903440475464,-0.9509790539741516,-0.8534014821052551,-1.1796129941940308,-0.91057950258255,0.2121042162179947,-1.1843677759170532,0.3663351237773895,-0.6808347702026367,-0.7404481172561646,-0.12709465622901917,-0.39615362882614136,-0.39680948853492737,0.2546040117740631,0.9512950778007507,0.9918243885040283,-1.230644702911377,-0.04723866283893585,-0.9930896759033203,-1.1509183645248413,-0.041830964386463165,1.2129290103912354,1.4897727966308594,0.9422733187675476,-1.741593599319458,0.4812658429145813,-1.2342619895935059,-1.2414567470550537,-1.170873999595642,-1.9349862337112427,-1.7094209640990627,卖出 📉,2024-09,0.0
2024-09-12,69.03,69.95,67.73,67.74,22576767.0,2178991164.0,626402226.0,0.03604196483171501,0.017117117117117164,0.02823315118397085,0.04537037037037028,0.05481158517595763,0.03959484346224684,65.612,64.75999999999999,67.306,66.82433333333333,71.76266666666666,0.05481158501170791,0.03959484330270202,0.006537889895016802,-0.7306545753530794,20127262.2,1.1217008441416334,1.1667793571442284,22123358.8,1.0204945462440353,1.079185499852164,20010997.3,1.1282179824190965,1.1570284061706195,1.0326981236877883,-29124029.43000014,11968569.074999945,0.06220701846498497,0.016357688849801377,60.335287412028926,94.11150408530614,100.9558973780097,89.54862460942164,0.12272606803717334,-0.2802155203194079,-0.3290139381718261,-0.2435394703664393,3.1749818068274944,0.3149624337059102,1.0,1.7924062039620843,0.02646008567607741,1.8675414616843693,0.027569256885277192,3.1749818068274944,0.046870118192482935,3.4797044804897164,0.5882054038188018,0.03243309135029682,0.046016059134339926,0.006448161975685984,0.013702593214991232,-0.056055144867890094,0.006448162125219037,0.006448162125219037,51.408923614222005,-0.018687527159396367,0.01358134041724518,0.00014762326540470436,0.03277236491987416,0.00450450448420985,0.06148220136061272,0.0010916004063444892,0.0367607893951405,-0.0010242929835558544,0.00029524653085344355,-0.9937607049942017,-1.2034791707992554,0.20445360243320465,0.10907145589590073,0.09347470104694366,0.4594850540161133,0.17156846821308136,-0.20534978806972504,-1.0608055591583252,0.16047051548957825,0.21565724909305573,-0.849503219127655,0.19580619037151337,-0.3845621645450592,-0.38000693917274475,0.2256428599357605,0.8646849393844604,0.8932391405105591,-1.228118896484375,0.19534407556056976,-1.016231656074524,-1.1905244588851929,0.18784648180007935,1.1032254695892334,1.3803883790969849,0.7415082454681396,-1.7309210300445557,0.8366510272026062,-1.4017328023910522,-0.029031187295913696,-0.09634250402450562,-1.902774453163147,-0.2509019430202064,观望,2024-09,4.0
2024-09-13,67.88,74.63,67.8,71.38,38327074.0,3876553133.0,626402226.0,0.06118604374180497,0.05373486861529386,0.07177177177177185,0.08348512446873113,0.13229695431472077,0.06984412470023971,67.28,65.226,67.382,67.01233333333333,71.61699999999999,0.13229695413510512,0.06984412453989153,0.021757801170661617,-0.5333749404377719,25178090.6,1.522239101006332,1.6086087794876163,22875587.1,1.6754575011541444,1.8305070092639435,20660999.65,1.8550445113627394,1.986197028527066,1.7650556100664736,134144759.0,21070374.23499993,0.35980093682845843,1.931788676021569,60.42524261024041,94.46525097104873,100.77362737784519,89.84747150719176,0.181294388181787,-0.24437823150571836,-0.2916797593048368,-0.20554247323157615,3.256481148983606,0.3070799280509623,1.0,2.529545413706151,0.03543773344566789,2.7728974016358934,0.03884697956356716,3.256481148983606,0.04562175887541873,3.723297017597594,0.8515011345870505,0.06093935774956316,0.09434887911349032,0.05933335296379849,0.06517705680071173,-0.003309270284525989,0.0593333531210114,0.0593333531210114,59.75885717783099,0.05156157924991728,0.045530961047137726,0.0011207621180833662,0.09568506583136942,0.5241581251476454,0.20138759680191634,0.002713233278636406,0.14565554859087548,0.006821439885159894,0.0494536284673579,-1.0652803182601929,-1.2172712087631226,-0.2704007923603058,-0.20758764445781708,-0.16346782445907593,0.05196231231093407,-0.30288106203079224,-0.4817783832550049,-1.0984715223312378,0.20953789353370667,-0.1233709305524826,-0.6937446594238281,0.13401255011558533,0.06254997849464417,0.06561076641082764,0.13628602027893066,0.984377920627594,0.9647631645202637,-0.976355791091919,0.16190584003925323,-1.083322286605835,-1.008954644203186,0.15235143899917603,1.1289880275726318,1.4014002084732056,0.8573595881462097,-1.7372875213623047,0.7613086700439453,-0.7032066583633423,-0.59743332862854,-0.6342058777809143,-1.9326415061950684,-0.5704414977939783,观望,2024-09,2.0
2024-09-18,70.72,72.49,70.43,70.84,17544159.0,1755831676.0,626402226.0,0.028007817136971667,-0.007565144298122606,0.04576321228225577,0.06366366366366383,0.09320987654320989,0.12533756949960284,68.488,66.015,67.381,67.34599999999999,71.48216666666667,0.09320987637450484,0.12533756932083606,-0.00028224682468480644,-0.34398191832171976,25143243.2,0.6977683372207127,0.71842373591807,21999664.0,0.7974739523294534,0.8536325729408238,20618285.8,0.8509028912578169,0.9015156863608319,0.8396958224664273,2105299.0800000797,31512922.852999937,0.7632638234409567,-0.00983367794692025,60.46521548019683,94.46197825766873,100.6160610759191,90.12638100140546,0.17158269324618636,-0.25006863812690716,-0.29593745528809556,-0.21399262665506014,3.255359790932859,0.3071857063890262,1.0,2.4910479722401715,0.03516442648063985,3.150171952978512,0.04446883049878351,3.255359790932859,0.045953695517692295,3.6044900877691934,0.9676877966226024,0.034341782351019035,0.07308944920501581,0.05133494589701337,0.051881329098702356,-0.008983592782957461,0.051334946053041675,0.051334946053041675,58.162082960831775,0.001696832578945648,0.023291925462550427,0.004093732354023923,0.029079616032032636,0.19902912524743094,0.06503890056810348,0.005573615125257786,0.020290835325688192,0.0001581615549117561,0.34020327498588365,-0.9988202452659607,-1.1916550397872925,-2.5615785121917725,-2.262056350708008,-2.029899835586548,-2.675750494003296,-2.4519941806793213,1.2130072116851807,-1.0994709730148315,0.9687511324882507,-2.085111379623413,-0.04984258860349655,0.6739767789840698,0.2806776165962219,0.2825911343097687,0.8175835609436035,0.9704081416130066,0.9129503965377808,-0.5965082049369812,0.58461594581604,-0.8288505673408508,-0.5568231344223022,0.6056881546974182,1.0947048664093018,1.2878286838531494,1.0666955709457397,-1.375705361366272,-0.16212165355682373,0.0009960737079381943,-2.547213077545166,-2.5295188426971436,-1.507575511932373,-1.7106992247013635,卖出 📉,2024-09,0.0
2024-09-19,70.72,70.83,67.65,69.62,23357989.0,2265170790.0,626402226.0,0.03728912195787759,-0.01722190852625638,-0.024656766601288793,0.027753173900206818,0.05676988463873722,0.10683624801271874,69.236,66.687,67.309,67.52066666666667,71.39,0.05676988447832909,0.10683624783675105,-0.020264565294080272,-0.18427538737466906,24463729.6,0.954800816634271,0.9433272277164014,22813712.6,1.0238574233638758,1.0540963661669616,20924859.3,1.1162793816252798,1.147447070274614,1.1273202680487449,-25693787.899999868,29034849.080999948,0.6636735064691411,-0.12698550809463616,60.51414909342336,94.34214466378754,100.43470226828123,90.33896086710422,0.15047474091586066,-0.2620477279999437,-0.30681329831564563,-0.22934690269000824,3.1848686662174948,0.313984688746303,1.0,2.031226230630623,0.029175901039052914,3.1285284080537195,0.044937207808163564,3.1848686662174948,0.045746461731686734,3.574883652928537,0.9823100184367138,0.005546247471612142,0.04398158545983777,0.03433418992492343,0.03109171497648755,-0.0247933885663546,0.03433419007859295,0.03433419007859295,54.61168098298241,-0.015554298640334438,0.001580005745248483,0.02829646652854114,0.04567652972627445,0.6194968533978097,0.05420393221329965,0.004800922670484547,0.0436119878836664,-0.0008830157369532173,0.3730249928181557,-1.0000728368759155,-1.1166960000991821,0.6317981481552124,0.579474687576294,0.599180281162262,0.03905824199318886,0.4874154329299927,-0.2877255082130432,-0.9970793724060059,-0.2707948386669159,0.5284963250160217,-0.2007276564836502,0.22552932798862457,0.5000959634780884,0.5052432417869568,0.35827377438545227,1.0343984365463257,0.9667651057243347,-0.2720891833305359,0.4113541841506958,-0.816790759563446,-0.5821908116340637,0.4217322766780853,1.0213069915771484,1.239474892616272,0.9533297419548035,-1.5274280309677124,0.9922054409980774,0.7655099630355835,0.8884155750274658,0.7669483423233032,-1.718956470489502,1.0215262288003846,买入 📈,2024-09,7.0
2024-09-20,70.21,70.33,67.8,68.13,16825217.0,1623591707.0,626402226.0,0.026860084944845007,-0.021401896006894683,-0.0382552230378318,-0.045530961053516394,0.02297297297297307,0.08573705179282864,69.542,67.225,67.14399999999999,67.61766666666666,71.23949999999999,0.022972972819373494,0.08573705161980283,-0.04619907615200913,-0.04356903927308731,23726241.2,0.7091395918203847,0.6938343982693053,21890415.7,0.7686111232688921,0.7780033822450457,21009345.9,0.8008443994441536,0.8202070490444473,0.8247426714732149,-34996451.35999997,16623304.33299995,0.7395765748314592,-0.17976421291847144,60.54885399641175,94.21950007734415,100.21895971738437,90.76438965650372,0.1252070931687248,-0.27690127899137085,-0.32018851331000286,-0.2493752201955325,3.0424304688679573,0.32868458521756755,1.0,1.6054656645353371,0.02356473894466006,2.824044577866458,0.04145082309484736,3.0424304688679573,0.044656252288586454,3.5002491062907843,0.9282199207119575,-0.02030427669317758,0.013462253475126529,0.014684856276855118,0.007576915154188901,-0.043648537813481325,0.01468485642797579,0.01468485642797579,50.55290732088689,-0.029625409481608668,0.0017613386170907263,0.004843681196999288,0.037134889176994756,0.13043478209314244,0.01629104467695485,0.003553871359366243,0.02633382015326928,-0.0006805837267838057,0.5344194921473655,-0.9596459865570068,-1.1046257019042969,-0.0684313029050827,-0.07254115492105484,-0.08809757977724075,0.12629622220993042,-0.0633903294801712,-0.33916807174682617,-1.0660364627838135,-0.37005409598350525,-0.0034751370549201965,-0.18628381192684174,-0.030349835753440857,0.4513667821884155,0.47942766547203064,-0.3919793665409088,1.102446436882019,1.0242984294891357,-0.22219225764274597,0.10541004687547684,-0.8435060977935791,-0.7412180304527283,0.1096092239022255,1.0960309505462646,1.2975419759750366,0.9005476832389832,-1.5922173261642456,0.7374177575111389,0.4659552276134491,-0.0031893225386738777,0.0054763248190283775,-1.8191567659378052,0.06890768563511011,观望,2024-09,5.0
2024-09-23,67.56,69.7,67.3,67.76,13134127.0,1265892220.0,626402226.0,0.020967561184879954,-0.0054307940701598945,-0.02671646078713008,-0.04347826086956519,0.00029524653085344355,0.05512301463718483,69.546,67.579,66.95899999999999,67.723,71.12516666666667,0.00029524638318667584,0.0551230144728867,-0.05177721815676195,0.11227217866128912,21837713.2,0.601442416598822,0.5867653571440153,20982487.7,0.6259566161928451,0.6290250462993069,21064644.25,0.6235152535272459,0.6385470295676163,0.6491757682694056,2626825.400000037,13065280.868999956,0.7512211244509154,-0.4182458896794212,60.57581192409762,94.1130206720676,100.10463041459126,91.14164731273844,0.11859829604767458,-0.28001460885942087,-0.32310823466040883,-0.25654185547588293,2.8740067391785047,0.3479462949367938,1.0,1.599868744616844,0.023610813819078157,2.620010390140394,0.03866603290663716,2.8740067391785047,0.04241450322837013,3.4216598844128714,0.9116229079452538,-0.025680844473344067,0.002678346675346388,0.011962544092360972,0.0005463430443799489,-0.0473133046136065,0.011962544243492523,0.011962544243492523,49.5677432281675,0.002960331556696263,0.028630460444416958,0.0038370720183240024,0.03541912632299018,0.19166666586805842,0.00017757378700891376,0.0021313882915216732,0.021302564929518163,8.740271851479534e-07,0.48509445100354176,-1.0981465578079224,-1.204664707183838,0.7420662045478821,0.6754316091537476,0.6507332921028137,0.29406458139419556,0.6886538863182068,-0.4531742334365845,-1.0968507528305054,-0.5655039548873901,0.667596697807312,-0.40909579396247864,-0.5964111685752869,0.2334345281124115,0.2575450837612152,-0.6327211260795593,1.1917495727539062,1.1029270887374878,-0.061706237494945526,-0.07492644339799881,-0.9795519709587097,-0.8088105916976929,-0.06916449218988419,1.1209678649902344,1.3375029563903809,0.9487941265106201,-1.6893185377120972,1.0557503700256348,0.6882250308990479,0.9109910130500793,0.8965975046157837,-1.882240891456604,0.36702723323628056,观望,2024-09,5.0
2024-09-24,67.82,75.41,67.82,74.91,32068696.0,3232939746.0,626402226.0,0.05119505434196844,0.10551948051948035,0.09951563188022905,0.07598391266877313,0.0494536284673579,0.18829314720812174,70.252,68.76599999999999,67.18350000000001,67.99366666666667,71.12383333333334,0.0494536283203344,0.1882931470196234,0.06376029521957394,0.39912825684377656,20586037.6,1.5577886635162845,1.5936132928349607,22882064.1,1.4014774130450924,1.4567501115714523,22056806.9,1.4539138029086154,1.5516226202681178,1.5742598528902092,227367054.6400001,37004696.07699997,0.7222936151287725,-0.1632886976970901,60.64958753259613,94.46455152808178,100.03412655235239,91.60644396626931,0.23512793817005928,-0.20700412177650307,-0.251155554791632,-0.18226276715224488,3.3020747465162437,0.3028399033143091,1.0,2.879022403525527,0.03843308507730873,2.99687689288538,0.04000636620591799,3.3020747465162437,0.044080559952949384,3.72368417838338,0.9075739084862956,0.06630416200730171,0.08934647920638894,0.11500591646535141,0.10172025809731489,0.053233444805904195,0.11500591663131554,0.11500591663131554,64.11936883121565,0.10454143319012961,0.006674676277309482,0.0,0.10132158588955799,0.9341238459365958,0.07703830179619635,0.00753292459373181,0.15783761786824496,0.00516995318105974,0.3461487117874784,-1.2312973737716675,-1.3002909421920776,1.114618182182312,1.0671449899673462,1.022350788116455,0.6346241235733032,1.0356768369674683,-0.18194875121116638,-1.1318875551223755,-0.3130645453929901,1.01490318775177,-0.5261132121086121,-0.64683598279953,0.03826913982629776,0.05950804799795151,-0.6299746632575989,1.217133641242981,1.1514761447906494,-0.02863834798336029,-0.24855302274227142,-1.1427843570709229,-0.7954614758491516,-0.24740850925445557,1.1525217294692993,1.3748770952224731,0.9333325624465942,-1.752862811088562,1.2615991830825806,0.6789710521697998,1.2620350122451782,1.2362972497940063,-1.936269998550415,0.622490567917753,观望,2024-09,6.0
2024-10-16,96.75,99.1,93.77,94.94,36576707.0,4942976414.0,630199495.0,0.05803988624268891,-0.05944125222904695,-0.10154253809028113,-0.07312310846431713,-0.1013724562233792,0.27521826729348553,101.186,97.316,83.5235,77.40066666666667,73.74583333333334,-0.10137245630843617,0.2752182671222003,0.4651234565640243,0.8844409408968454,37843881.2,0.966515744162097,0.9192304304355402,43358723.2,0.8435835813541666,0.8352078260986264,33476827.4,1.0925977710779124,1.1992174911660842,1.2439487706615289,-66203839.670000084,155086361.65200013,0.43588269872034874,-0.4010292416568577,62.54528402958668,123.12501338761868,107.98424986184341,100.02659290004475,0.5179401848281509,-0.22891378942544693,-0.12079770780028021,-0.05085240587098383,16.180034895219766,0.06180456382559438,1.0,3.915051723796779,0.04123711526631987,10.961133558573692,0.11545327109141733,16.180034895219766,0.17042379285354464,6.891899447471686,0.6774480786217323,-0.061727907115438185,-0.024415306935713033,0.1366860822239626,0.22660442185339447,0.2873947678914206,0.13668608236005442,0.13668608236005442,60.724697283162534,-0.018708010333983692,0.024752475244917523,0.012323572781512178,0.05614072044911093,0.21951219471010885,-0.09797807496427895,0.0317748492033695,0.0542608902026687,0.001896476960199534,0.014008847693280035,-0.12798911333084106,-0.4865698218345642,0.309259295463562,-0.27325907349586487,-0.2943527102470398,0.7133210301399231,0.21717320382595062,-0.47639361023902893,-0.9677176475524902,-1.2004921436309814,-0.38925522565841675,1.7604072093963623,-0.5686840415000916,1.8939800262451172,1.891788363456726,-0.7773822546005249,1.4556769132614136,1.1911649703979492,0.6709505319595337,-0.479497492313385,-0.2964248061180115,1.0449366569519043,-0.46375659108161926,0.9538461565971375,0.7588732838630676,0.4775182604789734,-0.651675820350647,0.28647154569625854,0.5703641176223755,-0.008623966947197914,0.1500886082649231,-0.633452832698822,1.4586752601568687,买入 📈,2024-10,9.0
2024-10-17,96.04,97.24,94.74,95.59,25420104.0,3425990254.0,630199495.0,0.040336598492513864,0.006846429323783543,-0.05300178323756677,-0.09539131257689026,-0.06238352133398728,0.22190975329157614,99.914,99.05199999999999,85.009,78.27333333333333,73.9875,-0.06238352142595549,0.22190975313538175,0.45097146304630087,0.8640292929744864,34539932.6,0.7359627563372835,0.7053813150717576,43602116.0,0.5830016139583684,0.5696204269993137,33410054.75,0.7608519109056531,0.8217403018271527,0.8542522510278051,-11439046.800000072,146058198.60400012,0.541366860380226,-0.3938913511057873,62.64743568675224,124.78843800158693,108.3124134143959,100.56582286140281,0.525840586324493,-0.23398352018169832,-0.11746034469494104,-0.04947826925515597,15.835087921249043,0.0631508965622221,1.0,4.581269474720308,0.047926242015284504,8.755219141873253,0.09159137086470698,15.835087921249043,0.16565632304208056,6.578192344080851,0.5528999384080248,-0.043277218503585235,-0.03495133878821699,0.12446917371990396,0.22123328491339356,0.29197499560169304,0.12446917385218037,0.12446917385218037,61.233287696002236,-0.004685547687975296,0.012553614393497777,0.008892143528727766,0.026153363319787282,0.3399999986400034,-0.04591194831098701,0.02032501849791832,0.019247901356321054,0.00029230096458514305,0.03839313735746419,-0.11524895578622818,-0.49952632188796997,0.004120424389839172,-0.6295789480209351,-0.6038970351219177,0.3485468924045563,0.08996681123971939,-0.4171428680419922,-1.0135657787322998,-1.3173247575759888,-0.5711566209793091,1.7395802736282349,-1.1183438301086426,1.4547780752182007,1.4541115760803223,-1.5054136514663696,1.4236247539520264,1.2480356693267822,0.6331818103790283,-0.9526686668395996,-0.42203593254089355,0.62261962890625,-0.9589184522628784,0.989497721195221,0.8246293067932129,0.4754445552825928,-0.6867546439170837,0.09116549789905548,0.529849112033844,-0.5852491855621338,-0.3057246804237366,-0.6563661694526672,0.21415210362533757,观望,2024-10,5.0
2024-10-18,95.33,109.54,94.98,104.54,53841939.0,7752891016.0,630199495.0,0.08543634107482108,0.0936290406946334,0.10111649462818639,0.03566475133742819,0.020599433759640684,0.30773079809857395,100.336,101.512,86.906,79.438,74.419,0.020599433660002164,0.30773079793498503,0.569669669433984,0.8623404106938811,38592831.4,1.3951279822397273,1.4264924865876014,44595933.1,1.2073284548002874,1.229568710772413,35076518.75,1.5349852527768306,1.7381814209020225,1.735948966434378,495884258.1900004,180631535.76700014,0.5704318599262918,0.6035150679272947,62.89038272532426,127.16046027942839,109.47010927753765,101.51471630569803,0.6622573352205816,-0.17788910349743248,-0.04503612273774593,0.029801429826112447,15.786147625120845,0.06334667729669594,1.0,4.953062688882921,0.047379593346174906,5.717598174836232,0.054692923037012654,15.786147625120845,0.1510058123551826,7.148321462360791,0.3621908464935285,0.04189921852157763,0.029828985634227756,0.20290888992671308,0.31599486375336827,0.40474878708330575,0.2029088900651279,0.2029088900651279,67.47809409772375,0.09661176963216082,0.04782858235624368,0.0033480007649370033,0.13927683182138162,0.6565934061424497,0.028738846456368428,0.01683069684757663,0.19430900535170598,0.0019901477393131084,-0.029271092404821175,-0.1735548973083496,-0.6235617995262146,0.9990718960762024,0.27925780415534973,0.33668479323387146,0.5658026337623596,0.9949724078178406,-0.008097623474895954,-1.1548597812652588,-0.05908477306365967,0.2418801486492157,1.5931198596954346,-1.1375341415405273,1.484754204750061,1.4818133115768433,-0.7741881608963013,1.5634931325912476,1.4131999015808105,0.6217186450958252,-0.6763673424720764,-0.5335175395011902,0.9115753769874573,-0.7012833952903748,1.1309043169021606,1.007305383682251,0.5670983195304871,-0.8085370659828186,0.6080504655838013,0.6742818355560303,0.4675140976905823,0.6129122376441956,-0.8373741507530212,1.7758212869321135,买入 📈,2024-10,9.0
2024-10-21,105.2,105.66,97.32,100.63,51219448.0,7304546433.0,630199495.0,0.081274974680835,-0.03740195140616043,0.05272518045820673,0.059932589003581116,-0.04769565628844519,0.08836253515033521,99.328,102.329,88.5505,80.62033333333333,74.80583333333334,-0.047695656378565765,0.08836253503262359,0.4855329197688911,0.8434250406866179,40365541.0,1.2688904132363787,1.2827236408945404,44218909.7,1.1583154887240468,1.1464971722210529,36508652.8,1.4029399627695929,1.5486810868023673,1.6150648617921566,-234072877.36000037,90851701.85700014,0.4484262837527362,0.20926359727924582,63.11624159742941,129.1919496054371,110.60288695745518,102.42046816113287,0.5943598264586534,-0.2210814968940995,-0.09016841451246549,-0.01748154634790411,15.39270451767409,0.06496584133101037,1.0,4.021376629961941,0.03996200565996544,4.788675182135633,0.04758695400635759,15.39270451767409,0.15296337589331668,7.233441357906449,0.31110031206837074,0.013108086238210026,-0.016603309031007374,0.13641368471816495,0.2481962778726381,0.3452159477743202,0.13641368484650007,0.13641368484650007,62.72436237630444,-0.04344106463465396,0.004571201430530475,0.032892775510991505,0.08287786941440152,0.39688249352891797,-0.0605205610174255,0.00420490389048262,0.10516293396939058,0.002071950091533521,-0.038060220610156015,-0.05328443646430969,-0.30019229650497437,-1.5198264122009277,-1.92509925365448,-1.8942711353302002,-1.2814052104949951,-1.5183857679367065,3.297900438308716,-0.9069939255714417,1.6529229879379272,-2.0135645866394043,1.94252347946167,0.5326150059700012,1.810232162475586,1.7954919338226318,1.238410234451294,1.096450686454773,1.0443717241287231,0.6805258989334106,0.02255602926015854,-0.22847139835357666,1.1156812906265259,-0.0014343559741973877,0.8750081062316895,0.7480151057243347,0.3796420693397522,-0.6258108615875244,-0.7098550796508789,0.6715835332870483,-1.9155519008636475,-1.9471404552459717,-0.6244897842407227,1.1739746035942875,买入 📈,2024-10,8.0
2024-10-22,102.44,103.24,98.31,100.84,36862654.0,5219718154.0,630199495.0,0.05849362668879955,0.002086852827188901,-0.0353931509470059,0.05492206297729885,-0.000990687537150703,-0.09112212708427214,99.308,101.318,90.0235,81.75766666666667,75.23716666666668,-0.0009906876361213124,-0.09112212716618995,0.4127206498441134,0.8240151300035112,40784170.4,0.9038470965195848,0.9110688882460367,41762948.2,0.8826640739889142,0.8737650284331951,36435431.8,1.011725460050675,1.0911278658585337,1.155008474899007,-58980246.39999979,15239401.90200011,0.07274285793364654,0.06020065225543747,63.27593934747606,131.29478772226324,111.35455535062138,103.35979153435719,0.5936547294263486,-0.23195732481540932,-0.09442411509357895,-0.02437883723400891,15.069283598031399,0.06636015526756926,1.0,4.011591953327764,0.039781752805731325,3.712695337173303,0.03681768481560022,15.069283598031399,0.149437560457527,7.068909832341703,0.2463750390360008,0.015426753029420981,-0.0047178192419196074,0.12015196019704288,0.23340114877299167,0.34029502245030097,0.12015196032147157,0.12015196032147157,62.87563422854506,-0.01561889886610509,0.007933359777079171,0.02508925029501298,0.04888932962625049,0.5131845831375577,-0.0008954300540118011,-0.0033549057577318244,0.04418847863347543,1.5473449996479497e-05,-0.07933359777865923,0.03740374743938446,-0.20284883677959442,-0.8853587508201599,-1.2275869846343994,-1.249443531036377,-0.19525770843029022,-0.7916569709777832,-1.219481110572815,-1.1453137397766113,-1.1656442880630493,-1.243179202079773,0.9571402072906494,-0.0628889873623848,0.47826504707336426,0.46785876154899597,-0.1888517439365387,1.3120790719985962,1.3102977275848389,0.8016581535339355,-0.42251670360565186,-0.07748273015022278,0.7206085920333862,-0.4157051742076874,1.1037623882293701,0.8791508078575134,0.2355734258890152,-0.574965238571167,-0.4254343807697296,0.30317845940589905,-1.1008856296539307,-0.993565022945404,-0.5826857686042786,-0.5691292764530278,观望,2024-10,2.0
2024-10-23,95.47,99.83,93.09,96.27,37069525.0,5050022777.0,630199495.0,0.05882188940821033,-0.04531931773105913,-0.04332703965020368,-0.07910847522479447,0.014008847693280035,-0.08878371982962618,99.574,100.38,91.295,82.86833333333334,75.59533333333333,0.014008847586474804,-0.08878371991587475,0.35897797835135825,0.7732173875332399,40882734.0,0.9067281312448427,0.8781680449347863,39363307.6,0.941727899918654,0.9076300384362171,37411700.1,0.9908537944256639,1.020517551914286,1.148575248251645,29655619.999999896,20342271.48700007,0.3606759898147169,0.013473547523017881,63.424917586259774,132.27123668726298,111.96532592114781,104.17384485719158,0.5178577074076594,-0.27217736515447366,-0.14018023697980686,-0.07587168226368812,14.424505282039396,0.0693264676849528,1.0,3.679936140750825,0.038225159866714174,3.681403717786877,0.0382404042526693,14.424505282039396,0.149833855620038,7.117559130031581,0.25521871587641703,-0.03318135265900923,-0.04094441133284066,0.05449367423687024,0.1617224109134905,0.27349130881886574,0.054493674352374066,0.054493674352374066,57.41503542745675,0.008379595683630474,0.03697932896676233,0.024722135657554527,0.07001142618988139,0.4718100883207558,0.012702216289821433,-0.0033951253406388168,0.0634813296349374,0.00011738847876826144,0.04923652228108444,-0.3605767488479614,-0.4977118968963623,-0.09148770570755005,-0.3071844279766083,-0.22296002507209778,-0.053768306970596313,0.0008541271090507507,-0.18139687180519104,-1.4353221654891968,-0.06721963733434677,-0.2549888491630554,-0.18766579031944275,0.2260461449623108,-0.5641880035400391,-0.5692509412765503,-0.3151305913925171,1.4616706371307373,1.547694206237793,0.5081944465637207,-0.1502208709716797,-0.3002943694591522,0.8322663903236389,-0.14799514412879944,1.4144126176834106,1.1989529132843018,0.5513570308685303,-0.8394939303398132,0.29232242703437805,-0.3092027008533478,0.10675300657749176,0.09287208318710327,-0.8043531179428101,0.12556582853057902,观望,2024-10,5.0
2024-10-24,95.37,101.65,95.09,99.26,37532418.0,5206394767.0,630199495.0,0.05955640761025999,0.031058481354523826,-0.015668385561285136,-0.013614230348802492,0.03839313735746419,-0.026385483079941152,100.308,100.111,92.777,84.08033333333333,76.038,0.03839313724883442,-0.026385483175440316,0.4257397297578658,0.7218748683270755,43305196.8,0.8666954724473159,0.8525688660698956,38922564.7,0.9642842985626789,0.9497558893592016,38120421.55,0.9845751036821888,1.0217526397097652,1.1367195905760845,146001106.02,47566276.03600003,0.36584262486080016,0.47648561941367373,63.58026718716409,133.66990265221764,112.63848541752728,105.14529834316187,0.561176201222997,-0.2574244610751706,-0.11877366219845753,-0.05597300531645322,13.578174863787199,0.07364760060135253,1.0,2.987485564819366,0.030097577720314225,3.652099700476963,0.03679326717820905,13.578174863787199,0.13679402440478802,7.0777334778864684,0.26896838009704654,-0.01044782081085771,-0.008500564472585292,0.06987723238842869,0.18053766027166063,0.3053999314414637,0.06987723250374556,0.06987723250374556,59.87064725845609,0.040788507912258735,0.02407817851863005,0.0028208744708018577,0.06608905903021471,0.6356707307383068,0.033275158320762124,-0.0009708081321001152,0.05727908823979049,0.0015659987824505183,-0.024581906105178408,-0.44477757811546326,-0.4910467863082886,-0.45386695861816406,-0.5250893235206604,-0.46641021966934204,-0.07331091910600662,-0.23421260714530945,-0.07782594859600067,-1.5474549531936646,-0.6544378995895386,-0.35827329754829407,-0.0909767895936966,-0.8064407706260681,-0.68968665599823,-0.6751543879508972,-0.4942517876625061,1.5818450450897217,1.6385818719863892,0.32491880655288696,-0.3080019950866699,-0.401356965303421,0.5204498171806335,-0.30952346324920654,1.5174263715744019,1.3128368854522705,0.5072304010391235,-0.9615243077278137,0.2510608434677124,-0.027178121730685234,-0.3351469933986664,-0.21645289659500122,-0.9760231971740723,-0.5822479642203752,观望,2024-10,2.0
2024-10-25,104.44,105.28,99.61,101.48,43866634.0,6308891504.0,630199495.0,0.06960753594383633,0.022365504735039288,0.05411862470136075,0.00634668782229264,-0.029271092404821175,-0.009274626574245826,99.696,100.01599999999999,94.4445,85.37133333333333,76.531,-0.02927109249767823,-0.009274626670968011,0.48950535718633437,0.6647715113018976,41310135.8,1.0618854949394767,1.0843905076025704,39951483.6,1.0979976222960588,1.1212968816403606,39472492.4,1.1113216149482366,1.1836973554159491,1.3050962394898207,-129845236.63999973,25112912.882000037,0.40381154149476695,-0.18527016644032823,63.773299263713895,135.02613347770256,113.55493652424275,105.90085144860637,0.5912615651318622,-0.24844178392505156,-0.10633563712718797,-0.04174519267913357,12.387655772030454,0.08072552366611614,1.0,2.0791416498170743,0.02048819126539409,3.597014811695561,0.03544555391546222,12.387655772030454,0.12206992284991876,7.002181086608863,0.29037090430890033,0.017894398870777817,0.014637657873276755,0.07449348547829748,0.18868941160709451,0.32599861476708814,0.07449348559206737,0.07449348559206737,61.63935391172926,-0.028341631556076004,0.008277493101273438,0.018427276308787266,0.0558730784335955,0.3298059958909954,-0.03108254844571269,-0.0003287442797115805,0.05933081154625076,0.0008295905188130169,-0.10465116279069775,-0.46987640857696533,-0.5070452690124512,-0.22924236953258514,-0.32432645559310913,-0.32029980421066284,-0.7486208081245422,-0.13389070332050323,0.8857426047325134,-1.594431757926941,0.5629414916038513,-0.25445201992988586,0.1363305151462555,-0.1301707625389099,-0.43627625703811646,-0.4225139021873474,0.09265002608299255,1.5887953042984009,1.6459587812423706,0.2356528341770172,0.027294717729091644,-0.3706996738910675,0.7933641672134399,0.01383671909570694,1.571128010749817,1.3642383813858032,0.5880656838417053,-1.0002034902572632,0.31900301575660706,-0.06155022233724594,0.027978530153632164,0.0014358493499457836,-1.0114420652389526,0.47270097533717453,观望,2024-10,6.0
2024-10-28,99.6,101.88,95.9,96.8,41480206.0,5684191980.0,630199495.0,0.06582075410898258,-0.04611746156878205,-0.02478339713882738,0.005505349537758386,-0.038060220610156015,-0.08394056969811681,98.92999999999999,99.129,95.8965,86.45733333333334,77.03349999999999,-0.03806022070574766,-0.08394056978480735,0.42857142836060036,0.5563406662235502,39362287.4,1.053805780606134,1.0346475344528052,39863914.2,1.0405452357711524,1.0160863306900385,40889796.35,1.0144390459895256,1.0240434847302737,1.2109585317426095,-116144576.79999988,-6197038.297999978,0.35674552372332613,-0.19014734403229028,63.939575763149406,135.7486099463051,114.50893006296305,106.64108778721408,0.5139293441447761,-0.28691719172454944,-0.1546510831358371,-0.09228232749135545,10.679409738764814,0.09363813389739638,1.0,2.3383755044911063,0.02415677173811507,3.108302323348714,0.032110561188301745,10.679409738764814,0.11032448076096664,6.929168151851087,0.29105562914731514,-0.021530375111540323,-0.023494638398097956,0.009421615907835967,0.11962740760919144,0.2565961560546264,0.009421616013097323,0.009421616013097323,56.03259417070623,-0.028112449796374228,0.023553719005831242,0.00929752066019645,0.061776859497750226,0.15050167198912648,-0.04010808049012713,-0.002695378802255969,0.06510081164642215,0.001069966043829254,-0.11074380165289255,-0.38493812084198,-0.45672112703323364,-0.6198207139968872,-0.6280288696289062,-0.627792239189148,0.6407721042633057,-0.5581345558166504,-0.5702734589576721,-1.5544883012771606,-0.02982715144753456,-0.61082923412323,-0.008498305454850197,-0.0795779824256897,-0.16510158777236938,-0.15208043158054352,0.42250996828079224,1.6103878021240234,1.6267400979995728,0.5027264356613159,-0.10892713069915771,-0.3096185624599457,0.8150362968444824,-0.12456610798835754,1.5226576328277588,1.3126635551452637,0.46779125928878784,-0.8841509819030762,0.11320283263921738,0.20159748196601868,-0.5594915151596069,-0.542228639125824,-0.851993978023529,0.20678349728897422,观望,2024-10,5.0
2024-10-29,95.33,96.03,91.67,92.84,40075754.0,5279708618.0,630199495.0,0.06359217092041625,-0.040909090909090895,-0.08513992905005918,-0.06467862180132988,-0.07933359777865923,-0.08024569050921337,97.33000000000001,98.31899999999999,96.79299999999999,87.45066666666666,77.45,-0.07933359786995897,-0.08024569060033215,0.23935389117082462,0.39128770249088357,40004907.4,1.0017709477312775,0.9589284774049339,40394538.9,0.9921082178759564,0.9398624694912099,41290149.25,0.9705887415749652,0.933953985227096,1.1400015990159504,-99788627.4599998,-4493346.69199996,0.31061705487887437,0.08716409838531991,64.08793112674128,136.91089913170998,115.14636104323102,107.18387950551414,0.4486346862469033,-0.3218947462269839,-0.19372180623976665,-0.13382497043108244,9.513925583060011,0.10510908354480465,1.0,3.2600613491165995,0.03511483572560805,3.6003809983576724,0.03878049329997703,9.513925583060011,0.10247657886724737,6.8006561410045805,0.3784327471495038,-0.0461317169376213,-0.05572676704851265,-0.040839730244868755,0.061627126792062725,0.19870884426098034,-0.04083973014577491,0.04083973014577491,51.74369968279922,-0.026119794395665554,0.00753985351060539,0.012602326582011832,0.046962516151770516,0.26834862323773295,-0.07947409343365942,-0.0031119674666782106,0.04704568431320458,0.002072177265031739,-0.042115467470917656,-0.4530765116214752,-0.4612577557563782,-0.7027602195739746,-0.6432122588157654,-0.6618422865867615,0.4408368170261383,-0.5108530521392822,-0.8657565712928772,-1.6634889841079712,-1.0081413984298706,-0.4634946286678314,-0.35278594493865967,-0.3049499988555908,-0.6150506138801575,-0.6199687719345093,-0.5397768020629883,1.6243571043014526,1.7036293745040894,0.2273881733417511,-0.4619906544685364,-0.42511701583862305,0.47117185592651367,-0.4631374776363373,1.629580020904541,1.418312907218933,0.47617143392562866,-0.9655839204788208,0.11281944811344147,0.03200041502714157,-0.6971262097358704,-0.5853872895240784,-0.9151951670646667,-0.8025560544826017,观望,2024-10,2.0
2024-11-13,94.8,103.55,93.41,101.01,62294295.0,8668383383.0,630195295.0,0.09884919086868144,0.06990784874483635,0.06854966677245322,0.09282700421940926,0.11367144432194043,0.09223615916955019,95.244,94.025,96.049,96.47133333333335,82.34183333333334,0.1136714441991542,0.09223615905144511,0.06393511680388309,-0.49736030401014286,45057322.0,1.3825565354283593,1.4296801656096625,39182642.8,1.5898441388440494,1.6615585574861407,39489231.0,1.5775008381398967,1.6142107915495736,1.5276049117402772,386847571.9500005,57001331.03500007,0.32548563526565055,0.4666801670106029,65.6407151527369,135.98756208243205,122.69885474286106,112.5328718580627,0.5388314975692092,-0.25721147983541004,-0.1767649322262559,-0.10239560821478422,3.909595348559415,0.25578094618172303,1.0,3.3294864468869614,0.03296194878286647,2.7838113362002526,0.02755975978541387,3.909595348559415,0.038705032651939066,6.5236376803882905,0.7120458975647074,0.06053924645536335,0.07428875287697023,0.05165071983553715,0.0470467909934853,0.22671546040064094,0.05165071994502801,0.05165071994502801,60.87607460773539,0.06550632910701419,0.02514602514353561,0.013761013759651426,0.10038610037616216,0.7495069026138993,0.1571571982388796,0.0025420063869870542,0.13878945914123028,0.007446199033779395,-0.10929610929610933,-0.37475645542144775,-0.3817194402217865,0.18861167132854462,0.12243103981018066,-0.10410827398300171,0.32774651050567627,0.21613384783267975,-0.3234431743621826,-1.4258270263671875,-0.12739409506320953,0.2598513960838318,-0.6024388074874878,-0.1569778472185135,-0.5724048614501953,-0.5841294527053833,-0.009390490129590034,1.1359045505523682,1.237740159034729,-0.7716435194015503,-0.3797799348831177,-0.21336869895458221,-0.5713348984718323,-0.3630935847759247,1.4445327520370483,1.429651141166687,0.9347900748252869,-1.3070940971374512,0.39609450101852417,-0.8798111081123352,0.501891553401947,0.4674232006072998,-1.4363855123519897,-0.16484631322021576,观望,2024-11,4.0
2024-11-14,99.36,100.37,96.38,96.82,35427340.0,4873623714.0,630195295.0,0.056216446363662555,-0.04148104148104159,0.025526956890159935,0.024225113720511837,0.031756180733162775,0.04545945362271886,95.84,94.446,96.1105,97.091,82.81750000000001,0.03175618062321428,0.045459453509830494,0.012867454648721743,-0.4913995211039511,44903295.4,0.7889697111183513,0.7988177703613594,39429903.7,0.8984891332615654,0.9240861535275107,39989592.8,0.8859139971037664,0.8954873765821448,0.8600169979112761,-89985443.60000022,40555017.469000034,0.3384762697191107,-0.021275877462495707,65.77644352251554,136.09605760226697,123.27340156784803,113.07119039759293,0.4719555332428109,-0.2885907078737654,-0.21459131679179333,-0.14372529678381185,3.9116687447206964,0.25564536843595864,1.0,3.281706872955601,0.033894927418060855,2.863250677891467,0.029572925816935942,3.9116687447206964,0.040401453669868644,6.3883778460748415,0.7319767744740724,0.010225375520635849,0.02513605647405548,0.007382127758425838,-0.0027911959911020023,0.16907658391413927,0.007382127863240662,0.007382127863240662,54.72814260424769,-0.025563607082773453,0.010431728980537987,0.004544515595481849,0.04121049369539253,0.11027568894667665,0.02505466473926559,0.0013443690463246654,0.03251383130589848,-0.0008118025239014337,-0.09140673414583755,-0.2565430700778961,-0.1945212185382843,-1.5284851789474487,-1.4943145513534546,-1.7971466779708862,-0.988614559173584,-1.4959875345230103,2.298687696456909,-1.204236388206482,1.7220988273620605,-1.3266652822494507,0.4388138949871063,0.7757643461227417,0.4339122772216797,0.43589285016059875,1.1854616403579712,1.0298192501068115,1.122596263885498,-0.26427820324897766,0.38900962471961975,-0.23313552141189575,0.07855521887540817,0.4908026158809662,1.2023072242736816,1.1094070672988892,0.7347161173820496,-0.9910465478897095,-0.683652400970459,0.20537033677101135,-1.5323184728622437,-1.6712486743927002,-1.1586490869522095,0.3907125564290042,观望,2024-11,6.0
2024-11-15,96.4,99.44,90.48,90.86,37069143.0,4924955929.0,630195295.0,0.05882167527131411,-0.06155752943606685,-0.10048510048510051,-0.03760194894608615,-0.01698582711240948,-0.012713245680756269,95.526,94.32900000000001,95.4265,97.455,83.2055,-0.01698582721876174,-0.01271324578803501,-0.13085900142233986,-0.4461214493745025,42348044.6,0.87534485594643,0.8593283640313851,40157379.4,0.9230966650179367,0.9160767390740873,39150953.0,0.946826070874954,0.929056560579217,0.9048770085331792,-205363052.22000024,16920096.102999993,0.3282322190058999,-0.25631762948943915,65.90863673916218,135.39974801762807,123.69346383104107,113.43934473086763,0.3785750168006736,-0.32895000670037666,-0.2654421892161569,-0.1990433282600198,3.5383318623928908,0.2826190521590965,1.0,3.7335546065383878,0.04109128996398278,2.9938694768553185,0.03295035743479876,3.5383318623928908,0.03894267952898376,6.572065142783781,0.8461245538369002,-0.04884534063513113,-0.03677554102802161,-0.04785358374792603,-0.06767225908699681,0.09199512038362911,-0.04785358364814807,0.04785358364814807,47.395851992989236,-0.05746887966208836,0.03345806735268998,0.004182258419086209,0.09861325114477065,0.042410714238380415,-0.01486845638684304,-0.0004189059928722034,0.08632060211772839,0.0009761564603960434,-0.07605106757649127,-0.3802430331707001,-0.38402318954467773,0.6053333282470703,0.5638570785522461,0.2677968144416809,0.39169377088546753,0.532809317111969,-0.7335226535797119,-1.4118188619613647,-0.897638201713562,0.5499868988990784,-0.26274973154067993,-0.03576953709125519,-0.30827248096466064,-0.32441872358322144,0.07352899760007858,1.2368865013122559,1.3086366653442383,-0.4711616635322571,-0.24490147829055786,-0.24667872488498688,-0.29929521679878235,-0.24818168580532074,1.4289544820785522,1.3894070386886597,0.9978744983673096,-1.3557236194610596,0.558839738368988,0.21728883683681488,0.9297589063644409,0.8382156491279602,-1.5555797815322876,0.28285907256658605,观望,2024-11,5.0
2024-11-18,89.44,90.95,84.8,86.08,33792464.0,4168142406.0,630195295.0,0.05362220928672595,-0.052608408540611995,-0.11092749431935545,-0.14780714780714788,-0.08938961176346139,-0.0817153829741839,93.836,93.563,94.699,97.24233333333333,83.5185,-0.08938961185979166,-0.08171538307214465,-0.14458908882593757,-0.483850655924276,41232749.2,0.8195539869555919,0.7536422320725448,41080096.8,0.8225994248387457,0.7622432887539976,38279603.8,0.8827798787196433,0.8102591536838616,0.8393688713344433,-113542679.03999998,726466.0689999968,0.5591602600300166,-0.1416466091887003,66.01163244348251,134.3851152790667,123.88386588715547,113.69318794519371,0.30401259313954276,-0.35945286930591513,-0.30515568445039176,-0.24287460352070323,3.8904172418640575,0.25704183774140404,1.0,5.694561440532874,0.06615429182006659,3.9791234378107396,0.04622587636324908,3.8904172418640575,0.04519536758146032,6.54191763258494,1.0228012010547658,-0.08265484472029339,-0.07997819660763572,-0.09101468874106222,-0.11478882663091294,0.030669851466361475,-0.09101468864507545,0.09101468864507545,42.4801928530918,-0.03756708407451173,0.0175418215593005,0.014869888474108996,0.07144516727794557,0.2081300809623901,-0.07325961271315726,-0.003777365194868496,0.058553171691349486,0.0033581070641247645,-0.06296468401486988,-0.30016547441482544,-0.3752899467945099,0.4195019006729126,0.27012935280799866,0.021190153434872627,0.6477700471878052,0.5104272961616516,-1.0513081550598145,-1.4829870462417603,-1.7769403457641602,0.4015324115753174,-0.47908738255500793,-0.9899893403053284,-0.6583948135375977,-0.6730443239212036,-1.4916201829910278,1.316948413848877,1.3723394870758057,-0.37551864981651306,-0.6495953798294067,-0.29282131791114807,-0.5404820442199707,-0.65672767162323,1.4663690328598022,1.3924819231033325,0.979107141494751,-1.2838951349258423,0.42153680324554443,-0.1577223390340805,0.5902056097984314,0.7615792751312256,-1.5018411874771118,-1.1101719270484236,卖出 📉,2024-11,1.0
2024-11-19,87.11,91.48,86.16,88.93,29520799.0,3661322280.0,630195295.0,0.04684388987702614,0.033108736059479726,-0.021241470394012696,-0.08149142739103477,-0.05804469865480344,-0.06340179041600835,92.74,92.961,94.1035,96.50833333333335,83.83633333333333,-0.058044698754576185,-0.06340179051464956,-0.11810789378043351,-0.4712647354874083,39620808.2,0.7450832110991615,0.6961634333185888,40356934.8,0.7314925959143953,0.6848481240332591,37912511.05,0.7786558627326795,0.7226832407216182,0.7531586502773403,53727854.180000216,-1140975.055999978,0.4042682673027352,-0.21446505879750832,66.10237010208326,133.63106361165174,124.21797008002694,114.04107713842646,0.3453375402828003,-0.33451102164058577,-0.2840810396216651,-0.2201932651683558,3.81167634761282,0.2623517597454892,1.0,6.071354873502594,0.06827116690453033,4.1954696466017865,0.04717721405746109,3.81167634761282,0.04286153544567868,6.4603520874003015,1.1006888447447645,-0.0410825966097601,-0.04336227030223816,-0.05497670128582055,-0.07852517063343156,0.06075726899704326,-0.05497670118539677,0.05497670118539677,46.07156872037183,0.020893123634382692,0.028674238161624364,0.010682559315115003,0.05982233216464392,0.520676690750609,-0.043248130461004126,-0.0029911198427359283,0.04457261534467355,-0.0012127350673998593,-0.07635218711346003,-0.3460095524787903,-0.4458404779434204,0.7294781804084778,0.5892167687416077,0.3081570267677307,0.4288933277130127,0.838431179523468,-0.6558478474617004,-1.5197808742523193,-1.5041710138320923,0.6928080916404724,-0.5156161189079285,-1.7747459411621094,-0.8848971128463745,-0.8739993572235107,-1.6671861410140991,1.309939980506897,1.4270257949829102,-0.3417279124259949,-1.0675134658813477,-0.38724613189697266,-0.6709327697753906,-1.0875447988510132,1.4905091524124146,1.443044662475586,0.961999237537384,-1.3196792602539062,0.663425087928772,0.07115231454372406,0.9296186566352844,1.1186802387237549,-1.5267219543457031,-1.204929533472024,卖出 📉,2024-11,1.0
2024-11-20,88.93,92.16,88.39,89.97,26454910.0,3361144602.0,630195295.0,0.04197890750675947,0.011694591251546038,0.04519052044609673,-0.009795289456306366,-0.10929610929610933,-0.008048511576626338,90.532,92.888,93.7885,95.98566666666667,84.15483333333333,-0.10929610938428902,-0.00804851168599241,-0.06544094743269535,-0.5004748399450477,32452931.2,0.8151778289906827,0.8006847270395844,38755126.6,0.6826170450440483,0.6551299987893153,37381780.3,0.7076952940093117,0.6746786425163906,0.6954079372520623,27513106.39999979,21275330.879999984,0.3683218409360317,-0.5753237114249388,66.18767969858771,133.26934209845538,124.49178590721864,114.47274080710973,0.35931642278011067,-0.32490099685843077,-0.2773017163794812,-0.21404869521205616,3.8828655655332227,0.25754175120076694,1.0,3.9480716812139334,0.04388209048321788,4.245237331410501,0.047185032021103156,3.8828655655332227,0.04315733650218573,6.268184081157423,1.0933258565943311,-0.006207749855718592,-0.03141417631648713,-0.0407139469081268,-0.06267255190226262,0.06910080414445208,-0.04071394680584506,0.04071394680584506,47.36310573734634,0.011694591250231036,0.024341447146344154,0.006002000666221922,0.04190285650306733,0.4190981421244081,-0.08909576509313077,-0.0003797692816257748,0.03415827959267854,-0.0012781733244898006,-0.02022896521062567,-0.44580933451652527,-0.530495285987854,0.9854793548583984,0.8615656495094299,0.582568883895874,0.4406004548072815,1.0120600461959839,-0.04944416508078575,-1.6507328748703003,-0.04494113102555275,0.8779270052909851,-0.5702521800994873,-1.1150017976760864,-0.8283764123916626,-0.8223967552185059,-0.5924627780914307,1.3605388402938843,1.546350121498108,-0.40945321321487427,-0.8468846082687378,-0.4429084062576294,-0.5677424073219299,-0.8402082920074463,1.6460180282592773,1.634547233581543,1.031435251235962,-1.4761635065078735,0.895564079284668,0.013771884143352509,1.173724889755249,1.194356918334961,-1.6750156879425049,-0.08955195233328588,观望,2024-11,4.0
2024-11-21,88.14,90.83,86.66,87.97,29990455.0,3725171046.0,630195295.0,0.04758914456827228,-0.022229632099588725,-0.010795007309119642,0.021956319702602256,-0.09140673414583755,-0.06255328218243827,88.762,92.301,93.224,95.51966666666665,84.43666666666668,-0.09140673423968104,-0.06255328228233659,-0.11374168858414857,-0.49762900519514536,31365554.2,0.9561589382023414,0.938768349274136,38134424.8,0.786440470973093,0.739914522977064,37004682.15,0.8104502797357495,0.759033197980659,0.7966866925650404,-5098377.350000051,2847744.0099999662,0.4305325153663211,-0.15346579788378134,66.27960297330537,132.62602989281453,124.7000295231764,114.80201196667328,0.32725598907752373,-0.33670637603270315,-0.29454707960874904,-0.23372423102186168,3.8661872963592865,0.2586527554821654,1.0,1.8513157483269167,0.021044853337688626,4.497321301496055,0.05112335229038106,3.8661872963592865,0.04394892913402066,6.118313789646178,1.1632445469205928,-0.008922737319019047,-0.0469225686561443,-0.05635887764348679,-0.07903782476777488,0.04184595937288149,-0.056358877542263874,0.056358877542263874,45.124965508232115,-0.0019287497161415274,0.03057860633959545,0.014891440262033512,0.047402523582198215,0.31414868030180215,-0.08739936586542774,-0.0031979334870395454,0.045324346616466095,0.00017630071271820883,0.0510401273161305,-0.5474876761436462,-0.6073529124259949,0.9529667496681213,0.8742387890815735,0.5899515151977539,1.079176664352417,0.9582383036613464,-0.22199946641921997,-1.5870308876037598,-0.17779065668582916,0.8880610466003418,-0.4965203106403351,-0.5141775012016296,-0.5981583595275879,-0.5969448089599609,0.04990213364362717,1.2859059572219849,1.4797508716583252,-0.4471593201160431,-1.2100871801376343,-0.6397742629051208,-0.36910322308540344,-1.2040395736694336,1.6155985593795776,1.6233196258544922,1.0058605670928955,-1.518162727355957,0.8897809982299805,0.19966813921928406,0.9266200661659241,0.882966935634613,-1.669228196144104,0.218316585341649,观望,2024-11,5.0
2024-11-22,87.36,89.28,83.95,83.95,29321533.0,3550327835.0,630195295.0,0.04652769265755943,-0.04569739683983176,-0.06691119261976208,-0.0559991004160576,-0.07605106757649127,-0.09174510440333228,87.38000000000001,91.453,92.3475,94.90366666666667,84.64533333333334,-0.07605106767818048,-0.09174510450159634,-0.17274339779535441,-0.49871184786732214,29816032.2,0.9834149897383057,0.9613091731370113,36082038.4,0.8126351586611026,0.7534339437915876,36277427.1,0.8082583397983037,0.7443260155560671,0.7818634996045527,-99986427.5299999,7653184.165999971,0.5353493655119933,-0.2090042923301464,66.36435539956562,131.48275053800603,124.8372850162213,115.09999163536,0.2649862941417116,-0.3615132049147872,-0.32752462544269867,-0.27063417809832724,3.8830344550301077,0.25753054962705474,1.0,2.393407612589866,0.02850991795479174,5.2128538782088185,0.062094745414983575,3.8830344550301077,0.04625413287156124,6.062005661814308,1.3424691243806408,-0.0392538339392019,-0.08204214196559512,-0.09093370160633096,-0.11541879318515058,-0.008214668380038925,-0.09093370150789137,0.09093370150789137,40.93751805282545,-0.03903388277941458,0.0228707563998963,0.0,0.06349017271429537,0.0,-0.07478975984032235,-0.005696888907097688,0.06243718754831203,0.002968568460999422,0.09517569982132223,-0.566804051399231,-0.5608851313591003,0.6518092751502991,0.6695088744163513,0.4087478816509247,0.689583420753479,0.7331412434577942,-0.3809347450733185,-1.594075322151184,-0.6211116909980774,0.7396009564399719,-0.6540341377258301,-0.32923024892807007,-0.7862992882728577,-0.7808058261871338,-0.47615867853164673,1.283278226852417,1.474843978881836,-0.468313992023468,-1.0725198984146118,-0.6730031371116638,-0.42963436245918274,-1.0569524765014648,1.6152898073196411,1.6065398454666138,0.9215309023857117,-1.4587301015853882,0.7985386252403259,0.1823962777853012,0.5733174681663513,0.6088705658912659,-1.580267071723938,-0.5428029616104231,观望,2024-11,3.0
2024-11-25,83.95,84.42,79.2,80.66,30294286.0,3448490456.0,630195295.0,0.048071266542857954,-0.03918999404407397,-0.08309651017392294,-0.10347893742358572,-0.06296468401486988,-0.146725907119433,86.296,90.066,91.5405,94.07,84.79866666666666,-0.06296468412372613,-0.14672590720969791,-0.16673553727616364,-0.5534892042951128,29116396.6,1.0404545045934697,0.9715997417861716,35174572.9,0.8612552620361738,0.7595830903474047,35718131.1,0.8481486871523352,0.740325896333315,0.816556279959319,-99668200.94000019,-15344755.399000054,0.5426910474376152,-0.10351947108680803,66.44007974832427,130.41194143973564,124.81765273924901,115.26762267992551,0.2140262369572845,-0.38149835736266835,-0.3537773044931136,-0.30023715138138807,4.531928223290417,0.22065662749340312,1.0,3.889303279509459,0.048218488458061926,6.076803253173398,0.07533849804636764,4.531928223290417,0.05618557181661991,6.001862400256144,1.3408869117861826,-0.06531009559361856,-0.10443452589163116,-0.11885995825685236,-0.142553417758844,-0.04880579894548576,-0.11885995816059558,0.11885995816059558,37.84247596229823,-0.03918999403940567,0.00582692784455405,0.01810066947457212,0.06471609223100469,0.2796934860542259,-0.06551188911357579,-0.011054109473669345,0.06733414968143528,0.0024675855955018883,0.1658814778080835,-0.6495961546897888,-0.5678000450134277,0.617337703704834,0.7053295969963074,0.45316630601882935,0.7816727161407471,0.744605302810669,-0.6731646060943604,-1.5290398597717285,-1.3037124872207642,0.8147321343421936,-0.7925688624382019,-1.1448310613632202,-1.0027064085006714,-0.9881681203842163,-1.1832354068756104,1.2236019372940063,1.384077548980713,-0.6007322669029236,-1.1353061199188232,-0.8391115069389343,-0.6211280226707458,-1.139818549156189,1.5467106103897095,1.5599075555801392,0.9106214046478271,-1.436776041984558,0.8252648115158081,0.2426127940416336,0.4628503620624542,0.6195060610771179,-1.5318273305892944,-1.414730316938334,卖出 📉,2024-11,1.0
2024-11-26,80.39,83.7,79.68,82.14,24916292.0,2876187998.0,630195295.0,0.039537413556856214,0.01834862385321112,-0.021560452650387196,-0.06627259292940768,-0.07635218711346003,-0.12996504607562753,84.938,88.839,91.00550000000001,93.44333333333333,84.994,-0.0763521872173224,-0.12996504616778248,-0.11525204662696553,-0.6388649174479138,28195495.2,0.8836976198949679,0.8478666959695478,33908151.7,0.7348171678729393,0.6648954282961619,34960158.0,0.7127053601988869,0.6338154873304509,0.6775957423663347,43603511.0,-10195213.715000026,0.423193359077065,-0.15597501273593573,66.50427813561241,129.80189592821634,124.85925080326447,115.42958241040411,0.23510851185398862,-0.36718952051805587,-0.342139253026397,-0.2883973216852216,4.979882132403858,0.20080796520965177,1.0,3.9249292987266555,0.04778341001033384,6.335470604286524,0.07713015100456809,4.979882132403858,0.06062676079617227,5.860300800237847,1.2722129606923398,-0.03294167521804825,-0.07540607176179304,-0.09741718917016917,-0.12096457755634793,-0.0335788409730593,-0.09741718907099028,0.09741718907099028,40.03865097811197,0.021768876723253033,0.01899196493559877,0.008643778912996785,0.04894083271865824,0.6119402969852222,-0.06747224602593987,-0.010024223636236727,0.043248897389156056,-0.0016621013510846273,0.15802288775261752,-0.7169503569602966,-0.6136302351951599,0.556818425655365,0.683087170124054,0.41099247336387634,0.5973440408706665,0.7272115349769592,-0.7076782584190369,-1.5287595987319946,-1.2949373722076416,0.8176822066307068,-0.9802570939064026,-1.4573858976364136,-1.2620339393615723,-1.2351387739181519,-1.363206386566162,1.1632636785507202,1.3594108819961548,-0.7502532005310059,-1.173431634902954,-0.8862577080726624,-0.736731767654419,-1.1719766855239868,1.5428234338760376,1.5882019996643066,0.9108154773712158,-1.4463509321212769,0.8451542258262634,0.2210557758808136,0.4206555485725403,0.6147716045379639,-1.5087854862213135,-1.7043577532370582,卖出 📉,2024-11,0.0
2024-12-11,82.52,89.96,81.1,88.15,44009804.0,5335414328.0,630195295.0,0.06983518339342727,0.06038734512209798,0.06822588463402823,0.024880827810719763,0.05606804840062307,0.06577197436827475,85.19,84.099,85.554,88.37766666666667,88.3755,0.0560680482741025,0.0657719742394185,-0.12731412740052328,-0.48567759023830454,30590363.0,1.438681979680986,1.4551681273518409,28417076.0,1.5487097968840982,1.5864726118223966,29296833.7,1.5022034275328526,1.501089531501162,1.3503210719440706,247775196.52000043,20718786.34199993,0.728882951450232,1.6485109957928148,67.32904406306558,121.32236528004049,127.57550628376957,117.33384684726876,0.30924181720791855,-0.2734233313327751,-0.3090366437274752,-0.2487248788941252,4.081487602901099,0.2450087063449901,1.0,2.3296458958397155,0.026428200743907358,2.5162955576270494,0.02854561040659777,4.081487602901099,0.04630161772476554,4.979515171757448,0.6165143193558489,0.03474586206893471,0.04816941925014939,0.030343408720767906,-0.0025760657101254747,-0.0025516122678171937,0.030343408841199793,0.030343408841199793,52.06346948284318,0.06822588462576044,0.020533182073677325,0.01610890527327184,0.10051049346562557,0.7957110600499888,0.08066409086985774,0.001877501152311225,0.14460263571783902,0.0038252921927404843,0.0373227453204763,-0.7062265276908875,-0.46955734491348267,-0.4775756001472473,-0.051175378262996674,0.018634140491485596,-0.7292084693908691,-0.27169933915138245,-0.37021923065185547,-0.737311065196991,-0.02413487434387207,0.1812416911125183,-0.7011905908584595,-0.6738948225975037,-0.41723376512527466,-0.4238663613796234,-0.5522722005844116,0.5638189315795898,0.5831241607666016,-0.9675408601760864,-0.2635183334350586,-0.74966961145401,-1.2107163667678833,-0.2698941230773926,0.7735381722450256,1.0052849054336548,0.6152214407920837,-1.0798226594924927,0.36823195219039917,0.25158318877220154,-0.8160329461097717,-0.6500429511070251,-1.1604654788970947,-1.524870361448009,卖出 📉,2024-12,0.0
2024-12-12,88.22,93.91,88.22,92.46,41114317.0,5317612040.0,630195295.0,0.06524059656776714,0.04889393079977289,0.11223385059545299,0.12045564711585066,0.07336893429301128,0.16170373162457574,86.454,85.386,85.33599999999998,88.37266666666667,88.81850000000001,0.07336893416840384,0.16170373147861494,-0.04503201827669567,-0.09817498736866413,32318320.0,1.2721675198463283,1.3508666719954547,29678851.1,1.3853068928264538,1.4878665263559665,29581182.55,1.389880777433625,1.4867949044909452,1.2510408016901216,174324704.0799998,46500750.587999895,0.841196648267229,0.2660480218775747,67.46069179921508,120.90661250457683,128.06436920535174,117.48999535961909,0.3705759240535358,-0.23527755773903603,-0.2780193228317862,-0.21303937652738913,3.5268286037180463,0.28354085483779207,1.0,4.051879810656138,0.04382305656735787,3.162229171539245,0.03420105095389612,3.5268286037180463,0.03814437165624706,5.035264088060487,0.8966211624912406,0.06947046972153181,0.0828473050520171,0.08348176606783997,0.046251103163921226,0.04099934123622884,0.08348176619480663,0.08348176619480663,57.49358583193695,0.048061664016315786,0.015682457277127172,0.0,0.06154012545300235,0.7451669582685988,0.09333757517330837,0.005530437559735245,0.0782893487685779,0.003526233063237017,-0.017088470690028057,-0.46717917919158936,-0.39384591579437256,-1.9233314990997314,-1.624322533607483,-1.533593773841858,-2.9632551670074463,-1.7223044633865356,2.1441454887390137,-0.7717618346214294,1.5922391414642334,-1.3125556707382202,0.15777739882469177,0.4095489978790283,0.18759895861148834,0.17549307644367218,0.9090328812599182,0.668358564376831,0.6472280621528625,-0.7764358520507812,0.5499567985534668,-0.24006065726280212,-0.770081639289856,0.5428947806358337,0.7769673466682434,1.035340428352356,0.7897174954414368,-1.0948301553726196,-0.6451641321182251,0.43610715866088867,-1.764928936958313,-1.7121983766555786,-1.2465121746063232,-0.9062380860698699,观望,2024-12,1.0
2024-12-13,93.86,95.58,90.71,91.94,61489196.0,8025558244.0,630195295.0,0.09757165197496437,-0.005624053644819327,0.04299489506522969,0.10597858775412017,0.06894547145680718,0.12423575446319379,87.64,86.402,85.39,88.36966666666667,89.24083333333333,0.06894547133252571,0.12423575432572331,0.011886418554712064,0.2009208387488848,40504581.4,1.5180800263744978,1.5920193538270666,32850632.7,1.8717811788142509,1.9897337369153134,30802185.2,1.9962608367149217,2.1507070059273468,1.812739937771785,-118059256.32000011,28442835.155999888,0.41180536985092353,1.9910267537683466,67.66028290853171,121.14694680006015,128.4681538879386,117.73398213788698,0.3588474071899972,-0.24108694087241866,-0.28433625597050083,-0.2190869761601858,3.622820942159735,0.27602799398735195,1.0,4.704705091714338,0.05117147151623476,3.4900869139130677,0.03796048415851058,3.622820942159735,0.03940418688020115,5.023459510341881,0.963361689688932,0.04906435405647369,0.06409573840141491,0.07670687421516487,0.04040224952298077,0.03024587014200386,0.07670687434125778,0.07670687434125778,56.65966031953252,-0.02045599829315408,0.018707852945539706,0.013378290187798795,0.05296932781673169,0.2525667345943194,0.10466474312755203,0.004716049384002233,0.08041167856906346,-0.0014103484438988494,-0.004568196649989087,-0.4875110983848572,-0.4840928912162781,-1.4238120317459106,-1.4065552949905396,-1.4252814054489136,-0.6118280291557312,-1.6246602535247803,1.7295290231704712,-0.7953258156776428,1.4805048704147339,-1.5505696535110474,0.7350303530693054,1.5290623903274536,0.8922994136810303,0.891156792640686,1.8788789510726929,0.8022654056549072,0.7124698162078857,-0.5517911911010742,0.8844686150550842,-0.1973302960395813,-0.2158287763595581,0.9016240835189819,0.7963958382606506,0.9960261583328247,0.7765889763832092,-1.112538456916809,-0.5094887614250183,0.8808220028877258,-1.051783561706543,-1.2544159889221191,-1.2920527458190918,1.243784362574896,买入 📈,2024-12,8.0
2024-12-16,94.69,95.9,88.76,94.04,46523903.0,6094741030.0,630195295.0,0.07382458004546036,0.022840983249945657,0.01708847069002828,0.06681792399319342,0.13960252060106648,0.09501630181648824,89.944,87.21799999999999,85.788,88.37966666666668,89.67916666666666,0.1396025204629665,0.0950163016889829,0.09247211883219442,0.37089111076125497,44679944.8,1.0412703777557037,1.0765713563355663,34000631.9,1.3683246575190855,1.442545896846147,31438757.15,1.4798264059239372,1.5921806198016373,1.3425828808796085,-30240536.949999604,15471990.73699997,0.44522188195050855,0.8140034700238463,67.81161258436975,121.75801367357806,128.86320665443728,117.92961159568051,0.38678312483717225,-0.2276483726803188,-0.27023389808869214,-0.20257517405879022,4.107439463628431,0.24346067822068715,1.0,4.3800833325409245,0.04657681127259843,4.2299771472984755,0.04498061619362685,4.107439463628431,0.04367757829850761,5.17464097388889,1.0298331051392944,0.04553944665063381,0.07821779895454894,0.09619060928146261,0.06404565140578566,0.04862705001548573,0.09619060940924151,0.09619060940924151,59.23144061296287,-0.006864505226859716,0.012866865162391954,0.05614632070861908,0.07592513823097351,0.7394957972836195,0.14536396936192092,0.004273891798409999,0.07905859736691981,-0.000958302231400824,-0.05699702254359851,-0.28188830614089966,-0.5049958229064941,-2.3181614875793457,-2.5696218013763428,-2.5145063400268555,-3.169416666030884,-2.4038496017456055,-0.35463905334472656,-0.8191511034965515,-0.4284101128578186,-2.5358169078826904,0.687782347202301,1.0816823244094849,0.5835803747177124,0.5590687990188599,0.6273114681243896,0.9603167176246643,0.78681880235672,-0.12601405382156372,1.1775481700897217,0.23473921418190002,0.046819787472486496,1.1666814088821411,0.7602107524871826,0.8493056893348694,0.7746797800064087,-1.0138219594955444,-1.2220549583435059,-0.2347981333732605,-1.4884155988693237,-1.616512417793274,-1.1640455722808838,-1.7908535191337316,卖出 📉,2024-12,0.0
2024-12-17,92.56,100.42,92.56,95.12,39211934.0,5332388051.0,630195295.0,0.06222187679138417,0.011484474691620505,0.03458777463563201,0.028769197490806864,0.1442319258991942,0.12808349146110065,92.34200000000001,88.29799999999999,86.0975,88.38533333333334,90.07483333333333,0.14423192576155053,0.12808349132731478,0.06960530742498539,0.5708498274760696,46469830.8,0.8438148649338314,0.8856106361364644,35790797.5,1.0955870430101478,1.1835304324246556,31923313.9,1.2283165251211587,1.3632682133766547,1.1289038403759908,100382551.0400001,27875686.69900001,0.3821617951634213,0.2957266854058078,67.94861873901075,122.527188867444,129.4945198909582,118.16673042507287,0.39988128920403754,-0.22368250770116382,-0.2654515412691094,-0.19503569526015052,4.564441367791221,0.21908485994926066,1.0,2.6621833145001057,0.027987629459842615,4.754104191818632,0.04998006929477325,4.564441367791221,0.04798613716685618,5.366452332896826,1.041552251048778,0.03008381873577748,0.07726109299448924,0.10479398343682544,0.07619665392340402,0.05601083531774398,0.10479398356514436,0.10479398356514436,60.528657505038254,0.027657735519916002,0.055719091667817564,0.0,0.08263246424698985,0.32569974513269784,0.12170504307177493,0.006401621772055681,0.06972650165772339,0.003989128456241124,-0.08757359125315389,-0.1406993567943573,-0.301027774810791,-1.1452828645706177,-1.3655716180801392,-1.352133870124817,-1.7098983526229858,-1.2424644231796265,-0.1917109340429306,-0.9845792055130005,-0.0092639634385705,-1.4253431558609009,0.6261336207389832,0.806789219379425,0.5191736221313477,0.5028756856918335,-0.08669499307870865,1.1744041442871094,0.9712477922439575,-0.05170123279094696,1.0583356618881226,0.5743685960769653,0.31926119327545166,1.084211826324463,0.9292526841163635,1.0285245180130005,0.9094561338424683,-1.0724247694015503,-0.682223379611969,0.12060509622097015,-0.1736534982919693,-0.2792184054851532,-1.311558723449707,0.3821529368395962,观望,2024-12,5.0
2024-12-18,94.62,95.19,89.63,91.44,27671217.0,3550116581.0,630195295.0,0.04390895523902634,-0.038687973086627525,-0.02764780944279044,-0.005438329345225146,0.0373227453204763,0.09548340721217197,93.0,89.095,86.171,88.41000000000001,90.41816666666666,0.037322745202799545,0.0954834070809294,0.016338779480233656,0.7366240864067903,43202113.4,0.6405060961670453,0.6267769138294421,36896238.2,0.7499739363673121,0.7609612279415635,31984129.25,0.8651546141435128,0.905428906472461,0.8081280705380491,-87994470.0600002,19209174.17299999,0.38371779682160323,-0.3712488017442659,68.03407737003025,122.5896281184519,129.72063770393646,118.27781651645608,0.3440323369517806,-0.2540967665580457,-0.29510059757264673,-0.22690490327678747,4.641270130153644,0.215458262458926,1.0,1.5349918566568241,0.01678687507096408,4.516931726539945,0.049397766032873665,4.641270130153644,0.05075754734958518,5.3802771662613385,0.9732102614458932,-0.01677419365411026,0.026320219874704565,0.061145861013433,0.03427214104351628,0.011301194891369493,0.06114586113657716,0.06114586113657716,54.2002130815904,-0.03360811667368343,0.006233595799843146,0.019794400697747797,0.060804899380926876,0.3255395677598212,0.023905445903455138,0.004716667003005383,0.03894590873030747,-0.0012543471753578457,-0.10728346456692917,-0.06412434577941895,-0.158908873796463,-0.46888935565948486,-0.5924903750419617,-0.6502037644386292,-0.5450825691223145,-0.6142990589141846,0.7128941416740417,-1.1034175157546997,0.3361271917819977,-0.7806922793388367,0.636496901512146,0.2322043478488922,0.5324591994285583,0.5122920870780945,0.1580769419670105,1.29645836353302,1.0810941457748413,-0.186184823513031,0.9806224703788757,0.6123872995376587,0.3702007830142975,1.016265869140625,1.057292103767395,1.1931440830230713,0.9461356997489929,-1.166904330253601,-0.3046521842479706,0.09819908440113068,0.30792972445487976,0.2400156557559967,-1.4684699773788452,1.7917733151061823,买入 📈,2024-12,9.0
2024-12-19,90.31,92.68,89.35,90.88,23008494.0,2940650948.0,630195295.0,0.036510101206007894,-0.006124234470691214,-0.0445752733389404,-0.03360272224585292,-0.017088470690028057,0.05502670071975846,92.684,89.569,86.31649999999999,88.31133333333334,90.77250000000001,-0.017088470796334687,0.05502670059728043,0.033079458789009974,0.8397953248137944,39580948.8,0.581302234978258,0.5667423565112814,35949634.4,0.6400202501085795,0.6445166478499157,31635031.2,0.7273106150753533,0.7575684868189707,0.6806945521440395,13114841.579999844,15714427.594999958,0.4438573790186608,-0.4403775696918424,68.10437644259835,122.70247122594904,130.0582247971663,118.43717113704294,0.33442231978436854,-0.25934662038998324,-0.30123604145963956,-0.23267333112133104,4.7450875151381116,0.21074426861512818,1.0,1.8116511805540207,0.019934542037353384,4.420048893646222,0.04863610137719918,4.7450875151381116,0.052212670715404766,5.233828797242673,0.9314999713345796,-0.01946398525964954,0.014636760373049063,0.0528693817459156,0.02908648934877145,0.001184279269472066,0.05286938186789314,0.05286938186789314,53.28718610819902,0.006311593399810401,0.01980633802598975,0.010563380280527886,0.03664172534808094,0.45945945807969996,-0.009933566204473764,0.002676284188702118,0.021299916838298936,-0.00010785547949099879,-0.15250880281690138,-0.006189756095409393,-0.13824598491191864,0.6554853320121765,0.4745235741138458,0.3357050120830536,0.5846969485282898,0.5607513785362244,-0.6338315010070801,-1.1073287725448608,-0.713611364364624,0.37083715200424194,0.21045976877212524,-0.4946712851524353,0.26155686378479004,0.2512776851654053,-0.5971242785453796,1.238330602645874,1.1045035123825073,-0.23847824335098267,0.03420114889740944,0.351627916097641,-0.1036314070224762,0.06085158884525299,1.083825945854187,1.2186670303344727,0.8702262043952942,-1.2275694608688354,0.38264966011047363,0.28935593366622925,1.1289284229278564,1.1240510940551758,-1.5722538232803345,1.4075440235293744,买入 📈,2024-12,8.0
2024-12-20,90.43,94.48,90.09,91.52,24937363.0,3240182980.0,630195295.0,0.03957084922381085,0.007042253521126751,0.0008748906386701893,-0.03784693019343999,-0.004568196649989087,0.06406231833507725,92.6,90.12,86.695,88.281,91.16233333333334,-0.0045681967582588134,0.06406231821136354,0.0901727217283892,0.8672258260190449,32270582.2,0.7727583854994717,0.7657081934627509,36387581.8,0.685326195542898,0.6988624558835432,31415822.7,0.7937835414381809,0.8380818319415048,0.7563371024707501,27181725.66999973,17856979.26999993,0.42799843846695734,-0.5944431766517162,68.18308853205622,123.06503317514584,130.32022082006353,118.59435643071967,0.3422683244536795,-0.2563281572455357,-0.29772985785249695,-0.2282938012023864,4.847202665890328,0.20630455684758867,1.0,1.863759641156225,0.020364506566352494,4.2679086733956115,0.04663361749267128,4.847202665890328,0.05296331583654606,5.173555311725338,0.8804890075308616,-0.011663067061375432,0.015534842319625541,0.055654881936022305,0.03668966130461926,0.003923403927361457,0.0556548820577889,0.0556548820577889,54.2360046803074,0.012053522059929824,0.03234265733912349,0.0037150349646290766,0.047967657337416134,0.3257403181645989,-0.003530112267889662,0.002987457643162517,0.03706740944025358,-5.5062860399772515e-05,-0.14270104895104896,-0.015157550573348999,-0.17453578114509583,1.0243744850158691,0.8393716216087341,0.6877189874649048,0.7908337116241455,0.9914904236793518,-0.1206434965133667,-1.17815363407135,-0.22797329723834991,0.778598964214325,0.026284612715244293,-0.7538841962814331,-0.05315302312374115,-0.055302053689956665,-0.7911573052406311,1.2259443998336792,1.2085763216018677,-0.21249929070472717,-0.3372793197631836,0.036743924021720886,-0.237946018576622,-0.3151533603668213,1.1491655111312866,1.236135482788086,0.8495668172836304,-1.2704652547836304,0.6624977588653564,0.22892077267169952,1.2016992568969727,1.2539664506912231,-1.6297028064727783,1.4924748847044627,买入 📈,2024-12,9.0
2024-12-23,87.61,91.28,87.61,88.68,40187768.0,5032598099.0,630195295.0,0.06377033963733417,-0.03103146853146843,-0.024207746478873138,-0.030183727034120644,-0.05699702254359851,0.0746485700436259,91.52799999999999,90.73599999999999,87.096,88.086,91.511,-0.056997022643875184,0.07464856991339719,0.09942970479798818,0.8189598710800114,31003355.2,1.2962393179948468,1.2521432029758468,37841650.0,1.06199830081405,1.0397458775144117,31910496.8,1.2593902329969362,1.2755626627723013,1.217865690985262,43000911.760000296,31107903.459999986,0.26698621574360837,-0.13619095973095818,68.29988137603354,123.63939896260092,130.43129385285008,118.73748370599309,0.2983917133290639,-0.2827529028443079,-0.32010181467610854,-0.25314233355676186,4.649363736889006,0.21508319297863554,1.0,2.3152364890012387,0.026107763743123152,3.4067651649167123,0.03841638660952355,4.649363736889006,0.05242854912454579,5.083301360887814,0.7327379293986743,-0.031116161280578813,-0.022659143116000147,0.01818682821045914,0.006743409735174399,-0.03093617171368057,0.01818682832736296,0.01818682832736296,49.43729075887934,0.012213217667821885,0.0293188994103158,0.0,0.041384754167638184,0.29155313272056554,-0.07388178162965103,0.0028677283216411147,0.053644545517643714,-0.0006961170439674204,-0.08795669824086616,-0.04264940321445465,-0.19756478071212769,0.8814592361450195,0.6902217268943787,0.5471628904342651,1.0322012901306152,0.8435625433921814,0.04409893602132797,-1.2374333143234253,0.068267822265625,0.6234132647514343,0.09146169573068619,-0.5269575119018555,-0.09122054278850555,-0.09451529383659363,-0.264133483171463,1.2287317514419556,1.2698382139205933,-0.23755696415901184,-0.42946451902389526,-0.2458992302417755,-0.10968764126300812,-0.4034448266029358,1.2211501598358154,1.282150149345398,0.9568037390708923,-1.3416863679885864,0.595211386680603,0.209812194108963,0.6796251535415649,0.7300623059272766,-1.7219103574752808,1.4472042668117913,买入 📈,2024-12,8.0
2024-12-24,89.28,89.47,84.03,86.79,31445590.0,3796133473.0,630195295.0,0.04989816688491779,-0.021312584573748294,-0.05168269230769218,-0.045004401408450634,-0.08757359125315389,0.04402742692168915,89.862,91.102,87.32849999999999,87.83200000000001,91.709,-0.0875735913490775,0.04402742679609939,0.05661066459013764,0.7371201194770233,29450086.4,1.0677588368637176,1.0226827853064884,37959958.6,0.8283884166301486,0.7800477963087119,32236961.7,0.9754514179293761,0.951080111981688,0.9588816855520865,-78299519.09999985,29118614.82200002,0.31268451726624036,-0.198060723044163,68.38372702055068,123.81414712230774,130.72831775944528,118.82244509160913,0.2691615941599361,-0.2990300218741082,-0.3361040554372977,-0.2695824435098344,4.502430074854148,0.22210228280144279,1.0,2.0681924475258087,0.023829847301388526,2.5998837580854817,0.029956029010092422,4.502430074854148,0.05187729086686686,5.108779835110113,0.5774401176891795,-0.034185751593088565,-0.04733156252910664,-0.006166371916823454,-0.011863557813568626,-0.053637047721200926,-0.006166371803019488,0.006166371803019488,46.489349743652106,-0.027889784943112648,0.002189192303008478,0.03180089871738675,0.06268003225455925,0.5073529402438377,-0.09350747593644623,0.0013188868743436739,0.06692715833470848,0.0024424086294218017,-0.08434151399930878,-0.11953206360340118,-0.3720882534980774,-0.40428823232650757,-0.5915344953536987,-0.6361231803894043,0.045426927506923676,-0.21179631352424622,0.087823785841465,-1.1912906169891357,-0.31526267528533936,-0.4392026960849762,0.20573872327804565,-0.4027990996837616,-0.14806054532527924,-0.1817094385623932,-0.18575626611709595,1.1812256574630737,1.2912533283233643,-0.03763679414987564,-0.7048794031143188,-0.5450941324234009,-0.39865103363990784,-0.6590966582298279,1.190190315246582,1.2782329320907593,0.9411329627037048,-1.334792137145996,-0.010332461446523666,0.034124065190553665,-1.208656907081604,-1.0240637063980103,-1.6978371143341064,-0.38278279249493985,观望,2024-12,3.0
2025-01-09,82.51,83.22,80.39,81.63,20423318.0,2343428208.0,630195295.0,0.03240791888171745,-0.019459459459459483,-0.04380930069110944,-0.019459459459459483,0.011273538156590712,-0.05945385413066029,83.204,84.84400000000001,87.905,86.63633333333334,89.836,0.01127353803130915,-0.0594538542390306,-0.07396483277663479,-0.8563451462074826,22689296.0,0.9001300877735471,0.8839938702111688,25206085.0,0.8102534764918864,0.7739559596905433,30487950.95,0.669881620889973,0.6138802424526344,0.6854000777168424,-17972519.840000197,-9808538.53100001,0.15160663296838278,-0.017633121915059835,69.09955212371831,125.21021469466777,128.34988302349387,119.36233996322076,0.1813390606909684,-0.34805638502370284,-0.36400409507924536,-0.3161159539503605,4.605750981682242,0.21711985771830708,1.0,1.3821287928420924,0.016931627988151125,4.015564717446369,0.04919226653135425,4.605750981682242,0.05642228324290113,4.746409756905618,0.8718588401106097,-0.018917359860232907,-0.03788128812433633,-0.07138388043098987,-0.057785609687492356,-0.09134422735970604,-0.07138388032535126,0.07138388032535126,41.72219723729461,-0.010665373892780947,0.008697782676871444,0.015190493689184003,0.03466862672612168,0.43816254262133225,0.01014765089041043,-0.002924669844042679,0.031206274017972244,-0.00012023649819839772,0.03430111478623066,-0.4025932550430298,-0.100258007645607,0.8693044185638428,1.0812346935272217,1.0909327268600464,0.6660403609275818,0.8839127421379089,-0.18112590909004211,-1.0750359296798706,-0.4725154936313629,1.0726757049560547,-0.6859551668167114,0.16631649434566498,-0.8146065473556519,-0.8036323189735413,-0.04222162067890167,0.669633686542511,0.7995376586914062,-1.1123034954071045,-0.30466580390930176,-0.5306881666183472,-0.9811001420021057,-0.33577847480773926,1.0559839010238647,1.2736923694610596,0.9271314740180969,-1.4351063966751099,0.7822495102882385,-0.45280468463897705,0.8142059445381165,0.7987034916877747,-1.6563767194747925,0.4889849203175469,观望,2025-01,6.0
2025-01-10,80.9,80.93,77.02,77.02,28280870.0,3116533003.0,630195295.0,0.04487635852628827,-0.05647433541590097,-0.07483483483483488,-0.09780953496544464,-0.066650508967523,-0.1602703881378108,82.10400000000001,83.374,87.133,86.55066666666667,89.5265,-0.06665050908062886,-0.16027038822936435,-0.16699113139011557,-0.8750385946862443,22646992.0,1.2487693729922271,1.1947671353797444,24570954.0,1.1509878696610636,1.0739293740112004,29846278.6,0.9475509620150764,0.8406365464905403,0.9493260944842912,-109729775.60000028,-37855180.831000015,-0.4054050383886029,-0.007423736653892399,69.15777838906607,124.21478006976723,128.00958113082368,119.33416635289035,0.11368528304513847,-0.37994496341948625,-0.3983262868324924,-0.3545855109739532,5.0724302283083595,0.19714416029770712,1.0,3.1370814461858045,0.04073073806515837,3.9079611052312035,0.05073956251264358,5.0724302283083595,0.06585861110944916,4.73666620284093,0.7704317105669051,-0.061921465572697953,-0.07621080923594747,-0.11606394831854006,-0.110116617729486,-0.1396960677408704,-0.11606394821709343,0.11606394821709343,35.98638525480051,-0.04796044498789129,0.00038950921833427743,0.0,0.05076603478956571,0.0,-0.08323111429298652,-0.008132049382489489,0.06339506943346757,0.003196588074176449,0.10309010646585293,-0.43192023038864136,-0.13992810249328613,0.6594080328941345,0.8682330846786499,0.9234862327575684,0.4734235107898712,0.7088471055030823,-0.3125370144844055,-1.0566179752349854,-0.4381603002548218,0.9360211491584778,-0.7116471529006958,-0.33318376541137695,-0.8881856799125671,-0.8810310363769531,-0.6203310489654541,0.6887345314025879,0.7871959209442139,-1.104547381401062,-0.3035857677459717,-0.556368350982666,-0.9816986322402954,-0.3211275637149811,1.0331975221633911,1.257638692855835,0.9674734473228455,-1.455356240272522,0.690692126750946,-0.25340521335601807,0.5905044078826904,0.6216122508049011,-1.704038143157959,-0.03659946666634503,观望,2025-01,4.0
2025-01-13,76.97,80.13,76.97,78.46,23443626.0,2587054407.0,630195295.0,0.03720057287955474,0.018696442482472042,-0.03883376209726819,-0.05753753753753765,-0.05753753753753765,-0.14782230911263172,81.14599999999999,82.013,86.459,86.44,89.09183333333334,-0.05753753765074621,-0.14782230920518924,-0.14661735924008945,-0.892569570288848,22705020.4,1.0325304970877713,1.0026593864324824,24440521.3,0.9592113732860513,0.9111304535377782,27944000.1,0.8389502546559177,0.7530524914916119,0.7925621085379598,34931002.73999988,-33520650.155000012,-0.4176680059121004,0.01253124583755949,69.2060997931933,122.93958374091189,127.35861149222173,119.31885529501852,0.13371509497659706,-0.3618003444248685,-0.38394428864520214,-0.342434187740019,5.290953451038518,0.18900185143637954,1.0,3.4183958226049977,0.04356864417753393,2.7376634400727187,0.03489247310379549,5.290953451038518,0.06743504270155708,4.624047188352293,0.5174234587834317,-0.033100830720786956,-0.04332240022394962,-0.0925178409312486,-0.0923183712294865,-0.11933566685468722,-0.09251784082628767,0.09251784082628767,38.815903734777294,0.019358191500667962,0.021284731070445508,0.0,0.04027529951054351,0.4715189858496224,-0.059409262234840055,-0.005157885948083006,0.04158547502398036,-0.0011138226723200382,0.15740504715778747,-0.41243410110473633,-0.13787446916103363,-0.45410454273223877,-0.1054571345448494,0.07354744523763657,0.17809538543224335,-0.11883291602134705,-1.0524194240570068,-1.011339545249939,-1.4818415641784668,0.2884000539779663,-1.2293603420257568,-1.2734827995300293,-1.4740818738937378,-1.5008655786514282,-1.268467903137207,0.601148784160614,0.7291845083236694,-1.1492946147918701,-0.933358907699585,-0.5926830768585205,-1.0486204624176025,-0.9423983693122864,0.9929943084716797,1.1924405097961426,0.9630500674247742,-1.3316463232040405,0.06927920877933502,-1.2688320875167847,-0.8434780240058899,-0.5639444589614868,-1.533500075340271,-2.108152739773474,卖出 📉,2025-01,0.0
2025-01-14,78.1,80.98,75.55,80.88,28693032.0,3179050822.0,630195295.0,0.04553038118128127,0.03084374203415763,0.05011685276551536,-0.009187798603454644,-0.0525945882628559,-0.05602240896358557,80.248,81.53299999999999,85.801,86.27333333333334,88.76266666666668,-0.05259458837383224,-0.056022409073760326,-0.13994045096342622,-0.8772007089662239,23923074.8,1.1993872961514123,1.185663091324611,23901168.4,1.2004865837437466,1.160801753669481,27052456.55,1.0606442319560805,0.9663828157984118,0.9769997563717467,79766628.96000004,-4785271.610000053,0.19268845714465954,0.2694481558889268,69.26572227740257,121.60223689371382,126.70936485991761,119.38392807797355,0.16767713294150544,-0.3348806562605178,-0.361688853152913,-0.3225218729008932,5.113881932647289,0.1955461645800788,1.0,2.496912092966701,0.03087181123464371,2.4263829962402963,0.02999978976187313,5.113881932647289,0.06322801597446846,4.681615246327129,0.47446988871710977,0.007875585558783316,-0.008009027141401615,-0.05735364400678855,-0.06251448894260325,-0.08880610477128459,-0.05735364389692432,0.05735364389692432,43.34794067831946,0.035595390520410344,0.0012363996041993637,0.031528189907081054,0.06713649850801981,0.9815837919307834,-0.06308128100878355,-0.0016806604941664634,0.0805226634186072,-0.0018721249124267923,0.17161226508407523,-0.45627719163894653,-0.2048279047012329,0.1721503734588623,0.36567988991737366,0.5206745862960815,0.1511632651090622,0.3260999619960785,0.06250479817390442,-0.9240914583206177,0.2604108154773712,0.6000600457191467,-0.9792712330818176,-0.7993069291114807,-1.23396897315979,-1.2523807287216187,-0.7389898896217346,0.5037429928779602,0.6282935738563538,-1.1912239789962769,-0.6895358562469482,-0.5239415168762207,-0.8616378307342529,-0.7084056735038757,0.9292367696762085,1.0992311239242554,0.9572713375091553,-1.2947026491165161,0.431447833776474,-1.477013349533081,0.09968981146812439,0.21172195672988892,-1.5141077041625977,-0.675492612181613,观望,2025-01,2.0
2025-01-15,80.06,80.77,78.09,79.47,20087319.0,2235527905.0,630195295.0,0.03187475241305951,-0.017433234421364907,0.012872801427479041,0.03180991950142831,-0.045405405405405386,-0.0335643925574608,79.492,81.25699999999999,85.01849999999999,86.11166666666666,88.40650000000001,-0.04540540552007133,-0.03356439267498912,-0.16452901606764836,-0.8645657123734228,24185633.0,0.8305475816986055,0.8303354891355553,23474123.6,0.8557217872023128,0.8350618463853183,26096225.8,0.7697403890489019,0.7131334052425891,0.6849253422263077,-11851518.210000068,1677915.4069999412,0.2716216891154453,0.0699240481571628,69.30785753898911,120.12450561529093,126.26186154943633,119.41068659095018,0.14662323756428597,-0.3384364031889586,-0.3705937879833614,-0.3344816760644702,4.80063403159071,0.20830581780165144,1.0,1.848910489992253,0.023265515159929508,2.494313755546935,0.0313868598871658,4.80063403159071,0.06040812924357153,4.546499871589477,0.5195800667031127,-0.0002767575353146423,-0.021991951583002933,-0.06526226655783585,-0.0771285347617865,-0.10108419639946342,-0.06526226644789068,0.06526226644789068,41.42271399565846,-0.007369472894408053,0.008934189001014873,0.01736504341042337,0.033723417637633805,0.5149253712129648,-0.03771134965550423,-0.0010534808900876976,0.02800890296554886,0.0003346139052397714,0.2667673335850007,-0.5549219250679016,-0.24064677953720093,-0.4923872649669647,-0.1188473030924797,0.07361143827438354,-0.3502025902271271,-0.3251230716705322,0.35368335247039795,-0.9529111385345459,0.581511914730072,0.20158517360687256,-0.6168359518051147,-0.2506757974624634,-0.5921614766120911,-0.5788607597351074,0.5807247161865234,0.5056808590888977,0.6384506225585938,-1.3278645277023315,-0.540553092956543,-0.5133646726608276,-1.1629153490066528,-0.5566195845603943,0.9588368535041809,1.2069863080978394,0.9050077795982361,-1.3641283512115479,0.10065895318984985,-0.4714873433113098,-0.5873222947120667,-0.49144411087036133,-1.568808913230896,-0.5353726592831226,观望,2025-01,3.0
2025-01-16,80.39,85.4,79.54,84.43,42930032.0,4988247338.0,630195295.0,0.06812179072203324,0.06241348936705693,0.04389218595450073,0.07608972724955398,0.03430111478623066,0.045961347869177605,80.05199999999999,81.628,84.66799999999999,86.14366666666668,88.20916666666668,0.03430111465952468,0.04596134773959859,-0.07666229231445054,-0.7901012334118525,28686975.8,1.4964990488819663,1.5485282759388492,25688135.9,1.67120075069363,1.6989254756297885,26859166.55,1.5983382030891788,1.55556897865464,1.421295649831099,173437329.28000027,21308538.32499996,0.6007811150130292,1.102010652725478,69.40811158991691,119.3895110084866,125.84526849753253,119.4300725846529,0.21642842696595355,-0.29281894793925034,-0.3290967470767052,-0.2930591251198026,4.556830154025415,0.219450794522616,1.0,2.8248309683949913,0.03345766869667671,2.6749363439984997,0.03168229709441758,4.556830154025415,0.05397169434425794,4.645321309333086,0.5870169059878925,0.05468945172454309,0.034326456481314604,-0.002810979472431918,-0.019893124390662043,-0.04284324202403256,-0.002810979354655685,0.002810979354655685,49.8590390007001,0.05025500683539565,0.011488807294624077,0.010067511546835476,0.06940660901700738,0.8344709883370804,0.05133158565318533,0.0014561610739458005,0.10386692438007404,0.0017238027516761028,-0.0814876228828616,-0.59882652759552,-0.3081519901752472,0.5537545084953308,0.7535865306854248,0.8729605674743652,0.31863656640052795,0.5782668590545654,-0.31516891717910767,-0.9584836363792419,-0.4451770782470703,0.8513749241828918,-0.5318612456321716,0.30451124906539917,-0.5788648724555969,-0.5838388800621033,0.11407855898141861,0.5246398448944092,0.6545982956886292,-1.3304215669631958,-0.6450467705726624,-0.46726933121681213,-1.1166222095489502,-0.651848554611206,0.960655689239502,1.2300633192062378,0.9650609493255615,-1.4585562944412231,0.6799670457839966,-0.12910933792591095,0.7495489120483398,0.7334995865821838,-1.6653110980987549,0.11324509296323566,观望,2025-01,5.0
2025-01-17,83.58,86.11,83.24,84.96,27000476.0,3213532119.0,630195295.0,0.042844616921489394,0.006277389553476009,0.06908267270668178,0.05044510385756684,0.10309010646585293,0.029568589432864778,81.64,81.87199999999999,84.372,86.10433333333332,87.97083333333333,0.10309010632263194,0.029568589308098803,-0.06514084517328989,-0.6936862243782873,28430897.0,0.9496877991573741,0.9916220120152096,25538944.5,1.057227560833612,1.098799689794773,27058765.65,0.9978458126747548,0.9978838614494291,0.8993446987085547,37260656.879999876,20589791.17299994,0.5914485818157743,-0.04527420832527429,69.47473720411985,119.01307179730868,125.49653381220406,119.49563965180867,0.22289055589204687,-0.2861288367995788,-0.32300919061927147,-0.28901171417166394,4.3180972905355,0.2315834800378368,1.0,2.9242691394608786,0.034419363690168146,2.869548164200476,0.03377528441458008,4.3180972905355,0.05082506226491585,4.518512644380723,0.6645399500017322,0.04066633990192714,0.03771741241966531,0.00696913656106668,-0.01329007843043617,-0.034225358893471225,0.006969136680415211,0.006969136680415211,50.67648107232012,0.01651112706191534,0.013535781542662995,0.0040018832387003845,0.03378060263255884,0.5993031338003362,0.09790341632445525,0.0009986875136189486,0.0320810261683246,0.001702133844319338,0.03248587570621475,-0.614055335521698,-0.39543774724006653,-1.9799432754516602,-1.587676763534546,-1.2399840354919434,-1.9370664358139038,-1.824519395828247,0.9851347208023071,-0.8911551833152771,1.0425653457641602,-1.1321461200714111,-0.17006942629814148,0.5643924474716187,0.004417344927787781,0.016933396458625793,0.4628368318080902,0.6220304369926453,0.6658111810684204,-1.0472522974014282,0.26425084471702576,-0.17128093540668488,-0.9790578484535217,0.2825353741645813,0.9278283715248108,1.160401463508606,0.989980936050415,-1.4301660060882568,-0.7884504199028015,0.5509659647941589,-1.6615279912948608,-1.6435120105743408,-1.6733458042144775,-0.9799120425555633,观望,2025-01,1.0
2025-01-20,86.04,91.98,86.04,90.81,32981075.0,4167851294.0,630195295.0,0.05233468936006576,0.06885593220338992,0.07556555726637448,0.14269535673839195,0.15740504715778747,0.09081081081081077,84.11,82.628,84.3365,86.26433333333334,87.79299999999999,0.15740504701027236,0.0908108106797827,-0.007757867241285021,-0.41880526304337035,30338386.8,1.0871070771633773,1.171784244656995,26521703.6,1.2435503954580045,1.3582622826342594,27460951.25,1.2010172080255226,1.2758480175878257,1.0836029330197408,157319727.74999988,37525745.11599992,0.651018000701181,0.40682482308837375,69.56792126255453,118.95910687908162,125.08933146152458,119.64824414827915,0.30534301373295714,-0.23662843154744206,-0.27403880939333614,-0.24102521815982636,4.25874984745073,0.2348106917457218,1.0,4.406739157245763,0.0485270251818136,4.032952599109797,0.04441088645155477,4.25874984745073,0.046897366446225705,4.697190312639244,0.9469803895746781,0.07965759112119164,0.09902212311818981,0.07675798722062721,0.052694624539377566,0.03436492647086187,0.07675798734830108,0.07675798734830108,58.68321710018867,0.05543933053748957,0.012884043606113438,0.0,0.06541129830796041,0.8030303016783998,0.17111614074646592,0.004032988601673467,0.07110908531702861,0.008726430429471573,-0.03017288844840882,-0.5336015224456787,-0.3221733570098877,-0.14039815962314606,0.03931351751089096,0.22414898872375488,0.28798842430114746,-0.24773189425468445,0.009249404072761536,-0.9719617366790771,0.2610269784927368,0.06738129258155823,-0.30799350142478943,0.5432054400444031,-0.046399153769016266,-0.05533236265182495,0.7775842547416687,0.7500904202461243,0.7123839259147644,-1.035921573638916,0.5773314833641052,-0.18048855662345886,-0.8788297772407532,0.5472381114959717,0.9668999910354614,1.2525439262390137,0.9457559585571289,-1.525374412536621,0.24581746757030487,0.5047139525413513,0.20414358377456665,0.10565222054719925,-1.7700042724609375,0.7489314143903415,观望,2025-01,6.0
2025-01-21,96.75,96.75,93.2,94.76,36418464.0,4847355345.0,630195295.0,0.05778917152975571,0.043497412179275496,0.11534839924670437,0.12234987563662192,0.17161226508407523,0.10999180039826628,86.886,83.567,84.6405,86.67233333333334,87.75900000000001,0.17161226493921733,0.10999180026824518,0.06856111850828128,-0.10414527088812217,31883473.2,1.1422364110569982,1.2459457283389723,27903274.0,1.305168131883018,1.4752108552231922,27272486.05,1.335355490996758,1.4880745415096528,1.1825888804738534,-72472743.35999982,27068878.859999932,0.7247099060337285,0.26924418444171416,69.68261347644757,119.44155333246563,124.98202676102518,120.02553058026905,0.3598801088599881,-0.2066412621390188,-0.24181098310088944,-0.21050130299880077,4.7712797301312815,0.20958737581219353,1.0,5.961042694026183,0.0629067401160523,5.5500951943788,0.05857002104045061,4.7712797301312815,0.05035120018602543,4.785962433165013,1.163229887297719,0.09062449634111092,0.13394043089569596,0.11955860360943538,0.09331312940000314,0.07977529357903168,0.11955860374170757,0.11955860374170757,63.04532817579804,-0.02056847545007039,0.0,0.016462642463437906,0.03746306458025925,0.4394366184804612,0.1960217777629963,0.006442222055988161,0.042791676433351876,-0.003529802658333267,-0.0887505276487971,-0.5860585570335388,-0.43336525559425354,-0.8831530809402466,-0.7088320851325989,-0.5353217720985413,-0.3802041709423065,-1.0240495204925537,1.0035245418548584,-0.917870044708252,1.3535692691802979,-0.6868717074394226,0.023437771946191788,1.2780497074127197,0.3678886890411377,0.3773970603942871,0.8995826840400696,0.801932156085968,0.7282412052154541,-0.7145712375640869,1.112176775932312,-0.08450724184513092,-0.5363374948501587,1.1121461391448975,0.9122464656829834,1.1716805696487427,1.0153844356536865,-1.4816292524337769,-0.18154752254486084,0.7483983635902405,-0.44954389333724976,-0.594936728477478,-1.7220683097839355,0.9280717712793026,观望,2025-01,7.0
2025-01-22,98.3,102.5,97.47,100.67,45064349.0,6352570544.0,630195295.0,0.07150854561679963,0.06236808780075975,0.1085783504019382,0.18491054613935987,0.2667673335850007,0.20924924924924926,91.126,85.309,85.3345,87.257,87.8895,0.2667673334255989,0.20924924910399412,0.159926258651927,0.17757931701537186,36878879.2,1.2219554926170313,1.3476219856463112,30532256.1,1.4759586992983458,1.715466674685105,27953424.0,1.61212268665191,1.876521845011854,1.4402646888383646,106802507.1300002,37749129.572999954,0.7312637363367912,1.2434227783209897,69.84149184701722,121.10466147546003,125.21816687895604,120.43006430780147,0.4414067818097358,-0.1687355484627716,-0.19604317401232907,-0.16407916429653036,5.961406117246218,0.1677456591037415,1.0,6.841960976211617,0.06796424928510951,7.7409336933243855,0.07689414614637374,5.961406117246218,0.05921730522155603,4.996965116510369,1.298508024465059,0.10473410430560604,0.18006306472001055,0.17971043350816962,0.15371832619116876,0.1454155500776071,0.17971043364641504,0.17971043364641504,68.4179429744425,0.02410986774932763,0.018178206017862485,0.00824476010646221,0.04996523293434339,0.6361829013197163,0.3259778085249915,0.01609004234162149,0.061055290824010296,0.0064317251287319775,-0.1576437866295819,-0.399890661239624,-0.4450095295906067,-0.9559008479118347,-0.9856160879135132,-0.841820240020752,-0.13423514366149902,-1.1919634342193604,-0.42842113971710205,-0.9292630553245544,0.6502025127410889,-1.086381435394287,0.03299196437001228,1.3481566905975342,0.5866773128509521,0.602278470993042,1.2640447616577148,0.8767416477203369,0.7616732716560364,-0.5532875061035156,1.292856216430664,0.09072104841470718,-0.3829038739204407,1.3001590967178345,0.9177651405334473,1.1895294189453125,0.9779481887817383,-1.5273561477661133,-0.3885262608528137,0.7490614652633667,-0.47992944717407227,-0.7200978398323059,-1.7292170524597168,0.6480861567270829,观望,2025-01,6.0
2025-02-14,79.33,81.2,76.84,77.55,21620047.0,2383610941.0,630195295.0,0.034306900053895195,-0.013609768506741338,-0.04799901792290695,-0.0565693430656935,-0.03867608776496845,-0.20257069408740358,80.266,81.596,84.2335,84.437,85.8975,-0.03867608788413579,-0.20257069416940143,-0.049981624519173984,-0.14842378140537205,22204860.6,0.9736628114657017,0.948351461012307,29780109.3,0.7259895113951107,0.7043044417596701,30776369.6,0.7024885417284562,0.6521581339196258,0.7475912865126171,-38483683.660000026,-55925766.767,-0.29681188359178995,-0.4727849731851266,70.58699688285597,118.75859912989867,121.75996071461292,122.23307465251438,0.09864427479043503,-0.34699465497083315,-0.3630911217048963,-0.3655563339099499,7.87387570921806,0.12700225856489747,1.0,2.0478476505842207,0.02640680400154936,6.623861243849934,0.08541407147641256,7.87387570921806,0.10153289114381343,4.917335947438204,0.8412453383894326,-0.03383749046497431,-0.04958576412451765,-0.07934491632434304,-0.08156376954634059,-0.09717977832915037,-0.07934491621504514,0.07934491621504514,42.057899103405376,-0.022437917556732915,0.024113475174195615,0.009155383622288071,0.05622179238475541,0.1628440363237508,-0.0376574683497334,-0.017302387750811762,0.054741068438981924,0.0008678108713611957,0.11038039974210201,-0.2869398593902588,0.22651398181915283,0.6029613614082336,0.8067074418067932,0.6622093915939331,0.8022341132164001,0.7207675576210022,-0.51282799243927,-0.8375844955444336,-1.009552001953125,0.9051726460456848,-1.2778397798538208,-0.7414670586585999,-1.5261914730072021,-1.525835394859314,-0.8541685342788696,0.4660894274711609,0.6124635338783264,-0.6176594495773315,-0.20924153923988342,-0.4762238562107086,-0.5541561245918274,-0.2000986933708191,0.8470858335494995,0.9302898049354553,1.004793405532837,-1.2388811111450195,0.6240623593330383,-1.499807596206665,0.4357878863811493,0.5085805058479309,-1.3134762048721313,-0.42791385004007026,观望,2025-02,3.0
2025-02-17,78.96,88.37,78.9,87.72,46922044.0,5544032463.0,630195295.0,0.07445635404180541,0.13114119922630563,0.11574662935639779,0.07684753253130383,0.07631901840490807,-0.0831939799331104,81.51,80.8,84.7685,84.30366666666666,85.74583333333334,0.07631901827284437,-0.08319398002893041,0.13892495440938402,-0.20049765139474454,26651500.2,1.7605779655135505,1.8127116687857918,32105898.6,1.461477362293793,1.5321539471083776,31708428.3,1.4797972184575285,1.4680992671634296,1.5998367392039636,411037105.44000024,-11083120.364999974,0.00898698078774315,0.900536136844954,70.69536170062086,119.09557538681285,121.35990648632442,122.32488559657672,0.24081690636897357,-0.2634487073504411,-0.27719126901366864,-0.282893259436207,7.71995723672391,0.12953439611655446,1.0,3.9710326112993894,0.045269409608375465,5.029777993775263,0.05733901041041808,7.71995723672391,0.08800680843415233,5.338954808335475,0.6515292550240135,0.07618697079178172,0.08564356422207386,0.034818358112409964,0.04052413682593614,0.023023470408899627,0.03481835823448565,0.03481835823448565,53.51728240968263,0.11094224922607122,0.007409940719629575,0.0006839945279656648,0.10795713633060224,0.9313621954262272,0.13436558215330427,-0.0047702604869629545,0.1900669554436007,0.008467003545914984,-0.0794573643410853,-0.4122893214225769,0.14694926142692566,0.4010714888572693,0.684300422668457,0.5486389398574829,0.6925842761993408,0.5676966309547424,-0.44356364011764526,-0.8179207444190979,-0.6340324878692627,0.8233234882354736,-1.3603442907333374,-0.9240875244140625,-1.5648692846298218,-1.5778663158416748,-0.9230788350105286,0.38066285848617554,0.5699750185012817,-0.8278859257698059,-0.6093778014183044,-0.7265327572822571,-0.6356341242790222,-0.5978331565856934,0.8237063884735107,0.8960803151130676,1.0391837358474731,-1.2485897541046143,0.5545035004615784,-1.6134274005889893,0.09041706472635269,0.2067510187625885,-1.3688030242919922,-0.8966427271434673,观望,2025-02,2.0
2025-02-18,85.97,92.05,85.8,88.07,38382766.0,4754801186.0,630195295.0,0.06090614497526517,0.003989968080255313,0.13565441650548027,0.12019842279318227,0.07141119221411185,-0.015757711220384607,82.684,80.65899999999999,85.249,84.17033333333333,85.69933333333331,0.07141119208376989,-0.015757711330380286,0.12248279363720593,-0.24432999724809773,30152968.0,1.272934923023166,1.348493438599835,33595584.2,1.1424943757935897,1.2526381048373587,32455385.3,1.1826316540447908,1.223974995169408,1.2887144164504236,80603808.59999979,312259.71500000654,-0.05101939068664443,0.8386577673357292,70.79428681991409,119.69418375538434,121.17922105225236,122.4537137728064,0.24402693997090075,-0.2642081909344385,-0.2732252342006366,-0.2807894731277809,7.604853644046823,0.13149496959324958,1.0,4.968463545202197,0.05641493748879355,4.772603412534142,0.05419102318601377,7.604853644046823,0.0863501038172286,5.404029464882941,0.6275733406118162,0.06513956738121762,0.09188063314795869,0.03309129713743375,0.0463306547778517,0.02766260324533909,0.03309129725861881,0.03309129725861881,53.85551742376609,0.024427125738696327,0.045191325077189634,0.0019302827294277155,0.07096627681719471,0.36319999941887937,0.09090180046406297,-0.00085392650006315,0.09033545211753644,0.001744370168180443,-0.10582491200181665,0.07235757261514664,0.16321486234664917,-1.8640048503875732,-1.607714056968689,-1.5291682481765747,-1.5991657972335815,-1.7786650657653809,2.8861541748046875,-0.8581395149230957,2.4939072132110596,-1.3147716522216797,0.10916918516159058,0.7321083545684814,0.0077202292159199715,-0.015773145481944084,1.5570319890975952,0.5090344548225403,0.6910480856895447,-0.8030518889427185,0.5516383051872253,-0.058445822447538376,-0.13212168216705322,0.5097845196723938,0.8876557946205139,0.9325874447822571,1.0679179430007935,-1.0540560483932495,-1.760773777961731,-0.15580253303050995,-2.2428412437438965,-2.299060344696045,-1.2246202230453491,0.3175347379460165,观望,2025-02,5.0
2025-02-19,87.47,88.04,84.91,86.35,27485209.0,3324590093.0,630195295.0,0.04361379594241496,-0.019529919382309524,-0.01561787505699963,0.11347517730496448,0.06002946231279149,0.18401206636500733,83.66199999999999,82.001,85.5225,84.19266666666665,85.70383333333332,0.06002946218266292,0.1840120662026583,0.06763105822605953,-0.2883121040451031,31161921.0,0.8820126653937667,0.903424867372534,31004955.1,0.8864779488101884,0.9325378121884945,32394994.15,0.8484400050431863,0.8542117058133277,0.9296938958515125,-30783434.080000125,56071349.30699997,0.8052780378135094,0.22480682646029626,70.86101624658515,120.1419514841925,121.13562584292596,122.53870340901904,0.21858258001149222,-0.28126687694629826,-0.2871626377530898,-0.2953246803030519,7.537520795118642,0.1326696172196184,1.0,5.145422237290459,0.05958798189571025,4.211625313080127,0.048773888970380874,7.537520795118642,0.08729033925009543,5.24374164596273,0.5587547181587958,0.032129281987983926,0.053035938457697274,0.009675816187590947,0.025623767585582824,0.007539530397410621,0.009675816305650509,0.009675816305650509,51.85845467939186,-0.012804390075133882,0.006601042269067713,0.016676317311328716,0.03624782860031884,0.4600638962937234,0.05294674605665989,0.008974984086178832,0.031971043918503625,-0.0007686406497873138,-0.06902142443543713,0.192825585603714,0.38826584815979004,-1.0493981838226318,-0.858130156993866,-0.7687545418739319,-1.1438920497894287,-1.071548342704773,0.30609917640686035,-0.9250115156173706,0.39371731877326965,-0.7575986981391907,-0.1105433851480484,1.148016333580017,-0.33863016963005066,-0.3269769549369812,1.8042469024658203,0.6193302273750305,0.7702345252037048,-0.7929772734642029,0.5486547946929932,0.32365578413009644,-0.14674299955368042,0.5748918652534485,0.9219774007797241,0.9283765554428101,1.1684985160827637,-1.0267540216445923,-1.1124626398086548,-0.32237884402275085,-0.983715832233429,-1.128141164779663,-1.3326109647750854,0.2612509234479024,观望,2025-02,5.0
2025-02-20,85.52,86.3,83.24,84.8,24414664.0,2908121791.0,630195295.0,0.038741425386236816,-0.017950202663578385,-0.037129556034972144,-0.03328773369813043,0.07860595268379544,0.1177013312244628,84.898,82.894,85.78900000000002,84.27833333333334,85.635,0.07860595254660319,0.11770133107714487,0.06706933420572936,-0.37805150987860003,31764946.0,0.7686039825158207,0.768727923291934,28923701.1,0.8441058049794322,0.8622476282538039,32611361.4,0.7486551604067653,0.7408043131295869,0.8257789873349993,-17578558.079999972,52233042.114999935,0.8427943507169539,0.14089672679397425,70.9179641289917,120.37606960499355,121.06133240189091,122.67687355857048,0.19574780581346718,-0.29554104666927716,-0.29952860820590577,-0.30875316968757494,7.40532873572905,0.135037894242945,1.0,4.305121368788939,0.050767940663694104,3.6804413986488873,0.04340143158272256,7.40532873572905,0.0873269897978276,5.091331528393964,0.49699905635810504,-0.001154326485764634,0.02299322013378613,-0.011528284627221774,0.006189807462630981,-0.009750686166900113,-0.011528284512000608,0.011528284512000608,50.05703635880684,-0.008419083254394388,0.0091981132064625,0.018396226412925,0.036084905656122095,0.509803919902602,0.060416848282215344,0.00510840626794008,0.027735002196003108,-0.0006617900587808268,-0.10766509433962257,-0.1263444870710373,0.24712994694709778,0.23977158963680267,0.40003252029418945,0.37106338143348694,-0.06865652650594711,0.17993520200252533,-0.5632051825523376,-0.742051899433136,-0.5917784571647644,0.3992484211921692,0.41508612036705017,1.0776618719100952,0.24679028987884521,0.27729928493499756,0.07501861453056335,0.5919421315193176,0.5767861008644104,-0.7690522074699402,0.3898409307003021,0.2708480954170227,-0.31025490164756775,0.41504091024398804,0.7305976152420044,0.8572247624397278,1.1858477592468262,-1.0146992206573486,0.24516519904136658,0.8649812340736389,0.5958504676818848,0.4623047113418579,-1.3734638690948486,1.0296394247529626,买入 📈,2025-02,7.0
2025-02-21,84.81,88.56,83.82,86.11,37542068.0,4551001557.0,630195295.0,0.05957211724343325,0.015448113207547243,-0.002779386218876634,-0.022255024412399127,0.11038039974210201,0.06743522994917561,86.60999999999999,83.43799999999999,85.873,84.458,85.57066666666667,0.11038039959891943,0.06743522981685457,0.019898140350598226,-0.3918852478030583,34949350.2,1.0741850073080899,1.0793291573290635,28577105.4,1.313711360003592,1.3524652088739095,32341963.2,1.1607850694728385,1.1657979667449498,1.2462502363410153,48804688.399999894,41366429.354999915,0.7856643094226103,0.7364471039309028,71.00909307399239,120.70279087912635,120.97778317107155,122.7745814165316,0.21266159406193608,-0.2865947889619894,-0.28821641674294796,-0.2986333245327173,7.398627255319854,0.1351602079871459,1.0,1.3188441909501993,0.015315807580966687,3.717047215196467,0.04316626657490192,7.398627255319854,0.08592065096342641,5.066236419222967,0.502396874703996,-0.005773005541418463,0.03202377801097556,0.0027598894876434965,0.019560017876393054,0.006302782767501736,0.002759889604415866,0.002759889604415866,51.58768371902666,0.01532838108532854,0.028451980022244607,0.011496922539600975,0.05504587155324063,0.4831223618499532,0.11856897050363972,0.0029109271068141185,0.05912944993669796,0.0016919528294030825,-0.22482870746719308,-0.26487064361572266,0.06495552510023117,0.5108509063720703,0.6581941246986389,0.6486161351203918,-0.14974960684776306,0.4821142852306366,-0.41716256737709045,-0.7211642861366272,-0.49945950508117676,0.6493712067604065,0.10248637199401855,-0.43644726276397705,0.024345628917217255,0.05587710067629814,-0.616310179233551,0.6887600421905518,0.5853114128112793,-0.545966386795044,0.46417102217674255,0.1621321737766266,-0.3042657673358917,0.48843294382095337,0.7010382413864136,0.8548222780227661,1.11680006980896,-1.066725492477417,0.5760894417762756,1.0510765314102173,0.8651977181434631,0.8732770681381226,-1.3079664707183838,0.7789817617989312,观望,2025-02,7.0
2025-02-24,84.65,85.15,80.63,80.75,42723517.0,4907371253.0,630195295.0,0.06779409071913176,-0.06224596446405761,-0.04775943396226412,-0.06485234510712212,-0.0794573643410853,-0.009202453987730008,85.216,83.36299999999999,85.6625,84.39899999999999,85.45033333333332,-0.07945736444602625,-0.009202454109300207,-0.04955273080866829,-0.45658111944081103,34109644.8,1.2525347962579778,1.2000877051261327,30380572.5,1.4062775479296838,1.373152843160999,33128115.25,1.2896452658893713,1.2303933663235425,1.3962667536719653,-166621716.30000025,25691811.564999904,0.4631808654921213,-0.08947877462456677,71.09931314019539,120.39493183814615,120.78272221092203,122.78545530868553,0.1357353036698843,-0.32929070379343806,-0.331444112850952,-0.3423488165027967,7.485351923661072,0.13359425299738736,1.0,2.754483617668313,0.034111252226962235,3.767716815260907,0.04665903176215872,7.485351923661072,0.09269785662828599,5.095790960707042,0.5033453134404762,-0.052407998609133366,-0.03134484135271676,-0.05734714734483015,-0.0432351095340896,-0.05500661213862923,-0.05734714723478762,0.05734714723478762,45.4498954507304,-0.04607206142397265,0.00619195046362948,0.0014860681112711315,0.05597523219121063,0.026548672507636626,-0.0995231136561572,-0.0004293775985756464,0.070110926048111,0.003660764575344302,-0.15727554179566572,-0.1584985852241516,0.005131140351295471,-0.9187830090522766,-0.7047791481018066,-0.5901311039924622,-1.6721727848052979,-0.8473673462867737,0.5561744570732117,-0.7772485613822937,0.528342068195343,-0.5220015645027161,0.14095690846443176,-0.3583686649799347,0.12727203965187073,0.15576055645942688,0.02876560017466545,0.7452104687690735,0.6453646421432495,-0.5728294849395752,0.8569313287734985,0.4118640422821045,-0.28427061438560486,0.8505532145500183,0.766989529132843,0.8775824904441833,1.1833672523498535,-1.123061180114746,-0.6616925597190857,0.788348376750946,-0.5174123644828796,-0.4756662845611572,-1.3147701025009155,0.00932134027950777,观望,2025-02,4.0
2025-02-25,78.4,80.13,77.97,78.75,26091134.0,2899767474.0,630195295.0,0.04140166422537318,-0.024767801857585092,-0.08547207060736262,-0.07134433962264153,-0.10582491200181665,-0.04197080291970812,83.352,83.018,85.0595,84.249,85.36366666666666,-0.10582491210334666,-0.041970803036256554,-0.13280475728082752,-0.4673257269457059,31651318.4,0.8243300854096489,0.7798909506126088,30902143.2,0.8443147075960735,0.80057849168564,32783618.2,0.7958588902795357,0.7387842875014751,0.8499761426290712,9131896.899999851,25895236.73699988,0.5252866569878442,-0.32023830695265687,71.14955572091452,119.72604617662367,120.64068486532217,122.79576758364615,0.10682349597372554,-0.3422483869230468,-0.34723513806380535,-0.35869125174565164,7.5344580184365455,0.1327235477622678,1.0,3.4146771443290453,0.04336097960502141,4.0345474756573445,0.05123234889073043,7.5344580184365455,0.09567565736482272,4.930377320656539,0.5354794545845446,-0.05521163270764806,-0.05141053758806391,-0.07417748763228349,-0.06527080451218747,-0.07747636593115603,-0.07417748752343944,0.07417748752343944,43.3760984159707,0.004464285713716217,0.01752380952158422,0.005460317459624174,0.027428571425088394,0.3611111094393015,-0.0872346587489261,-0.002150262824377624,0.022610196625507773,-0.0004724326432582449,-0.06323809523809532,0.06363201886415482,0.0905696377158165,-1.2087171077728271,-1.1281633377075195,-1.0215275287628174,-0.45952463150024414,-0.9230043292045593,-1.5976269245147705,-0.8666910529136658,-1.6886236667633057,-0.775119423866272,-0.20868678390979767,-0.8442394137382507,-0.32635101675987244,-0.34894293546676636,-0.9149254560470581,0.8283637166023254,0.803541898727417,-0.3067501485347748,-0.7805655598640442,0.3021989166736603,-0.41464921832084656,-0.7996867299079895,0.8584062457084656,0.8608415722846985,1.0865625143051147,-1.063582420349121,-1.1172560453414917,-0.1676868349313736,-1.196041464805603,-0.9410392642021179,-1.2388569116592407,-1.883285908719017,卖出 📉,2025-02,0.0
2025-02-26,78.79,80.56,77.32,80.39,28102835.0,3115064775.0,630195295.0,0.04459385086332642,0.020825396825396858,-0.004458204334365279,-0.0664266635698525,-0.06902142443543713,-0.013135281119567854,82.16,82.911,84.34100000000001,84.08300000000001,85.35916666666667,-0.06902142454325155,-0.013135281240714836,-0.1516462643360441,-0.4156756673950479,31774843.6,0.8844366113575454,0.847344917050969,31468382.3,0.893049878830282,0.8469164468965795,32367836.75,0.8682333396902093,0.8115448011282346,0.9100762398018389,44964535.99999984,29763357.904999893,0.5119476089302257,0.022471213517059274,71.20313347757892,118.58804428596854,120.60297491809675,122.77849042308122,0.129023345936228,-0.32210704304943305,-0.3334326947192303,-0.3452436194403037,7.24013950141872,0.1381188854749082,1.0,3.1353309235235742,0.03900150420616444,4.094205797356894,0.050929292161308634,7.24013950141872,0.09006268815173646,4.809636083466787,0.565487141635842,-0.021543330206725386,-0.03040609822214102,-0.04684554379876393,-0.043920887808008735,-0.05821479836476662,-0.046845543685752,0.046845543685752,45.56928672338145,0.020307145574272406,0.002114690881687459,0.018285856447532712,0.04030352033333716,0.9475308612730525,-0.06104507473874889,-0.0006689705759293224,0.03564590894939664,-0.0014016281159434675,-0.13160840900609527,0.15686357021331787,-0.008187048137187958,0.37404724955558777,0.3167712092399597,0.33445748686790466,0.30316925048828125,0.5785241723060608,-0.24764592945575714,-0.6924188733100891,-0.5206649899482727,0.4866738021373749,-0.11505308747291565,-1.374612808227539,-0.526418924331665,-0.5368335247039795,-1.457653284072876,0.5689895749092102,0.6398472785949707,-0.4138668477535248,-1.2029095888137817,0.07842502743005753,-0.7017922401428223,-1.189943790435791,0.6889989376068115,0.8113303780555725,1.0381149053573608,-1.0954025983810425,0.30901357531547546,0.2520393133163452,0.42798975110054016,0.6326327919960022,-1.3237372636795044,-0.34079199540631167,观望,2025-02,3.0
2025-02-27,80.39,81.32,74.7,75.67,44482319.0,4834367008.0,630195295.0,0.07058497477357396,-0.058713770369448914,-0.039111111111111097,-0.06291021671826624,-0.10766509433962257,-0.037522258967183975,80.334,82.616,83.091,83.83033333333334,85.25133333333333,-0.10766509444485073,-0.03752225908960538,-0.24833614788434122,-0.3475267837492592,35788374.6,1.2429264949070917,1.1902868033781087,33776660.3,1.3169543289630679,1.2325422498199168,32338735.25,1.3755120185165555,1.2848719389618508,1.4016105472148257,-209956545.67999995,13111809.7539999,0.2526019513367824,0.8219508980340668,71.28302904511015,116.34741594138255,120.3859934697672,122.69034106432127,0.061542992962793974,-0.3496202783040442,-0.37143850526927635,-0.38324403254915174,6.379542880835949,0.15675104268622045,1.0,3.801326084408341,0.050235576634148085,4.521698795806685,0.05975550145644417,6.379542880835949,0.08430742539966797,4.938947791790587,0.7087810009557253,-0.05805760959767248,-0.08407572394160012,-0.08931171858693321,-0.09734344380943927,-0.1123892491481201,-0.08931171847733199,0.08931171847733199,40.6850789705143,-0.05871377036214531,0.012290207478222421,0.012818818552554656,0.08748513280197091,0.14652567953697032,-0.13381979833138843,-0.00224216140767799,0.10873758947003515,0.006321423631253652,-0.07453416149068326,0.08162688463926315,0.02234654128551483,0.24183723330497742,0.23402416706085205,0.2706742584705353,-0.18178172409534454,0.44050776958465576,0.22779081761837006,-0.7343258261680603,0.4252026379108429,0.4203736186027527,-0.20036225020885468,-1.1218692064285278,-0.38641637563705444,-0.4068891406059265,-0.1265324205160141,0.5483472347259521,0.6346888542175293,-0.5615991353988647,-0.8355165719985962,0.02288193255662918,-0.7070212960243225,-0.8347648978233337,0.7325929403305054,0.8700182437896729,1.1037393808364868,-1.1890596151351929,0.21986475586891174,0.23831120133399963,0.23588120937347412,0.4181889593601227,-1.4029771089553833,0.2163912349936299,观望,2025-02,5.0
2025-03-14,66.09,67.71,64.11,66.75,42132874.0,3932965259.0,630195295.0,0.06685685268405567,0.013975391159046113,-0.00029953571963448056,-0.00506781934714573,0.010292114424095722,-0.02298009367681486,66.72,66.61600000000001,74.1545,76.63499999999999,82.09766666666665,0.010292114271183372,-0.022980093819821246,-0.139264990439811,-0.9100238258964363,28888739.6,1.458453175298793,1.4521306305351074,33895080.2,1.2430380383050394,1.24532662701912,35873735.05,1.174476924169623,1.0553390877703388,1.2449683401001084,27807696.839999855,2530008.0839999514,-0.2994358104559389,0.2616984452940707,71.7103370954251,103.88467609396585,115.29047705171484,121.59086144453666,-0.06917185577895657,-0.3574605754209289,-0.42102763639308616,-0.45102782226402904,8.872714220100931,0.11270508370566831,0.45,0.5305657357987755,0.007948550347854534,0.7448072084598002,0.011158160424692415,8.872714220100931,0.13292455758459457,3.8852382684783637,0.08394355877404694,0.00044964013782244905,0.0020115286114428255,-0.09985233544830685,-0.12898806039942723,-0.18694400581580328,-0.09985233532691873,0.09985233532691873,36.95427906888122,0.009986382204571535,0.01438202246975541,0.029662921343870784,0.05393258426158305,0.7333333312962976,0.015010566962360914,-0.00025641557341604817,0.07865814876837551,0.00010278098680516237,0.013183520599250764,-0.06993153691291809,0.2978333830833435,0.1547279953956604,0.395702600479126,0.210241436958313,0.5832766890525818,0.2150341123342514,-0.4884100556373596,0.3524039387702942,-0.49191975593566895,0.47256389260292053,-1.0074081420898438,-0.37342163920402527,-1.102230191230774,-1.0569555759429932,-0.47694000601768494,-0.7346971035003662,-0.6713760495185852,-0.9432334899902344,-0.3920833170413971,-0.6200262308120728,-0.6989099979400635,-0.429721862077713,-0.31650859117507935,-0.07432472705841064,0.2819719612598419,-0.42984968423843384,0.17773328721523285,-2.539651870727539,-0.43330928683280945,-0.3816326856613159,-0.7319677472114563,-0.8601339368903673,观望,2025-03,2.0
2025-03-17,66.89,68.78,66.89,68.05,34337701.0,3275767673.0,630195295.0,0.05448739664106823,0.019475655430711614,0.03372322649248072,0.019170286056612307,0.013251935675997695,0.04195375899555964,66.898,66.89,73.17099999999999,75.714,81.69083333333333,0.01325193552512638,0.04195375883601993,-0.22423620619878748,-0.8753889227030208,30510354.8,1.125444172153645,1.1405589391780777,32273621.9,1.0639556076598886,1.0843450542341952,35244517.9,0.9742706964364519,0.9065815896896952,1.0040759185864832,39831733.159999885,21931628.019999925,0.32537048096832316,0.30911902095435995,71.74852220488991,102.52142238694093,114.63935351319053,121.55956014130618,-0.05154840951745543,-0.33623628685951457,-0.4063993043002455,-0.44019211717370743,8.365570984382298,0.11953756661338794,0.4,0.7973205127197451,0.011716686445298727,0.7143450768955186,0.010497356014556137,8.365570984382298,0.12293271099416565,3.752721249301338,0.08539107221434378,0.017220245595201744,0.017341904467432778,-0.0699867435090421,-0.10122302360181423,-0.16698119954295376,-0.06998674338194089,0.06998674338194089,39.749151755040415,0.01734190461693194,0.010727406317306834,0.0,0.027773695807821658,0.6137566105092224,0.01491431377630658,0.00044040354265053146,0.03125774408608101,0.00022981380186647357,0.03923585598824397,-0.2196003496646881,0.33089423179626465,-1.1988012790679932,-0.7008143067359924,-0.9256890416145325,-0.4403580129146576,-1.0282647609710693,-0.039929259568452835,0.385132759809494,-0.05957629531621933,-0.43629297614097595,-0.5344891548156738,-0.2700735330581665,-0.604441225528717,-0.5673626661300659,-0.23532931506633759,-0.7531864643096924,-0.7390595078468323,-0.9754997491836548,-0.2768268585205078,-0.4544615149497986,-0.6035425662994385,-0.2884000837802887,-0.34026849269866943,-0.11082959175109863,0.24138709902763367,-0.3769491910934448,-0.89658522605896,-1.5142220258712769,-1.6889326572418213,-1.5806103944778442,-0.712736964225769,-1.4795510260029563,卖出 📉,2025-03,0.0
2025-03-18,68.05,74.41,66.95,73.77,69016861.0,6902913862.0,630195295.0,0.10951662373169574,0.08405584129316668,0.10516853932584258,0.12061370195959276,0.09956774482039044,0.11317338162064283,68.234,67.64,72.45599999999999,75.19033333333333,81.388,0.09956774465649598,0.11317338145266742,-0.16237084147128744,-0.7736480177133916,40188090.0,1.7173461341407363,1.7842357786809762,35170734.8,1.9623377615641966,2.060690267584094,36776222.65,1.8766707406803236,1.8552610577683428,1.9323788217682523,394776444.9199999,45310888.24799993,0.8239344366740512,2.345755382744531,71.83981889208978,101.17199299286926,113.61769228003303,121.33133360498798,0.026867844848126987,-0.2708456380294949,-0.3507173177027799,-0.3919954738141337,7.601339494146095,0.1315557605938476,0.4,3.1939755791182147,0.04329640204263591,2.2587508839072394,0.030618827214329014,7.601339494146095,0.10304106673601308,4.017526874351242,0.29715169052444246,0.0811325730455299,0.09062684785768371,0.01813514394692861,-0.018889839693193244,-0.09360102237509205,0.01813514408744621,0.01813514408744621,50.20838776409906,0.08405584128081471,0.008675613391802148,0.014911210517159853,0.10112511859819362,0.9142091140560198,0.17099228165240885,0.003465236211960572,0.17366683148913128,0.008369250541535114,-0.046360309068727124,-0.26985591650009155,0.418540894985199,-0.5414754152297974,-0.09321997314691544,-0.2798261046409607,-0.35292771458625793,-0.48146942257881165,0.185949444770813,0.3329673111438751,0.2038966864347458,0.030422553420066833,-0.05673106759786606,-0.011159602552652359,-0.10142965614795685,-0.0816328376531601,0.18066389858722687,-0.6780731678009033,-0.6832252740859985,-1.0628609657287598,-0.05400245264172554,-0.2068055421113968,-0.638163685798645,-0.07157430052757263,-0.30211180448532104,-0.09914588928222656,0.40390560030937195,-0.4233267307281494,-0.31104812026023865,-0.3347875773906708,-0.6212109923362732,-0.6121628284454346,-0.7656373977661133,-0.3209123200580566,观望,2025-03,4.0
2025-03-19,71.41,72.48,69.42,69.81,45180663.0,4494623096.0,630195295.0,0.07169311379895339,-0.05368035786905234,0.025863335782512875,0.045842696629213586,0.045529429384454145,0.04069767441860472,68.842,67.913,71.629,75.08633333333333,80.98416666666667,0.045529429227867624,0.040697674263461936,-0.19154603367787526,-0.6991078485321569,44026181.8,1.0262226055678532,1.0511031510167925,36621096.8,1.2337332015681188,1.2807431554846775,37660995.35,1.1996672573339193,1.1892974437082413,1.2747661280044025,-72289060.79999974,35689172.81399995,0.542017513964322,0.7383727730648058,71.89813374675569,100.34852651338649,112.87239042221292,121.22635218296539,-0.029042947819906573,-0.30432461317020587,-0.38151394031022823,-0.424135109710827,6.87522776656215,0.1454497265398288,0.35,3.1344090352095835,0.044899141022211604,2.346808944549701,0.0336170884431103,6.87522776656215,0.09848485554472572,4.041274954754725,0.34134271922597825,0.014061183432488855,0.027932796220468514,-0.025394742489020516,-0.07027022240128855,-0.13797964633358617,-0.02539474235295769,0.02539474235295769,44.45479347366611,-0.022405825511496096,0.015327317001099187,0.005586592177970701,0.04383326170407778,0.1274509799756505,0.04672332965293211,0.0013681373151436939,0.044982684036496294,-0.0010201244469176124,-0.003437902879243837,-0.14359994232654572,0.17702344059944153,-2.733447790145874,-2.3595097064971924,-2.224726915359497,-3.3434414863586426,-2.707359552383423,1.8792529106140137,0.12989282608032227,1.6456464529037476,-2.0951035022735596,0.4984703063964844,0.8924920558929443,0.4688451588153839,0.43642619252204895,1.2355010509490967,-0.35659754276275635,-0.4442670941352844,-0.8889122009277344,0.7766942977905273,0.3997231721878052,-0.35779085755348206,0.7659448385238647,-0.10549870133399963,0.1716337651014328,0.6051313281059265,-0.576303243637085,-2.297497034072876,0.4484308063983917,-2.230074882507324,-2.3470590114593506,-0.7798575758934021,-1.1330584808499966,卖出 📉,2025-03,1.0
2025-03-20,70.31,70.98,69.51,70.03,22774599.0,2247845088.0,630195295.0,0.036138954353824554,0.003151410972640045,-0.0506981157652161,0.029096252755327123,0.06380069876955807,0.03243402624207592,69.682,68.13300000000001,70.8905,74.89166666666667,80.566,0.06380069860796,0.032434026089866785,-0.17417452839927172,-0.6044577497816371,42688539.6,0.5335061637948372,0.5389452130601944,34914729.7,0.6522920038530327,0.6695310888275037,37578992.1,0.6060460307023507,0.6000315398231674,0.65644399207283,-6376887.720000026,34055527.29199995,0.5171151119238917,-0.22700519739970493,71.92660566069178,99.68898434745407,112.23407629873087,121.28970736380455,-0.026368624562083,-0.2975151621976728,-0.3760362065652614,-0.42262207138527197,6.139948118244863,0.16286782544624775,0.3,2.650909277965464,0.0378539094329134,2.4394537184461544,0.03483440979719849,6.139948118244863,0.08767596911849355,3.85761245798653,0.3973085224000883,0.004994115983325109,0.027842601818818702,-0.01213843899928213,-0.06491598988784908,-0.13077476862066195,-0.012138438859931933,0.012138438859931933,44.83302204385641,-0.003982363816813789,0.009567328286510473,0.00742538911788865,0.02099100385249306,0.35374149419223233,0.03403806604797691,0.001129820156187447,0.01119882993954622,-0.0002540775936237818,-0.03298586320148511,0.12042692303657532,0.4455985724925995,-1.222347378730774,-0.9740368127822876,-1.0283311605453491,-1.4008715152740479,-1.1618666648864746,-0.47134679555892944,0.1921534389257431,-0.733430802822113,-0.8097146153450012,0.49999988079071045,0.2631310820579529,0.31903547048568726,0.30020394921302795,0.3429844379425049,-0.34791070222854614,-0.435968816280365,-0.752560019493103,0.3399449288845062,0.7833588123321533,-0.42494240403175354,0.3239228129386902,-0.14990271627902985,0.06793992221355438,0.5337744355201721,-0.4751383662223816,-1.1612555980682373,0.28978201746940613,-0.6079287528991699,-0.6268351674079895,-0.8544333577156067,-0.5779255223389352,观望,2025-03,2.0
2025-03-21,69.63,70.66,67.57,67.63,22932251.0,2215654706.0,630195295.0,0.03638911807489772,-0.03427102670284177,-0.03122761781979666,-0.08323166598888443,0.013183520599250764,0.02361132132586663,69.858,68.289,69.9665,74.45700000000001,80.16916666666665,0.01318352044746307,0.023611321170938337,-0.21460922085534673,-0.5113234395610876,38848415.0,0.5903008140743965,0.5788988215570374,33868577.3,0.6770951964374363,0.6780086734312101,36848501.25,0.6223387715124504,0.6104666654599824,0.6726702819766174,-45864502.0,31405916.041999996,0.5701176724736683,-0.4557159570932665,71.95298865509376,98.49638627296952,111.81627750292971,121.24195808927207,-0.06008073793593183,-0.31337582464627156,-0.395168561230023,-0.4421898073420827,5.016826712490629,0.19932918861178944,0.25,2.4273689459996306,0.03589189628331675,2.340752253252676,0.03461115263797967,5.016826712490629,0.07418049255875832,3.8027829967017786,0.4665802473820737,-0.031893269341823016,-0.009650163421685787,-0.03339455324571117,-0.09169050605158813,-0.15640884390427623,-0.03339455310755868,0.03339455310755868,41.51212115409532,-0.028723251467941517,0.015229927544694693,0.0008871802453220536,0.045689782634084075,0.019417475665316326,0.007782242942104302,0.0008172150410317076,0.026970715883782054,-0.0003786735730452307,-0.16974715363004578,0.22893941402435303,0.575812816619873,0.7987438440322876,0.8633211255073547,0.703150749206543,0.32033708691596985,0.7243772745132446,-0.1395277976989746,0.33249422907829285,-0.3870027959346771,0.7648131847381592,0.40210801362991333,-0.00401587039232254,0.26202139258384705,0.2542172968387604,-0.3408306837081909,-0.42273658514022827,-0.49364224076271057,-0.5208204984664917,0.4190687835216522,0.8318147659301758,-0.5576897263526917,0.38728952407836914,-0.33832114934921265,-0.16313353180885315,0.4609578549861908,-0.24221448600292206,0.649699330329895,0.23226425051689148,1.3975391387939453,1.308803915977478,-0.6816882491111755,1.5703599411306826,买入 📈,2025-03,9.0
2025-03-24,67.21,71.12,67.21,70.72,39772655.0,3923862781.0,630195295.0,0.06311163430694924,0.045689782640840004,0.00985292017706696,0.013035381750465591,0.03923585598824397,0.05300774270399056,70.392,68.64500000000001,69.465,74.09766666666665,79.83316666666666,0.03923585583552747,0.053007742547199754,-0.12421052642424635,-0.3444955096668888,39935405.8,0.9959246488988975,0.9916307066546478,35222880.3,1.1291710008167615,1.149167613277244,36700958.15,1.0836952767675903,1.0959687699834324,1.149692654123361,139602019.0500002,42874303.572000004,0.603701089255002,0.158279495764728,72.00238604841502,97.55246101388228,111.35631562627982,121.16057887154835,-0.017810327112670055,-0.27505673086057625,-0.3649215170036548,-0.41631180158873526,4.337451956354765,0.23055010355317188,0.2,2.214547357814528,0.03131430086964628,2.419362863785246,0.03421044772968244,4.337451956354765,0.061332748242950194,3.8104413540802233,0.557784358778387,0.004659620268687048,0.030227984408153663,0.01806665212436953,-0.045583981630696546,-0.11415263926052199,0.01806665227092763,0.01806665227092763,46.95961205309123,0.0522243713655373,0.005656108596485359,0.0,0.055288461530643755,0.8976982074227656,0.03907595609933959,0.001813418605679441,0.05506314163806658,0.0020490679059992703,-0.20970022624434392,0.1219569742679596,0.5294487476348877,0.8820311427116394,1.017001986503601,0.7682925462722778,0.8234530091285706,0.8395067453384399,-0.3289756178855896,0.41740682721138,-0.6644742488861084,0.8878164291381836,0.3570300340652466,-0.8215774297714233,0.05643290653824806,0.05683605372905731,-0.7280070185661316,-0.44385331869125366,-0.5656155347824097,-0.459332674741745,0.13892754912376404,0.45406174659729004,-0.6242777109146118,0.10031808912754059,-0.4390374422073364,-0.26843124628067017,0.4237797260284424,-0.20766158401966095,0.7725508213043213,0.34837856888771057,1.3331615924835205,1.2933571338653564,-0.6189824342727661,0.9978219022246796,观望,2025-03,7.0
2025-03-25,72.21,73.7,70.32,70.35,36945834.0,3750504987.0,630195295.0,0.058626007355386554,-0.00523190045248878,0.04021883779387836,0.004569470227045347,-0.046360309068727124,0.04859144432851381,69.708,68.97099999999999,69.04499999999999,73.70266666666666,79.48033333333335,-0.04636030919799905,0.048591444172217724,-0.10666666678010583,-0.14686846672563791,33521200.4,1.1021632148948934,1.1274634280933922,36854645.2,1.0024742824006345,1.0424826505485023,37243693.15,0.9920024271277188,1.035248736495175,1.0516936789247169,-68719251.23999998,32639984.292999983,0.6191014567691945,-0.4646839415081483,72.05300872898037,97.27299734102766,110.93221478695222,121.08461839296487,-0.023635497795603033,-0.2767777088911819,-0.3658289421597799,-0.4190013485305959,3.7592013429508686,0.26601394980213755,0.15,1.2112472910200365,0.017217445498903514,2.406151606934222,0.03420258147252589,3.7592013429508686,0.053435697831080486,3.7796955430744936,0.6400698927833328,0.009209846644687936,0.019993910336229215,0.018900716776174997,-0.04548908238795202,-0.11487537808746728,0.018900716923745398,0.018900716923745398,46.40230045407082,-0.025758205231164902,0.021179815206655454,0.0004264392323487811,0.04804548684462765,0.00887573961871114,-0.05109662728670917,0.00166195282816797,0.05295396824186512,0.0011941583589023216,-0.24079601990049748,0.14284023642539978,0.48640039563179016,-0.4250693619251251,-0.2526654005050659,-0.43490922451019287,-0.24089914560317993,-0.378773033618927,0.6667200922966003,0.5150368809700012,0.631162703037262,-0.18974760174751282,0.3580378293991089,-0.3404276669025421,0.19895681738853455,0.20428110659122467,0.06007590889930725,-0.5792844295501709,-0.6209682822227478,-0.28599047660827637,0.10557100176811218,0.46836036443710327,-0.5233352780342102,0.07395722717046738,-0.49457401037216187,-0.3511851131916046,0.3036949932575226,-0.18438762426376343,-0.5049194693565369,0.10521283745765686,-0.23671415448188782,-0.23343387246131897,-0.5654897689819336,0.3586960129679278,观望,2025-03,5.0
2025-03-26,70.44,72.4,69.53,69.57,23336692.0,2323292354.0,630195295.0,0.037030888972282794,-0.011087420042643958,-0.016261312217194623,0.02868549460298686,-0.003437902879243837,0.04193500074883927,69.66,69.251,68.50399999999999,73.30633333333334,79.16183333333333,-0.0034379030219972018,0.04193500059279098,-0.1345938550647352,0.20769843212253702,29152406.2,0.800506546180054,0.8032870003150583,36589294.0,0.6378011010543138,0.6482099540734122,37005386.0,0.6306296061875964,0.6483816988102367,0.6637337629848629,-20302922.040000107,33130741.876999974,0.6265235332945877,-0.48348053236846034,72.08277544810117,96.82960863318654,110.4976489002686,121.04124493557525,-0.034859582368749864,-0.28152141703321754,-0.3703938437387795,-0.42523724010746133,2.6577917228606704,0.37625220503025136,0.1,1.210950040259044,0.017406210149273856,2.28123967273084,0.032790565939383856,2.6577917228606704,0.038203129545474196,3.7147172899977443,0.8583214570674675,-0.001291989807451599,0.0046064315310094806,0.015561134967949197,-0.05096876590231392,-0.12116739769950158,0.015561135116197722,0.015561135116197722,45.18486994777493,-0.012350936965878695,0.028173063097862265,0.0005749604713848275,0.041253413821869644,0.013937282181400404,-0.0027520637599659473,0.0013750724021060138,0.03302362781668137,4.246132351949131e-05,-0.22984044846916774,0.14988034963607788,0.4187551438808441,-0.43420255184173584,-0.26908236742019653,-0.45036229491233826,0.641284167766571,-0.4069954454898834,-0.32382047176361084,0.7418987154960632,0.07733504474163055,-0.25375404953956604,0.26226091384887695,-0.24358543753623962,0.17596298456192017,0.17897354066371918,0.07843661308288574,-0.7982342839241028,-0.8214139938354492,-0.16517731547355652,-0.3667992353439331,0.0750097781419754,-0.44646093249320984,-0.3971364200115204,-0.7432434558868408,-0.5721988677978516,0.09717987477779388,-0.03784871846437454,-0.4674491584300995,-0.0561208501458168,-0.614556074142456,-0.5876508951187134,-0.38365745544433594,-0.09538925983366893,观望,2025-03,4.0
2025-03-27,67.58,68.95,66.52,67.72,25618536.0,2433404247.0,630195295.0,0.04065174114002232,-0.02659192180537584,-0.03738450604122234,-0.04242081447963797,-0.03298586320148511,0.02871031444630101,69.198,69.44,68.10650000000001,72.943,78.84400000000001,-0.032985863339570765,0.028710314290033567,-0.10506145115566778,0.5618400358297824,29721193.6,0.861961882984403,0.8306994332790533,36204866.6,0.7075992375014025,0.6854498808019878,36062196.85,0.7103986511570494,0.7026524877345756,0.7257303407008582,3586595.0400000145,39205186.52099996,0.6413473518220115,0.1248731975478472,72.10995603540742,96.03322060647007,110.12462297384394,121.03665599947358,-0.06087863974361418,-0.2948273569048929,-0.3850603237380944,-0.4405000746195885,2.056008588452599,0.48637928885736365,0.05,1.451299417764441,0.021430883307001363,2.030872828229569,0.029989262078110996,2.056008588452599,0.030360433965578776,3.667237483569334,0.9877744819540406,-0.021358998956420683,-0.024769585393898286,-0.005674935724831798,-0.07160385519219059,-0.14108873228893914,-0.005674935578836249,0.005674935578836249,42.34702059329488,0.0020716188218301923,0.018163024214683608,0.01565268753460537,0.03588304783876516,0.4938271584616164,-0.028432556757018033,0.0008610011395887519,0.030929819482321434,-6.833413534857332e-05,-0.18207324276432368,0.23496249318122864,0.35278674960136414,0.8009799122810364,0.8175520896911621,0.6397974491119385,0.9154516458511353,0.7283948063850403,-0.17366895079612732,0.8285655379295349,-0.262304425239563,0.6619066596031189,0.16058169305324554,-0.15013732016086578,0.22557859122753143,0.22943012416362762,-0.1976257562637329,-0.843046247959137,-0.8584097623825073,0.07452507317066193,-0.18007563054561615,-0.15836970508098602,-0.48643943667411804,-0.21439652144908905,-0.8437010645866394,-0.6641374826431274,0.029709551483392715,0.10826140642166138,0.6226385831832886,0.05516483634710312,0.6378775238990784,0.5995581150054932,-0.19639605283737183,1.086890983069055,买入 📈,2025-03,8.0
2025-04-14,56.91,58.57,55.75,56.15,40597345.0,3256738354.0,630190920.0,0.06442070761666957,0.015187127101789821,0.028011717319663232,0.12098223198243141,0.06344696969696972,-0.17072810515433456,53.246,59.479000000000006,64.50750000000001,65.21033333333334,74.29850000000002,0.06344696949555928,-0.1707281052768086,-0.15880149825336298,-0.7888733161908974,49601751.8,0.8184659518416444,0.873816234586328,40667840.5,0.9982665541338491,0.9847195454564549,37310085.05,1.0881064716307849,0.9792415232216989,1.1223494823381517,-30853982.19999992,-34695380.489000045,-0.019780833926029445,0.017034818935921514,72.30112190761308,89.13880528128145,102.99583256964758,115.3805509649166,-0.2233868781213535,-0.3700835475322315,-0.45483231118083933,-0.513349524417912,7.890557231340085,0.1267337615600601,0.05,2.945000848897197,0.05244881297190933,8.46204657409867,0.1507043022723353,7.890557231340085,0.14052639768361214,4.5280437516120555,1.0724269928319443,0.05453930791899109,-0.05596933387313696,-0.12955857859480546,-0.13894014765467533,-0.24426468916004174,-0.12955857845986918,0.12955857845986918,37.01312740750436,-0.01335441925613168,0.029563668739169494,0.007123775599799836,0.05022261797858903,0.14184397112821234,0.051929184444498296,-0.025729459984019248,0.04110550282782516,-0.0008472974311746961,0.03152270703472837,1.461195945739746,0.9818779230117798,0.31954172253608704,0.0008097589015960693,-0.07541950792074203,0.34578871726989746,0.4240901470184326,0.011465834453701973,0.7884199619293213,0.0813768282532692,0.21342794597148895,-1.0680781602859497,0.5557161569595337,-1.1234700679779053,-1.1111741065979004,0.7858015894889832,-1.3615050315856934,-0.9062151312828064,-0.7644467353820801,-1.118645191192627,1.9387366771697998,-0.46210387349128723,-1.1250075101852417,-0.6574339866638184,-0.2789508104324341,0.8892608880996704,-0.40256428718566895,-0.5130296349525452,-1.054653525352478,0.7670186758041382,0.6723504066467285,-1.5931353569030762,0.18190843332264697,观望,2025-04,5.0
2025-04-15,55.69,56.36,54.57,55.89,23998125.0,1863449830.0,630190920.0,0.03808072163273949,-0.004630454140694518,0.010486349665521644,0.023251556206517865,0.11646024770275676,-0.19928366762177652,54.412,58.088,63.8995,64.89633333333333,73.94633333333333,0.11646024747973227,-0.1992836677364922,-0.17869213825441688,-0.8206085666923558,42002247.0,0.5713533611666061,0.5791901883049033,40628342.5,0.5906744780444833,0.5718082108213285,36793106.25,0.6522451471462808,0.5724601972467066,0.6800915135382073,4799625.000000068,-41362597.75400002,0.038560855808865806,-0.6129063025051968,72.30694649551049,88.47202223242567,102.60450284342362,115.03637634377104,-0.22704521890617813,-0.36827486713064095,-0.45528706390898666,-0.5141536809801788,8.069682361843816,0.12392061470586892,0.05,2.4866885611200025,0.04449254894748751,7.684509382155553,0.13749345823547357,8.069682361843816,0.14438508427983476,4.33246919792548,0.952269126349733,0.027163125592302606,-0.03783914077987893,-0.12534526887920172,-0.1387803112956385,-0.24418159125615657,-0.125345268742322,0.125345268742322,36.72034239519926,0.003591309031497392,0.008409375557629363,0.02003936303094657,0.03202719627267359,0.7374301634780444,0.06653995396726559,-0.027400200646939384,0.018298846239134654,0.0004182447385843839,0.033637502236536054,1.6562472581863403,1.0074764490127563,0.32280364632606506,-0.10887080430984497,-0.09720645099878311,0.26157957315444946,0.3054165542125702,-0.26153096556663513,0.9214938282966614,0.09229907393455505,0.05199982970952988,-1.0088953971862793,0.7210436463356018,-1.0848537683486938,-1.1072821617126465,0.3569302558898926,-1.3963735103607178,-1.1726499795913696,-0.8405203819274902,0.2859983444213867,1.7938117980957031,-0.6810848712921143,0.27908575534820557,-0.7842907905578613,-0.35525041818618774,0.7706295251846313,-0.3735976219177246,-0.6192161440849304,-0.9558600783348083,0.6009098887443542,0.4652704894542694,-1.5708690881729126,0.4162813002274391,观望,2025-04,6.0
2025-04-16,54.03,54.07,52.32,53.41,29213219.0,2185694547.0,630190920.0,0.04635614077080006,-0.044372875290749736,-0.048797862867319686,-0.03435183511119155,0.06628069474945075,-0.22750940121492624,55.076,56.515,62.8815,64.46766666666666,73.52883333333332,0.06628069453657792,-0.22750940132665465,-0.27599295116226197,-0.8189026024595094,38625915.2,0.7563113740797524,0.7244629107311388,41768345.5,0.699410490176107,0.6614163017924742,34802924.15,0.839389784435685,0.723907817678525,0.8364431670419683,-18112195.78000013,-41499377.56600003,0.10721703959951084,-0.3662371988488612,72.3102717025515,86.7541915554817,102.12709113150325,114.35941523093547,-0.261377412330821,-0.3843525132057414,-0.4770241724477693,-0.5329636839070508,8.043146984921574,0.12432944475979338,0.0,1.1016260708629757,0.020625839180990778,6.720274878636743,0.12582428154612432,8.043146984921574,0.15059252917834953,4.278007112359374,0.835528044294094,-0.03024911049635981,-0.054941166229330096,-0.15062458765286701,-0.17152267557821899,-0.27361828589597015,-0.1506245875177915,0.1506245875177915,33.96081811712583,-0.011475106420234193,0.0007489234224398037,0.020408163261485018,0.03276539973174211,0.6228571392979572,0.05012884332091772,-0.028626206966915185,0.024780844493386227,-0.0007605780234142668,0.21643886912563204,1.478338360786438,1.124128818511963,1.3028666973114014,0.9060366153717041,0.8469616770744324,1.22275710105896,1.2768574953079224,-0.25720202922821045,0.9235635995864868,-0.18679921329021454,0.9413284659385681,-1.0252747535705566,-0.14487218856811523,-1.2281097173690796,-1.2640273571014404,-0.2701910138130188,-1.305421233177185,-1.127750277519226,-0.8018216490745544,0.5340611934661865,1.1738425493240356,-1.0233346223831177,0.5224406719207764,-0.8224252462387085,-0.3505498468875885,0.7938417792320251,-0.3864944577217102,0.4073958098888397,-0.996149480342865,1.38780677318573,1.3546090126037598,-1.5974222421646118,1.058127498272873,买入 📈,2025-04,8.0
2025-04-17,53.7,54.55,52.79,53.58,21141274.0,1601045128.0,630190920.0,0.03354741131465366,0.003182924545965138,-0.04133118625872256,-0.045770258236865535,-0.019040644452581468,-0.24332721367038557,54.867999999999995,54.79200000000001,62.06999999999999,64.01766666666667,73.07383333333333,-0.019040644632178583,-0.2433272137772451,-0.23248818231879553,-0.8276848033847614,30926986.4,0.6835866167678074,0.6690954187558196,40884919.2,0.5170922289605502,0.5057727910519183,33600954.7,0.6291867058170223,0.5569587514095121,0.6108840836088214,-2536952.8800000963,-45889696.96000003,0.09946217121760939,-0.645494280812446,72.31354564477621,85.55175517081365,101.73793890308413,113.7946783661557,-0.2590599793958449,-0.37371243999586523,-0.4733528064585575,-0.529151971170424,8.125642322788702,0.12306719383460756,0.0,1.2911312868972795,0.024097261789031484,4.485021491338557,0.0837070080347422,8.125642322788702,0.15165439196103317,4.098149461476561,0.5519590092269429,-0.023474520845761737,-0.022120017699277517,-0.13678105378817762,-0.1630435349883037,-0.26676899857904857,-0.13678105364910575,0.13678105364910575,34.32515945451804,-0.002234636871092331,0.01586412840316075,0.014744307574702428,0.03284807763478009,0.4488636338132748,-0.013015929722418886,-0.020368193038723285,0.022454506257685605,4.2548926544432534e-05,0.19970138111235536,1.4620569944381714,1.154147744178772,0.9867649078369141,0.6236650943756104,0.5170640349388123,1.0134440660476685,1.0430982112884521,-0.320955753326416,0.9169502854347229,-0.6399955153465271,0.7581771016120911,-1.0715981721878052,-0.6236105561256409,-1.4109852313995361,-1.440406084060669,-0.5181812644004822,-1.303701400756836,-1.148795485496521,-0.8627583980560303,0.21865059435367584,0.8987303972244263,-1.150542140007019,0.20078380405902863,-0.8205077648162842,-0.37136316299438477,0.8445957899093628,-0.29808926582336426,0.12186813354492188,-1.0073550939559937,0.899780809879303,0.9401276707649231,-1.6659396886825562,0.16996702629891589,观望,2025-04,5.0
2025-04-18,53.8,55.45,53.48,55.39,29424137.0,2264040435.0,630190920.0,0.04669082982027097,0.03378126166480033,0.037071709417712206,-0.008946144211844698,0.0014463930573132,-0.16088471443720653,54.88399999999999,53.73,61.338,63.603,72.67249999999999,0.0014463928762527,-0.16088471456432585,-0.20905326300027793,-0.8152847592404477,28874820.0,1.0190240839596572,1.013359081958916,39170287.4,0.7511851189531991,0.7654537058198152,33933431.6,0.8671135105593032,0.7873744470876616,0.8588348215801973,46784377.8300001,-33899697.74200006,0.07068943807808917,-0.25855713784228984,72.31970723913687,84.73738970007383,101.29548663900809,113.26752201990313,-0.23409535084477107,-0.34633341673549645,-0.4531839291379667,-0.5109807382360939,8.029680205993662,0.1245379608029946,0.0,1.2984529256022426,0.02344200984596177,2.2179670371239295,0.040042734008367976,8.029680205993662,0.14496624308618883,3.946138785656807,0.276221091931674,0.009219444463009374,0.03089521663299921,-0.09697088279745492,-0.12912912926605202,-0.23781347838070588,-0.09697088265023313,0.09697088265023313,38.23249882006649,0.029553903340231683,0.0010832280193025816,0.005777216102946888,0.03556598663376685,0.969543142286582,0.0014739093602741916,-0.006442263831311505,0.036242596949595675,4.2746555256771985e-05,0.2222422820003611,1.2412477731704712,1.09260094165802,1.423952579498291,1.0756950378417969,0.9189381003379822,1.169050693511963,1.4046846628189087,-0.2295675426721573,0.9564908146858215,-0.03176606446504593,1.0774439573287964,-1.0178056955337524,-0.7071559429168701,-1.2661532163619995,-1.2809906005859375,-0.42701348662376404,-1.3551350831985474,-1.2380343675613403,-0.8085533380508423,-0.25462964177131653,0.34696197509765625,-0.9859507083892822,-0.2574707269668579,-0.878670334815979,-0.3899124264717102,0.8972818851470947,-0.3836199641227722,0.5906037092208862,-0.9560851454734802,1.101882815361023,1.1370091438293457,-1.675694227218628,0.541920569439473,观望,2025-04,6.0
2025-04-21,56.64,57.97,55.85,57.92,36380054.0,2923647784.0,630190920.0,0.05772862293858502,0.045676114822170044,0.08100037327360954,0.08444111589589975,0.03152270703472837,0.09696969696969715,55.238,54.242000000000004,60.8525,63.331333333333326,72.23066666666666,0.03152270685101999,0.09696969676193756,-0.14357533651581011,-0.7886345487422891,28031361.8,1.2978339853613527,1.3488100984594573,38816556.8,0.9372303212633223,0.9919742077870723,34605821.75,1.0512697621463067,1.0044034562087973,1.0587885935145376,46566469.12000004,-13515610.99000003,0.14086038260682368,-0.10388095576200873,72.33291746979017,84.11388385106041,100.62055095666804,112.75550662870373,-0.19925806913304345,-0.3114097536792101,-0.4243720646596033,-0.48632220516975144,7.9220504223803605,0.12622994621602368,0.0,1.8528275688808649,0.03198942625277919,2.546111632359266,0.04395910966712146,7.9220504223803605,0.13677573240698554,3.848557443824178,0.3213955344127024,0.04855353179902355,0.06780723404966493,-0.0481902963644566,-0.08544480366451901,-0.19812452708939987,-0.04819029620804405,0.04819029620804405,43.309626162705776,0.02259887005250728,0.0008632596683591947,0.013639502760076038,0.03660220993843189,0.9764150897338925,0.04091124050025987,0.004262701534345526,0.04750359199742798,0.0007123775558294817,0.42351519337016574,1.1961792707443237,1.1089239120483398,0.7517024874687195,0.49628037214279175,0.33292803168296814,0.7067244648933411,0.7135068774223328,0.15653716027736664,1.01210618019104,0.5315744280815125,0.5874331593513489,-0.7662017941474915,-0.20814046263694763,-1.0008794069290161,-1.0015361309051514,0.42821255326271057,-1.4396092891693115,-1.436056137084961,-0.9239130616188049,-0.11848647892475128,0.1457616537809372,-0.9373199939727783,-0.1573992669582367,-0.9146299362182617,-0.4417949318885803,0.9253065586090088,-0.4112778306007385,0.0113129373639822,-1.0778568983078003,0.10441732406616211,0.11254808306694031,-1.7979570627212524,0.43317345807918545,观望,2025-04,6.0
2025-04-22,57.62,58.25,56.63,57.77,31109075.0,2510831131.0,630190920.0,0.04936452432542189,-0.002589779005524817,0.04296804477342486,0.07820082120194116,0.033637502236536054,0.1540151817818618,55.614,55.013,60.205,63.01833333333333,71.7775,0.03363750205159466,0.1540151815513353,-0.18311651595261347,-0.735476475050116,29453551.8,1.0562079307528536,1.0930668283295422,35727899.4,0.870722195327274,0.9106471710323132,34172642.75,0.9103502830491503,0.8840399083879583,0.901118835880745,4666361.250000177,10633363.052999988,0.6568238893170367,0.29631273276558057,72.34466529461545,83.11263806923449,100.08396823267228,112.26194267892782,-0.20146150701315402,-0.3049191874781253,-0.4227846775050126,-0.48539996171967414,7.595593944414152,0.1316552735706539,0.0,2.1800756867606506,0.0377371591896015,2.293890678396743,0.03970729925566332,7.595593944414152,0.1314799020789225,3.689374769265308,0.302002804805496,0.03876721670105243,0.050115427071762086,-0.04044514591139514,-0.08328264276269604,-0.19515168413567596,-0.040445145752013856,0.040445145752013856,43.083513668682066,0.0026032627555358048,0.00830881080001573,0.017136922275032468,0.02804223645005323,0.7037036993598552,0.03552819663294623,0.006115526903774187,0.029618432534592967,8.75672562801756e-05,0.4604465985805781,0.9812964797019958,1.1083401441574097,-0.052480172365903854,-0.07922100275754929,-0.310486763715744,0.4361180365085602,-0.19154465198516846,0.3716731667518616,1.0574965476989746,0.9786553978919983,-0.021592797711491585,-0.019075505435466766,0.7086195945739746,0.05426562577486038,0.06399933993816376,1.1328800916671753,-1.3650139570236206,-1.4867973327636719,-0.7539842128753662,0.22248291969299316,-0.029975101351737976,-0.6969017386436462,0.1784486025571823,-0.9928512573242188,-0.5778438448905945,0.8381414413452148,-0.3228033185005188,-0.5740380883216858,-0.24271290004253387,-0.9099409580230713,-1.0092390775680542,-1.6858125925064087,0.8401945965292871,观望,2025-04,7.0
2025-04-23,61.77,66.52,60.36,64.97,81842666.0,7231729895.0,630190920.0,0.12986963696652437,0.12463216202181049,0.12171961325966851,0.17295540711319735,0.21643886912563204,0.2970652824915152,57.926,56.501,59.936,62.94766666666666,71.34683333333332,0.2164388688978771,0.2970652822325681,-0.07647476914335805,-0.5797034644110283,39979441.2,2.047118807653569,2.187284834396071,39302678.2,2.082368676850118,2.2873476829708257,36417484.35,2.247345401824824,2.3991886952679,2.238388752319238,261896531.19999966,28525938.132999934,0.8778524935367944,1.801562744591755,72.40353633768277,82.76902669006022,99.22606658119595,111.43346019875469,-0.1026681390673172,-0.21504453298346826,-0.3452325357789373,-0.4169614774223258,7.307187809561923,0.13685155283992023,0.0,4.329010279498601,0.06663091086397249,3.335364214660228,0.05133698959745819,7.307187809561923,0.1124701832913225,4.050848000032071,0.45644977206295323,0.12160342486593168,0.14989115216546778,0.08398958871396323,0.0321272166245834,-0.08937794495583129,0.08398958889482122,0.08398958889482122,55.17953192677909,0.05180508336541921,0.023857164841641153,0.02170232414626721,0.09481299059645787,0.7483766221617266,0.44307607969435076,0.01525043730373933,0.19409345625988988,0.011212633646771563,0.26997075573341545,0.8187937140464783,1.261751651763916,0.4091729521751404,0.5228664875030518,0.23996005952358246,0.09990762174129486,0.3112042248249054,-0.19272233545780182,1.1612987518310547,-0.08710285276174545,0.5197354555130005,0.21142593026161194,0.6331288814544678,0.4139680862426758,0.4078904390335083,0.36786961555480957,-1.3559085130691528,-1.487499475479126,-0.7854912877082825,0.029514184221625328,0.10956153273582458,-1.0727262496948242,0.0178537517786026,-1.0935750007629395,-0.699199914932251,0.7826290726661682,-0.24466288089752197,-0.09653519839048386,0.48854416608810425,-0.07731090486049652,-0.11080486327409744,-1.6888681650161743,0.8159418965807989,观望,2025-04,7.0
2025-04-24,64.69,65.9,64.03,64.28,41444587.0,3774661884.0,630190920.0,0.0657651287644703,-0.010620286285978109,0.11268824649472031,0.10980662983425415,0.19970138111235536,0.17685829366532424,60.06600000000001,57.467,59.671499999999995,62.86466666666666,70.83883333333333,0.1997013808884469,0.17685829344986126,-0.07603852248439846,-0.42228694008035533,44040103.8,0.9410646983988261,1.0090028917987701,37483545.1,1.105674153536774,1.23076784700893,37322879.1,1.1104338143088213,1.2228365439021416,1.117757024795103,-16992280.66999986,36249185.10999998,0.8135618110623651,0.9603637415607025,72.43822929974392,82.70552232531278,98.48966860170253,110.96084430968615,-0.11262325678870178,-0.22278466790691542,-0.3473427120569189,-0.4206965493106942,7.030617458097479,0.14223501769761412,0.0,4.288033348751411,0.06670867062981214,4.0519543981190616,0.06303600493915218,7.030617458097479,0.10937488265407173,3.8950731428869227,0.5763298055263901,0.07015616137745861,0.11855499658611812,0.07723117383051692,0.022513971649811726,-0.09258810505171278,0.07723117401104385,0.07723117401104385,53.995233764172845,-0.006337919306486589,0.018823895454445693,0.003889234598025944,0.02909147479323413,0.13368983885727326,0.18793191998632772,0.011148440259435479,0.02737695995227193,-0.0012656912374649195,0.28967019290603613,0.9131569862365723,1.442541480064392,-3.1684324741363525,-2.748908758163452,-2.850137710571289,-3.271110773086548,-3.241804361343384,3.056264638900757,1.080794334411621,2.2628824710845947,-2.4865469932556152,1.0470107793807983,1.9060899019241333,1.0699480772018433,1.05796480178833,2.130507707595825,-1.2817820310592651,-1.4521123170852661,-0.7517989873886108,1.4181376695632935,1.2121044397354126,-0.4068128764629364,1.3931998014450073,-1.0168018341064453,-0.764538586139679,0.7549391984939575,-0.05751723051071167,-3.6526248455047607,1.333714246749878,-3.1306638717651367,-3.3528614044189453,-1.5473662614822388,-0.2238067056036284,观望,2025-04,4.0
2025-04-25,66.16,69.9,65.83,67.7,58314215.0,5579540390.0,630190920.0,0.09253420376161561,0.05320472930927189,0.04201939356626139,0.17188852345508043,0.2222422820003611,0.22401012475140125,62.528,58.706,59.67049999999999,62.927,70.28933333333335,0.22224228177969985,0.22401012453010116,-0.0002953338747346823,-0.21887758142129263,49818119.4,1.1705422786392854,1.2669019594402773,39346469.7,1.4820698132417198,1.6810209441606532,38957663.05,1.4968612189380286,1.7198959837693335,1.5329683631002138,89803891.10000037,38602184.397000015,0.8259030361550082,0.9818496290987229,72.49882792112041,83.27283424666305,97.52188159664084,110.53520345484398,-0.06619180004318947,-0.18700977800917218,-0.3057968233220395,-0.3875254409093577,7.029413747360356,0.14225937389912785,0.0,4.462473529333693,0.06591541401291785,5.082381768859643,0.07507210883469605,7.029413747360356,0.10383181309190602,4.018282204109286,0.7230164483543148,0.08271494353206332,0.15320410159895004,0.13456398033625283,0.0758497940350169,-0.03683821171962964,0.13456398052639096,0.13456398052639096,58.72394627355032,0.023276904470484243,0.03249630723301388,0.004874446084952051,0.06011816838107571,0.45945945833056673,0.2601439871826973,0.01681691244879757,0.07037085780440461,0.005173112362288514,0.22703101920236324,1.1267703771591187,1.4137773513793945,-0.19855117797851562,-0.14539730548858643,-0.3578355014324188,-0.8730298280715942,-0.4531828463077545,-0.2783607244491577,1.1835330724716187,-0.37478092312812805,-0.30859896540641785,0.6312975287437439,1.2768151760101318,0.6969045400619507,0.6895012259483337,0.9251915812492371,-1.015795111656189,-1.3529915809631348,-0.46060192584991455,1.286635160446167,1.6063793897628784,-0.38005679845809937,1.2580738067626953,-1.134558081626892,-0.8471804857254028,0.7063704133033752,0.01565607637166977,-0.8853814601898193,0.779617190361023,0.2625790536403656,0.07779376953840256,-1.3683416843414307,1.4457650110855833,买入 📈,2025-04,8.0
2025-05-15,85.36,85.37,81.96,82.45,47081106.0,5521199610.0,630190920.0,0.07470927381816292,-0.024837374334713114,0.00012130033964097287,0.027030393622321958,0.07356770833333348,0.2706118045923871,81.482,74.6,67.09,64.55300000000001,68.584,0.07356770819354597,0.27061180439657706,0.4683882455087467,0.9518063516116466,57767966.6,0.8150036909902242,0.8289630007574869,51214362.6,0.9192949713680512,1.0030219617215614,45303669.1,1.0392338398922305,1.2437376150112154,1.0759331611559253,-137006018.45999983,69955057.26599984,0.8123425367396989,-0.5124782798798724,73.31658688559837,97.98764113567128,96.98667344324147,107.71861340150686,0.1245749904950324,-0.15856735559291857,-0.14988320484822715,-0.2345798242623255,10.249533493877003,0.09756541598910219,0.3,2.6024738231154236,0.031564267104909415,8.24256162987096,0.0999704260627199,10.249533493877003,0.12431211028058074,4.198886226020824,0.8041889542341722,0.011879924276296805,0.10522788188937993,0.22894619149963558,0.277245054253521,0.20217543432838925,0.22894619168281416,0.22894619168281416,70.34585419279048,-0.034090909086915276,0.00012128562763847495,0.005942995754282343,0.041358399024698934,0.1436950142413658,0.05995795382935906,0.027053177383127226,0.03370724785857612,-0.0025079900517588874,0.015767131594905948,1.1746786832809448,0.8872662782669067,-0.9878922700881958,-1.3200089931488037,-1.5752202272415161,-1.2972736358642578,-1.4095431566238403,0.22922536730766296,0.41974127292633057,0.19732233881950378,-1.8899904489517212,1.8643968105316162,1.4395917654037476,1.89742112159729,1.8807735443115234,1.0059850215911865,0.4790816605091095,-0.05706820636987686,1.1438376903533936,2.3883049488067627,2.2642288208007812,1.9697693586349487,2.3580691814422607,-0.6418002247810364,-0.8001855611801147,0.7691701650619507,0.757274866104126,-1.8187928199768066,0.7571932077407837,-0.177559494972229,-0.44036170840263367,-0.1811056137084961,2.5353888039013652,买入 📈,2025-05,9.0
2025-05-16,82.4,86.48,81.69,84.37,37802844.0,4500231761.0,630190920.0,0.059986335569544545,0.023286840509399553,-0.0021289178001181464,0.023410965550703544,0.0859827519629297,0.3125388923459864,82.81800000000001,76.60900000000001,68.514,65.03866666666667,68.52816666666668,0.08598275182314574,0.31253889214179553,0.5095723740365767,0.9608170132033124,54109347.8,0.6986379532743139,0.7097241445114341,52032155.0,0.7265285091497747,0.7913801719447842,45993905.05,0.8219098586846345,0.9845096466978794,0.8551637924685199,74471602.67999996,79387087.17399985,0.78330377059938,-0.3261037189537681,73.39188589070594,99.38357618212285,96.9191661294684,107.56818893433335,0.14958212309249697,-0.1510669746338178,-0.12948074803599452,-0.2156603096524664,10.584518684828103,0.0944776072329702,0.35,1.741284009000476,0.020638663136115794,7.888445065762656,0.0934982228852397,10.584518684828103,0.12545358164719175,4.241108638447908,0.745281414601986,0.018739887341068462,0.10130663484691005,0.23142715339471853,0.2972283152641668,0.23117258335655078,0.2314271535744521,0.2314271535744521,72.05082653383829,0.02390776698738982,0.025008889412704877,0.008415313499061928,0.05677373473310737,0.5594989549906083,0.0600708138482742,0.02922183099777949,0.03966428583367696,0.0020556555955223354,-0.022519853028327708,1.485349178314209,0.9752951860427856,0.41450899839401245,-0.005209357012063265,-0.3373139500617981,0.6677054166793823,0.17279134690761566,-0.9166607856750488,0.14959971606731415,-0.6576282382011414,-0.4265764057636261,1.807788610458374,0.266836017370224,1.5407865047454834,1.560552954673767,-0.009947173297405243,0.8538714647293091,0.34376949071884155,1.356173038482666,0.5236431360244751,1.8504867553710938,2.1331746578216553,0.5113279819488525,-0.3889954388141632,-0.6240189075469971,0.8062665462493896,0.5914917588233948,-0.5463705658912659,0.7602887153625488,0.6993427276611328,0.6082653403282166,-0.19810251891613007,2.4221059368500693,买入 📈,2025-05,9.0
2025-05-19,84.3,85.01,82.17,82.51,27751376.0,3244744281.0,630190920.0,0.04403645803084564,-0.022045750859310154,0.000727713765918736,-0.024127735068007028,0.0277777777777779,0.29164057608015037,83.26400000000001,78.47200000000001,69.969,65.48433333333334,68.4355,0.027777777649753865,0.29164057587795233,0.544841789637738,0.9561756784642325,47905226.8,0.5792974557005959,0.5719154389766121,52266486.0,0.5309592843107913,0.5611295097088126,45920812.9,0.6043311136593577,0.7017193812357634,0.6231131343712817,-49674963.039999776,75385097.37799987,0.8050222556833019,-0.5278128195134344,73.44444276078436,100.69489107737463,96.71505054822585,107.40577605553858,0.12343421637417884,-0.1805939793251401,-0.1468752843296366,-0.23179178038493187,10.397432324731442,0.09617759152513197,0.4,1.093974405551013,0.013258688709470685,6.651104837209829,0.08060968169196137,10.397432324731442,0.12601420825925705,4.141029449987344,0.6396872442239964,-0.009055534323470393,0.05145784470238324,0.17923651886131942,0.25999602939227273,0.20566080452314073,0.17923651902985616,0.17923651902985616,67.97356680454241,-0.021233689202700537,0.00860501757258463,0.004120712640392635,0.034420070290338174,0.11971830943761265,0.01609159599168329,0.023509053989982043,0.019939459144228573,-0.000589824697356595,-0.0019391588898316492,1.5012208223342896,0.8005239963531494,0.7975545525550842,0.28792211413383484,0.016203438863158226,0.7353537678718567,0.6181522011756897,0.4091607630252838,-0.04906882345676422,0.28228145837783813,-0.052972082048654556,2.282956838607788,-0.2587849497795105,1.8744980096817017,1.8825920820236206,-0.10410451889038086,1.117690920829773,0.5899485945701599,1.590274691581726,0.8381391167640686,1.5176013708114624,2.1539015769958496,0.8225000500679016,-0.1914111077785492,-0.48835116624832153,0.8127532005310059,0.5000773668289185,-0.055662285536527634,0.7179542779922485,1.0044349431991577,0.9691725969314575,-0.07592469453811646,2.6187694410680753,买入 📈,2025-05,9.0
2025-05-20,83.07,84.0,82.1,82.9,20833885.0,2425349739.0,630190920.0,0.033059640084944414,0.00472669979396434,-0.01742325471139028,0.00545785324439052,0.005579815623483864,0.2445578741930643,83.356,80.101,71.435,65.88733333333333,68.378,0.0055798155015067685,0.24455787400622175,0.5472191113200413,0.9479663040397606,39995690.4,0.5209032471158442,0.5103785698414917,50479141.8,0.41272264656448654,0.42836559902087595,45905443.45,0.4538434537222621,0.5198804699157586,0.47101454700760126,-3541760.4499997394,73018140.3289999,0.818879294769327,-0.6549628299643169,73.48335539296419,101.62643323076318,96.60582339488502,107.32143086020174,0.12814663343390875,-0.184267346943497,-0.1418736771059983,-0.2275540930125447,10.025372286039376,0.09974691916379604,0.45,1.0244901170829683,0.012358143751017936,5.275714696186353,0.06363950175572929,10.025372286039376,0.12093332068552524,3.9809559178453915,0.5262362873317509,-0.005470512140041239,0.03494338384852358,0.16049555523755932,0.25820845666973824,0.21237825013712341,0.16049555540001403,0.16049555540001403,68.37763999368448,-0.002046466834952725,0.011218335342434542,0.009650180939728704,0.022919179731855414,0.4210526293628856,0.0029065440765804634,0.015563541252196372,0.011938675143555129,-1.1418907368988708e-05,-0.03775633293124259,1.5586906671524048,0.9851267337799072,1.2055952548980713,0.7618937492370605,0.4163026809692383,1.0244654417037964,1.0227420330047607,-0.34291285276412964,-0.18692703545093536,-0.4181170165538788,0.37293046712875366,2.214883327484131,-0.33928781747817993,1.577239751815796,1.5975408554077148,-0.1984311193227768,1.1573920249938965,0.7546007633209229,1.5836546421051025,-0.09520898759365082,1.1198679208755493,2.0949761867523193,-0.09699869155883789,-0.04582391306757927,-0.3953895568847656,0.8360186815261841,0.49472877383232117,0.3056689500808716,0.818007230758667,1.21477210521698,1.1921148300170898,-0.136355921626091,2.0397527210890067,买入 📈,2025-05,9.0
2025-05-21,83.61,84.16,81.32,83.07,21959942.0,2551167368.0,630190920.0,0.03484649064762786,0.002050663449939538,0.006787056114410328,-0.015408320493066396,-0.017504435245417005,0.23948075201432406,83.06,81.706,72.81899999999999,66.456,68.34916666666666,-0.01750443536161983,0.23948075182938222,0.4997291927243672,0.9367491002449496,31085830.6,0.7064293144542836,0.6992299332403616,49376020.5,0.44474912675475736,0.4551476717102733,45532233.7,0.48229441464893463,0.5451721582738509,0.5058544172880033,-11858368.680000138,75989188.9909999,0.8036079156755616,-0.6698211907124305,73.52406611327785,102.77472572908277,96.55464037395696,107.24951269072908,0.129834139912975,-0.1917273492028091,-0.13965812851387394,-0.22545102615481838,9.595162651867447,0.10421918160638832,0.5,0.7772387020733893,0.009356430744911822,2.6339796675165568,0.0317079531383108,9.595162651867447,0.11550695378250125,3.8994590665707207,0.27451120531644235,0.0001203947748469325,0.016694000316170854,0.14077369901526082,0.24999999981190557,0.21537692468105551,0.1407736991719195,0.1407736991719195,68.56382732409568,-0.00645855758803278,0.006620922113082798,0.021066570359809012,0.034188034183918664,0.6161971809288824,-0.012365646190329335,0.007593444456533489,0.024151429551085273,0.00011305340382901907,0.018658962320934336,1.4646424055099487,0.9004550576210022,1.4667547941207886,1.0499845743179321,0.7346651554107666,1.0749645233154297,1.3297626972198486,-0.19214186072349548,-0.27977412939071655,-0.029611829668283463,0.7029449343681335,2.0344173908233643,-0.4199974238872528,1.3096442222595215,1.3157217502593994,-0.3922731876373291,1.0971086025238037,0.8172496557235718,1.602538824081421,-0.2174028754234314,0.6411095857620239,1.980825662612915,-0.21209074556827545,0.07520999014377594,-0.3398337960243225,0.845646858215332,0.4212363362312317,0.6398389935493469,0.8324589729309082,1.3333406448364258,1.330164909362793,-0.2135297805070877,1.7994477667985018,买入 📈,2025-05,9.0
2025-05-22,82.17,86.07,81.74,83.75,32063179.0,3799701121.0,630190920.0,0.050878516307407286,0.00818586734079707,0.010253317249698357,0.015028481396194282,0.015767131594905948,0.09049479166666674,83.32000000000001,82.401,74.1105,67.48766666666667,68.30983333333333,0.01576713147170805,0.09049479152467521,0.44595994450173326,0.9246139221632806,28082245.2,1.1417598119967982,1.1499474731980135,42925105.9,0.7469563167693897,0.7626393558830626,45316389.95,0.7075404513770187,0.8044478292548933,0.7430670519611862,50659822.81999995,2348726.3979999935,0.5341180091550116,-0.31897991096470846,73.58661148180502,104.23084235993957,96.45945885397627,107.21033911067731,0.1381146422363526,-0.19649502869038737,-0.13175959107562796,-0.21882534189597436,9.215041751055006,0.10851822769010572,0.55,0.7386474125052356,0.008819670596024346,2.0472064977540634,0.024444256686682042,9.215041751055006,0.11003034925319048,3.9302119903870976,0.22215922085193934,0.00516082561147857,0.01637116042082365,0.13006928827493147,0.240967485233208,0.22603139110386294,0.13006928842741572,0.13006928842741572,69.34142069093734,0.019228428864642984,0.027701492534005712,0.005134328357595983,0.051701492531140106,0.4642032321842895,0.01800227720552859,0.0022120779128369395,0.05903068639230839,0.0003031771659032119,0.19462686567164167,1.492027759552002,0.9058704376220703,1.4037240743637085,0.9837636351585388,0.6625885367393494,1.1401764154434204,1.290809988975525,-0.14336134493350983,-0.3142476975917816,-0.038015056401491165,0.6618866324424744,2.050043821334839,-0.5210727453231812,1.2568451166152954,1.258546233177185,-0.2556966543197632,1.0817384719848633,0.8776260614395142,1.5811254978179932,-0.4451998174190521,0.311165452003479,1.9449043273925781,-0.4480959177017212,0.13709205389022827,-0.3252321183681488,0.8372076749801636,0.3953721523284912,0.5635811686515808,0.8686996698379517,1.0274053812026978,1.0320111513137817,-0.24346321821212769,1.485445315480745,买入 📈,2025-05,9.0
2025-05-23,83.31,84.31,82.15,82.47,19282435.0,2251734603.0,630190920.0,0.030597767102071228,-0.015283582089552272,-0.007222824124232474,-0.005186972255729838,-0.022519853028327708,0.06152657999742561,82.94000000000001,82.879,75.3455,68.568,68.33850000000001,-0.02251985314418392,0.061526579860789576,0.427557555577712,0.9016656632143125,24378163.4,0.7909716037099002,0.7888258909056571,39243755.6,0.49135039970537364,0.4897546565196682,44725057.95,0.4311327001869205,0.47803360691214913,0.462120324094961,-16197245.400000066,-10995049.184000034,0.6055798769332054,-0.48992104932634173,73.62269629229819,105.31927484735657,96.28881562625499,107.13189318168735,0.12017087329396481,-0.21695245130079877,-0.14351423409228248,-0.23020122625727057,8.540268993052102,0.11709233042221763,0.6,0.5197114584081702,0.006301824400935517,1.2131634496463173,0.01471036073116544,8.540268993052102,0.10355606877672538,3.803768276788019,0.14205213550214396,-0.005666747165943287,-0.004934905222681918,0.09455773721130556,0.20274763720645983,0.20678680374799163,0.09455773735657735,0.09455773735657735,66.03046784026965,-0.010082823189283103,0.012125621436628396,0.003880198859721004,0.026191342303117295,0.14814814746227417,-0.017812564265127617,0.0009050781843070733,0.020716608024811636,0.00022706369750142763,0.2938038074451317,1.0568259954452515,0.9190558195114136,0.791476309299469,0.5979101061820984,0.2473849654197693,0.8754554986953735,0.7090458869934082,0.3486635982990265,-0.28614455461502075,0.049466654658317566,0.34342527389526367,0.9978789687156677,-0.1272086650133133,0.5048220157623291,0.4904261529445648,0.1842355579137802,0.783833920955658,0.774350643157959,1.635695457458496,-0.035741083323955536,-0.1310746967792511,1.8982572555541992,-0.06689722090959549,0.1940939724445343,-0.4728356599807739,0.7451897859573364,0.5491501092910767,0.13912412524223328,0.6410377025604248,0.11122502386569977,0.05791294574737549,-0.22581592202186584,0.8841939832600452,观望,2025-05,7.0
2025-05-26,83.24,83.66,80.67,82.35,21183155.0,2436686304.0,630190920.0,0.03361386895260249,-0.0014550745725718794,-0.016716417910447867,-0.008667388949079036,-0.0019391588898316492,0.02578475336322872,82.90799999999999,83.08599999999998,76.2145,69.64333333333335,68.3985,-0.0019391590107940004,0.025784753235452706,0.2675080804575176,0.8812486445389082,23064519.2,0.9184303742173819,0.9048464944248207,35484873.0,0.5969629650358336,0.5824936284675238,41692082.4,0.5080857990437052,0.5450396868311675,0.5179810927240176,-18853007.95000001,-8061047.537000075,0.5228305577336366,-0.2366809126869962,73.66066659245801,107.23039565061399,96.29293441537148,107.07350048969874,0.11796436021435164,-0.23202745359329957,-0.14479706636861756,-0.23090214083434524,8.310096886508665,0.12033554030159763,0.65,0.5564350815690509,0.0067569530236974065,0.8394733798982773,0.010193969396433973,8.310096886508665,0.10091192332118454,3.74564197130316,0.10101848273886753,-0.006730351834957848,-0.008858291528192508,0.08050305373905187,0.18245345313993377,0.2039737711786116,0.08050305388082313,0.08050305388082313,65.71367745476022,-0.010691975010728988,0.005100182148743169,0.020400728594972502,0.03630843958271902,0.5618729078198216,-0.0017809824248550446,0.0002628489853768068,0.03334677375320583,2.0733439685239395e-05,0.30078931390406805,0.7059608101844788,0.8530079126358032,1.3165518045425415,1.2517558336257935,0.9216483235359192,1.0037596225738525,1.1909950971603394,-0.12101347744464874,-0.24236777424812317,-0.3192055821418762,0.9570534229278564,0.6905027627944946,-0.18663308024406433,0.29729053378105164,0.2744240462779999,-0.14460305869579315,0.6215730309486389,0.5863960385322571,1.4376055002212524,-0.20664724707603455,-0.45214593410491943,1.664169192314148,-0.22357119619846344,0.16958674788475037,-0.41953107714653015,0.6846064329147339,0.4459577202796936,0.7860733270645142,0.6011590957641602,0.820404052734375,0.762930154800415,-0.3350428640842438,0.7192352115277243,观望,2025-05,6.0
2025-05-27,81.19,81.85,77.46,79.77,36662379.0,4081590491.0,630190920.0,0.05817662209414252,-0.031329690346083794,-0.03273917788286651,-0.04752238805970155,-0.03775633293124259,-0.03238719068413398,82.282,82.819,76.989,70.48166666666665,68.38816666666666,-0.037756333047315294,-0.03238719080150565,0.24097697553811814,0.8293472077148534,26230218.0,1.3977153754497955,1.349653764034294,33112954.2,1.107191426610918,1.0497598956958443,41452972.0,0.8844330630865259,0.9098497577091913,0.9135941835307612,-52060578.18000006,-17071144.076000053,0.2890865573572588,0.7597475938837142,73.7203552933656,108.21913858432153,96.35438742388425,107.06174302808621,0.08206206661050675,-0.2628845410939462,-0.1721186535173107,-0.2549159228701011,7.848260886806179,0.12741676317194633,0.7,1.5104701254910227,0.018935315598616893,1.3419757407982693,0.016823063064185018,7.848260886806179,0.09838612117114603,3.8273818304957916,0.17099020514779031,-0.0305291559477735,-0.03681522367611112,0.036122043274218196,0.1317836788103126,0.16642986464523402,0.03612204340879854,0.03612204340879854,59.14376300700681,-0.017489838647925894,0.008273787136984566,0.02895825497944616,0.055033220502064294,0.5261958985735861,-0.05277260705859921,-0.0005448517533255225,0.07692077845625418,0.0006603521729348967,0.4067945342860726,0.40386784076690674,0.7207653522491455,1.1390308141708374,1.1747723817825317,0.9016413688659668,0.7695367336273193,1.0506614446640015,-0.08404127508401871,-0.17575880885124207,-0.2034742832183838,0.9466069340705872,0.4879685640335083,-0.27565884590148926,0.1800202876329422,0.15442252159118652,-0.2511775493621826,0.47225919365882874,0.4570589065551758,1.289144515991211,-0.05728282779455185,-0.6476758718490601,1.4141044616699219,-0.06617601215839386,0.13721990585327148,-0.43389949202537537,0.6269116401672363,0.4057208001613617,0.7618333697319031,0.5682543516159058,0.6212968230247498,0.6001118421554565,-0.39835330843925476,0.3893578326661055,观望,2025-05,6.0
2025-05-28,81.03,85.8,81.03,84.62,58052498.0,4831998720.0,882267288.0,0.06579921843367721,0.06079979942334224,0.02756527018822119,0.026070086091912303,0.018658962320934336,0.0008279124778238778,82.59200000000001,82.826,77.83500000000001,71.45866666666666,68.53733333333334,0.01865896219830776,0.0008279123594527871,0.24992614457165052,0.8158674364108485,33448729.2,1.7355666235594978,1.3883688373045528,32267279.9,1.7991134728403302,1.355612151705811,41439886.15,1.4008845919573065,1.0861773328433193,1.4248780879641214,208408467.8200002,4434795.116000024,0.45476303194218937,0.8882595409404999,73.74416851140539,107.35135280047095,95.79199800728055,106.68090713176602,0.14748056298055,-0.21174724125480437,-0.11662767495914883,-0.2067933965401857,7.704889425075161,0.1297877157649628,0.75,1.8364966648488141,0.021702867698319375,1.3521521939329668,0.01597910888410749,7.704889425075161,0.09105281758644095,3.9847116997460925,0.1754927446171428,0.02455443614096353,0.021659865136351097,0.08717158076865528,0.1841810648788793,0.23465556467015714,0.08717158090833177,0.08717158090833177,66.02109563223263,0.044304578545686264,0.01394469392413786,0.0,0.05636965255774403,0.7526205434955557,0.0323838722344679,1.3229301738194424e-05,0.09783328756086582,0.000826677456295917,0.3353817064523752,0.3650844395160675,0.8373013138771057,-0.1650850474834442,0.12884128093719482,-0.05606628954410553,-0.38858258724212646,-0.02954728528857231,-0.3417036235332489,2.7640722692012787e-05,-0.8899803161621094,0.16621385514736176,0.14171594381332397,-0.5502185225486755,-0.1892862468957901,-0.21739426255226135,-0.5682904720306396,0.24841642379760742,0.3196955621242523,1.3073596954345703,-0.2685800790786743,-0.341245174407959,0.8444132208824158,-0.30531045794487,-0.008589554578065872,-0.5665162205696106,0.5986064672470093,0.6051220893859863,-0.3029596209526062,0.22481173276901245,-0.7891589403152466,-0.6657612323760986,-0.4446961581707001,-0.8601540009759407,观望,2025-05,2.0
2025-06-13,99.11,102.81,98.88,100.05,32909580.0,3302767790.0,883801485.0,0.037236393645570756,-0.0075389346295010595,0.017181781211874636,0.004518072289156683,0.003208663391156108,0.1478889398806793,99.938,96.35,89.8235,84.74900000000001,73.807,0.0032086632905636847,0.1478889397489802,0.2134627045223212,0.9006393213951956,45775696.2,0.7189312830156365,0.7158567369689045,46451798.9,0.7084672882280991,0.7364184362670659,40133315.6,0.820006508507859,0.8209407503827669,0.7508974274272636,30935005.199999925,71957504.60699984,0.8284199876737464,-0.29640843342695555,74.22773116040437,100.24464592952793,96.03590629502584,104.54194580879593,0.3478789993431741,-0.0019417089832884926,0.041797842701069676,-0.042967880251737145,7.76175053166457,0.1288369156715441,1.0,1.0302766618720198,0.010297617808786044,5.373473943570355,0.05370788548758897,7.76175053166457,0.07757871595091238,4.445455147626896,0.6923018093310134,0.0011206947306208193,0.03840166050457694,0.11385105221753222,0.18054490304539939,0.3555624803398645,0.11385105234153658,0.11385105234153658,72.5359750486818,0.00948441125925894,0.027586206893794537,0.0022988505744829133,0.03928035981616396,0.29770992290659043,0.002306808488569164,0.007942802240919174,0.028239879479950603,3.0432282240193052e-05,0.09955022488755638,1.320814609527588,0.8899676203727722,-1.0095046758651733,-1.3605611324310303,-1.4572054147720337,-0.8380630612373352,-1.3442331552505493,2.018531322479248,-0.030998842790722847,1.3291958570480347,-1.8000317811965942,1.5706223249435425,1.2068778276443481,1.565226435661316,1.5378124713897705,1.3194384574890137,0.6276436448097229,0.33751702308654785,0.7971505522727966,1.1417597532272339,1.1645498275756836,1.3069325685501099,1.1005913019180298,-0.12222623080015182,-0.09218356013298035,-0.0026648491621017456,0.463691771030426,-1.9324209690093994,0.7328712940216064,-1.078446865081787,-1.327181339263916,-0.3607160747051239,0.49936977507947844,观望,2025-06,6.0
2025-06-16,99.6,108.2,99.6,106.7,58445551.0,6177113042.0,883801485.0,0.06612972708458394,0.06646676661669182,0.058426743378633184,0.08479056527043527,0.0577971646673936,0.20879120879120894,101.104,98.193,90.94,86.163,74.45116666666667,0.05779716456252637,0.20879120865426648,0.2646675357040811,0.9295951038744595,45797888.0,1.2761625819950473,1.324146177872312,48423700.5,1.2069616819144169,1.2959385484116406,41165450.95,1.4197719119119716,1.5040472246041738,1.3049468882692559,414963412.1000005,100790268.87199993,0.8476088486455541,0.0001629045609166102,74.30505626714492,99.76798459801641,96.27233812331953,104.32624192531624,0.4359722656879137,0.06948136147997741,0.1083142061359641,0.022753221345623187,8.506328294431013,0.11755953499691425,1.0,3.2520808723028396,0.030478733570740886,5.454229857032183,0.05111743070778827,8.506328294431013,0.07972191465448729,4.742208351367833,0.6411967257589894,0.05534894751391173,0.08663550343846982,0.17330107750458557,0.23835056796555953,0.433154170214505,0.17330107763360458,0.17330107763360458,77.8311393060371,0.07128514055509194,0.014058106840294462,0.0,0.08059981255102165,0.8255813943888589,0.07375857889393393,0.01067287014077983,0.1028584648934286,0.004120078999525471,0.005435801312089872,1.2273039817810059,0.9526761770248413,0.5182660818099976,0.35312986373901367,0.298869788646698,0.1627628654241562,0.3240891695022583,0.05753578245639801,-0.1409713178873062,-0.04086704179644585,0.005235910415649414,1.1098343133926392,0.6813486218452454,0.9806151390075684,0.9597596526145935,0.6434226036071777,0.5586084127426147,0.3990594446659088,0.6607179045677185,0.28413188457489014,0.7610904574394226,1.0687849521636963,0.22055551409721375,0.029925651848316193,-0.03286423906683922,-0.015685446560382843,0.48017418384552,-0.164069265127182,0.7520554661750793,0.49812573194503784,0.3886491656303406,-0.45121753215789795,0.5344786088205665,观望,2025-06,6.0
2025-06-17,107.0,108.67,105.11,107.12,36414888.0,3889874202.0,883801485.0,0.041202564849729804,0.003936269915651325,0.07066466766616708,0.0625929967265153,0.0755020080321287,0.24038906901343227,102.60799999999999,100.26899999999999,92.1705,87.60433333333332,75.00699999999999,0.07550200792414663,0.24038906886980227,0.2982668765848666,0.9442030294571483,44736126.4,0.813992871765491,0.8439863744531835,48978156.8,0.7434924133363875,0.7959105245707323,41598626.55,0.875386786057243,0.9397532558036447,0.8064494950885346,4369786.560000165,103666003.20299996,0.8104986877264604,-0.12875227667713707,74.3547714453571,99.50450088597937,96.32368952973698,103.98004835731702,0.44066073928721416,0.07653421750989042,0.11208364757384004,0.03019763591465985,8.98899823175712,0.11124710152402091,1.0,4.028780212421345,0.03760997210647167,4.2727988485311,0.03988796534850841,8.98899823175712,0.08391521873523122,4.657764897698702,0.475336487294259,0.043973179377439386,0.06832620240868814,0.1621939773395833,0.22277056296042042,0.42813337402800666,0.1621939774656751,0.1621939774656751,78.11809360534029,0.0011214953269980336,0.014469753546072625,0.01764376400134021,0.03323375653162495,0.5646067399870608,0.0614580963421336,0.009588630849238874,0.027052040918732534,8.467514906589895e-05,-0.003827483196415349,1.2693583965301514,0.8490358591079712,-1.1490752696990967,-1.4821051359176636,-1.6862406730651855,-0.9699676632881165,-1.55177640914917,3.420196533203125,-0.18580415844917297,2.3822200298309326,-2.0242464542388916,1.8851319551467896,1.8677406311035156,1.6527199745178223,1.62478768825531,2.0554592609405518,0.7742883563041687,0.5373712778091431,0.9513718485832214,1.31208336353302,0.9097641706466675,1.5992945432662964,1.2538540363311768,0.022542554885149002,0.04423271119594574,0.01784924417734146,0.3009926378726959,-1.9980075359344482,0.8405787348747253,-1.3970402479171753,-1.7215735912322998,-0.21380364894866943,0.8778916666759101,观望,2025-06,7.0
2025-06-18,106.09,112.56,104.53,112.22,56397702.0,6150881947.0,883801485.0,0.06381263548114541,0.047610156833457706,0.051733833177132205,0.12163918040979516,0.14091093940626265,0.21253376553214487,105.38,102.236,93.6365,89.12466666666667,75.71383333333333,0.14091093929026943,0.212533765401131,0.3536791313204246,0.9549253707713596,48795137.6,1.1558057784839608,1.2005998814553216,48233616.2,1.1692613252580466,1.2503979747196767,43376817.4,1.300180727413164,1.4219959064084327,1.232891370355032,345717913.25999975,112381335.78899996,0.7743298364879472,0.5594369688604746,74.43676429158388,99.71979140175462,96.557973872942,103.75946336481509,0.507588368032919,0.12535333681038408,0.16220334270546344,0.08153990355017471,9.755691604607906,0.10250426515149652,1.0,5.021190097974521,0.04474416411982783,4.817374111831329,0.04292794610053511,9.755691604607906,0.08693362683780582,4.898638833577366,0.49380139329311357,0.06490795207203393,0.09765640272529663,0.19846427395316324,0.25913514388918135,0.48215979887222393,0.1984642740811542,0.1984642740811542,81.28580795895967,0.05778112922445267,0.0030297629653333255,0.013901265370352786,0.07155587238713637,0.957658778383986,0.16286567801736163,0.009123638025683525,0.0827046907895131,0.008141993192270063,-0.016218142933523416,1.1989158391952515,0.8178990483283997,0.1952531337738037,-0.05751384049654007,-0.16012579202651978,-0.18488004803657532,-0.08297131210565567,0.17341861128807068,-0.23847077786922455,0.25754278898239136,-0.49819114804267883,1.4749112129211426,1.2741551399230957,1.255602478981018,1.215004563331604,1.2633305788040161,0.7058426737785339,0.5095306038856506,0.8243939280509949,0.7518894672393799,0.7700274586677551,1.4364114999771118,0.671201765537262,0.09217017889022827,0.04192526638507843,-0.00555511936545372,0.30266398191452026,-0.5305337905883789,0.7761944532394409,0.12286024540662766,-0.044280894100666046,-0.3431025445461273,0.5828238917181023,观望,2025-06,6.0
2025-06-19,110.5,114.89,110.5,113.0,44547661.0,5026398455.0,883801485.0,0.05040460075714853,0.006950632685795766,0.05489171023151607,0.059044048734770316,0.12092054359686544,0.16615067079463364,107.81800000000001,103.846,95.13300000000001,90.65733333333334,76.43,0.12092054348567394,0.1661506706742879,0.36029854323338184,0.9648672798529392,45743076.4,0.973866746749897,1.0238300401091254,47137678.7,0.9450541950424892,1.0272641794709756,44506203.35,1.000931502731742,1.129708308887966,0.9657092410397737,111369152.5,109641492.03899996,0.7611530439156308,-0.2564480512649395,74.50827621631197,99.97008062360368,96.83069324977865,103.5643240241492,0.5166100430499707,0.13033819013765857,0.16698534532342935,0.09110932808918437,10.328297408984117,0.09682137911345694,1.0,5.2035968329605495,0.046049529491150924,5.480608644222011,0.04850096144900001,10.328297408984117,0.09140086201831955,4.86230748832184,0.5306400873147086,0.04806247555620935,0.08814976011708198,0.18781074903684192,0.2464518404931626,0.47847703761893534,0.18781074916169982,0.18781074916169982,81.72162827552289,0.02262443438709281,0.01672566371533402,0.0,0.038849557518685886,0.5694760807073437,0.11776049640790844,0.008058467273099135,0.037834292193395624,0.002735758902143233,0.03362831858407067,1.1197928190231323,0.7062135338783264,-1.0018298625946045,-1.304620385169983,-1.442004680633545,-1.3803693056106567,-1.465403437614441,2.803107500076294,-0.33310458064079285,2.05129075050354,-1.9055054187774658,1.8993947505950928,2.0831241607666016,1.5455056428909302,1.5219553709030151,1.8996542692184448,0.9456904530525208,0.6494044065475464,1.030178189277649,1.696557879447937,1.1004422903060913,1.737135410308838,1.6323010921478271,0.15593406558036804,0.18964067101478577,0.02608446776866913,0.11613655835390091,-1.774031162261963,0.8030131459236145,-0.9099006056785583,-1.2846914529800415,-0.1654987633228302,0.7878260816400114,观望,2025-06,7.0
2025-06-20,113.97,113.97,108.2,110.01,43076037.0,4748592180.0,883801485.0,0.04873949380159731,-0.02646017699115044,-0.0196934592764213,0.026979088872292722,0.09955022488755638,0.10307831144089041,109.80999999999999,104.874,96.446,91.76433333333333,77.13633333333334,0.0995502247776563,0.103078311330284,0.3135522386491283,0.9700432992776056,47776367.8,0.9016180798909539,0.9134416550906229,46776032.0,0.9208997676416844,0.9678857194020547,45056846.25,0.9560375522288135,1.0560093013420413,0.9713565708212227,-170581106.51999974,74700152.35499999,0.7449595053516879,0.3089208978054414,74.57250862612032,99.80133241349532,97.06369257002389,103.47453609370015,0.4752085188866382,0.10228989272616418,0.13337950666400178,0.06316011796739773,10.473208627129303,0.09548172242600325,1.0,2.8693379027219432,0.026082518884293412,5.58588737603866,0.05077617830679846,10.473208627129303,0.09520233275317952,4.9271426677274235,0.533350147941839,0.0018213276566962922,0.04897305327831769,0.14063828451769522,0.19883178999842022,0.42617616409566916,0.14063828463596217,0.14063828463596217,74.55410337259363,-0.03474598578268434,0.0,0.016453049721256902,0.0524497772882056,0.3136915072553013,0.08975628261583124,0.005233922715670184,0.047289667489300094,-0.003458970694787476,0.1922552495227705,1.0139216184616089,0.7002784013748169,-0.31759271025657654,-0.537986159324646,-0.6355738043785095,-0.3259226083755493,-0.712436318397522,0.9860143065452576,-0.38287535309791565,0.8015950918197632,-1.119006633758545,1.5611648559570312,1.5267679691314697,1.2932264804840088,1.2349556684494019,1.5553791522979736,0.9277905225753784,0.627140998840332,0.9395501613616943,1.3186438083648682,0.9317571520805359,1.6606132984161377,1.2290163040161133,0.1864030957221985,0.1656578779220581,0.00986587256193161,0.17980390787124634,-0.9431390762329102,0.5888258218765259,-0.23128482699394226,-0.4986075162887573,-0.19024339318275452,0.528639189833599,观望,2025-06,6.0
2025-06-23,108.07,109.96,104.72,107.28,39966670.0,4283934713.0,883801485.0,0.045221320260623914,-0.02481592582492509,-0.05061946902654868,-0.04402067367670648,0.005435801312089872,0.06354713988301763,109.926,105.51500000000001,97.6865,92.75066666666666,77.74566666666666,0.005435801217859915,0.06354713977758042,0.3008366677214944,0.958145459327242,44080591.6,0.9066727226047482,0.8887948816944484,44939239.8,0.889349045018781,0.9033154104141373,46091058.0,0.867124161046596,0.931625682906092,0.912301425437151,-31573669.29999968,83968053.521,0.8006727158866246,-0.3161725860023118,74.6268198318173,99.76649474177833,97.20020089414649,103.3818143659993,0.43755288302210293,0.0753109075112699,0.10370142256013093,0.03770668620885376,10.196346236714154,0.09807434700663065,1.0,2.720014705842001,0.02535435035037712,5.441274871041965,0.05072031012802724,10.196346236714154,0.09504424157125012,4.953061048604036,0.5336494798610291,-0.024070738585587503,0.01672747940892494,0.0982070192812512,0.15664936807390628,0.37988398049453354,0.0982070193936726,0.0982070193936726,68.63502440706614,-0.007310076801396237,0.017617449662787343,0.02386278896123578,0.0488441461550294,0.488549617388265,0.004928492775170987,0.0032231306372679748,0.044285654977684746,-3.973612437967918e-05,0.220171513795675,1.0710057020187378,0.802948534488678,-0.05574869364500046,-0.2468419373035431,-0.2659132480621338,-0.5942528247833252,-0.26629647612571716,-0.845043957233429,-0.4779757559299469,-0.27907368540763855,-0.6173161864280701,0.9174118041992188,1.064490556716919,0.8238934874534607,0.7865840792655945,0.33475223183631897,0.9570915699005127,0.7839531302452087,0.9924371838569641,0.845562756061554,1.0568379163742065,1.3495192527770996,0.7759218215942383,0.3415531814098358,0.23487024009227753,-0.010310258716344833,0.30019405484199524,-0.7741385698318481,0.5823145508766174,0.04644903168082237,-0.09953999519348145,-0.2849409580230713,-0.352826634282289,观望,2025-06,3.0
2025-06-24,108.38,109.97,105.9,106.71,35081527.0,3766598264.0,883801485.0,0.03969389913392146,-0.005313199105145494,-0.029997272975184175,-0.05566371681415938,-0.003827483196415349,0.07138554216867465,109.84400000000001,106.226,98.90450000000001,93.63166666666667,78.35166666666666,-0.003827483289411182,0.07138554206110603,0.29581056450566967,0.9370083582730706,43813919.4,0.8006936489685512,0.7854801785720829,44275022.9,0.792354801921514,0.801045017108042,46785976.6,0.7498299608006899,0.8074444476887818,0.8154902309227869,-58586150.09000006,76440490.67200002,0.7971426141821694,-0.03661582043036904,74.67460542616284,99.70592114561097,97.27918861726141,103.26438072614522,0.42899985063213064,0.0702473712083782,0.09694582692135212,0.033366967870484654,9.711330590712738,0.10297250100069784,1.0,2.8297226012449994,0.026517876496858973,5.031598376483658,0.047152079242921356,9.711330590712738,0.0910067527860807,4.889985259418033,0.5181162688575731,-0.028531371852032805,0.004556323216109437,0.07891956371257924,0.13967852744196096,0.3619365678634445,0.0789195638216662,0.0789195638216662,67.43126203896456,-0.015408746999870035,0.014900196793655719,0.007590666291107501,0.038140755314577696,0.19901719852821068,-0.0030646414869036197,0.003365976736064167,0.030539060547245877,5.897672165276725e-05,0.4720269890357045,1.0219424962997437,0.8390837907791138,0.21577371656894684,0.10926563292741776,0.049201589077711105,0.18755988776683807,0.08322668820619583,-0.14783309400081635,-0.5716915130615234,-0.19262923300266266,-0.1953352689743042,1.0160459280014038,0.3561255931854248,0.7313358187675476,0.6986759305000305,0.05700206011533737,1.0257154703140259,0.9081931710243225,0.9425986409187317,0.22169551253318787,0.5838003158569336,1.2382690906524658,0.16726267337799072,0.43858322501182556,0.27774927020072937,-0.015668846666812897,0.34565478563308716,-0.4005802571773529,0.6466398239135742,0.05719713494181633,-0.00025703758001327515,-0.23184922337532043,-0.36075202007694873,观望,2025-06,3.0
2025-06-25,109.9,110.99,106.68,110.4,51364715.0,5606149812.0,883801485.0,0.0581179324449766,0.034579701996064305,0.029082774049216997,0.0035451322607036317,-0.016218142933523416,0.12240748271655155,109.47999999999999,107.42999999999999,100.436,94.56366666666668,79.03216666666667,-0.016218143021188736,0.1224074826024395,0.38397893927742555,0.9289074254972874,42807322.0,1.199904890102679,1.196276021467992,45801229.8,1.1214702143216249,1.1430031948744843,47521093.4,1.080882431884448,1.1824658833041353,1.2024031482279744,25682357.5,85471100.05600004,0.7936836949477278,-0.08924099425185794,74.74810904878984,99.76762991842271,97.49942914810579,103.13416140992882,0.4769604396004097,0.10657134072715868,0.1323143218848768,0.07045035796811838,8.917742456828627,0.11213600344702766,1.0,2.55100960405813,0.023106971049158154,4.3321152134071195,0.039240174030930414,8.917742456828627,0.08077665268134837,4.848557740888173,0.4857860865035417,0.008403361252429464,0.027645908868319413,0.09920745538460252,0.16746742041508544,0.396899574469016,0.09920745549404586,0.09920745549404586,70.97966974835548,0.004549590536437708,0.00534420289806655,0.02916666666402475,0.03903985506892744,0.8631090467213268,-0.019460229014318955,0.004803290920007813,0.04684411300610589,-7.378591000779352e-05,0.5380434782608696,1.0339778661727905,0.853521466255188,0.4647940695285797,0.35075926780700684,0.30560511350631714,-0.009077921509742737,0.36594241857528687,-0.2781842350959778,-0.6894323825836182,-0.059416357427835464,0.08466721326112747,0.9061520099639893,0.2636795938014984,0.6254733204841614,0.6024727821350098,0.08807887136936188,1.0737890005111694,1.0297836065292358,0.9087859988212585,0.12197786569595337,0.5241431593894958,1.1915087699890137,0.06771151721477509,0.580454409122467,0.38246452808380127,-0.016643058508634567,0.3339312672615051,-0.16375984251499176,0.665528416633606,0.3268645405769348,0.2749509811401367,-0.17262810468673706,-0.4560035831897744,观望,2025-06,3.0
2025-06-26,111.9,117.99,111.0,116.8,55644459.0,6426281924.0,883801485.0,0.06296035924854777,0.05797101449275344,0.09455533689438678,0.0887397464578672,0.03362831858407067,0.15861521674437062,110.24000000000001,109.029,102.045,95.63866666666667,79.85016666666665,0.033628318492599396,0.15861521662944011,0.3802883477451797,0.9288774413346886,45026681.6,1.2358107909066962,1.2939748304327152,45384879.0,1.2260572293252119,1.3014307660256754,47400691.45,1.1739166096067568,1.3330375093867997,1.3137257709459425,272657849.09999955,94495455.03100002,0.8620507395683196,0.24909945327993777,74.84200629265885,101.70275733076885,97.91624526366279,103.16414508880767,0.5606209104452715,0.14844477244732168,0.1928561975133769,0.13217629923123053,8.816412625266345,0.11342481816242597,1.0,4.010442618963241,0.034335981323800356,4.562035242692381,0.03905852091011811,8.816412625266345,0.07548298479889996,5.044375045110445,0.5174480178529621,0.05950653110853521,0.07127461491242948,0.1445930715718955,0.22126336615372488,0.46273958917271263,0.14459307168406088,0.14459307168406088,75.88678251761944,0.04378909740448705,0.010188356163511252,0.007705479451395128,0.05984589040583507,0.8297567942349691,0.041558238986242724,0.0061952757553839005,0.0739581971549505,0.001472553714021548,0.5710616438356164,1.0541664361953735,0.8044330477714539,-0.5232180953025818,-0.7211582064628601,-0.8689852952957153,-0.4024919271469116,-0.7308005690574646,1.1693007946014404,-0.6565713882446289,1.1168720722198486,-1.086303949356079,1.3215596675872803,0.9781427979469299,1.0476382970809937,1.0194368362426758,1.2416470050811768,1.0860059261322021,1.0374970436096191,0.9783134460449219,0.4821467399597168,0.5571568012237549,1.3603386878967285,0.4124876856803894,0.532173752784729,0.3663082420825958,-0.002857666462659836,0.17506054043769836,-1.2383575439453125,0.6074009537696838,-0.8898980617523193,-1.0339058637619019,-0.12781614065170288,-0.380882066253417,观望,2025-06,3.0
2025-07-11,134.29,134.35,130.05,131.16,31889434.0,4207384432.0,885151540.0,0.03602708977945178,-0.014205186020293192,-0.0323865732202141,-0.02830048896132753,0.02189326061550445,0.06478324403312219,132.246,129.844,120.593,112.512,92.50216666666667,0.021893260535886805,0.06478324394668089,0.31094452760510305,0.925300429474657,41775699.8,0.7633488882931889,0.7652520661943716,42190271.6,0.7558480377263083,0.7713560369737296,45173223.1,0.7059366547613025,0.7798921396668026,0.69933866425016,-99813928.41999985,34664511.94699986,0.4341119060034184,-0.2736391710638585,75.88594585569935,119.42536408034165,106.09567606552724,104.72184406751495,0.7283832799476049,0.09825915968540855,0.23624265251858545,0.2524607560905838,10.4834325937348,0.09538860388569127,1.0,3.652003559690799,0.027843881971731932,3.698147283891262,0.028195694446548528,10.4834325937348,0.07992858030600422,5.85283186993958,0.35276110637404867,-0.008211968678961235,0.010135239132333052,0.08762531812894392,0.1657423207155022,0.4179127334223258,0.08762531821913377,0.08762531821913377,70.3303725660566,-0.023307766771665187,0.00045745654159368485,0.008462946019482737,0.03278438548087938,0.25813953428339403,0.01671219615195838,0.0018266085515768289,0.025025924210204636,-0.0005102830104417512,0.390057944495273,1.6735872030258179,1.8577889204025269,-0.11160995811223984,-0.16645190119743347,-0.2926441431045532,0.07420819997787476,-0.26582127809524536,-1.0233192443847656,0.6114324927330017,-0.35569268465042114,-0.46194857358932495,1.4564646482467651,0.48037946224212646,0.525414764881134,0.49936383962631226,0.16228634119033813,2.35176682472229,2.323831081390381,1.432433843612671,0.07688593864440918,0.9573691487312317,1.3482156991958618,0.04222169890999794,1.8564867973327637,1.534866452217102,2.950415849685669,0.05692334473133087,-0.2705141007900238,0.8535569310188293,-0.4064271152019501,-0.4854699671268463,-1.2870699167251587,0.4996295241423335,观望,2025-07,6.0
2025-07-14,132.5,133.1,129.38,130.9,30361222.0,3987134030.0,885151540.0,0.03430059219012374,-0.001982311680390314,-0.01615933859451335,-0.034304684618222114,0.034864416159380296,0.03054637065029131,133.128,130.23200000000003,121.803,113.93299999999999,93.75233333333334,0.03486441607756641,0.030546370569158876,0.22680412359636337,0.9102596748533034,39695929.0,0.7648447275286087,0.755799589216248,39288279.7,0.7727806417545942,0.7805720102190233,43769006.65,0.6936694324087429,0.7543775474506519,0.6699214319553538,-48577955.199999824,16030291.714999918,0.3328461642520216,-0.255123518415422,75.95421117795725,120.75507463681495,106.64887443011187,104.86091818195821,0.7234067469058072,0.08401241433287265,0.22739223174624446,0.24832017752179025,10.187922726134962,0.09815543618653064,1.0,2.1294999412993887,0.016268143171403415,3.570268586226656,0.02727477911347523,10.187922726134962,0.07782981455581867,5.700486736372468,0.3504412703841455,-0.016735773164417878,0.005129307619852863,0.07468617348713202,0.14892085689405898,0.39623191585671846,0.07468617357536367,0.07468617357536367,69.84112741351616,-0.012075471697201808,0.004583651642124964,0.011611917493383429,0.028418640181175035,0.4086021494392444,0.026665864877865243,0.000833145509992169,0.02173584710610439,-0.0004210042695841208,0.36180290297937345,1.3780865669250488,1.8514881134033203,0.8002947568893433,0.8072031140327454,0.6817761063575745,0.4676849842071533,0.6213333010673523,-0.30274349451065063,0.5503615736961365,-0.131619393825531,0.40547484159469604,1.2308512926101685,0.004819536581635475,0.2682269811630249,0.2684990167617798,-0.15495622158050537,2.261657238006592,2.22629976272583,1.3741062879562378,0.03196755051612854,0.8016456365585327,1.0520806312561035,0.03132392093539238,1.822635293006897,1.5721032619476318,2.8730874061584473,-0.10181854665279388,0.7102890610694885,0.6168030500411987,0.6655136942863464,0.5623958706855774,-1.241965651512146,1.179713929268861,买入 📈,2025-07,8.0
2025-07-15,149.02,157.08,148.28,157.08,52532323.0,8097611416.0,885151540.0,0.0593483947392782,0.19999999999999996,0.1976212259835317,0.1806087936865839,0.16372795969773324,0.2349056603773585,137.54800000000003,133.22,124.301,116.29033333333335,95.48016666666668,0.1637279596115182,0.23490566028027482,0.466392830333608,0.8845871988481593,40636102.4,1.2927500399250886,1.4375592728822555,41642544.9,1.2615060661194122,1.4591404191384802,44574878.4,1.1785185935582942,1.4734405201627971,1.1409494641060007,423410523.3800001,52080585.44599992,0.5589789929935443,0.09827982238299415,76.12045231047286,123.2917895183759,107.94528169820137,105.38188153171073,1.0635715531394512,0.274050775105249,0.4551817136312808,0.49057881408895376,12.303524912120576,0.08127752057478214,1.0,11.076162241498343,0.07051287395462957,9.049628598887246,0.05761159026172096,12.303524912120576,0.0783264891223409,7.163309112345863,0.735531374640195,0.1420013376318081,0.1791022368128583,0.2637066474715646,0.3507571565406047,0.6451584184172463,0.2637066475732295,0.2637066475732295,82.80894887855023,0.054086699768213224,0.0,0.004710975298910742,0.05602240896001901,0.9999999988636362,0.21165932643609794,0.013533288650226214,0.07242297141976423,0.008855504995170327,0.1249681690858162,1.207480788230896,1.8582202196121216,0.6956722140312195,0.8009281754493713,0.6217174530029297,0.44936951994895935,0.537047266960144,-0.17765465378761292,0.467377245426178,0.049547404050827026,0.41157442331314087,1.0756120681762695,-0.09430119395256042,0.21006430685520172,0.21958117187023163,0.05674434453248978,2.1862974166870117,2.162353992462158,1.2328050136566162,0.11375182121992111,0.6380322575569153,1.0154657363891602,0.10075576603412628,1.8314155340194702,1.5699577331542969,2.698162794113159,-0.21156635880470276,0.6792640089988708,0.4137812852859497,0.5334916710853577,0.4297275245189667,-1.1771621704101562,1.0746534672284576,买入 📈,2025-07,8.0
2025-07-16,161.71,179.28,161.0,169.8,114938625.0,19663974703.0,885151540.0,0.1298519177857387,0.08097784568372801,0.29717341482047366,0.2946020128087832,0.25267428992991503,0.35861737878060485,144.398,137.702,127.18000000000002,118.86533333333334,97.41716666666667,0.25267428983750095,0.35861737867189825,0.5130992691576282,0.8708085185641946,56444696.0,2.0363051472542253,2.289521383350611,49633967.1,2.315725131711263,2.7763316653543315,47501924.55,2.419662489232765,3.186321837185553,2.4073022674466436,929853476.2500004,144855786.65299994,0.3984493676405805,2.2020203725481333,76.5601503683765,129.91833955704433,110.84691395764236,106.91992974940673,1.2178639825417146,0.30697483187463703,0.5318423755566641,0.5881042982161349,15.618129478944244,0.06402815399295285,1.0,17.974373980753622,0.10585614829031248,14.167166893130029,0.08343443399467422,15.618129478944244,0.09197956111910746,8.237358461464016,0.9070975434771927,0.17591656385989318,0.23309755840633417,0.33511558410637554,0.4285073303041673,0.7430192828700946,0.3351155842113538,0.3351155842113538,85.96632005736163,0.05002782758951038,0.05583038868929143,0.0041813898701896,0.10765606595361271,0.4814004373734139,0.5145219571630925,0.029921038010143584,0.21922060123448192,0.012640745808292473,0.025912838633686652,1.0975019931793213,1.4654604196548462,-0.7003179788589478,-0.7221829295158386,-0.8734033703804016,0.06632545590400696,-1.0810425281524658,2.512190103530884,0.12503619492053986,2.388317346572876,-1.1655479669570923,1.7464584112167358,1.6115467548370361,0.8855239748954773,0.9239374995231628,1.936156153678894,1.9635816812515259,1.8782918453216553,1.1335117816925049,1.0006519556045532,0.7474161982536316,1.7194955348968506,1.026565670967102,1.621725082397461,1.3403704166412354,2.042131185531616,-0.054211292415857315,-0.7264481782913208,0.9083232283592224,-0.9717627167701721,-1.3020553588867188,-0.8875797390937805,1.7709883942604085,买入 📈,2025-07,9.0
2025-07-17,167.01,185.0,167.01,183.5,67776128.0,12063487461.0,885151540.0,0.07657008425924447,0.08068315665488801,0.16819455054749155,0.40183346065699,0.37918075911311533,0.4152398580903902,154.488,143.086,130.705,121.752,99.55233333333334,0.37918075900945625,0.4152398579812402,0.6238938051660272,0.8657422563302775,59499546.4,1.1391032722225929,1.256100577702613,51838981.7,1.3074355586734063,1.5662803464114337,48663347.9,1.3927551416987485,1.8493132348280794,1.4074638450049148,1117628350.7200005,246376001.75700003,0.42970783014171493,0.2909277375155128,76.83633421613743,134.04802372012716,112.84697732435346,107.89368952415232,1.388193058297421,0.3689123860797934,0.6260958365997717,0.7007482162237393,19.677600008773393,0.05081920554569414,1.0,23.36376082740087,0.12732294728134955,19.858628239522968,0.10822140729395506,19.677600008773393,0.10723487742616372,8.933975714216587,1.009199710359844,0.1877945211804286,0.28244552218369035,0.4039248688723516,0.5071620998827813,0.8432516229142544,0.40392486897976343,0.40392486897976343,88.43089070416043,0.09873660259273483,0.008174386920535456,0.0,0.09803814713362194,0.9166203441263923,0.43192604346959645,0.04493784179527185,0.11167557420254877,0.03743901991312824,-0.05831062670299725,1.3790879249572754,1.2669591903686523,-1.9746407270431519,-2.245750665664673,-2.334132194519043,-1.6097244024276733,-2.431560516357422,3.4501378536224365,0.08931595087051392,2.103348731994629,-2.7031497955322266,1.8979394435882568,2.1671719551086426,1.0792222023010254,1.0683680772781372,2.332979440689087,1.4183112382888794,1.3049852848052979,0.9767081141471863,1.4755585193634033,1.3223285675048828,1.5396555662155151,1.449432373046875,1.0453507900238037,0.9603177905082703,1.3598183393478394,-0.04255267232656479,-2.5889153480529785,0.8597553372383118,-1.9241000413894653,-2.238246440887451,-0.6102938652038574,0.22683008571607047,观望,2025-07,5.0
2025-07-18,186.5,191.0,180.0,182.32,64348991.0,11974587488.0,885151540.0,0.07269827604886729,-0.006430517711171646,0.07373380447585376,0.1606824548001018,0.390057944495273,0.42049084534476044,164.72,148.483,134.32049999999998,124.50500000000001,101.62566666666666,0.3900579443892911,0.4204908452340872,0.657303881314671,0.8783256634088524,65991457.8,0.9751109180679441,1.073245690755705,53883578.8,1.194222663621593,1.4379228487587024,49726995.6,1.2940454218794588,1.7393482961841225,1.320159627793863,-268978782.3800004,225931867.45899996,0.37006409000141877,1.017878115992902,77.11804541402812,138.44643731100456,114.95073176816828,108.85216356799322,1.3641678030241566,0.31689918167008035,0.5860708078631593,0.6749322569607537,22.1612978137448,0.04512371107293845,1.0,21.739461814865376,0.11923794325182643,22.558977050291553,0.12373287104571207,22.1612978137448,0.12155165540000704,9.08154887748683,1.0179447625184053,0.10684798439127907,0.22788467358365017,0.3573505160152508,0.4643588609723015,0.7940349713037684,0.357350516116304,0.357350516116304,87.01345861997711,-0.022412868631506048,0.02468187801532021,0.012724879332342828,0.06033347959300497,0.21090909071735472,0.3803497603564808,0.05202853952925178,0.05883183467616865,-0.008742317466272473,-0.00021939447125929323,1.2859963178634644,1.1795520782470703,-0.9076034426689148,-1.2382092475891113,-1.201259732246399,-0.3971746265888214,-1.460841417312622,3.480530261993408,-0.005682557821273804,1.9814753532409668,-1.8008015155792236,2.2878475189208984,2.335200548171997,1.3323050737380981,1.3622840642929077,2.225557565689087,1.809874176979065,1.6230958700180054,0.9246286749839783,1.6193478107452393,1.2067947387695312,1.5200927257537842,1.6342334747314453,1.3218475580215454,1.2101067304611206,1.5822161436080933,0.018542282283306122,-1.3134043216705322,0.94087153673172,-0.8769381642341614,-1.291357159614563,-0.7365910410881042,1.8317217820841727,买入 📈,2025-07,9.0
2025-07-21,184.83,186.6,173.79,178.26,60642007.0,10816017643.0,885151540.0,0.06851031067516417,-0.022268538832821427,-0.02855585831062679,0.049823321554770095,0.36180290297937345,0.4092813661158985,174.192,153.66,137.86950000000002,127.08466666666666,103.63383333333333,0.36180290287533956,0.40928136600448406,0.6616331094647994,0.8879237149453747,72047614.8,0.8416934713014259,0.8636828559282147,55871771.9,1.0853782677330839,1.2153838656104767,50760762.45,1.1946630443097292,1.4999061665377653,1.2421485124199954,-398417985.9900013,186130828.93599987,0.3032768074682,0.9973506665838416,77.36346382754843,142.06109556772427,116.68489712865431,109.65445908078637,1.3041884525408647,0.25481222911601975,0.527704136409824,0.6256520846878599,23.259318783300067,0.04299352052769721,1.0,10.969982680022271,0.061539227417294284,22.88893813371245,0.1284019866062405,23.259318783300067,0.13047974184895808,9.3478668148092,0.9840760315089577,0.023353540861615008,0.16009371331770827,0.29296182249932246,0.40268692251863425,0.7200946278753793,0.2929618225931041,0.2929618225931041,82.13529046722118,-0.03554617756665346,0.00992931672781717,0.025075732075335137,0.07186132614877926,0.3489461355589802,0.30452714133564185,0.05255254047589158,0.06048520905848994,-0.012860710229737496,0.08207113205430261,1.6967288255691528,1.3289092779159546,-0.11812371760606766,-0.5455316305160522,-0.560546338558197,-0.6689005494117737,-0.6029152870178223,-0.05447192117571831,0.15869221091270447,-0.009442619048058987,-1.058275818824768,1.9618507623672485,1.2841747999191284,1.1864986419677734,1.1971763372421265,0.9515149593353271,2.0450901985168457,1.7451375722885132,1.1464544534683228,1.7057799100875854,1.7381088733673096,1.5810579061508179,1.6805895566940308,1.3337904214859009,1.1442736387252808,1.8237981796264648,0.07970792055130005,-0.6998917460441589,0.6382091045379639,0.18574173748493195,-0.16620318591594696,-0.8278366923332214,1.102595555891603,买入 📈,2025-07,8.0
2025-07-22,178.27,184.2,174.83,176.71,56295828.0,10098102226.0,885151540.0,0.06360021471577623,-0.008695164366655406,-0.030770074594120178,-0.03700272479564026,0.1249681690858162,0.3091569121351312,178.118,157.833,141.36950000000002,129.655,105.49616666666667,0.1249681690141986,0.30915691203814233,0.6559835065452178,0.8913153739936385,72800315.8,0.7732909861910241,0.7813912756557131,56718209.1,0.9925529894772364,1.0883849421780045,51821477.5,1.086341623509287,1.341458332490325,1.1417644183466085,-87821491.68000013,136691942.16799992,0.3216377551903779,0.0716417014339914,77.59251452784147,145.26225585906926,118.76876092495145,110.33809875613427,1.277410405827144,0.21648943805086418,0.48784915009478746,0.601532036459671,23.588124013445892,0.04239421494503038,1.0,5.4271189410209235,0.030712008039804214,22.908882823530508,0.12964112286930052,23.588124013445892,0.13348494149799695,9.34944775660854,0.9712041025712668,-0.0079048721068109,0.11960109729146629,0.24998673679612726,0.3629246846351528,0.675037165488632,0.2499867368845472,0.2499867368845472,80.2847701756266,-0.008750771301466845,0.03355780657384642,0.010638899891877123,0.053024729780259905,0.20064034130134437,0.09663675871485747,0.040079449219430345,0.041003545584289744,-0.0010935678670063074,0.15952690849414286,1.749704122543335,1.3165525197982788,0.13143526017665863,-0.31122666597366333,-0.30361074209213257,-0.6962321400642395,-0.2819696366786957,-0.4147569537162781,0.1919098049402237,-0.3209417164325714,-0.7956845760345459,1.8878597021102905,0.7330139875411987,1.1958198547363281,1.2071478366851807,-0.03664030879735947,2.17956280708313,1.814544439315796,1.2526851892471313,1.5836223363876343,1.8994990587234497,1.4258390665054321,1.5671777725219727,1.3528112173080444,1.1962288618087769,1.8858251571655273,0.105239138007164,-0.4841814339160919,0.6306958794593811,0.4717112183570862,0.2223607897758484,-0.7429584860801697,0.8634448995245952,观望,2025-07,7.0
2025-07-23,172.61,175.55,169.8,174.2,43195628.0,7479016995.0,885151540.0,0.048800263060040545,-0.014204063154320767,-0.02277572085717494,-0.044537077665642855,0.025912838633686652,0.2851346366654368,178.998,161.698,144.5595,132.18300000000002,107.32816666666666,0.02591283857326765,0.285134636570628,0.577898550581712,0.8898788468629238,58451716.4,0.7389967422753047,0.7132218326055954,57448206.2,0.7519056008401528,0.7841725854052869,51413023.15,0.8401689951974745,0.9813246834805841,0.8718916702262027,68681048.51999892,139970481.3199998,0.33033381585576316,-0.6241852727923272,77.75684873799393,148.23769573935277,120.01402720164896,110.71932304262492,1.240317127395127,0.17513969123141848,0.45149699632449747,0.5733477699546281,23.493338467924065,0.04256525742136086,1.0,3.876341058264606,0.02225224487969049,21.97300505418277,0.12613665357589784,23.493338467924065,0.1348641703018107,9.17520148827936,0.9352866164521528,-0.026804768822735192,0.07731697355085898,0.2050401390980845,0.317869922658899,0.6230594949486954,0.20504013918144404,0.20504013918144404,77.24957340955228,0.009211517292786395,0.007749712973148827,0.01613088404040582,0.03300803673748519,0.7652173899735311,0.019149503333400094,0.03596592887559884,0.02439283161790513,0.0002386965606228373,0.35797933409873717,1.5656659603118896,1.3671164512634277,0.20450732111930847,-0.09703277051448822,-0.155154749751091,0.20873579382896423,-0.15522576868534088,0.5204987525939941,0.13749752938747406,-0.0031286096200346947,-0.568215012550354,1.8903982639312744,0.101374052464962,1.0639233589172363,1.1006678342819214,0.013695567846298218,2.2393572330474854,1.9148073196411133,1.2267616987228394,0.9049781560897827,1.6020538806915283,1.3985470533370972,0.9080883860588074,1.4709670543670654,1.3398374319076538,1.8836262226104736,-0.020337089896202087,-0.26230570673942566,0.6460643410682678,0.4779243767261505,0.2731069028377533,-0.6922150254249573,0.8770806191281657,观望,2025-07,7.0
2025-07-24,176.71,177.33,167.59,172.8,52664231.0,9043031132.0,885151540.0,0.05949741780938437,-0.008036739380022806,-0.022126648180634922,-0.03062941770447647,-0.05831062670299725,0.29875986471251403,176.858,165.673,147.3595,134.58266666666665,109.07983333333333,-0.05831062675431553,0.2987598646148997,0.47945205466785534,0.886604114729075,55429337.0,0.9501147560180991,0.915087316862447,57464441.7,0.9164664171791648,0.9281534307969908,51264011.75,1.0273138836037348,1.1665137633335698,1.0681467967272156,-205917143.20999983,143004611.19899982,0.32971243095584196,-0.22296784201068554,77.95344623449341,151.22081316919173,121.49205447208999,111.09291534111006,1.2167076421508893,0.14269984652618328,0.42231523494153156,0.5554547242676886,23.34741966470857,0.04283128559526706,1.0,3.7199892472947163,0.021527715550228234,19.691670009874983,0.1139564236616633,23.34741966470857,0.13511238231109632,9.21554423911655,0.8434195420407107,-0.022944961549777543,0.04301847609187859,0.17264241523806456,0.28396920842079965,0.584160836184126,0.17264241531764157,0.17264241531764157,75.53428635385187,-0.02212664817938277,0.003587962962755352,0.030150462961218188,0.05636574073747888,0.5349075969867482,-0.05540178686318069,0.034045605705156676,0.05355392200856918,0.001290218723312044,0.33715277777777763,1.5239251852035522,1.4054076671600342,0.4390304386615753,0.16603341698646545,0.10379984974861145,0.7047232985496521,0.14410126209259033,0.9037986397743225,0.0964009016752243,0.43591827154159546,-0.27365976572036743,2.037106990814209,0.11755407601594925,1.0427279472351074,1.0820235013961792,0.2151833176612854,2.2029800415039062,2.033466339111328,1.1586638689041138,0.20810456573963165,1.0234529972076416,1.3020879030227661,0.22703926265239716,1.5911086797714233,1.5196492671966553,1.886949896812439,-0.21541845798492432,0.04947158321738243,0.7465296983718872,0.33754435181617737,0.18133194744586945,-0.7866799235343933,1.1416517891627207,买入 📈,2025-07,8.0
2025-08-08,183.0,185.58,180.88,182.28,26191517.0,4801842960.0,885151540.0,0.029589867741742843,-0.007297679991286388,-0.02210300429184553,-0.0009317621266099474,-0.004587155963302725,0.053824362606232246,183.85,185.312,177.583,161.67,129.33316666666667,-0.0045871560176613535,0.05382436254530698,0.3897529733615619,0.6385623320239621,35062000.0,0.7470057897438821,0.7482701784229541,50024882.9,0.5235697813097728,0.5181745746760444,53584273.45,0.4887911193652658,0.50316224432882,0.5260790878578085,-18857892.23999997,72381588.71999994,0.4296296394873492,-0.4822413432811302,80.14868857433628,178.099442765702,136.51952621367116,118.32005702333073,1.2742730198378607,0.023473162910440548,0.33519361702667827,0.5405672088550248,13.690280878285344,0.0730445202812231,1.0,1.6884016109881734,0.00926268164853822,4.584453923622355,0.025150614018931584,13.690280878285344,0.07510577615500486,9.653503023367227,0.334869237602366,-0.008539570355804216,-0.01636159563242745,0.026449603789413967,0.1274819075197946,0.40938325940553644,0.026449603847215064,0.026449603847215064,65.72155672023925,-0.003934426229293194,0.014154048715484265,0.007680491551037967,0.025784507349913166,0.2978723397917611,-0.00342663206304531,0.0013537157671920537,0.019261176276078817,1.8047826953746943e-05,0.27935044985736224,1.4174385070800781,1.9515715837478638,0.5264781713485718,0.6613399982452393,0.5517957210540771,0.9673066735267639,0.5109660029411316,-0.3277742862701416,-1.8441438674926758,-0.3227227032184601,0.417066752910614,0.9981932640075684,-0.4223456084728241,0.5857092142105103,0.5806707739830017,-0.18899215757846832,3.0778326988220215,3.1208574771881104,0.6297542452812195,-0.16881635785102844,0.8300942182540894,1.0744739770889282,-0.20103824138641357,3.2014737129211426,3.0343892574310303,1.813963532447815,-2.6631886959075928,0.46319055557250977,0.02413211390376091,0.3874567449092865,0.4359671175479889,-1.540884017944336,0.49771191263715076,观望,2025-08,6.0
2025-08-11,182.33,196.3,182.32,192.89,41604654.0,7959458101.0,885151540.0,0.04700286009783138,0.05820715382927366,0.05048469665613764,0.03481759656652339,0.04547425474254729,0.08487064116985366,185.528,186.821,180.6825,163.86566666666667,131.14183333333332,0.045474254685881954,0.08487064110883713,0.47356760874915427,0.655545790345854,36708822.2,1.133369351196454,1.171308285416139,47710877.8,0.8720161086619118,0.8917389904841458,54146445.05,0.7683727705776687,0.8170296318245263,0.8457309436505089,439345146.23999894,84979666.1239998,0.28636378323974154,0.2467478878003273,80.32837417587112,179.9184680915631,137.57653870928482,118.9121286520942,1.401268567663105,0.07209672273240719,0.4020559159988675,0.6221221685833722,8.65695879199768,0.1155140070401213,1.0,4.433494107359026,0.022984572072835194,4.312515249574977,0.02235738114651565,8.65695879199768,0.04488028820337434,9.965395664555283,0.4981559169000343,0.03968134184383576,0.032485641280558086,0.0675632669977686,0.1771227244362481,0.4708502625169808,0.06756326705685378,0.06756326705685378,71.54599483461473,0.05791696374387541,0.017678469593152783,5.184301933485871e-05,0.0724765410299925,0.7560801139083818,0.0515391265937031,0.0018974852714194112,0.08214269028412578,0.0026337307599219816,0.2664731193944736,1.3544026613235474,1.942064881324768,0.9313812851905823,1.0515685081481934,0.9463711977005005,1.0749685764312744,0.9498234987258911,-0.15371419489383698,-1.9430627822875977,-0.33260586857795715,0.8262956142425537,0.8815211057662964,-0.5853413939476013,0.5455272197723389,0.5280420184135437,-0.341915100812912,2.981304168701172,3.067063808441162,0.5393145680427551,-0.10982739925384521,0.7787187695503235,0.9738730788230896,-0.17095938324928284,3.1772305965423584,3.0459933280944824,1.736163854598999,-2.68394136428833,0.776171863079071,0.1300177425146103,0.8768513798713684,0.9465652108192444,-1.4994813203811646,0.7505231400374205,观望,2025-08,6.0
2025-08-12,193.38,205.0,193.2,204.9,51786686.0,10402525963.0,885151540.0,0.05850601129835915,0.06226346622427292,0.12409479921000655,0.11589151508550266,0.12304741024938348,0.059517038109519804,190.01799999999997,187.972,183.07350000000002,166.45566666666667,133.18166666666667,0.12304741018782983,0.059517038054733185,0.30443086317135015,0.6571948776696206,38222844.6,1.354862165334497,1.432970772308825,45130704.1,1.1474823411851,1.2215836537098579,54109163.2,0.9570779316727631,1.0553235480635064,1.036695280444429,596582622.7200005,27324232.820000052,-0.1254949334944148,0.17120530414681157,80.57042276239717,182.17230854070942,138.94915550371218,119.69841827745182,1.543116853243426,0.12475930969613702,0.47464012470752937,0.7118020684705908,8.394821257620618,0.11912105905781058,1.0,9.268539259235329,0.04523445221465585,6.974800355568551,0.03404002125538384,8.394821257620618,0.04097033312450422,10.11858168851562,0.8308456050721195,0.07831889604783138,0.09005596572414731,0.11922260725232081,0.2309583932519994,0.5385000436843033,0.11922260731345591,0.11922260731345591,76.42840463481583,0.05957182748683572,0.0004880429477555582,0.000878477305960088,0.0575890678351592,0.9915254228885382,0.16671228068928187,0.002025961240440607,0.07802524914673903,0.0073301590924113105,0.2532454856027331,1.4004297256469727,1.8755781650543213,0.44980400800704956,0.5999674797058105,0.5078336000442505,0.5073716640472412,0.4097515046596527,0.8405981063842773,-1.8945446014404297,0.5381806492805481,0.30868294835090637,0.9775974750518799,-0.2449910193681717,0.683678150177002,0.6611544489860535,0.207900270819664,2.9998350143432617,3.0382628440856934,0.5714096426963806,0.07672423124313354,0.8810638189315796,1.0819753408432007,0.015128051862120628,3.1576335430145264,3.0309677124023438,1.6427698135375977,-2.720215320587158,0.35597386956214905,-0.13100166618824005,0.32155120372772217,0.31165066361427307,-1.5771733522415161,0.8699658967246297,观望,2025-08,7.0
2025-08-13,206.0,238.6,204.61,236.56,60112024.0,13528603089.0,885151540.0,0.06791156235236286,0.15451439726695937,0.22639846544662778,0.2977836295808647,0.269098712446352,0.24276333070659306,200.05,192.59300000000002,186.4115,170.175,135.74266666666665,0.2690987123782671,0.24276333064130484,0.39316843336907126,0.6220194926876251,44061634.6,1.3642713109876317,1.5338262891294758,45431087.9,1.3231473596299241,1.5382520340590065,51367833.15,1.1702269750111114,1.4165449704195923,1.18354338706442,1837023453.44,197606154.4540001,0.26330851811428685,0.9442357243856783,80.9064035132013,185.92223979473036,140.93359312627837,120.91243055309397,1.9238723973362761,0.27235988691388857,0.6785210307384919,0.9564572386635128,14.143554334415288,0.07070358522678276,1.0,22.32423570920145,0.09437028960203646,16.92937292925576,0.07156481623495144,14.143554334415288,0.05978844408952234,11.823682996478789,1.1969673617396235,0.1825043738474128,0.22828970932337667,0.2690204198094528,0.39009842800704564,0.7427092438332306,0.269020419877529,0.269020419877529,84.14958917333746,0.14834951455590537,0.008623605004708133,0.005875887723796193,0.14368447750491686,0.9399823474727915,0.3671236532142683,0.017373313145929735,0.1960246104942058,0.039920663348935126,0.0785424416638485,1.031553030014038,1.5952844619750977,-0.15458990633487701,0.1406382918357849,0.0728050097823143,0.2663983702659607,-0.19767194986343384,1.6336053609848022,-1.7333296537399292,1.076835036277771,-0.13792410492897034,0.7582920789718628,0.4136572480201721,0.5095202326774597,0.4916855990886688,0.9283952116966248,2.7010862827301025,2.784013271331787,0.6034071445465088,0.3618311583995819,0.6814749836921692,0.93913334608078,0.3018633723258972,2.918889045715332,2.783971071243286,1.6448795795440674,-2.5076217651367188,0.025262512266635895,-0.45549631118774414,-0.31305864453315735,-0.3670617341995239,-1.4003322124481201,0.38881094342304384,观望,2025-08,5.0
2025-08-14,233.3,239.8,230.66,231.06,44975726.0,10552668904.0,885151540.0,0.050811328871438216,-0.023249915454852887,0.1276720351390923,0.1978848048110322,0.2583596558109138,0.22118281274774065,209.538,196.778,188.7895,173.555,138.20916666666665,0.25835965574238307,0.2211828126831994,0.2591825612392815,0.7117960878494591,44934121.4,1.000925902158621,1.1168003796756654,42437543.3,1.0598098405946133,1.2578267063371906,50227813.05,0.8954346858627562,1.1137520527780387,0.8859616236524428,-100745626.24000041,260869629.218,0.5218485931066733,0.10741394713829155,81.17339146021163,188.6381486561657,142.59255123247758,121.90275828480101,1.8464992757295051,0.2248847947567456,0.6204212492368442,0.895445215933304,17.27894443504884,0.057873905618496445,1.0,23.638160249900658,0.10230312580662003,20.743288499604358,0.08977446766513725,17.27894443504884,0.07478120156799543,11.631991353873163,1.2004951208433454,0.10271167992904795,0.17421662984814268,0.2239028123267499,0.3313358876822139,0.671813856895275,0.22390281239157894,0.22390281239157894,79.29052419876201,-0.00960137162410628,0.02813122132657616,0.0017311520816354806,0.039556825065370234,0.04376367610091556,0.2585988715739297,0.019856569265311992,0.03959345081508645,-0.002480607067458784,0.11598718947459541,1.5964784622192383,1.738191843032837,-0.9052106142044067,-0.8960473537445068,-0.8602109551429749,-0.5761950612068176,-1.2428849935531616,5.094982624053955,-1.7367424964904785,2.2984023094177246,-1.340538501739502,2.4733221530914307,2.4241275787353516,1.6472331285476685,1.6515341997146606,1.9354013204574585,2.8318634033203125,2.77400541305542,0.8413285613059998,1.656577706336975,1.3304530382156372,1.4616109132766724,1.5347895622253418,2.8303568363189697,2.64316725730896,1.7243318557739258,-2.2063589096069336,-1.000723958015442,0.13807760179042816,-1.0124619007110596,-1.2663860321044922,-1.5616785287857056,2.436054600736206,买入 📈,2025-08,9.0
2025-08-15,230.01,237.21,226.89,233.2,40048328.0,9319958799.0,885151540.0,0.04524460071548878,0.00926166363715053,-0.014203584714237438,0.13811615422157142,0.27935044985736224,0.27348186981214484,219.72200000000004,201.786,191.33350000000002,177.05,140.7,0.27935044978717616,0.27348186974260136,0.2790697673717051,0.7789069545719155,47705483.6,0.8394910810630581,0.9002492237902125,41383741.8,0.9677309556382356,1.1115102811564386,49012779.9,0.8170997050506004,0.9976245906132074,0.7909003046640933,127754166.3199999,283863487.13599986,0.6781846965163699,0.5290572134481557,81.40739650342624,190.6064142742085,144.11610403114355,122.75924270180593,1.864604569318037,0.22346354863229245,0.6181397739534047,0.8996532958945123,19.833087525383075,0.05042079294088514,1.0,19.579152688509836,0.0839586307361503,23.00187586553267,0.0986358313230974,19.833087525383075,0.08504754513092881,11.538277685739368,1.159772820267966,0.061341149222137625,0.15567977951118106,0.21881426926184822,0.31714205019389174,0.6574271498466646,0.21881426932554926,0.21881426932554926,79.77976500385273,0.013868962218430973,0.017195540308010567,0.01337907375585855,0.04425385934630138,0.6114341079346558,0.23451221114620865,0.026975111573856524,0.03715072022383907,0.003874300833800045,0.49764150943396235,1.6898846626281738,1.8905816078186035,-0.0934227854013443,-0.018861370161175728,0.049750760197639465,0.09791421890258789,-0.3161123991012573,-0.24570269882678986,-1.90923011302948,-0.29145196080207825,-0.38189753890037537,2.487560987472534,0.7092201709747314,1.450150728225708,1.432838797569275,0.823217511177063,3.2711453437805176,3.1436569690704346,0.6349169015884399,1.4181891679763794,1.4471968412399292,1.3960403203964233,1.3317521810531616,3.2231075763702393,3.0675432682037354,2.090506076812744,-2.591535806655884,0.01141568273305893,0.2574091851711273,0.02944045141339302,-0.07839663326740265,-1.6379990577697754,1.1719845121761208,买入 📈,2025-08,8.0
2025-08-18,233.34,251.66,227.86,244.29,49904050.0,12044824050.0,885151540.0,0.056379103175937535,0.04755574614065172,0.05725785510257064,0.03267669935745676,0.2664731193944736,0.3240650406504064,230.002,207.76500000000001,194.635,180.97666666666666,143.39700000000002,0.2664731193288157,0.3240650405786414,0.37041400194264473,0.8197815455399878,49365362.8,1.0109122504008012,1.0783464750926717,43037092.5,1.1595590478143938,1.340915659994456,48475882.05,1.0294614123478336,1.280875000358601,0.9796406621555988,546449347.4999994,322290337.9879998,0.6803864076568735,0.19948239444558302,81.71457600094097,193.98492926855366,145.96710060698854,123.95804376800658,1.9895523168007005,0.259324633728653,0.6735963034419825,0.970747460787623,22.814068028302902,0.04383260356377846,1.0,14.90479184691889,0.06101269739370733,25.630009429053576,0.1049163266118319,22.814068028302902,0.09338928334098412,12.41411499390084,1.1234300426396093,0.062121198899917296,0.17579958120107797,0.2551185551799462,0.34984252106073477,0.7035921252394681,0.25511855524443194,0.25511855524443194,82.13511881559536,0.04692723064854168,0.03016906136026163,0.022432354987005878,0.09742519136692346,0.6903361341637239,0.2693809407983887,0.033999713640825296,0.09848831945046531,0.012504845532379703,0.28740431454418935,1.905272126197815,2.019930839538574,0.30102115869522095,0.29893940687179565,0.30899447202682495,0.24303054809570312,0.1822395622730255,0.3448503017425537,-2.0770397186279297,-0.1362878382205963,-0.02892635017633438,2.332362174987793,0.22894172370433807,1.5374819040298462,1.5102101564407349,-0.08894871175289154,3.5113914012908936,3.2973616123199463,0.6844395995140076,1.3905197381973267,1.8138139247894287,1.384950041770935,1.3231524229049683,3.352733850479126,3.209733247756958,1.9402168989181519,-2.883366346359253,0.1968212127685547,0.2702217698097229,0.5603018403053284,0.5333647131919861,-1.8315658569335938,1.528974503371476,买入 📈,2025-08,9.0
2025-08-19,244.29,263.6,241.52,256.79,45117554.0,11519713373.0,885151540.0,0.05097155906207879,0.05116869294690751,0.10115780445969147,0.11135635765602014,0.2532454856027331,0.4074540970128804,240.38000000000002,215.199,198.63899999999998,185.03699999999998,146.30433333333335,0.25324548554156934,0.40745409693573853,0.45317186342294313,0.8482162921534598,48031536.4,0.9393318927853408,1.0111084019373124,43127190.5,1.0461510123178552,1.235188045797058,47916968.35,0.9415778074782979,1.2158430874938195,0.8872550516428067,563969425.0000013,407649136.458,0.7198696307917279,-0.12878082215957976,82.0154870415468,197.73102168827006,147.87442504776786,125.15353855773117,2.130994026407686,0.298683422598395,0.7365409868342627,1.051799756996461,26.268302271189132,0.038068695467849294,1.0,10.459247104833992,0.04073074147913347,28.13071530077713,0.10954754974758227,26.268302271189132,0.10229488013616644,13.104535351479353,1.070899634078053,0.06826691068024515,0.19326762665285302,0.29274714425199755,0.3877764986793035,0.7551769939540287,0.29274714431707793,0.29274714431707793,84.34820022307309,0.05116869294481289,0.02651972428729625,0.010787024416418519,0.08598465672004425,0.6915760866433079,0.23788156133055804,0.04463559795392402,0.08076813034733694,0.012958240489336614,0.22792943650453656,2.072636127471924,2.0092835426330566,0.13626843690872192,0.06366323679685593,0.02431209571659565,0.3389149308204651,-0.04406151920557022,1.4031301736831665,-2.207934856414795,0.30408960580825806,-0.34835970401763916,2.3990681171417236,0.09064631164073944,1.5463547706604004,1.5370287895202637,0.26238980889320374,3.591557502746582,3.3672103881835938,0.6704677939414978,0.9886617660522461,1.8212212324142456,1.4950977563858032,0.9169451594352722,3.3910605907440186,3.2377870082855225,1.7182027101516724,-2.9591596126556396,-0.08679503947496414,0.2219839245080948,0.3128919303417206,0.25584644079208374,-1.7296243906021118,1.4544665586262562,买入 📈,2025-08,9.0
2025-08-20,247.0,255.48,236.22,255.14,41824052.0,10350351524.0,885151540.0,0.047250725000150824,-0.0064254838584058005,0.04441442547791552,0.09408233276157807,0.0785424416638485,0.36877682403433454,244.096,222.073,202.686,189.02333333333337,149.22716666666665,0.07854244161825563,0.3687768239609024,0.46463834664382087,0.8707926684330104,44373942.0,0.94253632007722,0.9621518308189081,44217788.3,0.9458648568363605,1.057362972215546,47848389.55,0.8740952912593899,1.0761172370757932,0.8193030660077382,340447783.27999943,421906347.4259999,0.7523434828510089,-0.3042315128168035,82.28090469326257,201.01487061438624,149.74981256911514,126.20433632228168,2.100840966092242,0.26925933001963753,0.7037750874128363,1.0216421038692505,28.449386710622793,0.035150142596047804,1.0,11.95622557498718,0.046861431271139634,28.70427109140612,0.11250400207839258,28.449386710622793,0.1115050039566816,13.637782826373686,1.008959221978538,0.04524449392676466,0.14890148729701913,0.258794391262406,0.3497804503139055,0.7097423055201248,0.25879439132451165,0.25879439132451165,82.88854466107563,0.03295546558571025,0.0013326017088135039,0.042251313002968915,0.07548796738749358,0.9823468323040773,0.07402910393572348,0.041488868569360376,0.07115015099151739,0.00258840273176808,0.3128086540722741,2.097079038619995,1.979305624961853,0.37830328941345215,0.2916644215583801,0.22517555952072144,0.5944146513938904,0.20221564173698425,1.6186424493789673,-2.2928097248077393,0.19256243109703064,-0.14649203419685364,2.7230615615844727,0.36823347210884094,1.6241440773010254,1.622705101966858,0.45279020071029663,3.535601854324341,3.374823570251465,0.6184477210044861,0.8846007585525513,1.4606239795684814,1.5152919292449951,0.7905821204185486,3.384941816329956,3.187905788421631,1.6438970565795898,-2.932077169418335,0.13402023911476135,0.2664524018764496,0.3701702058315277,0.3574071228504181,-1.5982598066329956,1.6815372408749594,买入 📈,2025-08,9.0
2025-08-21,255.81,262.6,246.22,257.86,39730356.0,10161433552.0,885151540.0,0.044885371831358954,0.010660813670925862,0.004166828926360111,0.05554873306316277,0.11598718947459541,0.4043132556366409,249.45600000000005,229.497,206.939,193.18366666666668,152.11450000000002,0.11598718942629671,0.4043132555601616,0.4922453702840135,0.8864216360472295,43324868.0,0.9170335152550261,0.9515113510704916,44129494.7,0.9003129600756564,1.0096675463110176,47201695.8,0.8417145894152387,1.0503687864867837,0.784834190427605,81447229.80000046,441341565.5819999,0.7602286238959827,-0.1166266888054236,82.5448558832771,204.95361006711966,152.51712986004407,127.33399590682545,2.1238772815186455,0.2581383656309064,0.6906953352493772,1.0250679966776888,30.058908461465673,0.033268007750490346,1.0,10.579079827658774,0.04102644779046191,27.215875697835735,0.10554516286659536,30.058908461465673,0.11657065252578905,13.833655481632709,0.9054179636519811,0.033689307892626585,0.12358767212104782,0.24606768172040705,0.3347919336865197,0.6951704142803496,0.24606768178062155,0.24606768178062155,83.39856766978586,0.008013760212344605,0.018382067788009725,0.03719072364704916,0.06352284184970447,0.7106227101888749,0.10636414008843899,0.04267330840722065,0.058252574960423575,0.0009294935237661335,0.47328007445900866,2.1588973999023438,2.0076000690460205,0.5969021916389465,0.48194074630737305,0.4085614085197449,0.8965688943862915,0.4863218665122986,0.9117448329925537,-2.3266828060150146,-0.2613505721092224,0.10990068316459656,2.5821032524108887,0.06681975722312927,1.5213544368743896,1.526166319847107,0.051862191408872604,3.600782632827759,3.4717025756835938,0.639653742313385,0.4838885962963104,1.2870820760726929,1.478747844696045,0.40102311968803406,3.45561146736145,3.2317652702331543,1.7476613521575928,-2.9566848278045654,0.3354441523551941,0.29851365089416504,0.46396875381469727,0.5298805236816406,-1.6222660541534424,1.2796967653511517,买入 📈,2025-08,8.0
2025-09-05,321.0,354.0,310.0,349.25,84643485.0,27865858063.0,885151540.0,0.09562598173867494,0.11903236142262097,-0.05534067241892293,-0.024986041317699548,-0.019511510387422715,0.2755195208356158,355.552,337.54,288.095,253.834,195.42366666666666,-0.01951151041494914,0.27551952078903175,0.9160083387142852,0.9240567498995642,84212437.2,1.0051185764755421,0.9381903465691295,73616259.9,1.1497933352628795,1.1236329834538,59864415.15,1.4139198518504192,1.5647216172567526,1.4958757025881655,2391178451.25,64861155.84899998,-0.399142492790027,0.39033947673055347,89.82409452224233,297.4860424181393,206.44679824836584,158.28010486974736,2.888154975094331,0.17400465971812729,0.6917191400558063,1.206531264857365,58.760126249372156,0.01701834328241426,1.0,28.37614790629566,0.08124881290045288,35.187399891312836,0.10075132395219849,58.760126249372156,0.16824660342931907,31.33816844838498,0.5988312505659481,-0.017724552273149285,0.03469218459931578,0.21227372910976317,0.37589920966553336,0.7871428058805325,0.21227372915184217,0.21227372915184217,64.85515290966468,0.08800623052685339,0.013600572655301343,0.031496062991224164,0.12598425196489665,0.8920454543427169,-0.019611381545494074,0.027758956494170223,0.12662911199329294,-0.0017171344835051148,0.02499642090193266,1.943651556968689,1.8967353105545044,-0.8875399231910706,-1.1120474338531494,-1.0560710430145264,-0.5707476139068604,-1.0763345956802368,-3.714935302734375,-2.095449686050415,-0.6826491951942444,-1.4355939626693726,0.2535686194896698,0.36126816272735596,0.2264837771654129,0.2505086064338684,-0.7482802867889404,2.330838918685913,2.3616456985473633,0.9250807166099548,0.4656786322593689,2.0110833644866943,1.3825690746307373,0.46042144298553467,2.2316763401031494,2.1655757427215576,1.2468739748001099,-2.143460988998413,-1.3677505254745483,0.24808770418167114,-0.606232762336731,-0.665453314781189,-1.7570828199386597,-3.0079611128541366,卖出 📉,2025-09,0.0
2025-09-08,339.99,340.0,295.16,314.5,79476720.0,24873049127.0,885151540.0,0.0897888287015803,-0.09949892627057977,0.007689842999038632,-0.149333261204728,-0.19047619047619047,0.06206943131163034,340.752,339.37800000000004,294.1755,258.3906666666667,198.88700000000003,-0.1904761904970277,0.06206943127576414,0.6304629580781553,0.8735814603403816,86898543.0,0.9145920893058009,0.8365869673544399,75692936.3,1.0499885971526248,0.9723880807189583,61758018.45,1.286905279584792,1.3333532998606412,1.3924806180018143,-2025861592.8000007,-212873747.11100015,-0.3681858893231681,0.20335054598379476,90.48154695524565,302.0580641047106,210.9416334166769,160.8279453776068,2.475846850358994,0.04119054371935693,0.4909337474350659,0.9555059244311532,54.52960504214827,0.01833866207253235,1.0,26.1022943436007,0.08299616643170346,33.207798214008015,0.10558918350700199,54.52960504214827,0.17338507167063408,32.96329927350034,0.6089865896195363,-0.07704136735581768,-0.07330469272983808,0.06908971001769038,0.2171492261891368,0.5812999340539449,0.06908971005403242,0.06908971005403242,56.76181313325874,-0.0749727933152454,3.1796502383697745e-05,0.06149443561012728,0.14257551668863028,0.4313113290741943,-0.17420801701062874,0.006553860569151909,0.13039843969210846,0.014280532061608966,0.11383147853736086,1.7303069829940796,1.8248639106750488,-0.24757826328277588,-0.2828286588191986,-0.36466971039772034,0.12739384174346924,-0.33733120560646057,2.837815523147583,-2.6217401027679443,0.8719909191131592,-0.5259174108505249,2.534520387649536,0.0982634425163269,0.9458752870559692,0.9501510858535767,0.7978547215461731,2.6363651752471924,2.6513428688049316,0.7549771070480347,0.20921015739440918,1.5701992511749268,1.4470293521881104,0.20123711228370667,2.607292652130127,2.601111888885498,1.2726809978485107,-2.648343324661255,-0.6904430389404297,0.4898916184902191,-0.2411949187517166,-0.34401506185531616,-1.864545226097107,0.01685692529938485,观望,2025-09,4.0
2025-09-09,307.02,320.31,305.0,315.32,53004985.0,16604793090.0,885134530.0,0.059883535444041486,0.002607313195548411,-0.09715103793843949,0.010317206023710224,-0.11970965940815181,0.117997447170614,332.17600000000004,342.706,299.6965,262.455,202.357,-0.11970965943272727,0.11799744713097438,0.5388970228629135,0.8143064476504027,78975622.2,0.6711562824509154,0.6344834963040362,76093862.4,0.6965737226134021,0.6431685570706082,61818933.4,0.8574231563820542,0.8755668367599448,0.9422071547564428,439941375.5000006,-90682434.05700019,-0.4946888597169749,-0.42770202080104347,90.91847358487163,306.77690165874003,213.81241407612538,162.99837261151254,2.4681620529589225,0.027847919106906316,0.47475066572951197,0.9344978415921252,50.45238758890509,0.019820667516272348,1.0,25.980445146301307,0.08239390189482865,28.097461411626316,0.08910776801577838,50.45238758890509,0.16000376629235397,31.702349325393175,0.5569104406911375,-0.0507441838347521,-0.07991106081948063,0.052131072566675485,0.2014250061457612,0.5582361864646028,0.05213107260178207,0.05213107260178207,56.89849768113668,0.027034069440849687,0.01582519345376683,0.00640619053639452,0.04855385005554504,0.674069235353318,-0.08034388998184042,0.01051448914540094,0.03258722150195879,-0.0032362392458448156,0.0965051376379551,1.885024070739746,2.02245831489563,-0.38009360432624817,-0.480208158493042,-0.5507365465164185,-0.23680344223976135,-0.42887309193611145,-2.8067402839660645,-2.339510917663574,-0.9214510917663574,-0.6492225527763367,0.38840430974960327,0.11922969669103622,-0.05034364014863968,-0.05070815980434418,-0.2632318437099457,2.3390936851501465,2.4322118759155273,0.8643471598625183,-0.07044070959091187,1.901546597480774,1.2943694591522217,-0.07253982126712799,2.3432323932647705,2.280604600906372,1.2446799278259277,-2.324589967727661,-0.8421533107757568,0.2109868824481964,-0.12482528388500214,-0.118695929646492,-1.770067811012268,-2.1412827823861034,卖出 📉,2025-09,0.0
2025-09-10,340.01,346.88,321.37,334.95,74575156.0,24892893236.0,885134530.0,0.08425290560068875,0.062254217937333545,0.06502384737678857,-0.04094488188976386,-0.09401963701279381,0.08633606849803788,325.224,345.36800000000005,304.616,267.275,206.06916666666666,-0.09401963703729899,0.08633606846280495,0.4159198511406863,0.7830437194795642,79168132.0,0.9419845348883562,0.9632963629778395,76200295.1,0.9786727978170257,0.9562663267892106,62542090.0,1.1923994864898182,1.2744126890775187,1.3120553411745246,-377350289.3600002,-262501215.08900028,-0.4961773358805354,0.01309534033924753,91.5867973857421,312.3150403136512,218.41413513290698,165.74323484000914,2.657186511165678,0.07247476670869579,0.5335545925000682,1.0208969634466531,48.73990415298493,0.020517069476706947,1.0,16.257125514677348,0.04853597705386472,25.6315555517033,0.0765235275442247,48.73990415298493,0.1455139697015369,31.692181516436523,0.5258844060503703,0.02990554199475115,-0.030164925556792843,0.09958111192125219,0.2532036291739519,0.6254251201275254,0.09958111195734953,0.09958111195734953,60.146453075402476,-0.01488191523734944,0.02051052395818749,0.040543364680085237,0.07616062098593337,0.5323402585133903,-0.08856504404186866,0.0066067405130735245,0.07174212713624283,0.0013991922690354435,0.037945962083893336,1.682918906211853,2.0798726081848145,0.7087498307228088,0.7659028172492981,0.7472315430641174,0.5357385277748108,0.7205074429512024,-0.06821414828300476,-2.7164132595062256,-0.20659779012203217,0.6417604684829712,1.0718517303466797,-0.37762942910194397,0.26932722330093384,0.24690760672092438,-0.4265037775039673,2.6071982383728027,2.6608426570892334,0.7809654474258423,-0.34213724732398987,1.6055444478988647,1.1939297914505005,-0.3446587324142456,2.6789705753326416,2.648472785949707,1.3840093612670898,-2.7072179317474365,0.4380322992801666,0.32139089703559875,0.9969081282615662,0.9970154166221619,-2.0749671459198,-0.47480826802384374,观望,2025-09,3.0
2025-09-11,345.99,381.52,345.0,379.9,76090353.0,27716484879.0,885134530.0,0.08596473238932391,0.1341991341991342,0.20480781428390205,0.20794912559618428,0.21723806472284513,0.07029159036484,338.784,347.86299999999994,312.058,273.6313333333334,210.51749999999998,0.21723806468384343,0.0702915903346868,0.6441616895332742,0.7799975842559899,73558139.8,1.034424649765273,1.1363585587084433,76508912.5,0.9945292713446945,1.0497490196151407,64097821.35,1.1870973364994095,1.3592491453688957,1.337788177969085,2580223870.2299976,-392496039.4510004,-0.4771982775985088,-0.2693337254571948,92.35020387053358,318.12354505868086,223.2613083614548,168.64117617940175,3.1136888071474598,0.19419013745091984,0.7015935398217357,1.252711992448745,48.27853130805876,0.020713140451850208,1.0,27.180112766505765,0.07154544028899792,27.791253240304208,0.07315412803256822,48.27853130805876,0.12708220928346392,32.75488283669106,0.5756441316993582,0.12136346459332881,0.09209660121679808,0.21740189319878334,0.3883643929159535,0.8046005675630481,0.21740189323779546,0.21740189323779546,66.39180500863515,0.09800861296285986,0.004264280073591371,0.00260594893386141,0.09613056067133108,0.9556407445356951,0.22471640901661477,0.005142119998956513,0.09943982155418098,0.021291201402399526,-0.09052382205843645,1.8542014360427856,2.1408162117004395,-0.10683529078960419,-0.11109106242656708,-0.2260594666004181,0.1528548300266266,-0.13846111297607422,-1.8563169240951538,-2.4811859130859375,-0.14044584333896637,-0.25815916061401367,0.12895609438419342,-0.4312268793582916,0.06184310466051102,0.0428253710269928,-0.20884689688682556,2.405348300933838,2.4995248317718506,0.7772056460380554,-0.2518730163574219,1.7371776103973389,1.1215685606002808,-0.2624191641807556,2.473011016845703,2.4312171936035156,1.3091309070587158,-2.4662787914276123,-0.5483455657958984,0.02830681949853897,0.06933298707008362,-0.0020330343395471573,-1.9877301454544067,-1.5548741827439538,卖出 📉,2025-09,0.0
2025-09-12,360.0,365.99,352.8,357.98,57941996.0,20846885874.0,885391989.9999999,0.06544219583463817,-0.05769939457752027,0.06875653082549649,0.1352911328174553,0.02499642090193266,0.004997192588433563,340.53000000000003,348.041,318.29699999999997,279.46000000000004,214.65033333333335,0.024996420872584135,0.0049971925602190215,0.535077186898153,0.7504366754489032,68217842.0,0.849367178750685,0.9069059899693949,76215139.6,0.760242601458149,0.7913253676673253,64992504.75,0.8915181254035296,0.9942536129369485,1.0143388843144354,-117042831.91999894,-441945752.14300025,-0.37108840206757154,-0.3156441937142408,92.91916219017239,322.6121626301839,227.16380706791017,170.8453062064398,2.8525960798843903,0.1096295845806623,0.5758672326396723,1.0953458303820023,45.53613869629783,0.021960579627751702,1.0,28.27870576953566,0.07899521137702024,27.85620834452144,0.07781498503755319,45.53613869629783,0.12720302445674564,32.350962634070264,0.6117384814771045,0.05124364957415661,0.028556980326210013,0.12467286838629743,0.2809704429513715,0.6677355884996963,0.12467286842163161,0.12467286842163161,61.34340935739198,-0.005611111110955197,0.016732778367039167,0.01447008212708896,0.03684563383326314,0.39272175861052233,0.021231139500339197,0.00038885646430321527,0.0312954720582395,-0.00014025769489226924,-0.02620258114978491,1.3239749670028687,1.927053689956665,-0.2673066258430481,-0.07591971009969711,-0.1662764698266983,0.30561015009880066,-0.34959328174591064,3.145359516143799,-2.659280776977539,1.5985387563705444,-0.1447509080171585,1.2781256437301636,0.8107282519340515,0.2508936822414398,0.22400839626789093,1.1996325254440308,2.420145273208618,2.5397732257843018,0.6851375102996826,0.6309006214141846,1.0896509885787964,1.0338521003723145,0.6293596029281616,2.668543815612793,2.643022298812866,1.358005404472351,-2.741379976272583,-0.47778794169425964,-0.02590262144804001,-0.3856411576271057,-0.6358733773231506,-1.975408673286438,0.1421500486065108,观望,2025-09,5.0
2025-09-15,343.01,355.98,338.0,350.3,37752426.0,13147348685.0,885391989.9999999,0.042639222430733766,-0.021453712497904953,-0.07791524085285595,0.04582773548290797,0.11383147853736086,-0.09832689832689834,347.69,344.221,323.59749999999997,284.9866666666667,218.70066666666665,0.11383147850194497,-0.09832689835010744,0.4339514510854332,0.7043721093837194,59872983.2,0.6305419236234081,0.6369320690343379,73385763.1,0.5144380109334857,0.5219971623298622,64384923.55,0.5863550644846576,0.625394195293502,0.6592124757223717,275215185.5400008,-589446639.7390001,-0.21155182281642024,-0.5251166203264738,93.27259945104899,326.51275461365367,230.02602449451345,172.5030141363436,2.7556581682259567,0.07285242322154484,0.5228711654248293,1.0306891549334236,42.53946067445773,0.023507585284581693,1.0,24.291484104516293,0.0693448018950124,24.050787674789987,0.06865768676592467,42.53946067445773,0.1214372271574175,31.467322445922388,0.5653759424264918,0.007506686962308162,0.017660165968442998,0.08251763375543653,0.22918031248611004,0.6017326573489306,0.0825176337888891,0.0825176337888891,59.63249894013267,0.02125302469253809,0.016214673136848014,0.014302026833733857,0.051327433626853394,0.6840934367719168,0.07177551944584422,-0.006750897387586592,0.03236409873372894,0.0024192632233899555,-0.09648872395089925,1.4593614339828491,2.087089776992798,0.17579562962055206,0.27011391520500183,0.1808774322271347,0.3736916780471802,0.030735017731785774,-1.7381329536437988,-2.631791591644287,-0.8397859930992126,0.0758243203163147,0.4961506128311157,0.42121902108192444,-0.13641270995140076,-0.1751784235239029,0.19021272659301758,2.414628744125366,2.5524120330810547,0.8173803091049194,0.3329591453075409,1.1924803256988525,0.9758375883102417,0.3659515976905823,2.6260855197906494,2.591165781021118,1.3666250705718994,-2.7061688899993896,-0.07624460756778717,0.11989521235227585,0.16870993375778198,0.01009373553097248,-2.025775909423828,-1.0622694826721253,卖出 📉,2025-09,1.0
2025-09-16,348.94,357.88,332.33,345.75,51092822.0,17557229220.0,885391989.9999999,0.057706442544166237,-0.012988866685697986,-0.03416391977205435,-0.08989207686233214,0.0965051376379551,-0.034757118927973174,353.776,342.976,328.0455,290.43,222.68466666666666,0.09650513760318069,-0.034757118954920174,0.3464309357316704,0.6439789644248235,59490550.6,0.8588392859823354,0.8427941297684227,69233086.4,0.7379827284429715,0.7470726517279099,64683686.95,0.7898872870294849,0.8233408764301102,0.8885988177839648,-162986102.1799999,-329738874.7369999,-0.10748580052738153,-0.03635545035429055,93.74073927783368,329.67159946732136,233.09970327729505,174.467347306944,2.688364340452321,0.04877096043049467,0.4832708713862941,0.9817461853862828,39.74544376072424,0.02516011661031148,1.0,16.815577004669386,0.04863507448787573,23.564070201145142,0.06815349298760262,39.74544376072424,0.11495428419255155,31.04465655692793,0.5928747540743777,-0.02268667181994577,0.008088029453720225,0.05396964747103761,0.19047619043520037,0.5526439478746039,0.05396964750316657,0.05396964750316657,58.58990071082294,-0.009141972831743504,0.02585683297105258,0.038814172088537595,0.07389732465440647,0.5252446181897285,0.08288240350260835,-0.002368819062963422,0.06346592554219528,-0.0008822473460919463,-0.06698481561822134,1.4225691556930542,2.1842918395996094,0.7529332637786865,0.8368945121765137,0.780600905418396,0.5659031271934509,0.6831006407737732,-0.9955804347991943,-2.68686580657959,-0.47327783703804016,0.6939166784286499,0.0984230488538742,-0.20378518104553223,-0.3022153377532959,-0.3300510048866272,-0.5660577416419983,2.5100655555725098,2.6069583892822266,0.8770928978919983,0.3445564806461334,1.122031807899475,0.9174425601959229,0.38066601753234863,2.7536728382110596,2.7174816131591797,1.4915953874588013,-2.769421339035034,0.553275465965271,0.22331994771957397,0.8288624882698059,0.7307649850845337,-2.170546770095825,-0.6629301214403971,观望,2025-09,2.0
2025-09-17,343.08,352.26,336.0,347.66,34392971.0,11877061024.0,885391989.9999999,0.03884490868276322,0.005524222704266224,-0.007536397373679615,-0.028828426169059673,0.037945962083893336,-0.05964134051012948,356.31800000000004,340.771,332.67150000000004,295.80533333333335,226.639,0.03794596205290501,-0.05964134053556447,0.3626244414297004,0.5674868591827206,51454113.6,0.6684202407482537,0.6515475211116013,65311122.8,0.5266020476377417,0.5390044041348789,64312132.9,0.5347819991210399,0.554984438261928,0.5969549108708492,157519807.1800014,-422271038.9159997,-0.1182093290662042,-0.5389487352891285,94.0570185414096,332.7631824079963,236.2258260451866,175.78255690264209,2.6962685548759873,0.04476702465761062,0.47172731204037643,0.9777844066322974,36.02325627103236,0.027759844701394715,1.0,13.97974320221816,0.04021096243978614,21.74601238030771,0.06254965305091817,36.02325627103236,0.10361633857791,29.988609660004503,0.6036659265519488,-0.024298519888855008,0.02021592209958545,0.045054956584947625,0.17529997201396075,0.5339813535387121,0.04505495661636183,0.04505495661636183,58.91463472444729,0.013349656056507357,0.013231317953942508,0.020364724155198573,0.046769832593718835,0.7170971705306924,0.02536384911154009,-0.0037305451579912195,0.031261902762049064,0.0005065655421395618,-0.06586895242478297,1.431835412979126,2.126189708709717,0.347449392080307,0.48098278045654297,0.39890792965888977,0.3297275900840759,0.2894479036331177,-1.3334531784057617,-2.737877368927002,-0.5346906185150146,0.3201935291290283,0.2530910074710846,-0.49565866589546204,-0.16660241782665253,-0.1982174515724182,-0.5202745199203491,2.5766069889068604,2.6363461017608643,0.8428407907485962,0.20522186160087585,1.2466968297958374,0.9304721355438232,0.2346060872077942,2.7585501670837402,2.7278010845184326,1.4199241399765015,-2.791736364364624,0.15679123997688293,0.27659356594085693,0.42870742082595825,0.3482060730457306,-2.1624128818511963,-0.9530257366501133,观望,2025-09,1.0
2025-09-18,339.02,359.89,333.88,345.51,52509056.0,18219971575.0,885391989.9999999,0.05930599846515441,-0.006184202956912022,-0.000694143167028205,-0.013673993719668931,-0.09052382205843645,0.10704902274911876,349.44,344.11199999999997,337.054,301.20166666666665,230.45083333333332,-0.0905238220823763,0.1070490227136478,0.3399131311044785,0.4617304635525086,46737854.2,1.12348024740939,1.1157567122025611,60147997.0,0.8729975829452806,0.8948836272663342,64951067.9,0.8084402258149784,0.8356391022379425,0.9051640069533221,340783773.4400005,350162164.6880001,0.39893121969368467,-0.31011245173701363,94.54153023215729,335.69327829943194,240.06091359361724,177.68144300990255,2.6545843837259837,0.029243128579452105,0.43925970632974565,0.9445474673500036,31.48915041223344,0.03175696983218491,1.0,5.145400859016504,0.014892190845033666,19.278112401836186,0.05579610547097978,31.48915041223344,0.09113817374698868,29.704423255718467,0.6122144339665815,-0.011246565962361399,0.004062630742198481,0.025087968069653854,0.14710520632974244,0.4992785879200865,0.025087968100067082,0.025087968100067082,58.35984878911334,0.01914341336737825,0.041619634741639315,0.014876559288736131,0.07528002083658127,0.4471357168600016,-0.10170172600265577,0.005972918561896003,0.08457561643446634,-0.001732934945717933,-0.08451274926919627,1.3206241130828857,2.176084280014038,0.8009284138679504,0.9637132883071899,0.8750944137573242,0.8522294759750366,0.7514611482620239,-0.6960510611534119,-2.848315715789795,-0.3024166524410248,0.8393797874450684,0.32130321860313416,-0.41359415650367737,-0.2115933746099472,-0.2428245097398758,-0.4077602028846741,2.6242356300354004,2.7155508995056152,0.8343813419342041,0.08310361951589584,0.8330504894256592,0.9392268061637878,0.11464555561542511,2.9008867740631104,2.871821165084839,1.5215226411819458,-2.9698240756988525,0.6787163019180298,0.17907282710075378,0.7673687934875488,0.6967516541481018,-2.2627689838409424,-0.4366090734382285,观望,2025-09,3.0
2025-10-13,328.12,348.6,325.2,348.6,44351947.0,14921644532.0,885382172.0,0.05009356230859367,0.006932409012131879,-0.0072618539085859135,-0.04694206741941642,-0.06791443850267376,-0.0039999999999998925,360.0,360.06399999999996,352.1255,347.26366666666667,272.60116666666664,-0.06791443852759582,-0.004000000028457129,-0.0018611310235686629,0.48474700413513994,46311933.2,0.9576785924367327,0.8873797218609107,46716067.7,0.9493938420677472,0.8853052539416809,51423960.1,0.8624763031425888,0.8294843452690693,0.7540104792065956,908327874.5600008,22212220.670999564,0.20425112499504944,0.14870810126181144,99.4003916129487,349.8186647035377,275.0075200499281,200.34460625518557,2.5070284366423823,-0.0034837040629907,0.26760170026154606,0.7400019222677583,18.727803556548825,0.05339654468536701,1.0,17.5483175831749,0.050339407867675,15.094010732739488,0.04329894071229632,18.727803556548825,0.05372290176710153,27.945220919576325,0.8059680185721333,-0.03166666669356477,-0.03183878424302777,-0.01001205538905836,0.003848180652246569,0.2787912988409029,-0.010012055360943628,0.010012055360943628,53.41130843170438,0.062416189197171325,0.0,0.008376362592989822,0.06712564543697297,0.9999999995726495,-0.06504020387137165,-0.00017319576408134882,0.06428479363848746,-0.004238960444358082,-0.05553643144004594,1.3356273174285889,1.875657558441162,0.6950476169586182,0.7201727628707886,0.595014750957489,0.33256351947784424,0.6210678815841675,-0.42493829131126404,-2.68320369720459,-0.21959316730499268,0.6399786472320557,-1.1624372005462646,-1.0254542827606201,-0.24603937566280365,-0.29280757904052734,-0.32471856474876404,2.2990527153015137,2.368468999862671,0.5778564214706421,-0.42510443925857544,0.5230716466903687,0.29913491010665894,-0.38359513878822327,2.631929397583008,2.6882336139678955,1.0574733018875122,-2.7777745723724365,0.2413577437400818,-0.4017481803894043,0.4514148235321045,0.5218003392219543,-2.511139154434204,-1.2283992176489815,卖出 📉,2025-10,1.0
2025-10-14,355.7,355.7,315.68,316.5,61231792.0,20064474519.0,885382172.0,0.06915860058677577,-0.09208261617900182,-0.08578856152512992,-0.09867577958137541,-0.1848665911198104,-0.07725947521865895,345.644,357.414,352.22549999999995,347.943,275.6945,-0.18486659114080384,-0.07725947524556098,0.006359300444948701,0.13782971211001782,50283649.8,1.2177276757662885,1.1388114090462893,48738061.4,1.256344430638351,1.1481685242848632,50511713.7,1.212229550627976,1.1304800364880079,1.039492733745064,-2400286246.399999,-197310476.46900034,-0.28877404875579377,0.4800029410128801,99.89988744187919,351.3765624932658,277.28725682745704,202.15083756178146,2.1681717377723446,-0.09925694032007104,0.14141559774938828,0.5656625706696421,18.520514791925898,0.053994179465033695,1.0,17.984658184129444,0.05682356456101487,19.96352073157575,0.06307589488450234,18.520514791925898,0.058516634411819056,28.807705139606586,1.0779139211346218,-0.08431796880361542,-0.11447229266020709,-0.1014279204912355,-0.09036824999812132,0.1480098441881137,-0.10142792046572424,0.10142792046572424,44.66744044401765,-0.1102052291225694,0.0,0.0025908372826985303,0.12644549762633658,0.02048975511731874,-0.22511716433116352,-0.0048732105394208155,0.1539761819356306,0.020373265033780646,0.1545655608214851,1.340098261833191,1.8777859210968018,0.7021218538284302,0.7390530109405518,0.6057409644126892,0.13733385503292084,0.6772739887237549,0.17821742594242096,-2.6912553310394287,0.05690164491534233,0.7136247158050537,-1.1474969387054443,-0.9434564709663391,-0.1977890431880951,-0.22972658276557922,-0.09025858342647552,2.276698350906372,2.3720428943634033,0.5759139060974121,-0.4214892089366913,0.6439727544784546,0.38369572162628174,-0.3849864602088928,2.636058807373047,2.712010145187378,1.0531452894210815,-2.7810237407684326,0.2507188320159912,-0.4389602541923523,0.5255536437034607,0.594835638999939,-2.5067331790924072,-0.9446992932819603,观望,2025-10,1.0
2025-10-15,321.3,324.33,310.0,322.59,35521127.0,11331230792.0,885382172.0,0.04011954173389432,0.019241706161137406,-0.0746127366609296,-0.06819757365684576,-0.11805232796566145,-0.08614730878186971,337.008,354.373,352.589,349.29466666666667,278.45300000000003,-0.11805232798977361,-0.086147308807758,0.02305594313639925,-0.19080541136690599,47470228.6,0.7482821980764591,0.7009320833934377,46732705.1,0.7600913947521517,0.6808614769826755,49637520.8,0.7156104178353726,0.6480560746963925,0.6076526600177645,45822253.82999871,-147657177.49600038,-0.45729674408477544,-0.28367830731133337,100.17764407868738,352.2527702602343,279.68830101013475,203.47288101262865,2.22017954172103,-0.08420876360552199,0.1533911101569838,0.5854201227925713,17.81599544466325,0.056129336277881386,1.0,16.18116404959728,0.05016015390773329,22.82209020031176,0.07074642797236212,17.81599544466325,0.05522798426520032,27.7735833439204,1.2809887754174403,-0.04278236721256523,-0.08968798415540447,-0.08508206441252908,-0.0764531188831078,0.1585078989575075,-0.0850820643865805,0.0850820643865805,46.45829180545293,0.004014939308931883,0.005393843578369047,0.03502898415837354,0.04442171176898158,0.8785764125062264,-0.0883364554581882,-0.006094614377580888,0.03323997612481245,-0.00047397293215706163,0.12474038252890662,1.4680874347686768,1.7729641199111938,0.008979521691799164,-0.06399129331111908,-0.16769155859947205,-0.26853370666503906,0.06477513909339905,-1.8412940502166748,-2.578531265258789,-1.0859273672103882,0.029491426423192024,-1.491580843925476,-1.2179713249206543,-0.38070136308670044,-0.43568921089172363,-0.4613385498523712,2.260568618774414,2.3567044734954834,0.5406990647315979,-0.8161420822143555,0.9361447095870972,0.1923629343509674,-0.762850284576416,2.53231143951416,2.549034833908081,1.0654958486557007,-2.6167736053466797,-0.5048861503601074,-0.9103968143463135,-0.17867033183574677,-0.03131058067083359,-2.494271755218506,-1.8356498407768682,卖出 📉,2025-10,0.0
2025-10-16,317.81,336.0,317.03,324.76,31175370.0,10222846429.0,885382172.0,0.03521120142907056,0.0067268049226572035,0.026097946287519713,-0.06838783706253593,-0.07515306848924952,-0.0842544552221971,331.72999999999996,351.385,352.0795,349.84233333333333,281.03566666666666,-0.07515306851558723,-0.084254455248019,-0.03042245114105324,-0.40037536656870726,43246874.4,0.7208698994441086,0.7083331149533254,45453086.1,0.6858801607312642,0.6341636652285826,47467531.5,0.6567725140710129,0.610266292626546,0.546503721021518,216668821.49999964,-172688092.06600046,-0.4393247190770896,-0.40382303336939296,100.43074691841714,352.9033708083177,284.02176699346023,204.57633195930632,2.233671061550624,-0.07974809292372553,0.1434334890518365,0.5874759161514356,18.48030430229206,0.05411166304955575,1.0,14.646255494152163,0.04509870517828912,24.664881129070256,0.07594802662985213,18.48030430229206,0.05690449655660492,27.144755962211804,1.334657736813596,-0.02101106324357116,-0.07577158959330166,-0.07759469099798222,-0.0716961069394586,0.15558286192064896,-0.0775946909717834,0.0775946909717834,47.11509855221539,0.021868411943555283,0.034610173665642036,0.002401773617366707,0.058412366053134324,0.407485503211658,-0.05417558492476151,-0.006398959610860231,0.042107716443015406,-0.0016434782611210962,0.07082152974504252,1.4819624423980713,1.8801316022872925,1.005375623703003,0.968012809753418,0.8359850645065308,0.6146125793457031,0.9830400943756104,0.007622347213327885,-2.744582414627075,0.086299829185009,0.9230028986930847,-1.5630123615264893,-0.8095487952232361,-0.3792581558227539,-0.42178764939308167,-0.37602707743644714,2.273131847381592,2.374528408050537,0.5123893618583679,-0.4708341360092163,0.6561349034309387,0.3333597779273987,-0.4352140724658966,2.63588809967041,2.690828561782837,0.9996647834777832,-2.7858924865722656,0.46995919942855835,-0.7397047281265259,0.8542048931121826,0.9179662466049194,-2.492358922958374,-0.6240294060841689,观望,2025-10,2.0
2025-10-17,322.5,326.66,314.22,316.31,30653561.0,9784350868.0,885382172.0,0.03462184124484494,-0.026019214188939488,-0.019467435444372017,-0.0006003159557661508,-0.08633737723859036,-0.15874999999999995,325.75199999999995,345.416,348.9,348.5543333333333,283.24916666666667,-0.08633737726498159,-0.15875000002237372,-0.16738615427303538,-0.41377604660584827,40586759.4,0.7552601255472492,0.7376115849948343,42875222.9,0.7149481431617233,0.6517389336032015,45195691.9,0.6782407727671051,0.6171205560977597,0.5509917300248675,-189745542.58999994,-348374846.2860003,-0.7126153513596422,-0.30260121595837985,100.66954362406472,350.80434668044103,286.6121668708192,205.7950167470463,2.1420625207283366,-0.09832930237852222,0.10361679147614877,0.5370148655678753,18.907258144066446,0.05288974169874158,1.0,13.301919786255866,0.04205342792145468,25.26146613146525,0.07986300189898081,18.907258144066446,0.05977445589285416,26.094416250625244,1.336072418624706,-0.028985240335316798,-0.08426361259801907,-0.09340785327906531,-0.09250877197263818,0.11671996677424579,-0.0934078532530811,0.0934078532530811,44.80993696539156,-0.019193798449017238,0.013151655021556411,0.006607442066118367,0.03932850684330787,0.1680064307331118,-0.06520717837263797,-0.012678251553250036,0.02970325301606255,0.0016571422178408197,0.1791280705636875,1.4477956295013428,1.940479040145874,1.0579519271850586,1.0460762977600098,0.9022876024246216,0.6775007843971252,0.9693578481674194,-0.22352690994739532,-2.7755675315856934,0.05310240015387535,0.920921266078949,-1.5928534269332886,-0.7821711897850037,-0.38918375968933105,-0.43433353304862976,-0.03350893780589104,2.302128791809082,2.4044041633605957,0.5177993774414062,-0.3740164041519165,0.5105717778205872,0.3048578202724457,-0.3466967046260834,2.6933276653289795,2.741178512573242,1.0374454259872437,-2.8433122634887695,0.5172473788261414,-0.7361735701560974,0.8135753870010376,0.8269286751747131,-2.5812034606933594,-0.4991314057810138,观望,2025-10,3.0
2025-10-20,335.01,345.75,324.58,329.24,48732624.0,16335501283.0,885382172.0,0.055041343208794585,0.04087762005627393,0.013794802315556076,0.0206144021823369,-0.05553643144004594,-0.11967914438502669,321.88,340.94,347.463,347.6556666666666,285.69783333333334,-0.05553643146713905,-0.11967914440856475,-0.08028381476394542,-0.4482086099820236,41462894.8,1.1753309612140248,1.2057784317804394,43887414.0,1.1104008999026462,1.076010808712192,44735223.3,1.0893568960904236,1.0451860563152207,0.8823813546672896,-281187240.4799991,-368269488.4650003,-0.5533118606264011,0.09877079353472351,101.07585289385447,349.3729278020615,289.3955630856982,207.6136704148953,2.257355645029815,-0.05762589542561203,0.13768157496769473,0.5858300628376087,19.269520000578183,0.05189542860699387,1.0,5.543856960635501,0.016838345767425333,23.540856210239376,0.0715005959467998,19.269520000578183,0.0585272749361952,26.333386518437727,1.221662822805986,0.022865664190913737,-0.03431688863042415,-0.052445871961836366,-0.05297099527445326,0.15240635935919222,-0.052445871934565735,0.052445871934565735,48.92762836113829,-0.017223366466158466,0.032620580730390605,0.014153808771286863,0.06429959907470847,0.2201228152006988,-0.06527368734682598,-0.008557130147615494,0.07557330958615353,0.0009565243113812305,0.02053213461304826,1.4105256795883179,1.8770098686218262,1.073502540588379,1.0736171007156372,0.9448771476745605,0.7092370986938477,0.9876495003700256,-0.2754768431186676,-2.728261709213257,-0.1650969684123993,0.9487373232841492,-1.8010607957839966,-0.6308034062385559,-0.5131034851074219,-0.5499793887138367,-0.08024613559246063,2.240548610687256,2.3418450355529785,0.51151043176651,-0.3153637647628784,0.42354142665863037,0.27270111441612244,-0.2981832027435303,2.6399900913238525,2.6827926635742188,1.0176165103912354,-2.7790935039520264,0.5900412201881409,-0.7943981289863586,0.8087992668151855,0.8051215410232544,-2.5281145572662354,-0.5168167064701903,观望,2025-10,3.0
2025-10-21,330.01,375.58,324.33,365.42,61468967.0,21640515576.0,885382172.0,0.06942647925826995,0.10988944235208353,0.15525908128102173,0.1252001478014535,0.1545655608214851,-0.05887503863191501,331.664,338.654,348.219,346.88633333333325,288.8171666666667,0.15456556078500583,-0.05887503865615329,0.043163003110386455,-0.34829692278853974,41510329.8,1.4808113377118963,1.561039375864209,45896989.8,1.3392810131526316,1.3748007739692834,45921050.35,1.3385792905758305,1.3479882994511085,1.1160762885805704,2176616121.4700017,-225782997.07099992,0.010745918421244515,0.0038733963559320905,101.62308622735796,349.5985863213166,292.7288089766783,209.7488764812742,2.595836473441261,0.04525594295207469,0.24832264127823866,0.7421785810262669,19.67893367350901,0.050815761467706055,1.0,19.43637903520054,0.05318914956671405,19.129628096519973,0.05234970197579901,19.67893367350901,0.053852919032812877,28.113144624263604,0.9720866183186867,0.10177770270207875,0.07903642062166583,0.04939707479920985,0.053428644703401806,0.2652295021268276,0.049397074829345966,0.049397074829345966,58.302364526855314,0.10729977879133065,0.02780362322730538,0.015543757867233783,0.1402495758267131,0.801756097404536,0.2288824348842528,-0.003082090727463271,0.20768316199348108,0.016584850480989097,-0.10787586886322587,1.4374903440475464,1.8134288787841797,0.35245925188064575,0.3687348961830139,0.23195242881774902,0.18597719073295593,0.29334309697151184,-0.4872325360774994,-2.6368632316589355,0.2220744788646698,0.3193075358867645,-1.6041251420974731,-0.7945915460586548,-0.3482972979545593,-0.39877235889434814,0.14423614740371704,2.204913854598999,2.319448709487915,0.49545618891716003,-0.30285555124282837,0.6895002722740173,0.17351004481315613,-0.24032530188560486,2.5607547760009766,2.604189157485962,0.9350848197937012,-2.6908318996429443,-0.11242654174566269,-0.9649969339370728,0.04377524182200432,0.08878728747367859,-2.414963960647583,-0.8302989883741075,观望,2025-10,2.0
2025-10-22,360.31,373.77,360.31,362.83,38918229.0,14293597861.0,885382172.0,0.04395641817825083,-0.00708773466148549,0.10202284048110788,0.14707091144763051,0.12474038252890662,-0.008037837985619412,339.712,338.36,349.073,347.04066666666665,291.9191666666666,0.12474038249404074,-0.008037838012739273,0.04939985535648872,-0.2934469489721965,42189750.2,0.9224569668108628,0.9888093748267458,44829989.4,0.8681293375456385,0.9335719613927727,45312320.7,0.8588884523850925,0.899491554348369,0.7303662363202937,98073937.0799993,-100782138.10399994,0.061579625842388165,0.09563609848302401,101.98930471450538,350.69386143358577,295.66790230778753,212.44246238510868,2.557529890174814,0.034606076413209674,0.22715383431204295,0.7078977334685272,19.93508837254312,0.050162807448382626,1.0,22.782788898639676,0.06279191053113513,18.6839836342387,0.051495145477837415,19.93508837254312,0.05494332985694041,27.0664914368162,0.9372410734130481,0.06805176146064751,0.07231942306796535,0.03941009470685475,0.045497069477578034,0.2429125642232155,0.03941009473663093,0.03941009473663093,57.48883666017308,0.006993977408148655,0.030151861752607225,0.0,0.0370972631800816,0.18722139659195924,0.11506763490644194,-0.00041390963779330044,0.03422062887008238,0.0008724314170471428,-0.09296364688697178,1.4850578308105469,1.7284163236618042,-0.14771386981010437,-0.11445656418800354,-0.25945761799812317,-0.047474004328250885,-0.2542423903942108,1.498072862625122,-2.6735527515411377,1.519003987312317,-0.23391883075237274,-1.5712380409240723,0.26355263590812683,-0.20595353841781616,-0.22316664457321167,1.4599080085754395,2.2242631912231445,2.3942275047302246,0.6249540448188782,0.6915727853775024,0.8258957266807556,0.5279393196105957,0.7008724212646484,2.6107640266418457,2.6458892822265625,0.9688705205917358,-2.7278127670288086,-0.5894508957862854,-1.0121492147445679,-0.515548586845398,-0.6135552525520325,-2.402928113937378,0.03951145973690161,观望,2025-10,4.0
2025-10-23,360.2,363.0,340.0,347.76,33456268.0,11608575021.0,885382172.0,0.03778737482868584,-0.04153460298211287,-0.04832795139839097,0.05625075932450496,0.07082152974504252,-0.009653994019649725,344.312,338.021,349.078,346.30899999999997,294.8118333333333,0.07082152971206979,-0.00965399404785261,0.0002876373180609182,-0.3056400123152378,42645929.8,0.7845125702945747,0.7879564650517688,42946402.1,0.7790237683263342,0.7960684395914376,45265485.55,0.7391120981800668,0.7311415822844914,0.6440416801920292,-416195973.9199999,-22914193.310999822,0.20323617963494303,0.07316346205353774,102.27929713448542,350.7601481290197,297.89408280237916,214.04262225149614,2.4001015820702785,-0.008553275350756673,0.16739478921003448,0.624723133841018,19.934727857106388,0.05016371463239615,1.0,21.281622823459145,0.0611962929113388,18.455495688579227,0.053069633333472886,19.934727857106388,0.057323234001993205,26.776027762757902,0.9257962191213057,0.010014173162421924,0.028811819353566248,-0.0037756604826492124,0.004189899742594427,0.1795998690290157,-0.0037756604541104855,0.0037756604541104855,52.86646649976704,-0.03453636868310559,0.008051529790428733,0.022314239704902372,0.06613756613566432,0.33739130420113383,0.05556038033247698,-0.0005123339243230678,0.05188575200211744,-0.002445918460837559,-0.06300322061191621,1.3036545515060425,1.7557950019836426,0.646843671798706,0.734104335308075,0.6193777322769165,0.4053556025028229,0.4462842345237732,-0.018606267869472504,-2.6655149459838867,-0.7450444102287292,0.5195995569229126,-1.479663372039795,0.42567721009254456,-0.20419035851955414,-0.2113410234451294,0.6062963008880615,2.2689692974090576,2.343217372894287,0.5996891260147095,0.2773439288139343,0.5034616589546204,0.292272686958313,0.29305896162986755,2.6107094287872314,2.6728804111480713,1.076969861984253,-2.740818500518799,0.34176820516586304,-0.4005051255226135,0.4875767230987549,0.3298320472240448,-2.493130683898926,-0.07081425050454868,观望,2025-10,4.0
2025-10-24,355.0,378.2,345.01,372.97,54893569.0,19929771364.0,885382172.0,0.06199985806807052,0.07249252357948022,0.027946972411322157,0.02066115702479343,0.1791280705636875,0.07732524552281927,355.64400000000006,340.698,350.45099999999996,348.338,298.14799999999997,0.17912807052641,0.07732524549170061,0.07947671554862445,-0.21382081186079313,47493931.4,1.155801749442035,1.1890142118497968,44040345.4,1.24643820345696,1.327478745074769,45384711.2,1.2095167634337616,1.2485120645351748,1.091197475113996,986437434.9300015,114453143.99800034,0.30477727735934196,0.7907729871906237,102.78479755021961,351.72237487103365,301.1385913358955,216.57626867201114,2.6286494587662217,0.060410217395914234,0.2385327245686104,0.722118504889544,20.610253682139792,0.04851953862078726,1.0,17.368993350219593,0.04656941134609727,21.469153996685314,0.05756268331530602,20.610253682139792,0.05525981628974768,27.234168636846622,1.0416734464978024,0.04871725655293724,0.09472318589792961,0.06425719997762158,0.0707129282171135,0.25095590105414267,0.06425720000798996,0.06425720000798996,58.830032156766265,0.05061971830843332,0.01402257554189274,0.02678499611156972,0.0889883904847846,0.842422416136662,0.2070365373316863,0.004451048618517057,0.10285293740234498,0.009067412471180052,-0.16727886961417815,1.2034469842910767,1.6119177341461182,0.7511634826660156,0.776764452457428,0.7231109738349915,0.24924619495868683,0.5811857581138611,-0.3547245264053345,-2.6686151027679443,-0.7516825199127197,0.6053734421730042,-1.1931188106536865,-0.3474491834640503,-0.17975881695747375,-0.1943480372428894,-0.5241088271141052,2.3267250061035156,2.3374860286712646,0.5017063617706299,0.177621990442276,0.4376470744609833,0.24389421939849854,0.20183226466178894,2.6102681159973145,2.6773340702056885,1.0105658769607544,-2.779144525527954,0.4633370637893677,-0.08484752476215363,0.6124417185783386,0.5707000494003296,-2.4561281204223633,-0.3658531689148596,观望,2025-10,3.0
2025-11-10,349.95,353.79,322.75,336.0,47260087.0,15769855668.0,885382172.0,0.05337817780229711,-0.03942365419251559,-0.058058366740489364,-0.029182317249349943,-0.031030107278809504,-0.1682138878574081,347.328,361.843,354.038,356.0466666666667,331.41949999999997,-0.03103010730675304,-0.1682138878779994,-0.036144578340902456,0.28937605363536145,35284402.4,1.3394044899567292,1.2906630399146575,45646587.1,1.0353476569116815,0.9405352200081103,45533955.8,1.0379086589265762,0.9672897550033153,1.0290039649043579,-659278213.6499995,-273447910.76899976,-0.6736917985789004,0.2210983969146938,107.56933833855042,358.04346292047836,332.22962486821166,240.3083316380981,2.123566670481092,-0.0615664443100703,0.011348702371993369,0.39820370650324577,28.37448327375644,0.0352429325320074,1.0,7.4903584693912775,0.022292733539191516,26.454198175547987,0.07873273266297814,28.37448327375644,0.08444786688366655,25.134448577184077,0.932323521489191,-0.03261470428434743,-0.07142047796775342,-0.05094933314923966,-0.05630348084362624,0.013820852393603422,-0.050949333122433216,0.050949333122433216,45.33258422302763,-0.039862837547082045,0.011428571428231386,0.039434523808350164,0.09238095237820301,0.4268685565635085,-0.04156186501307643,-0.013243939064498706,0.1237354624018439,0.00123694812663762,-0.07232142857142865,0.2995181381702423,0.5465524196624756,0.9321520924568176,0.9720634818077087,1.262125015258789,0.9477487802505493,0.9636926651000977,-0.33483999967575073,-2.2971363067626953,-0.321823388338089,0.9692859053611755,-1.396750569343567,-0.2824840247631073,-0.7688872218132019,-0.7604775428771973,-0.20762549340724945,1.8704484701156616,2.033562183380127,-0.630804181098938,-0.5080842971801758,-0.19509565830230713,-0.7651385068893433,-0.504840075969696,2.2397918701171875,2.4364824295043945,1.0318348407745361,-2.634491205215454,1.0014418363571167,-1.3912391662597656,0.695167601108551,0.6887880563735962,-2.5240836143493652,-1.421751361793919,卖出 📉,2025-11,1.0
2025-11-11,340.0,346.97,322.75,326.0,37609494.0,12582715898.0,885382172.0,0.04247825988526907,-0.029761904761904767,-0.06801223591297645,-0.08609234392083198,-0.06332605447649697,-0.20607861282938,342.91999999999996,353.38100000000003,354.51300000000003,355.47999999999996,333.638,-0.06332605450340989,-0.20607861284871465,0.030015797755765572,0.08402521320379594,35878377.2,1.0482495847108713,1.0234581985172748,44605385.9,0.8431603771866482,0.7835765629918338,44352840.9,0.8479613309279586,0.7899226911454564,0.8209066442247476,-526532916.0,-401110794.7409998,-0.7070913514217729,0.08573633313529405,107.86503298661228,359.14378787966206,334.129277066873,241.68284164912845,2.022295464744925,-0.09228556638926888,-0.024329735898138583,0.3488752357243545,27.786431959729626,0.035988787660445,1.0,12.058671153986452,0.03698978881477471,22.330576670666208,0.06849870144166019,27.786431959729626,0.08523445386158675,25.06913082167093,0.803650382135893,-0.04934095418612672,-0.0774829433648816,-0.08042864439159003,-0.0829301226768614,-0.022893075758070314,-0.080428644365651,0.080428644365651,42.781070040366245,-0.04117647058702422,0.021380368097503752,0.009969325153068425,0.07429447852532847,0.1341866225705256,-0.06638151030636597,-0.014116117375035582,0.07787915626048632,0.00260754342065195,-0.028036809815950914,0.44531312584877014,0.5763224959373474,-0.36375126242637634,-0.2360985279083252,0.18865510821342468,-0.2319931536912918,-0.10367399454116821,-1.6174266338348389,-2.245896816253662,-0.6691404581069946,0.061426762491464615,-1.983543038368225,-0.7977350950241089,-0.9793268442153931,-0.9797638058662415,-0.9622023701667786,1.8246045112609863,2.0007503032684326,-0.5713322162628174,-0.834098756313324,0.016211938112974167,-0.7653124928474426,-0.8200550675392151,2.1793212890625,2.380546808242798,0.9038804173469543,-2.567586898803711,-0.2326827049255371,-1.7080936431884766,-0.8699719309806824,-0.675984263420105,-2.480205774307251,-2.8511627556087316,卖出 📉,2025-11,0.0
2025-11-12,320.33,331.68,315.88,329.1,40497204.0,13108651932.0,885382172.0,0.04573980059765649,0.009509202453987786,-0.020535714285714213,-0.05914977557963352,-0.04911875180583647,-0.1896084708199951,339.52000000000004,345.681,354.8385,354.68333333333334,335.708,-0.0491187518333106,-0.18960847083995058,0.02018041473634713,-0.10190137773205087,38825451.8,1.0430581518693363,0.9967086611780207,43019327.6,0.9413723147081451,0.8706029077678877,44601644.75,0.9079755741518926,0.8183742514410088,0.8937412960967144,355160479.0800016,-242171193.30299973,-0.750268096413374,0.5719846931687427,108.16734629613413,359.1329071121307,336.204873422239,242.82737869463386,2.0425078479692904,-0.08362616323196914,-0.02113257119065015,0.35528374835301335,27.428619182583912,0.03645826984503754,1.0,13.273339820858467,0.0403322388953362,13.764955059056177,0.04182605608823432,27.428619182583912,0.0833443305431494,24.407050048694437,0.5018464459478847,-0.030690386456447727,-0.047966188507671204,-0.07253581561548317,-0.07213006910186182,-0.01968377283175604,-0.07253581558934552,0.07253581558934552,43.83640132852675,0.027378016419711732,0.007839562442788174,0.013521725918762597,0.04800972348684264,0.8367088602299322,-0.05123371448072441,-0.007930574536156115,0.05007693345194395,-0.0013447739942081234,-0.020358553631115273,0.2927055358886719,0.3584902882575989,0.2961377203464508,0.3493347465991974,0.7197929620742798,0.33968988060951233,0.544497549533844,-0.9895156621932983,-2.3007028102874756,-0.42801207304000854,0.5484311580657959,-2.3040952682495117,-1.1639033555984497,-1.2314494848251343,-1.2323483228683472,-1.0952543020248413,1.819023609161377,1.9909865856170654,-0.8937113881111145,-1.065312385559082,-0.07053196430206299,-0.7420076131820679,-1.061240315437317,2.20888614654541,2.439328193664551,0.9123112559318542,-2.6541130542755127,0.40895622968673706,-1.9121558666229248,0.04175693541765213,0.2104162722826004,-2.5063860416412354,-2.1346190164026027,卖出 📉,2025-11,0.0
2025-11-13,328.8,328.88,317.55,325.85,27865564.0,8996111776.0,885382172.0,0.03147292195533388,-0.009875417806137987,-0.0004601226993864449,-0.03020833333333328,-0.08651285357853711,-0.12874331550802132,333.348,340.866,354.893,353.7236666666667,337.19616666666667,-0.08651285360414573,-0.12874331553131702,0.003356324639630648,-0.2943237433622767,36509268.0,0.7632463077594432,0.7406221021599498,37949761.5,0.7342750757471821,0.6938230639711099,44436154.45,0.6270921582864377,0.5637869060415917,0.6223446579107398,-82203413.79999968,-187542554.6829997,-0.585564557134457,-0.2935855903807698,108.3740511453685,359.0900654185659,338.2473137709015,243.64696130948673,2.0067160593906213,-0.09256748827016503,-0.03665162520491827,0.3373858563583596,27.36672145431284,0.036540730730352,1.0,10.070142501473903,0.03090422740882265,10.876715394724512,0.03337951632466078,27.36672145431284,0.08398564202385449,23.48868933093055,0.3974431284693027,-0.022493010336870345,-0.04405250159757634,-0.08183593367347797,-0.07880068342202717,-0.03364856364914237,-0.08183593364760633,0.08183593364760633,42.94219110041041,-0.008972019464447287,0.0002455117385224151,0.025471842871705667,0.03477059996824391,0.732568401824743,-0.06603061606755178,-0.00429738960246855,0.026538532044342776,0.0007761950064612741,0.005800214822771155,0.26451730728149414,0.3264795243740082,0.12601684033870697,0.1777084469795227,0.6243530511856079,-0.14460034668445587,0.3939134478569031,0.3471153676509857,-2.2704765796661377,0.11847712844610214,0.43533939123153687,-1.7548564672470093,-0.7510355710983276,-1.131922721862793,-1.1251620054244995,-0.39430341124534607,1.7835079431533813,1.9737434387207031,-0.8598043322563171,-0.7673422694206238,0.05642783269286156,-0.7084121704101562,-0.7657722234725952,2.1988415718078613,2.4226462841033936,0.9394874572753906,-2.6485626697540283,0.32612234354019165,-1.568791151046753,-0.010727791115641594,0.11439837515354156,-2.48384428024292,-1.4632102547221346,卖出 📉,2025-11,0.0
2025-11-14,318.01,319.68,310.58,310.58,32676772.0,10287090606.0,885382172.0,0.036906968576277135,-0.0468620530919136,-0.05627468854451545,-0.0473006134969326,-0.11209582892592707,-0.09796404403008918,325.50600000000003,337.493,354.6065,351.543,338.52149999999995,-0.11209582895131098,-0.09796404405628756,-0.018115140241594885,-0.5537356852884334,37181824.2,0.8788372465060493,0.8467518177159205,35377397.7,0.9236623981531573,0.8617403077175438,44537315.0,0.7336942516629033,0.6436786222118371,0.7429361522236301,-242788415.96000022,-51045067.54899988,0.021901791186643215,0.11471590477052396,108.6068862439241,358.838843232916,339.5131555722479,244.50905990949883,1.8596713407514258,-0.13448611861005266,-0.0852195418568722,0.2702187809112524,27.81817264326646,0.0359477242615567,1.0,9.303073685615727,0.029953872384944905,14.36173855925893,0.046241672222282544,27.81817264326646,0.08956846108046486,22.901640093006943,0.5162718176448067,-0.0458547615390853,-0.07974387619655099,-0.12415593061254782,-0.11652344096976697,-0.08253980916773251,-0.1241559305878488,0.1241559305878488,38.92457045642366,-0.023364045155078037,0.005377036512158689,0.0,0.029300019317750732,0.0,-0.0985139896380749,-0.004530021214820096,0.025749948299786107,0.0026190120093143336,-0.034065297185910226,0.10046876966953278,0.25220999121665955,0.8819113373756409,0.9118014574050903,1.3338730335235596,0.6964355111122131,0.997740626335144,-0.14642482995986938,-2.2206947803497314,-0.35750019550323486,0.9433266520500183,-1.4849435091018677,-0.4095650017261505,-0.9994444847106934,-0.9906752705574036,-0.1830264776945114,1.713786005973816,1.920149326324463,-1.173966884613037,-0.9338647723197937,-0.17146067321300507,-0.703191876411438,-0.940389096736908,2.1481714248657227,2.367574691772461,0.952150821685791,-2.6093075275421143,1.0521422624588013,-1.5776865482330322,0.8430935144424438,0.8387945890426636,-2.4268383979797363,-0.935338312094567,观望,2025-11,1.0
2025-11-17,314.33,320.07,306.66,311.7,31986719.0,10012991469.0,885382172.0,0.036127584236019604,0.0036061562238391964,-0.04342488875249362,-0.052871467639015624,-0.07232142857142865,-0.10110739416310999,320.646,333.987,353.72950000000003,349.46633333333335,339.8298333333333,-0.07232142859903812,-0.10110739418903258,-0.05327420729397181,-0.740094265196645,34127150.6,0.9372806823198416,0.9104778574369679,34705776.5,0.9216540364685398,0.8625967553304398,43700019.75,0.7319612023745137,0.6391709143817742,0.7309164314014209,-84125070.96999985,-85698161.86399975,-0.052308149335823735,-0.32317689131634486,108.83233587204447,358.480229396235,340.6309634752391,245.5574237297596,1.8640385001611062,-0.1304959815357849,-0.08493345167472466,0.26935685863454695,28.914838382468318,0.034584319179887864,1.0,8.783113343228527,0.028178098629922186,16.03058538475246,0.05142953283361618,28.914838382468318,0.09276496112140092,22.223665800649304,0.5544068815867246,-0.02789992705264066,-0.06673014221910656,-0.11881819302266805,-0.10806858841601152,-0.08277623264145106,-0.11881819299775687,0.11881819299775687,39.372610944017765,-0.00836700283115301,0.01841514276488886,0.016169393647219345,0.04302213666849453,0.3758389258942271,-0.06778547791777433,-0.005199906049166226,0.04032381761150403,0.0006051135978411822,0.2977863330125121,0.09351977705955505,0.3874061703681946,0.6268897652626038,0.7431879639625549,1.087209701538086,0.1767735630273819,0.7691677808761597,-0.6486145257949829,-2.2272255420684814,-0.7549254298210144,0.8388459086418152,-0.7845865488052368,-0.5266629457473755,-0.802992582321167,-0.8027138710021973,-0.7844807505607605,1.7653921842575073,1.9610722064971924,-1.0563102960586548,-1.1535086631774902,-0.048396091908216476,-0.7502032518386841,-1.1639163494110107,2.1681911945343018,2.370002031326294,0.9394248723983765,-2.5868732929229736,0.7786086201667786,-1.0546157360076904,0.6057895421981812,0.6504237651824951,-2.3538455963134766,-1.149241734114674,卖出 📉,2025-11,1.0
2025-11-18,308.01,324.93,306.61,316.86,34407922.0,10966549315.0,885382172.0,0.03886222592699777,0.016554379210779624,0.020220233112241637,-0.027589381617308617,-0.028036809815950914,-0.08958740374669583,318.81800000000004,330.869,351.3015,347.08566666666667,341.03933333333333,-0.02803680984576573,-0.08958740377285412,-0.13288818348385723,-0.7833122607464167,33486836.2,1.027505906933065,1.0273807996646271,34682606.7,0.9920800445486697,0.9549169657103576,42346967.5,0.8125238719868192,0.7247307403382143,0.790435982883858,304510109.70000076,-51540711.55399971,-0.054459976111652195,-0.08512669699836961,109.0810332121694,357.3312490805865,342.0066940170994,246.39651163596938,1.9048129694892748,-0.11325975319740156,-0.07352690592612232,0.2859759981835077,29.903421961375138,0.03344098882586895,1.0,8.329659056648119,0.026288136894480958,16.025830157039742,0.050577006111639115,29.903421961375138,0.09437424086483429,21.944832529174356,0.5359196072068396,-0.006141434956428493,-0.042340019795074846,-0.09803971804566614,-0.08708416848807499,-0.07089895791870826,-0.09803971801999123,0.09803971801999123,41.50177810378122,0.02873283334863379,0.02546866123759801,0.004418355109372573,0.057817332574076306,0.5594978162884839,-0.028807987697448502,-0.004531062668145524,0.059407650742976915,-0.0008055769849257218,0.3227608407498579,0.10177043080329895,0.36866307258605957,0.5637316703796387,0.6391969323158264,1.003247618675232,0.6700381636619568,0.6791822910308838,-0.22984474897384644,-2.300330877304077,0.05480990186333656,0.7078171968460083,-0.9721611142158508,-0.6464730501174927,-0.8194882869720459,-0.813356339931488,-0.5566564798355103,1.8232018947601318,2.0139379501342773,-1.1695516109466553,-0.9654921293258667,-0.14344707131385803,-0.6891354918479919,-0.968850314617157,2.2201499938964844,2.4375202655792236,0.881767749786377,-2.648113489151001,0.718160092830658,-1.233872652053833,0.4409186840057373,0.4668959379196167,-2.424400806427002,-0.8390652158476171,观望,2025-11,2.0
2025-11-19,316.3,328.0,313.89,322.4,35095593.0,11339176102.0,885382172.0,0.03963891990361875,0.017484062361926345,0.034327879371190306,0.038057827290875146,-0.020358553631115273,-0.06847731869401918,317.47799999999995,328.49899999999997,349.28,345.64,342.13283333333334,-0.020358553660882572,-0.0684773187209341,-0.1114295951516846,-0.8142443500995865,32406514.0,1.082979582438271,1.0987165073365581,35615982.9,0.9853888659633199,0.9661741591951427,42155835.7,0.832520395272344,0.7567435032654302,0.8152812837296265,214083117.2999988,-58470413.92399983,-0.04376326983422786,-0.1333823194312378,109.33937254413578,355.44719858560416,343.0737334977546,247.31297441411897,1.9486176159448916,-0.09297358009039214,-0.06026032155530758,0.3036113481864877,30.444720741906714,0.032846417221198236,1.0,6.62695405144781,0.02055506839715341,15.25711742834423,0.047323565222924927,30.444720741906714,0.09443151594591315,21.385201634233333,0.5011416446442096,0.01550343642660268,-0.01856626659385363,-0.0769583142728768,-0.06723758826908821,-0.05767594168178325,-0.07695831424644983,0.07695831424644983,43.7844429895947,0.01928548845971265,0.01736972704660771,0.00747518610398658,0.04376550868350608,0.6031183553486037,-0.022047897910472364,-0.0032405908587811428,0.04739715231926194,-0.00039262465168339155,0.3407568238213401,0.04352466017007828,0.3255622088909149,0.2704511284828186,0.38676968216896057,0.8061853647232056,0.44840437173843384,0.34848466515541077,0.48991191387176514,-2.322206497192383,0.3333640694618225,0.4758355915546417,-0.7178031802177429,-0.31126633286476135,-0.7639433741569519,-0.7466853260993958,0.26341381669044495,1.8396726846694946,2.0128400325775146,-1.2194597721099854,-0.4858447313308716,-0.18791405856609344,-0.735336422920227,-0.49069687724113464,2.2421324253082275,2.4599850177764893,0.8573789000511169,-2.6773300170898438,0.5324317216873169,-0.9567381143569946,0.08101213723421097,0.05924927443265915,-2.4674744606018066,-0.5031719397585969,观望,2025-11,3.0
2025-11-20,338.52,343.28,324.25,327.74,39377620.0,13026465601.0,885382172.0,0.04447527999242343,0.016563275434243296,0.0343369311367796,0.05145973692653194,0.005800214822771155,-0.08121443189145239,317.856,325.602,348.27900000000005,344.8596666666666,343.3428333333333,0.005800214791904068,-0.08121443191720956,-0.057568438030320634,-0.8678891744060082,34708925.2,1.134509921384716,1.1707651761077393,35609096.6,1.105830356842021,1.119441507976623,42451903.3,0.9275819678030783,0.8652545043132188,0.9239942679890203,-424490743.59999895,-115475240.51099972,-0.09089932951727137,0.4131284046502701,109.63892534219436,354.63823909633754,344.22989731269087,248.6973498761054,1.989266804440939,-0.0758469790648566,-0.047903733642612134,0.317826668290883,30.824085404966763,0.032442162891050313,1.0,7.2486191788505705,0.02211698046814365,11.622804021981846,0.03546348941730399,30.824085404966763,0.09405042229824329,21.349115803216666,0.3770689013318898,0.031095842109914784,0.006566298701894846,-0.05897283502424877,-0.04964241496155497,-0.04544388823089518,-0.058972834997229384,0.058972834997229384,45.972848205717156,-0.03184449958549429,0.014523707816728973,0.010648684932853853,0.0580643192757043,0.1833946399456683,0.006580401262596567,-0.002880147146828317,0.06587454629673634,-0.00018470493753656693,0.27085494599377546,0.016031786799430847,0.3196493089199066,0.1576472967863083,0.2962716817855835,0.7378969788551331,0.3891794681549072,0.18802538514137268,0.3085525631904602,-2.287320852279663,0.25988954305648804,0.38193589448928833,-0.7149630188941956,0.16866788268089294,-0.6883713603019714,-0.6648375988006592,0.4045882523059845,1.7981284856796265,1.9665014743804932,-1.1875537633895874,-0.3497168719768524,-0.21044541895389557,-0.7158899903297424,-0.3589099645614624,2.2023961544036865,2.430259943008423,0.8269752264022827,-2.669248580932617,0.4606376588344574,-0.8618426322937012,-0.06802200525999069,-0.15431629121303558,-2.471437931060791,-0.4228141615435107,观望,2025-11,3.0
2025-11-21,313.9,314.0,299.85,300.0,43700371.0,13407170909.0,885382172.0,0.04935763603787586,-0.0846402636236041,-0.0694789081885856,-0.05320961939026703,-0.034065297185910226,-0.14234254838617466,315.73999999999995,320.623,344.63050000000004,343.31966666666665,344.04516666666666,-0.03406529721701124,-0.14234254841069383,-0.1956457624153245,-0.8902566661319594,36913645.0,1.1838541276538794,1.1409901164838097,37047734.6,1.179569317039968,1.121969227139892,41892243.4,1.043161393452612,0.9102605169484609,1.0256310197604936,-607435156.899999,-175310022.47999963,-0.39327903209166376,0.3373527532034071,109.93442686257032,351.5910587364247,344.84710939702313,250.7343735946095,1.7288994772768662,-0.14673598049346492,-0.13004925422005076,0.19648533106610966,32.0421974203763,0.03120884584064109,1.0,10.649873238682305,0.03549957746109103,10.740912489689908,0.03580304163110626,32.0421974203763,0.10680732473102741,21.816321817272616,0.33521148207854884,-0.04985114337588348,-0.06432164881919511,-0.12950246716035008,-0.1261788090848418,-0.12802146619911758,-0.12950246713509117,0.12950246713509117,37.75130916994037,-0.044281618348382165,0.000333333333322298,0.0004999999999832575,0.047166666665094364,0.010600706706287663,-0.0403283426832959,-0.005096296186625829,0.055838453019146604,0.0015084664902878966,0.42666666666666675,0.02661869302392006,0.28450778126716614,-0.20143069326877594,-0.014786683022975922,0.48443183302879333,-0.2585914134979248,-0.16402816772460938,-0.48771432042121887,-2.210798978805542,0.15141502022743225,0.1369885951280594,-1.1126335859298706,0.29361599683761597,-0.6927261352539062,-0.6809537410736084,0.2575996220111847,1.7098267078399658,1.8806934356689453,-1.1688652038574219,-0.23152917623519897,-0.14728406071662903,-0.7259700894355774,-0.23898477852344513,2.124256134033203,2.364220142364502,0.8252885341644287,-2.6289830207824707,0.17491987347602844,-0.7637397050857544,-0.4117751717567444,-0.5031318068504333,-2.43874192237854,-0.8875811090422169,观望,2025-11,2.0
2025-12-08,375.12,415.51,375.03,404.52,55941327.0,22307189341.0,885382172.0,0.06318325438339636,0.07154777356891207,0.08088176352705401,0.08412617586364002,0.13753831444560038,0.3806143344709898,378.88199999999995,357.446,336.8845,345.204,347.6826666666667,0.13753831441361197,0.3806143344238697,0.20392857139274012,0.7665215353373006,44186840.0,1.2660178234062447,1.327877480145112,47849329.9,1.1691141154309037,1.3091287662168833,42427314.9,1.3185215027595345,1.5490923203035307,1.2859955254562838,1644675013.7999988,575003057.9570001,0.735033069701397,0.44603955085432934,114.19706738319435,339.4079457559545,349.3366103835443,273.2798589473405,2.5422976199783793,0.19184009996885343,0.15796623650715746,0.4802408108603011,29.81171978566485,0.03354385479449655,1.0,15.053573329942513,0.037213421659177244,27.9891757649284,0.06919108020428283,29.81171978566485,0.07369652868814369,23.51481188620473,0.9388648476764001,0.0676675059499352,0.131695416898449,0.20076762210191412,0.17182883161342755,0.16347473938408918,0.2007676221375574,0.2007676221375574,69.83599560231323,0.07837492002350242,0.027168001581450434,0.00022248590922032774,0.10006921783595206,0.7285079049583725,0.17412595748938267,0.026335116940021695,0.12668941335463738,0.010779554392334169,0.055102343518243835,0.07670067250728607,0.09461601078510284,0.3434930443763733,0.32403525710105896,0.49773237109184265,0.5685893297195435,0.12727463245391846,-0.0017693303525447845,-1.663201093673706,0.0016122778179123998,0.17011278867721558,1.5182784795761108,0.4118143320083618,0.938044548034668,0.9398966431617737,0.09764950722455978,1.6628942489624023,1.6017875671386719,0.15762239694595337,0.23765632510185242,-0.09810170531272888,-0.3149409890174866,0.2740265727043152,1.6307216882705688,1.7770079374313354,0.8570325970649719,-1.9733169078826904,0.5776833295822144,0.7755492329597473,0.23561415076255798,0.13673223555088043,-1.9761658906936646,0.8857108504997365,观望,2025-12,7.0
2025-12-09,404.83,426.5,402.03,419.13,48343738.0,20184805687.0,885382172.0,0.054602113673461225,0.036116879264313395,0.11024873513284428,0.1199198396793586,0.1483013698630138,0.3754594381727485,389.70799999999997,368.887,341.541,345.48766666666666,349.4265,0.1483013698315534,0.3754594381276102,0.285674846586329,0.825586839615728,46283477.8,1.0445139453198133,1.1150382999065709,48041689.0,1.0062872269124425,1.1450494197635495,42964027.1,1.125214307482829,1.3656585819056122,1.1110655927622333,691315453.4000006,636150338.0130001,0.7420610623415977,0.27688951367292636,114.69030009559542,344.01505820668285,351.58129972398893,276.09804365774494,2.654450286124034,0.21834783100741006,0.19212825121541055,0.5180476994598322,34.86683251277262,0.028680551906941038,1.0,20.902275474214484,0.049870625996029344,27.419509700617816,0.06542005988586742,34.86683251277262,0.08318858710171244,23.58303960861868,0.7864066712314426,0.07549755198570485,0.1362016010014937,0.22717331151378084,0.21315473872545887,0.19947971887651694,0.22717331154971143,0.22717331154971143,72.65326267990903,0.035323469109618304,0.01758404313655468,0.006680504855136131,0.05838284064470737,0.6988148750720006,0.1549028489319494,0.02456257892702239,0.06098169122078125,0.005238518856158956,-0.028463722472741204,0.36897024512290955,0.20816682279109955,-0.7283877730369568,-0.8097988367080688,-0.5909432172775269,-0.25004932284355164,-1.0426360368728638,1.8911948204040527,-1.7462295293807983,1.2854623794555664,-1.1267374753952026,2.559756278991699,0.870535671710968,1.4419512748718262,1.4220209121704102,0.9044864177703857,1.858689308166504,1.7387523651123047,0.06514359265565872,0.9300618171691895,0.30025291442871094,0.4314967691898346,0.944857656955719,1.715785026550293,1.8014658689498901,0.7045449614524841,-1.9129575490951538,-0.6175996661186218,0.8489934802055359,-0.9621075987815857,-1.0949537754058838,-1.886668086051941,1.3353844276880493,买入 📈,2025-12,8.0
2025-12-10,418.0,438.89,398.68,432.26,51510640.0,21546227178.0,885382172.0,0.058178989400297074,0.03132679598215349,0.06857510135469203,0.1450292707477947,0.1584702382547638,0.3054481758878955,401.534,379.00100000000003,346.69899999999996,346.3596666666666,351.37550000000005,0.15847023822371642,0.3054481758484704,0.31346095407737873,0.8787848781874922,44980063.6,1.1451882429085758,1.1976033179184251,46404895.2,1.1100259957057286,1.2257833633351685,43514698.9,1.183752646855612,1.4173143730084823,1.188261703639888,734541726.3999995,511942091.517,0.5910693720590663,-0.11230963427111562,115.21539615994797,349.35668705500336,353.56556995377997,278.3592567461239,2.7517555327407313,0.23730277970017544,0.22257379319063042,0.552885307472424,40.15842533346161,0.024901374778700452,1.0,25.417472927101514,0.05880135318214385,30.429018478347356,0.07039517530570352,40.15842533346161,0.09290340381375231,24.77067963657449,0.7577243932773289,0.07652153986769439,0.14052469515540778,0.2467875592013018,0.24800905413597985,0.23019390932975692,0.24678755923726348,0.24678755923726348,74.92030902842075,0.034114832535069,0.015337991023565945,0.04469532225871707,0.09302271780657417,0.8351156426672182,0.18147825370027634,0.021502077885660432,0.10652852275549096,0.005406185638794576,0.032017767084625115,0.37919744849205017,0.2510750889778137,-0.2722497284412384,-0.3613211512565613,-0.12913882732391357,0.08216851204633713,-0.6723414063453674,1.0516705513000488,-1.6635404825210571,0.4873509109020233,-0.7903364300727844,2.8642561435699463,1.4203693866729736,1.7142657041549683,1.7067848443984985,1.2761749029159546,1.8257862329483032,1.679937481880188,0.27959805727005005,0.9899073839187622,0.39230239391326904,0.6363775730133057,1.0004976987838745,1.6364336013793945,1.699251413345337,0.8323565721511841,-1.784026861190796,-0.11826007813215256,1.1227455139160156,-0.25952282547950745,-0.49592748284339905,-1.7542076110839844,1.6130697328462749,买入 📈,2025-12,9.0
2025-12-11,428.53,451.71,415.0,416.51,61049264.0,26567610257.0,885382172.0,0.06895244328457067,-0.036436404016101376,-0.00625104382888364,0.029640067240185974,0.11291917167668664,0.22215375586854447,409.986,386.572,351.232,347.77666666666664,352.7348333333333,0.11291917164694931,0.22215375583268315,0.2782261776498931,0.9186900015592467,50454425.6,1.2099882869343377,1.2768098552143965,46197290.0,1.321490156673692,1.473363330467068,45173883.9,1.3514282751322162,1.6521399784217954,1.427523920369057,-733812153.2799989,332510345.309,0.018545913465268134,0.8127636370611626,115.86994517461295,355.97395179806534,355.92080821127865,281.56237247564025,2.5946336159245647,0.17005752217587866,0.1702322269192953,0.4792814691033864,42.716455919421065,0.023410181819677776,1.0,20.657166553037506,0.0495958477648593,29.26456856564573,0.07026138283580975,42.716455919421065,0.10255805603321766,25.623488233962025,0.6850888709961934,0.015912738458973896,0.077444822670099,0.18585436403329259,0.19763641413941024,0.18080200940798874,0.18585436406705536,0.18585436406705536,67.67308976353215,-0.02804937810589571,0.05565292549865184,0.0036253631364522756,0.0881371395623601,0.041133206199636604,0.13663087509911845,0.015608830086973155,0.10664490651435275,-0.0031673125409298194,0.021584115627475864,0.4109704792499542,0.3294922709465027,-0.49705180525779724,-0.5105969905853271,-0.3707299530506134,0.2666860818862915,-0.8358803391456604,0.9908581972122192,-1.6755291223526,0.7062072157859802,-0.9604859948158264,2.818037509918213,1.4998475313186646,1.4958531856536865,1.4623379707336426,0.9601650238037109,1.826196312904358,1.6874423027038574,0.2540125548839569,0.9543577432632446,0.45735687017440796,0.8310203552246094,0.9649117588996887,1.6339620351791382,1.6649293899536133,0.7917557954788208,-1.78522527217865,-0.382365345954895,0.8557977080345154,-0.5272717475891113,-0.7451844811439514,-1.7788951396942139,1.3630424468468778,买入 📈,2025-12,8.0
2025-12-12,417.0,439.55,417.0,428.0,58376870.0,24919702124.0,885382172.0,0.06593409247007065,0.027586372476051002,-0.00985517975292649,0.021162885023739753,0.1337448014622129,0.2305922944220815,420.084,394.592,357.103,350.5663333333333,353.5365,0.1337448014321807,0.23059229438669937,0.3780668426370639,0.9349604515721068,55044367.8,1.0605421105408717,1.0785365422928843,47890060.2,1.21897675125495,1.3053617091224052,46458888.8,1.25652746993811,1.4822254129598051,1.3650599844497815,642145570.0,364394551.26899993,0.04558753185095102,0.6477999266043319,116.47712440362186,361.875993595654,357.2086287576361,284.23625973749563,2.6745412645737616,0.18272559543761946,0.19817934266754622,0.5057895864351591,44.85097218919388,0.022296060731053075,1.0,10.803237014891545,0.025241207978128816,28.4361701593829,0.0664396499035479,44.85097218919388,0.10479199109379897,25.438953360107597,0.6340145768321604,0.018843850253310146,0.08466466626072844,0.19853375633364778,0.22088164005421085,0.21062464551154902,0.1985337563672105,0.1985337563672105,69.95631714397376,0.026378896881861416,0.026985981307780727,0.0,0.05268691588661949,0.4878048778324588,0.14184199401660513,0.01532047130950816,0.055876692972284814,0.0035280403254645256,0.014719626168224309,0.4753146469593048,0.3461989760398865,-1.1584786176681519,-1.1701239347457886,-1.0983656644821167,-1.202078104019165,-1.3626031875610352,-0.799109697341919,-1.6771187782287598,-0.7378553748130798,-1.458194375038147,1.6950713396072388,0.22590872645378113,0.7468689680099487,0.7210950255393982,0.07577285170555115,1.825174331665039,1.6685863733291626,0.3102673590183258,0.7663894295692444,0.8337564468383789,0.4755677878856659,0.7623390555381775,1.6220097541809082,1.668837070465088,0.6854812502861023,-1.8054609298706055,-1.0136902332305908,0.059860166162252426,-0.9100340604782104,-1.0114495754241943,-1.7774759531021118,-0.46222566842960644,观望,2025-12,3.0
2025-12-15,411.88,443.0,410.0,426.81,38653159.0,16531276545.0,885382172.0,0.04365703333814135,-0.002780373831775651,0.024729298216129347,-0.01260815250080971,0.055102343518243835,0.20021934141334596,424.54200000000003,401.712,362.8585,353.2346666666666,354.6836666666667,0.05510234349216114,0.20021934137959496,0.3692974013035195,0.9456963163454126,51586734.2,0.7492848616883367,0.753135923168878,47886787.1,0.8071779574453846,0.8532479503358935,46792210.8,0.8260596868400156,0.964582526338515,0.9038841526272456,577091663.8700002,408138111.36599994,0.13011448441456885,-0.3090410779851539,116.87889464804537,366.2633268793959,358.1605544253912,286.417126452582,2.651728580127685,0.1653091332852472,0.1916722674409117,0.49016926915737646,46.08670447331399,0.0216982318699324,1.0,6.528244021168239,0.015295433614524692,26.43440762844347,0.06193483664352785,46.08670447331399,0.10797943926392117,25.979028120099912,0.5735799060662762,0.0053422276004413405,0.06247759586314383,0.17624363212722738,0.20829023950438175,0.20335397454059945,0.17624363215964345,0.17624363215964345,69.40953325867076,0.03624842186956765,0.03793256952653563,0.004404770272383373,0.07731777605779344,0.5093939392395777,0.04128735184177055,0.01240055220121995,0.05793303913951355,0.0019973729929056824,-0.015252688549940219,0.5806571245193481,0.374683141708374,-0.6782258749008179,-0.8010397553443909,-0.713560938835144,-0.7411378622055054,-0.8492196798324585,1.1807938814163208,-1.6180853843688965,0.27519160509109497,-1.0743831396102905,2.0976340770721436,0.2211609035730362,0.8994861841201782,0.8730606436729431,0.003941414877772331,1.7853461503982544,1.6400001049041748,0.23975679278373718,0.8817510604858398,0.917199432849884,0.5627029538154602,0.88253253698349,1.5928205251693726,1.6220216751098633,0.716358482837677,-1.7749427556991577,-0.692772388458252,-0.07649507373571396,-0.4631071090698242,-0.4981190860271454,-1.74744713306427,0.5432507904833028,观望,2025-12,6.0
2025-12-16,420.98,425.98,401.8,407.2,38788498.0,15980176136.0,885382172.0,0.043809892752166235,-0.045945502682692596,-0.04859813084112152,-0.022352404504093593,-0.028463722472741204,0.11561643835616442,422.15599999999995,405.932,367.3755,355.2066666666667,355.632,-0.028463722495920996,0.11561643832559954,0.2851101432403864,0.9402988964634184,49675686.2,0.7808346691746352,0.75703147050608,47979582.0,0.8084375974763597,0.8150792894951714,47011239.6,0.8250898791445609,0.9189844222181355,0.9041250637943903,-534505502.44000113,319174366.1599999,0.31229737659775925,-0.1976520723325118,117.26071648369384,369.8892496487159,359.07043054958757,288.43011688872036,2.472603717687712,0.10087005877223554,0.13403935650380916,0.4117804492555901,45.76711247115577,0.02184975074430885,1.0,10.166883986744446,0.02496778975072389,23.077801647664185,0.056674365538058546,45.76711247115577,0.11239467698927265,25.909811825807058,0.5042442137280625,-0.035427661835069735,0.0031236758618899962,0.10840271054797057,0.1463748803190712,0.1450038241456053,0.10840271057814155,0.10840271057814155,60.95459339566147,-0.03273314646698821,0.01227897838869649,0.013261296659792152,0.05938113948773624,0.22332506194237903,-0.022225461320481508,0.0065524882878734295,0.046366852407119394,0.0009317071974546891,0.007711198428290711,0.46340200304985046,0.46515482664108276,0.26218414306640625,0.19966650009155273,0.27236804366111755,0.6004266738891602,0.13886529207229614,0.8765667080879211,-1.589481234550476,0.03252677246928215,-0.04341427981853485,2.0647530555725098,0.05730191245675087,0.786963701248169,0.763484001159668,0.12427588552236557,1.6861554384231567,1.609361171722412,0.21918907761573792,0.1264651119709015,0.5394497513771057,0.46002528071403503,0.15105292201042175,1.5708134174346924,1.617466926574707,0.7870319485664368,-1.7972036600112915,0.25389978289604187,0.07930132746696472,0.37443187832832336,0.33922991156578064,-1.7953619956970215,0.9785491934908874,观望,2025-12,7.0
2025-12-17,408.51,446.33,408.5,446.1,49263895.0,21298227463.0,885382172.0,0.055641390303485805,0.09553045186640485,0.04519575455120539,0.04228971962616823,0.032017767084625115,0.19556186851767499,424.924,413.229,373.5605,358.54,357.3045,0.03201776706075021,0.1955618684856335,0.3836848634806551,0.9538576659345546,49226337.2,1.0007629614985856,1.0113407302655533,47103200.4,1.0458715030327321,1.0908037736142124,47719654.7,1.032360676323167,1.1907162144482848,1.1277048214252083,1851829813.0500016,496639661.9020001,0.27874930198751174,-0.04361710512624184,117.77761388112157,374.8330708006988,360.6969499127425,290.6732011742485,2.787646780229981,0.1901297797632011,0.23677231012881483,0.5347132043747596,47.68736448280449,0.020969915419647257,1.0,14.546282342919074,0.03260767169377493,23.08991913272104,0.051759513858335444,47.68736448280449,0.10689837364208811,26.85411098110655,0.48419365125965513,0.04983479396198298,0.07954669200178244,0.19418407456906772,0.24421264011702415,0.2485149221112939,0.19418407460103526,0.19418407460103526,69.01710105884679,0.09201733127482768,0.0005155794664756905,2.2416498542404706e-05,0.08480161398599409,0.9939201689151688,0.032042195408181366,0.01012218724204412,0.08486631435248332,0.002946189478309318,-0.10733019502353736,0.23989148437976837,0.38135814666748047,0.4319493770599365,0.4723137319087982,0.4949932098388672,0.41705551743507385,0.4332931339740753,-0.23227261006832123,-1.539520502090454,-0.68990159034729,0.36378633975982666,1.3265974521636963,-0.1871854066848755,0.32330405712127686,0.30838334560394287,-0.49892371892929077,1.5481979846954346,1.5325262546539307,0.3207302391529083,-0.5627145171165466,0.1992969661951065,-0.005917617119848728,-0.5413475036621094,1.520749807357788,1.5955055952072144,0.7972859740257263,-1.8105567693710327,0.4943164885044098,0.11590882390737534,0.4349653422832489,0.4539235830307007,-1.8250290155410767,0.18808839429159924,观望,2025-12,5.0
2025-12-18,437.21,443.6,423.5,425.5,40042065.0,17324878242.0,885382172.0,0.04522574122940438,-0.0461779869984309,0.04494106090373284,-0.0030692814132752266,0.021584115627475864,0.136940547762191,426.72200000000004,418.354,378.44849999999997,360.83299999999997,358.60183333333333,0.021584115602948595,0.13694054773181175,0.29828522605424146,0.9548253961493838,45024897.4,0.889331621219863,0.9018276831248075,47739661.5,0.8387588797628989,0.8658400643796519,47752876.95,0.8385267560303503,0.957079074393187,0.9161906110704064,-468892581.1499992,425772056.53900015,0.34454627952143857,-0.3441024121109798,118.19695371851303,379.07297940925423,361.9556047999575,293.18285340229585,2.5999235734393933,0.12247515152121213,0.17555853358082874,0.45131270489458997,47.75372812946872,0.02094077340054827,1.0,13.781778549952037,0.03238960881228705,18.75828125270532,0.04408526733787184,47.75372812946872,0.11222967832748865,26.550245911027513,0.39281291709665483,-0.0028636911384259944,0.017081227835348045,0.1243273523048889,0.179215869912696,0.18655277367926026,0.1243273523345978,0.1243273523345978,61.745833125315606,-0.026783467898108794,0.015017626321621309,0.0047003525263290165,0.04723854288960667,0.09950248751268521,0.01919543654358009,0.00603706065615152,0.042010729932077925,-0.0005780974673606428,-0.08025851938895412,0.5472357273101807,0.5832734704017639,-0.3248198628425598,-0.32372206449508667,-0.26599544286727905,-0.020881814882159233,-0.4261440932750702,2.2055463790893555,-1.624047875404358,1.3123019933700562,-0.5934862494468689,2.283740282058716,0.5719552040100098,0.927233874797821,0.8904191851615906,0.523054838180542,1.706341028213501,1.6410657167434692,0.15403816103935242,0.38767462968826294,0.4039171636104584,0.6681585907936096,0.3823173940181732,1.598252534866333,1.6252632141113281,0.7887067198753357,-1.757641315460205,-0.3123774826526642,0.10063044726848602,-0.5209721326828003,-0.5421939492225647,-1.7657252550125122,1.23779100024715,买入 📈,2025-12,8.0
2025-12-19,436.0,449.09,425.51,434.3,35719127.0,15620941766.0,885382172.0,0.04034317397572356,0.02068155111633385,-0.02645146828065459,0.06655206286836934,0.014719626168224309,0.1504331011099045,427.98199999999997,424.033,385.1635,363.65,360.08166666666665,0.01471962614451594,0.1504331010794302,0.44766666661841104,0.9441291229994483,40493348.8,0.8820986176376698,0.900285384709403,47768858.3,0.747749229752891,0.7722395619616763,47353814.75,0.7543030522160835,0.8577037670798129,0.813305642104024,-60722515.899999596,434366648.7750002,0.30921430841945585,-0.3881287742902283,118.57560963026297,384.60499919174936,363.2473522636079,295.7053411387471,2.6626419324700445,0.12921049105623972,0.19560403480884658,0.4686917670392139,45.53272441188289,0.021962226348120804,1.0,14.209191391487318,0.032717456576468205,12.606833288165369,0.029027937572818532,45.53272441188289,0.10484164036572524,26.338799774525544,0.2768741262077119,0.014762303063802662,0.024212738135375833,0.12757309555221163,0.19428021445911514,0.20611527937071372,0.12757309558148688,0.12757309558148688,63.51421969633532,-0.0038990825687178847,0.03014045590536166,0.020239465806579843,0.054294266634715725,0.37277353673758656,0.012984161895133933,0.0043667626670192,0.047892897544133804,-5.7393037718126146e-05,-0.11766060326962935,0.28939080238342285,0.5483918786048889,0.3151620626449585,0.4122079610824585,0.4331311881542206,0.5668200850486755,0.22715714573860168,-0.14495328068733215,-1.5498665571212769,-0.6271852254867554,0.2175961136817932,1.5291038751602173,0.40279966592788696,0.4808562695980072,0.4622306227684021,0.32064712047576904,1.5486550331115723,1.5352057218551636,0.30588436126708984,-0.26392248272895813,0.09099651873111725,0.23009809851646423,-0.2333940863609314,1.5308847427368164,1.5721546411514282,0.8289351463317871,-1.737849235534668,0.40704309940338135,0.3653220534324646,0.21385551989078522,0.14120522141456604,-1.7541946172714233,0.5595867297687838,观望,2025-12,6.0
2026-01-07,426.02,429.99,412.5,420.3,30330497.0,12788707583.0,885419132.0,0.03425552476089934,0.006586037600287309,-0.01483721257295545,-0.02455440029706646,-0.05444319460067493,-0.09220501522711078,428.27200000000005,439.066,434.47299999999996,408.7973333333333,375.1318333333333,-0.054443194621947244,-0.09220501524671798,0.03900919605856301,0.19412360530654466,32201915.0,0.9418848847964474,0.9280819128032676,29820065.6,1.0171170448397668,0.9788154080930525,37964016.5,0.7989275054708712,0.7781039649812023,0.735122229688414,-173490442.8399991,-83433768.9389998,-0.3704568889896922,0.22956597599811412,122.14696922988159,432.92919652086863,374.3412877385917,318.0223825390296,2.440936788279961,-0.029171505692755617,0.12277222354778572,0.32160509158005035,15.299329569076708,0.06536234119484526,1.0,11.205956898003652,0.02666180560965271,14.14213735221532,0.03364772151291659,15.299329569076708,0.03640097446755341,22.716557747839065,0.9243632068398632,-0.018614338574116207,-0.04274072692846309,-0.03262112952858687,0.028137822139377988,0.12040611497592435,-0.032621129506321345,0.032621129506321345,52.01399952144619,-0.01342659968984016,0.009445634070677066,0.01855817273332008,0.04161313347509844,0.4459691249594234,-0.05127922207440727,-0.003102488675115795,0.03919478142921229,0.0007309869800249443,-0.08643825838686647,-0.9245297312736511,-0.13289329409599304,-0.728653073310852,-0.12347429245710373,-0.04436358064413071,-0.6347300410270691,-0.34745538234710693,0.14723972976207733,-1.3379154205322266,-0.3071833550930023,0.24476201832294464,-0.13814586400985718,-0.6372443437576294,-0.6991357207298279,-0.6858267188072205,-0.7238007187843323,1.1271675825119019,1.1927968263626099,-0.37413954734802246,-0.601547122001648,-0.7153012752532959,-0.6400218605995178,-0.5661725401878357,1.306697130203247,1.366969347000122,0.7349145412445068,-1.602932333946228,0.2689143717288971,-0.34960365295410156,-0.8753658533096313,-0.5517342686653137,-1.620727300643921,-1.4990573022828755,卖出 📉,2026-01,0.0
2026-01-08,415.43,421.69,405.0,410.34,28938073.0,11901069595.0,885419132.0,0.03268290909259458,-0.02369735902926484,-0.017267393126571773,-0.0381829688488855,-0.07995515695067268,-0.10406113537117911,421.14,434.3,434.0335,412.318,376.6958333333333,-0.07995515697130151,-0.10406113539074113,-0.020972013479804152,-0.031669524646257496,32812538.8,0.8819211819111049,0.8592386278236344,29759530.8,0.9723968161487273,0.9226995531492342,36993733.25,0.7822425707737943,0.7428166305922718,0.7114219437501555,-147294791.57000092,-83686971.80599996,-0.32509487554217487,0.11794956251419264,122.42154251428921,433.08806513735675,375.92018261676617,319.46128143325836,2.351861049717655,-0.052525264417393025,0.0915615042098532,0.28447490775412776,15.878570555777488,0.06297796113683331,1.0,7.988138080924797,0.019467120146049923,15.0537540537617,0.036686050722315254,15.878570555777488,0.038696131391993294,22.28608933727913,0.9480547377612513,-0.02564467875229992,-0.055169237875773325,-0.05458910431903097,-0.0047972681521351035,0.08931388053342815,-0.05458910429724906,0.05458910429724906,48.22691215886773,-0.012252365019082657,0.015255641662639359,0.013013598478992638,0.04067358775550339,0.3199520669143472,-0.07051414651782514,-0.003817592091166444,0.0358708985858986,0.0009796397683704374,-0.025198615782034306,-1.1004540920257568,-0.3880092203617096,0.19544346630573273,0.6631873846054077,0.742816150188446,0.0870843380689621,0.4304671883583069,-0.36052441596984863,-1.3842731714248657,-0.14245285093784332,0.8207428455352783,-1.0553210973739624,-0.5197162628173828,-1.1216331720352173,-1.1220061779022217,-0.550081729888916,1.0781790018081665,1.1779663562774658,-0.7347001433372498,-0.6923311352729797,-0.9322147965431213,-0.7233058214187622,-0.6787043809890747,1.333616018295288,1.4220013618469238,0.7396196722984314,-1.6710288524627686,0.985785186290741,-1.299222469329834,0.15309152007102966,0.25262394547462463,-1.6364446878433228,-1.3483404396359822,卖出 📉,2026-01,1.0
2026-01-09,397.01,406.9,382.06,398.22,42295410.0,16687782269.0,885419132.0,0.04776880064073429,-0.02953648194180425,-0.05253390435403282,-0.04629385702311095,-0.07579836613442248,-0.12191572401931594,414.608,428.771,432.33150000000006,414.5546666666667,377.9563333333333,-0.07579836615587165,-0.1219157240386779,-0.07874890114563571,-0.20774036775490734,35548056.6,1.1898093467084214,1.13617297768712,31007445.5,1.3640404528002794,1.2627269948977415,36532971.75,1.1577325351310899,1.0576197435151071,1.0620686301417919,51177446.10000154,-59248288.77199976,-0.4950809579943131,0.47793956779588487,122.79875907007322,431.9008652779527,377.0473295110452,321.504675286819,2.242866646337704,-0.07798286131304022,0.05615387998215393,0.23861340319465696,17.78819309039339,0.056217064563903615,1.0,10.866980721429716,0.027288887351606714,17.212990862847768,0.04322482763903249,17.78819309039339,0.04466926093603208,22.714225813187763,0.9676638186745959,-0.03952649251728069,-0.0712524867803267,-0.07890125981847496,-0.039402925572194714,0.05361377722505134,-0.07890125979716955,0.07890125979716955,44.026188366257976,0.0030477821716570325,0.02179699663447838,0.037542062175743476,0.062377580230466065,0.6505636068234463,-0.09018560449196295,-0.005269786158059702,0.07421742798326297,-0.00023101690901059744,-0.002586509969363715,-1.2230697870254517,-0.48652273416519165,0.29649674892425537,0.784440815448761,0.8732905387878418,0.16744276881217957,0.5464608669281006,-0.32477787137031555,-1.4286750555038452,-0.6410373449325562,0.9630647897720337,-1.0279695987701416,-0.5690191984176636,-1.156368613243103,-1.1565749645233154,-0.6816998720169067,1.0544557571411133,1.180877685546875,-1.0509718656539917,-0.8873119354248047,-0.9648873805999756,-0.8624733686447144,-0.8731444478034973,1.3644168376922607,1.455197811126709,0.7006368637084961,-1.7111842632293701,1.1150732040405273,-1.311974048614502,0.3224502503871918,0.4284116327762604,-1.6527396440505981,-1.4864751682366937,卖出 📉,2026-01,0.0
2026-01-12,386.0,399.0,372.54,391.35,54267472.0,20777387282.0,885419132.0,0.061290150662793676,-0.01725177037818293,-0.04627869571574783,-0.06887937187723048,-0.08269460656775185,-0.1264313935578919,407.552,423.10699999999997,431.07349999999997,416.2396666666666,379.0661666666667,-0.0826946065892531,-0.12643139357739164,-0.060406712946618146,-0.4373569276889528,39251528.6,1.3825569076053763,1.3174320499336873,33608511.9,1.614694282254133,1.481899460178558,36193882.15,1.499354829501206,1.341418970654932,1.3728746591297887,290330975.20000124,-7581488.04399966,-0.3985360131811681,0.5179664891679221,123.26047931950554,427.94831726140217,377.781696712703,325.0946490295055,2.1749835970179476,-0.08552041399673715,0.03591572435976298,0.20380326519764158,19.74773625267791,0.05063871558229905,1.0,12.448247667841851,0.0318084774946308,19.369895915513197,0.04949507069124376,19.74773625267791,0.05046055002471778,22.98178111224578,0.9808666501244089,-0.039754436267279925,-0.0750566641753726,-0.09215017858689634,-0.059796479454709894,0.03240551229097455,-0.09215017856583607,0.09215017856583607,41.80346336182566,0.013860103626583993,0.019547719432233292,0.03439376517096216,0.06761211191854824,0.7108843534728334,-0.11432999953195423,-0.006257730762705461,0.09347759237077666,-0.0011461558166866435,0.030228695541075767,-1.1357994079589844,-0.5540400743484497,-0.7859230041503906,-0.22212690114974976,-0.03534787893295288,-0.5808901190757751,-0.35461530089378357,0.031300827860832214,-1.368984580039978,-0.4162643253803253,0.2797515094280243,-0.9990950226783752,-0.7231814861297607,-1.2273197174072266,-1.213759422302246,-1.016577959060669,0.9757260084152222,1.1022602319717407,-1.3009634017944336,-0.8379313945770264,-0.7640109062194824,-1.0762181282043457,-0.8136264085769653,1.313844084739685,1.4130045175552368,0.6954718232154846,-1.7205852270126343,0.3044038414955139,-1.4072840213775635,-0.831165075302124,-0.5389640927314758,-1.6642022132873535,-1.995825570881649,卖出 📉,2026-01,0.0
2026-01-13,385.26,402.89,381.38,383.2,39660732.0,15517224464.0,885419132.0,0.04479317259659124,-0.02082534815382664,-0.03771784440761394,-0.06614027391918897,-0.08226559693449886,-0.13945654614866387,400.682,416.89700000000005,428.8335,417.41966666666667,380.181,-0.08226559695647795,-0.13945654616798886,-0.10467289721718054,-0.5772590480807617,39098436.8,1.0143815263734532,0.9988921531138072,35083890.7,1.1304542115678176,1.0724281816383374,35258075.25,1.124869458096695,1.0331738341044006,1.00486448554172,-81701107.92000009,-26461584.755999696,-0.38132443654483034,-0.018934729715198717,123.60774421909392,425.97297134789,378.7044889026278,327.2981089403893,2.1001293844565314,-0.10041240694813369,0.01187076263711262,0.17079808753124226,22.468178966099973,0.04450738980954922,1.0,14.806340533701606,0.03863867571324431,21.320658239787445,0.055638460958327404,22.468178966099973,0.058633034878689046,22.87665388994251,0.9489268472743974,-0.04363060983414213,-0.08082811823829816,-0.10641309507987573,-0.08197904748741336,0.007940954413609758,-0.10641309505903818,0.10641309505903818,39.27051246112691,-0.005347038363563651,0.046007306888152195,0.004749478079207981,0.05613256784822199,0.08461180842184453,-0.08344870178644023,-0.007759147599350831,0.05693983985314085,0.0004398773029277527,-0.001670146137787043,-0.9169417023658752,-0.5255489349365234,-1.4211339950561523,-0.9461175203323364,-0.7514819502830505,-0.8115628361701965,-0.9069665670394897,0.49334803223609924,-1.2810168266296387,-0.05134255811572075,-0.24226008355617523,-0.7894947528839111,-0.8530716896057129,-1.0816643238067627,-1.0683469772338867,-0.7498937845230103,0.8983431458473206,1.0091052055358887,-1.4628901481628418,-0.8088377118110657,-0.5001642107963562,-1.1974209547042847,-0.785380482673645,1.2351938486099243,1.3635932207107544,0.7073818445205688,-1.6780344247817993,-0.3069738745689392,-1.1055744886398315,-1.3947312831878662,-1.033579707145691,-1.6252533197402954,-1.9097255556413026,卖出 📉,2026-01,0.0
2026-01-14,388.0,394.97,375.71,383.97,45117212.0,17334157166.0,885419132.0,0.050955768143487554,0.0020093945720252027,-0.018857799923342244,-0.03578423986740997,-0.08643825838686647,-0.13617547806524177,393.41600000000005,410.84399999999994,426.6915,418.36499999999995,381.09316666666666,-0.08643825840860242,-0.13617547808467545,-0.10037253112391054,-0.6887388954490838,42055779.8,1.0727945650885302,1.0541631466827839,37128847.4,1.2151525069964868,1.1470746084095715,35581277.9,1.2680042613084448,1.1510728633802134,1.1369372791389005,-181822364.35999876,-55744261.44199958,-0.1234499425760086,0.4875197066503725,123.99132115996726,423.2318791816075,379.6435555890965,329.3440220459951,2.0967490015258536,-0.09276682857049223,0.0113960696743296,0.16586297092824132,24.611120780100542,0.040632038196417086,1.0,11.262350109987715,0.02933132825401568,21.205365777977455,0.055226621291833186,24.611120780100542,0.06409646789973064,22.618321469232335,0.8616172322597757,-0.02401020804888443,-0.06541168913102247,-0.1001226881927546,-0.08221290024064587,0.0075488976840516475,-0.10012268817166503,0.10012268817166503,39.64261507626767,-0.010386597937876564,0.01815245982711801,0.02151209729870804,0.050160168761878385,0.42886812023423393,-0.09273049381314842,-0.007520511557416701,0.0538115564316666,0.0008977994365404314,0.03966455712685879,-0.9031577706336975,-0.5775418281555176,-0.19382618367671967,0.1314087063074112,0.23918066918849945,0.24890974164009094,0.07572562992572784,-0.17846663296222687,-1.3526716232299805,-0.47405776381492615,0.4679122865200043,-0.97555011510849,-0.9787613749504089,-1.1207020282745361,-1.107118844985962,-0.71705162525177,0.9479885697364807,1.0762375593185425,-1.531435251235962,-0.9909368753433228,-0.5607985854148865,-1.2066795825958252,-0.9681264162063599,1.2975670099258423,1.438054084777832,0.6660717725753784,-1.7606933116912842,0.5974149107933044,-1.2590010166168213,-0.14083994925022125,0.031870774924755096,-1.7063237428665161,-1.3240852512182981,卖出 📉,2026-01,1.0
2026-01-15,380.16,405.0,376.51,400.0,50545374.0,19753464496.0,885419132.0,0.05708638109708251,0.04174805323332542,0.04384133611691032,0.022102976874920133,-0.025198615782034306,-0.10313901345291476,391.34800000000007,406.244,426.33149999999995,419.53166666666664,381.66949999999997,-0.025198615805790303,-0.10313901347302379,-0.01768172890428088,-0.8423890767777661,46377240.0,1.0898745591587595,1.0965616219518535,39594889.4,1.2765630808909392,1.239832986189115,36169121.7,1.3974730826820156,1.295496418523776,1.2602963982758284,1002820220.1599988,29006788.17400031,0.40070133718537004,0.7466738023641035,124.4305801293592,421.5694164146651,380.54376617587997,331.50060249293443,2.214643856712363,-0.05116456643868339,0.051127453800222655,0.20663430772656155,24.96140563581816,0.04006184644363296,1.0,7.792725453905195,0.01948181363427594,17.375128584657272,0.04343782146055723,24.96140563581816,0.062403514087985314,23.037727078572882,0.6960797332969173,0.022108200347973783,-0.01537007318224104,-0.06176297085573623,-0.046555881779764996,0.048027154356111046,-0.06176297083372906,0.06176297083372906,46.932478486989424,0.05218855218717931,0.012499999999687499,0.00912499999977196,0.0712249999982194,0.8244998242104248,-0.0274633302668556,-0.004480134052859215,0.077626315474142,-0.0013150792760251687,-0.04249999999999998,-0.8947694897651672,-0.6417244672775269,-0.6675819158554077,-0.34074312448501587,-0.20104365050792694,-0.5998724102973938,-0.37111443281173706,-0.11743849515914917,-1.362447738647461,-0.11226087808609009,0.12714286148548126,-0.8607674837112427,-0.6365445852279663,-1.0725901126861572,-1.0550498962402344,-0.5997343063354492,0.9568259119987488,1.0854889154434204,-1.6475526094436646,-0.9339427351951599,-0.3264163136482239,-1.3405842781066895,-0.9306133985519409,1.304771065711975,1.4539666175842285,0.6321923732757568,-1.8181655406951904,0.21833348274230957,-1.0687334537506104,-0.44823527336120605,-0.2855095863342285,-1.7813136577606201,-1.3876139844549742,卖出 📉,2026-01,1.0
2026-01-16,410.13,411.0,391.84,397.19,46760106.0,18663069859.0,885419132.0,0.05281126678884549,-0.007025000000000059,0.03442977315936124,0.03650835073068892,-0.002586509969363715,-0.0781888228741181,391.142,402.875,423.8860000000001,420.33366666666666,382.2421666666667,-0.0025865099944105685,-0.07818882289551177,-0.10963909439341768,-0.8549308925390102,47270179.2,0.9892094083705101,1.013798053598845,41409117.9,1.1292224604475334,1.127787876001581,36043932.25,1.297308675304149,1.234653570909867,1.1769365272278893,-605075771.6399999,8907574.262000347,0.28443181517941746,0.10555982315811585,124.84830565820981,419.3781505928782,381.0938380239627,333.566269639634,2.1813807797068927,-0.05290726415172242,0.042236741636912045,0.19073790173419347,25.316093986571204,0.03950056434991272,1.0,7.576256991413503,0.019074641836961545,15.1972097219646,0.03826181354410227,25.316093986571204,0.0637379943753212,22.760746572960535,0.6002983605615819,0.01546241515829383,-0.014111076661145305,-0.06297919725909862,-0.0550602259858225,0.039105662918600625,-0.06297919723699319,0.06297919723699319,45.886244151809905,-0.031550971642368246,0.0021903874719355993,0.013469624109029247,0.04823887811757002,0.27922755726553966,-0.0025585999965387065,-0.002991646162860906,0.047718352083138585,8.16069034863499e-05,-0.08341096200810694,-0.7797595858573914,-0.6084389686584473,-0.9639685153961182,-0.7050588726997375,-0.5987237691879272,-1.0106172561645508,-0.7294363975524902,1.1148279905319214,-1.363562822341919,0.745721697807312,-0.20105604827404022,-0.13380861282348633,-0.19493365287780762,-0.6730934977531433,-0.6569498181343079,0.2342159003019333,1.0278548002243042,1.1007863283157349,-1.6467585563659668,-0.4638887047767639,-0.0642891675233841,-1.2200907468795776,-0.4681060314178467,1.3040508031845093,1.4633535146713257,0.6533001661300659,-1.8694180250167847,-0.06997506320476532,-0.3184766173362732,-0.5529245734214783,-0.4639039635658264,-1.8797434568405151,-0.8770299443687835,观望,2026-01,2.0
2026-01-19,392.21,409.1,391.61,403.18,33836949.0,13635560300.0,885419132.0,0.03821574187534046,0.015080943628993593,0.007950000000000124,0.05002995025653045,0.030228695541075767,-0.054965661111501696,393.508,400.53000000000003,422.77,421.298,383.16583333333335,0.030228695514750603,-0.054965661133652866,-0.05245593421733363,-0.9033391950935405,43184074.6,0.7835515595371816,0.8030036517131991,41217801.6,0.8209304641807968,0.8326596593430433,35733676.45,0.9469204504424842,0.913203280157027,0.851550955377337,371191330.5300009,83135323.57100041,0.15532144066356038,-0.37647825201807816,125.15402942745055,417.8571373951084,381.84099268384955,335.2034338051563,2.2214703900821338,-0.03512477371238554,0.05588453760861234,0.2027919744830431,25.729782047475464,0.03886546717598265,1.0,9.306974266642204,0.023083918513843355,12.734028776822038,0.03158397930578451,25.729782047475464,0.06381710909975022,22.384264674891927,0.49491397744359544,0.024578915777453636,0.006616233465492671,-0.04633725195623295,-0.04300518874898518,0.05223369339074946,-0.04633725193367544,0.04633725193367544,48.5207136942701,0.02796971010356781,0.014683268018882839,0.0014881690559677668,0.04338012798146289,0.6615208686898101,0.023685741533984565,-0.0017360343037740558,0.033990566932797776,0.0008454878503565948,-0.03231807133290354,-0.5086994767189026,-0.5154611468315125,-0.34643667936325073,-0.24145761132240295,-0.17313870787620544,-0.08957352489233017,-0.29089272022247314,-0.533713161945343,-1.3319827318191528,-0.2703152298927307,0.014789661392569542,-0.4033350348472595,0.14889690279960632,-0.6418077945709229,-0.6308146715164185,0.0744311660528183,1.0139269828796387,1.094369649887085,-1.4279710054397583,-0.3096047639846802,-0.013503361493349075,-1.0007784366607666,-0.3183388113975525,1.288200855255127,1.4385267496109009,0.6720936894416809,-1.8169621229171753,0.22520393133163452,-0.4143992066383362,-0.10628800094127655,-0.1621362715959549,-1.82515549659729,-0.6727267475217066,观望,2026-01,2.0
2026-01-20,401.52,401.9,377.0,382.56,42398892.0,16293355726.0,885419132.0,0.047885674103549866,-0.05114340989136368,-0.03683375714393611,-0.04359999999999997,-0.001670146137787043,-0.08379834750329307,393.38,397.031,420.183,421.46633333333335,383.3256666666667,-0.0016701461638395365,-0.0837983475252354,-0.11913423902557829,-0.9441800375763827,43731706.6,0.9695229227573751,0.9508304363475402,41415071.7,1.0237551272910144,0.9974397494583412,36067664.7,1.1755374891238797,1.0887501635956243,1.0608192961387284,-803882992.3199991,-27774749.86599954,0.10049884175100265,0.06903957294585483,125.51045586604862,414.9199171190033,382.293682223806,337.0933500510517,2.048032909770388,-0.07799075383918519,0.0006966313820433445,0.13487851345053992,27.07539553096055,0.036933901796085196,1.0,9.486846156649747,0.024798322240698882,12.338782084686363,0.03225319449070428,27.07539553096055,0.0707742459490088,22.65538862668536,0.45571936579910155,-0.02750521127084482,-0.03644803556809295,-0.08953955778578526,-0.09231184145766547,-0.0019974312790083104,-0.08953955776411704,0.08953955776411704,41.10248662558934,-0.047220561863737236,0.0009933082392044707,0.014533667920991911,0.06508782935839894,0.22329317260108736,-0.0016192449649392357,-0.0027027644007310454,0.06310414255548821,7.886524025106826e-05,0.027577373483897993,-0.554561972618103,-0.5743664503097534,0.5576674342155457,0.606202244758606,0.6307117342948914,0.7970818281173706,0.5773937702178955,0.19515666365623474,-1.3366503715515137,-0.08850310742855072,0.6633378863334656,-0.07858213037252426,0.05179429054260254,-0.5891904234886169,-0.5843812823295593,-0.15608935058116913,1.0743794441223145,1.1281014680862427,-1.188965082168579,-0.10960102081298828,-0.36000871658325195,-0.9048225283622742,-0.11167895793914795,1.2880494594573975,1.4457221031188965,0.6421722173690796,-1.8533121347427368,0.9920048117637634,-0.45928001403808594,0.6943241953849792,0.6636923551559448,-1.9002550840377808,-0.047743647937853365,观望,2026-01,4.0
2026-02-04,410.0,415.0,381.67,399.2,59655715.0,23699601614.0,885419132.0,0.06737567875368657,-0.06968072710323936,-0.09066059225512535,-0.04836825669265066,0.015646864266632754,0.011144883485308954,415.95799999999997,405.34299999999996,399.912,412.96333333333337,390.42316666666665,0.015646864240792535,0.011144883459697441,-0.05020223652033784,0.43530819186489783,57558170.0,1.0364421766710095,0.9739902206974979,49043775.1,1.2163768975443325,1.1738542769041513,45671857.85,1.3061810447021258,1.2881903478216152,1.477068007285771,-644281722.0000007,-273050777.6290003,-0.02888365194957224,0.689121573022083,130.32361377926074,402.8212071791163,390.5461392842717,358.21740178035543,2.0631440337140754,-0.008989614038632632,0.022158356837395976,0.11440705564821618,15.271287334149749,0.06548236422144779,1.0,19.51935757139367,0.04889618629986149,18.476414424883536,0.046283603267586924,15.271287334149749,0.038254727789998,27.975144476412858,1.2098792988766356,-0.040287721379555386,-0.015155066227487413,-0.001780391711131979,-0.03332822125370316,0.02248030873281137,-0.0017803916861709457,0.0017803916861709457,48.01716199350919,-0.026341463413991698,0.012525050099886647,0.04391282565020252,0.08349198396584435,0.5259525951017238,0.01621707005858469,0.000515825364512128,0.08653461359614074,-0.00041216130194253155,-0.06898797595190376,0.06454314291477203,-0.5312548279762268,-0.9392129182815552,-1.2665098905563354,-1.1421798467636108,-0.7111819386482239,-1.109290361404419,-1.233375072479248,-1.0272102355957031,-0.3018849194049835,-1.1280827522277832,-0.3292089104652405,0.4286026954650879,-0.13382107019424438,-0.11325952410697937,0.05122167244553566,0.9244189858436584,0.9175127148628235,-0.731603741645813,0.30724427103996277,0.2977079451084137,-0.6701586842536926,0.2761238217353821,1.0255427360534668,1.1370681524276733,0.3885292708873749,-1.2238496541976929,-0.7078555226325989,-0.14026767015457153,-0.6994189023971558,-0.8986330032348633,-1.304503083229065,-0.7680740765131928,观望,2026-02,2.0
2026-02-05,391.0,399.9,381.1,383.0,36506803.0,14165853853.0,885419132.0,0.04123109799710088,-0.040581162324649256,-0.10743416453041255,-0.12756264236902048,-0.025445292620865145,-0.06516963631925798,413.95799999999997,402.673,398.545,410.46333333333337,391.37316666666663,-0.025445292645662976,-0.0651696363420754,-0.06662767463404418,0.39924525732193805,58107886.0,0.6282590111779319,0.5787209182104447,48322333.6,0.7554850993371726,0.7138346868034496,46050294.35,0.7927593843925124,0.7652737465534081,0.898738729695731,-292054424.0,-365258495.1670002,0.07701074289824776,0.08141956998151234,130.62331810740466,401.96989807406084,391.3452110867322,359.6384322532079,1.9320951691418475,-0.047192334960777904,-0.021324423680970206,0.06495848511080182,15.510490338038068,0.06447249426427648,1.0,22.711127669050803,0.05929798346855829,19.667622038942863,0.051351493572922575,15.510490338038068,0.04049736380583053,27.319777013811937,1.2680206490977013,-0.07478536472118458,-0.04885601967231834,-0.0390043784506392,-0.06690812823556536,-0.02139432998886237,-0.03900437842652649,0.03900437842652649,43.763467664135526,-0.0204603580557427,0.02323759791062037,0.004960835509008796,0.04908616187861382,0.10106382973347572,-0.015986234381117865,-0.0033465581617697863,0.030838823524377813,0.000520619798363421,-0.04501305483028728,0.2221624255180359,-0.5195828080177307,-0.5119203329086304,-0.8804623484611511,-0.769814670085907,-0.8907682299613953,-0.4393887519836426,-0.9123842716217041,-1.0763014554977417,-1.046204924583435,-0.542937695980072,-0.4126039743423462,-0.8974553942680359,-0.5330988168716431,-0.5287752151489258,-1.29550039768219,0.9961425065994263,0.9787185192108154,-0.6230987310409546,-0.1763269007205963,0.4865782558917999,-0.8664591908454895,-0.18456299602985382,1.0683801174163818,1.156082034111023,0.4295639991760254,-1.210295557975769,-0.35331475734710693,-0.7103286981582642,-0.2105998694896698,-0.12409903109073639,-1.2922261953353882,-0.9038040832883648,观望,2026-02,2.0
2026-02-06,376.05,378.87,357.0,364.06,46150683.0,16979900891.0,885419132.0,0.05212297919941491,-0.04945169712793729,-0.08802605210420833,-0.1515730598927989,-0.132136642113042,-0.049501331523158054,402.872,400.777,396.837,407.4816666666667,391.9558333333333,-0.13213664213373055,-0.04950133154797398,-0.08578172871564016,0.1874733460385624,57170546.6,0.8072457890406105,0.7158230585246289,47916502.4,0.9631479905344676,0.8667188658997513,46243058.0,0.9980024028687721,0.9165721662573507,1.1211276710972498,-553346689.1700004,-305915819.50400007,0.11571787640934068,-0.09218997910592552,130.97167622211742,400.610142548315,392.0019445794052,361.16213226008097,1.7796849708373856,-0.09123618866915473,-0.07128011726927841,0.008023730842945165,17.323083504541525,0.05772644339909632,1.0,31.256566030194893,0.08585553488253678,22.484842820591634,0.06176136576381371,17.323083504541525,0.04758304538830329,27.225507227111084,1.2979700064204602,-0.0963382910925471,-0.09161453878112724,-0.08259562492704575,-0.10656103139757067,-0.07117085898527242,-0.0825956249039278,0.0825956249039278,39.37202528047733,-0.03188405797016665,0.007745975937819407,0.019392407844328073,0.06007251551776981,0.3228166436566911,-0.10666674792371934,-0.003057269843530232,0.04849328518879641,0.00421305235777503,0.005630939954952563,0.3219397962093353,-0.31983330845832825,0.9001070857048035,0.5383792519569397,0.5846583843231201,0.37731581926345825,0.9807409644126892,-0.5766249299049377,-1.0458033084869385,-0.6926156282424927,0.6323079466819763,-0.7293583154678345,-1.5470573902130127,-0.8163132667541504,-0.8239607214927673,-1.3958566188812256,0.9796496629714966,0.981338620185852,-0.5836178660392761,-0.5822977423667908,0.5131418108940125,-0.8246320486068726,-0.5654842257499695,1.0369508266448975,1.1154121160507202,0.46636396646499634,-1.1657317876815796,0.790647029876709,-0.8580037355422974,1.30915367603302,1.4234462976455688,-1.161201000213623,-0.134646030017874,观望,2026-02,4.0
2026-02-09,379.98,399.0,375.3,390.15,47393980.0,18316253892.0,885419132.0,0.053527169548443866,0.07166401142668777,0.01866840731070485,-0.022670340681362755,-0.11127562642369027,0.003911175153745061,393.102,400.929,396.777,405.5536666666667,393.02750000000003,-0.11127562644393452,0.003911175127913058,-0.003066308956099162,0.12510188667215272,51091747.8,0.9276249500315586,0.9007805490125859,49458069.2,0.9582658758542881,0.9072537572174695,45899383.4,1.0325624548585983,0.9953197635710705,1.133761464835932,481996776.59999806,-285952991.3400002,0.13577844330203873,-0.3907287005572352,131.35627156811026,400.92872767763583,392.65606666693515,362.82711207577415,1.9701665199723726,-0.026884398481673344,-0.0063823454663719525,0.07530552986492256,17.345152545946682,0.05765299537000359,1.0,23.91257033444838,0.061290709557440655,22.39857607081407,0.05741016550106361,17.345152545946682,0.04445765102012587,27.776542425174576,1.2913450025053166,-0.007509501376042116,-0.026885059473700235,-0.0167020770100913,-0.037981820760968454,-0.007321370667260796,-0.016702076985309122,0.016702076985309122,47.227649312260354,0.026764566555430056,0.022683583236635108,0.01199538638954262,0.060745866972683665,0.6265822782166308,-0.10322204740100607,0.0002245412113971323,0.056349381815159395,-0.0029782439099558583,-0.04636678200692035,0.22961555421352386,-0.23781658709049225,0.3630298972129822,0.11355665326118469,0.2079651802778244,0.29405108094215393,0.5541757345199585,-0.9243132472038269,-1.0984441041946411,-0.9585962295532227,0.37805497646331787,-0.7042150497436523,-1.5677310228347778,-0.7894905209541321,-0.7840889096260071,-1.3064839839935303,0.9801998138427734,1.036800503730774,-0.49460387229919434,-1.3977975845336914,0.4732684791088104,-1.0786458253860474,-1.3990062475204468,1.0968586206436157,1.1593703031539917,0.426156222820282,-1.1421730518341064,0.34047532081604004,-0.7858563661575317,0.6823596358299255,0.89009028673172,-1.1257641315460205,-0.5455088247028782,观望,2026-02,2.0
2026-02-10,392.19,405.82,388.5,393.11,29301270.0,11606078861.0,885419132.0,0.033093106915155296,0.007586825579905199,0.07979453936164371,0.02639686684073106,-0.08387322302493594,-0.015354172928564225,385.904,400.31600000000003,397.2725,403.814,394.403,-0.08387322304628586,-0.015354172953227274,0.025861169075525492,0.03465268546163026,43801690.2,0.668952952870298,0.6845815299861655,48246118.3,0.6073290667199644,0.5896199399706312,45381410.3,0.6456668007076015,0.6374576253612141,0.6984990635984938,26957168.400000468,-331678165.15100014,0.13600394300412744,-0.5543638676972491,131.6024192756649,401.1956434857645,393.6963630542297,364.0267964621703,1.98710314114029,-0.020153866616079985,-0.001489378895148552,0.07989302936068898,17.076351106290794,0.058560519937189776,1.0,13.530817787552461,0.03441992772305019,22.533412820373616,0.05732088428124547,17.076351106290794,0.04343911654716594,27.029646537662106,1.3195683707204169,0.01867303782757701,-0.018000779408817058,-0.010477694806197757,-0.026507253363516226,-0.0032783726542831015,-0.010477694781289792,0.010477694781289792,48.05007164961902,0.002345801779689839,0.03233191727424044,0.009386685660263364,0.04405891480643943,0.2661662816015215,-0.056107240209279964,-0.0008801147710861695,0.02947334116002855,-0.00019674995589030018,-0.028261809671593197,0.21192839741706848,-0.34816956520080566,0.20044541358947754,-0.1133142039179802,0.02785535901784897,0.5702874660491943,0.2739196717739105,0.37504148483276367,-1.0701602697372437,1.1171684265136719,0.09021814912557602,-0.744330108165741,-0.42164990305900574,-0.6711925268173218,-0.6783810257911682,0.2587745487689972,0.8735831379890442,1.0255736112594604,-0.5996773838996887,-1.2062020301818848,0.2283373475074768,-0.9372244477272034,-1.2008569240570068,1.0820167064666748,1.1519978046417236,0.3520289361476898,-1.1331208944320679,0.11379285901784897,-0.5552377700805664,0.2762219309806824,0.24200740456581116,-1.1543797254562378,0.12917942231209278,观望,2026-02,5.0
2026-02-11,390.1,393.5,368.14,371.66,44280557.0,16651302485.0,885419132.0,0.050010842774515514,-0.054564880059016496,-0.04739202870690751,0.020875679832994543,-0.06898797595190376,-0.054420557181020235,380.396,398.177,396.657,401.386,395.40233333333333,-0.06898797597522566,-0.05442055720507766,-0.032059796363464343,-0.15828128159411967,40726658.6,1.0872622140427692,1.071245057948633,49142414.3,0.9010659657394976,0.8351465171786623,45339577.55,0.9766424698414509,0.9162820908330931,1.039384611303975,-816533471.0799999,-371126983.84400016,0.14144357604833085,-0.25773151826275154,131.94539646461874,400.8127634958522,394.4003911385222,365.0566538560181,1.816771255067326,-0.07273411964625187,-0.05765813536055864,0.018088551665151442,17.788080604129348,0.05621742006305528,1.0,12.316145094953649,0.033138204527316,24.249652024995704,0.06524687086138738,17.788080604129348,0.047861165053141946,26.91038607068624,1.3632528742721026,-0.02296554119856764,-0.06659601134504012,-0.06301918284404351,-0.07405838770973427,-0.060046012229061696,-0.06301918282042152,0.06301918282042152,42.83984498502297,-0.04726993078576595,0.00914814615484178,0.00947102190148342,0.06823440779023211,0.13880126177492208,-0.0750080194757962,-0.003550771068164446,0.07418869328790495,0.003261056849399001,0.019130387989022113,0.23666876554489136,-0.32781386375427246,1.2841334342956543,0.9654456377029419,1.1301069259643555,1.2737822532653809,1.3448703289031982,0.009961660020053387,-1.1255793571472168,0.009014636278152466,1.0000351667404175,-0.9893280863761902,0.05909733474254608,-0.7536705732345581,-0.7786859273910522,0.597539484500885,0.911532461643219,1.05924391746521,-0.5934661030769348,-0.8472941517829895,-0.34057798981666565,-0.646245539188385,-0.8510974645614624,1.1017452478408813,1.1692354679107666,0.37385764718055725,-1.1511646509170532,1.0626581907272339,-0.7112092971801758,1.1471437215805054,1.0939733982086182,-1.1336437463760376,0.8486115497217245,观望,2026-02,7.0
2026-02-12,373.02,384.99,361.72,365.76,44615122.0,16543035083.0,885419132.0,0.05038870336946819,-0.015874724210299784,-0.06957340184681138,-0.06251441753171849,-0.04501305483028728,-0.06931297709923667,376.94800000000004,395.45300000000003,394.945,398.71133333333336,396.21733333333333,-0.04501305485522167,-0.06931297712291828,-0.08560000002286006,-0.26844780558082426,42348322.4,1.0535274946334119,1.0326930873990732,50228104.2,0.8882501681200221,0.8169968597090739,45043064.95,0.9904992488749367,0.9184370543111008,1.0321122298581438,-323905785.7199996,-379853048.0930002,0.1701531659761706,0.22210432943142133,132.28258623600098,399.8875281443298,395.00510204858136,366.20110211361884,1.7649897874498741,-0.08534281702332136,-0.07403727672607263,-0.001204535188651601,19.05218664063335,0.05248741356240896,1.0,13.736246576119477,0.03755535481119839,26.33601127733745,0.07200353039320159,19.05218664063335,0.05208931168009749,26.65035849420865,1.382309115497877,-0.029680486458883548,-0.0750860405895244,-0.07389636534013866,-0.08264458666631058,-0.07687026987519807,-0.07389636531668964,0.07389636531668964,41.50666193381205,-0.019462763390181125,0.03272637795186123,0.011045494312908763,0.06362095362905669,0.1736140953271949,-0.04742249088114896,-0.004990779054913333,0.06702642388300857,0.000876078436116423,0.07729111986001747,0.18626977503299713,-0.4294372797012329,0.3294220268726349,0.04334864020347595,0.32334601879119873,0.6403869986534119,0.47071290016174316,-1.0160707235336304,-1.1703345775604248,-0.9691383838653564,0.30206677317619324,-1.2117682695388794,-0.051263026893138885,-0.872806966304779,-0.8820167183876038,-0.7556227445602417,0.9456055164337158,1.093339204788208,-0.5665256977081299,-0.8989508748054504,-0.513031542301178,-0.9240191578865051,-0.9171602725982666,1.1481653451919556,1.217311143875122,0.2955995798110962,-1.1801719665527344,0.3020634651184082,-0.80463707447052,-0.18665073812007904,-0.15441615879535675,-1.143196702003479,-0.2643216741110243,观望,2026-02,4.0
2026-02-13,362.04,373.14,357.0,366.11,29831825.0,10944584116.0,885419132.0,0.03369232030554316,0.0009569116360454988,-0.014933003282570079,-0.06868306580855232,0.005630939954952563,-0.1272497556556771,377.358,390.11499999999995,393.39099999999996,396.5523333333333,396.9458333333333,0.00563093992732977,-0.1272497556764821,-0.07824970419501376,-0.365296105666841,39084550.8,0.7632638571862517,0.7388873034354273,48127548.7,0.6198492507057604,0.5680620541159871,44196650.9,0.6749793116111428,0.6209257810113703,0.6894746277214429,121415527.74999979,-525307373.3180002,0.1262846015818209,-0.35359949060775553,132.5038218616273,398.8138299354714,395.66336248100373,367.097622093745,1.763014642568769,-0.0820027478504517,-0.07469319953126219,-0.002690352740810642,20.098244725664102,0.049755588766690236,1.0,13.278357202604306,0.03626876403879058,26.33240768415397,0.07192485232152829,20.098244725664102,0.054896737934268754,25.899618601765177,1.310184447969599,-0.02980723877512048,-0.06153313768859081,-0.06934830743282505,-0.076767505278998,-0.07768272331671577,-0.06934830740916786,0.06934830740916786,41.62272296982977,0.011241851728780174,0.019201879216104323,0.013766354373992398,0.04408511103099925,0.5644361830455799,0.004297892949601271,-0.009152419884981533,0.033648571890004655,6.330219175670948e-05,0.12870448772226917,0.1831732839345932,-0.44718363881111145,0.3290298283100128,-0.005541494116187096,0.25446248054504395,-0.12314161658287048,0.455804705619812,-0.7140937447547913,-1.1142897605895996,-0.3837393820285797,0.31312817335128784,-1.1148878335952759,-0.8486599922180176,-0.9427483081817627,-0.9606174826622009,-1.137992024421692,0.935478925704956,1.0111252069473267,-0.6527155637741089,-0.6718990206718445,-0.3656982481479645,-0.7859821319580078,-0.6757625341415405,1.0956628322601318,1.1532286405563354,0.3854055404663086,-1.160046100616455,0.328575074672699,-0.5965098142623901,-0.07791344821453094,0.01451624371111393,-1.1396605968475342,-0.2867862543223618,观望,2026-02,4.0
2026-02-24,368.0,385.88,353.2,372.06,46519370.0,17325990494.0,885419132.0,0.05253937747529946,0.016251946136407014,0.017224409448818978,0.0010762524888339176,-0.04636678200692035,-0.1524829157175399,373.74,383.421,391.835,394.73333333333335,397.6845,-0.04636678203136313,-0.15248291573684547,-0.07718636839433535,-0.401451512546228,38909628.8,1.195574757063732,1.1855587455186316,45000688.3,1.0337479660283329,0.9915309657827938,44830771.95,1.0376660489336051,0.972782368091623,1.066311185060136,188868642.2000001,-364535244.52200013,-0.2514372194259811,-0.01845403150357916,132.85616261291932,397.2886557767605,396.2376403776094,368.0343187164383,1.8004722752982767,-0.06350207943248365,-0.06101803037835685,0.010938331233896204,20.50110869916038,0.04877784973420371,1.0,11.227677854300843,0.03017706244691467,20.35437351310915,0.05470723408203536,20.50110869916038,0.05510161989627846,26.38393155878195,0.992842572656294,-0.004495103574557402,-0.029630614936854482,-0.050467671365486244,-0.05743962170940453,-0.0644342437519081,-0.050467671341253295,0.050467671341253295,43.66898487505865,0.011032608695352381,0.03714454657751048,0.039778530343498965,0.08783529538010443,0.5771113829323408,-0.05543495413375082,-0.008341918564726878,0.10501366193568949,-0.0005115465626147254,0.04641724453045204,0.28874388337135315,-0.38805094361305237,1.418790578842163,1.0270464420318604,1.2573983669281006,0.8672969341278076,1.4849493503570557,-0.11236972361803055,-1.121340274810791,-0.021690908819437027,1.0601661205291748,-1.5930798053741455,-0.854951798915863,-1.2277661561965942,-1.2580416202545166,-0.46398600935935974,0.9289164543151855,1.0116231441497803,-0.7821546792984009,-0.30261939764022827,-0.5922144055366516,-0.6551807522773743,-0.2977256178855896,1.1032973527908325,1.1716079711914062,0.4449811279773712,-1.1453982591629028,1.2264083623886108,-1.068983554840088,1.0369995832443237,1.095121145248413,-1.0685322284698486,1.077401682177346,买入 📈,2026-02,8.0
2026-02-25,370.0,388.3,368.51,382.0,33978567.0,12880135329.0,885419132.0,0.03837568646528862,0.026716121055743614,0.04340225615252247,0.044400699912511055,-0.028261809671593197,-0.10976462363085537,371.518,378.711,391.807,393.54833333333335,399.0511666666667,-0.028261809696312534,-0.10976462365160189,-0.0014638226944410082,-0.4839332837058418,39845088.2,0.8527667658670157,0.8662403052326562,41823389.2,0.8124297827111532,0.8094974420509656,44409755.7,0.7651149272140669,0.7301624238266532,0.7827083910709733,407742804.0,-140314117.30200022,-0.34082651967310895,0.1596277908773236,133.1199577150682,397.21218519560557,397.53822590870897,368.89762842517484,1.8695922576661124,-0.03829737798228516,-0.03908611775179871,0.035517635694106264,20.514820855588642,0.04874524650017247,1.0,6.568623904590656,0.017195350535127493,12.57118349418596,0.03290885731376144,20.514820855588642,0.053703719515841894,25.912936447440384,0.612785438222994,0.02821397614575294,0.008684722624674679,-0.025030180700573834,-0.029344129716485257,-0.04272927408951166,-0.02503018067568985,0.02503018067568985,47.01062939693472,0.03243243243155588,0.01649214659642694,0.0039005235601073398,0.051806282721156956,0.6816574023842051,-0.024100732031193676,-0.003612228337849291,0.044178676167713274,-0.0009165992333691471,0.12801047120418851,-0.13749343156814575,-0.4237689971923828,-0.10409121960401535,-0.19190426170825958,0.07919200509786606,0.1241619735956192,0.06928567588329315,0.07441394776105881,-1.0868057012557983,0.48760053515434265,0.11954856663942337,-1.5765531063079834,-0.20735378563404083,-1.2145943641662598,-1.2147679328918457,0.09531812369823456,0.8000196814537048,0.9666621685028076,-0.976352334022522,-0.5367669463157654,-0.6793716549873352,-0.8523510098457336,-0.5410459637641907,1.075706124305725,1.147347331047058,0.410306841135025,-1.1440693140029907,0.15667448937892914,-1.3739392757415771,-0.7482088804244995,-0.7304782271385193,-1.0966875553131104,-0.013426466862970532,观望,2026-02,4.0
2026-03-12,400.01,404.85,375.67,378.77,34618693.0,13309458976.0,885419132.0,0.039098650287579285,-0.03677237240291953,-0.04671180127350061,-0.013619791666666714,-0.056001395673412446,-0.018476289194091722,391.066,384.9,381.1405,389.20799999999997,405.17516666666666,-0.056001395696939515,-0.018476289219526376,-0.051177354733186964,0.38818465388337026,39108587.2,0.8851941601204144,0.8720929578579929,45509637.1,0.7606892782715684,0.759030325714786,42266897.35,0.81904978057255,0.8243382772900341,0.7774963952069143,-735301039.3200003,187433329.28199986,0.6360252468015485,-0.503160888634461,136.93054418824894,381.9922628671489,404.90730385088096,375.70985103858965,1.7661468976510877,-0.00843541396090941,-0.06455132718600409,0.008144979305043654,12.631520921469521,0.07916703027492528,1.0,9.54715821592685,0.02520568739782663,13.793592715462017,0.036416803640990175,12.631520921469521,0.03334878929465384,26.02477179204967,1.0919977721049703,-0.031442262967595225,-0.015926214626762136,-0.006219491263557142,-0.026818564905479403,-0.06516975582005058,-0.006219491237483221,0.006219491237483221,47.06243197809828,-0.05309867253185926,0.012778203130850516,0.008184386302817336,0.0770388362310363,0.10623714869559951,-0.04957210840869734,-0.0006728473965216357,0.06819432793418632,0.0029735997714388633,0.16271087995353373,-0.23976224660873413,-0.4454256594181061,0.7372902631759644,0.5088176131248474,0.38188350200653076,0.023222196847200394,0.6420682072639465,-0.38463765382766724,-0.9416452050209045,-0.48028257489204407,0.5018534064292908,0.2844737470149994,-0.5951747298240662,-0.06281058490276337,-0.0490901954472065,-0.1972329020500183,0.9803940057754517,0.9158721566200256,-0.45894598960876465,0.15242809057235718,-0.03956424817442894,-0.8350027799606323,0.13510730862617493,0.9441148638725281,1.0286916494369507,0.3079189360141754,-1.2180976867675781,0.7233372926712036,0.308381587266922,0.9248497486114502,0.8852654695510864,-1.3884938955307007,1.478472077929759,买入 📈,2026-03,9.0
2026-03-13,373.18,399.99,372.02,394.03,40773694.0,15913142977.0,885419132.0,0.046050161473131575,0.04028830160783592,0.002034432774711936,-0.008305438804016796,-0.01982587064676622,0.09495359306396911,389.472,388.317,381.692,388.68566666666663,404.7568333333333,-0.019825870671148715,0.0949535930335419,0.028798955586715413,0.4760370978234971,39177017.4,1.0407554404588235,1.0461431391179055,44495999.2,0.9163451710957418,0.9210361811170904,42480241.9,0.9598272555976193,0.980296347218123,0.9177558246904225,850131519.8999987,329160302.5939997,0.7699909445430242,0.008462476932923346,137.25094241532554,382.1304091797086,404.4267208493892,376.7694943949785,1.870872819274735,0.031140130527260057,-0.025707304471756287,0.04581184480643441,12.953661380395252,0.07719825073870386,1.0,7.764046625307038,0.019704201774255758,10.811337721733565,0.027437854278758438,12.953661380395252,0.032874809989255904,26.163716664046124,0.8346163602631952,0.011703023554666236,0.014712206753381585,0.032324491971738256,0.013749756632469579,-0.026501920312817395,0.03232449199878418,0.03232449199878418,51.56591499039116,0.055871161368351074,0.015125751845922339,0.002943938278736608,0.07098444280712175,0.7869145510236262,-0.020633882737454836,0.002605322848898855,0.07387744503945017,-0.0011076944195358087,0.21069461716112992,-0.2501171827316284,-0.5020943284034729,0.5785760283470154,0.3889240324497223,0.26489898562431335,1.0197893381118774,0.6246349811553955,-0.7505972981452942,-0.9694457054138184,-0.9624857306480408,0.5262371897697449,-0.007143253460526466,-0.42075225710868835,-0.2892429828643799,-0.2797236442565918,-1.0899990797042847,0.9111024737358093,0.9176847338676453,-0.5101847052574158,-0.7323216795921326,-0.5312607884407043,-0.9828819036483765,-0.7501069903373718,0.9623682498931885,1.055570363998413,0.3441200852394104,-1.2053380012512207,0.5826311111450195,0.4656379222869873,0.28870338201522827,0.3819495439529419,-1.365831971168518,0.5248253981257571,观望,2026-03,6.0
2026-03-16,396.04,418.03,392.0,413.23,47224054.0,19206187286.0,885419132.0,0.05333525365928054,0.04872725426997948,0.090978694194366,0.05086081936779996,0.07611979166666671,0.08459317585301851,395.31800000000004,391.54,384.1505,389.6926666666667,404.4396666666666,0.07611979163864269,0.08459317582455128,0.135060154888341,0.5113504999347565,39788549.4,1.1868754883534405,1.2212520676567011,43697672.1,1.0806995368524446,1.119963347732704,42533910.45,1.1102683364962036,1.1750995516458507,1.0653297959068533,811781488.2599999,226718888.4699997,0.7301196658322923,0.06923046513600362,137.64503709218198,384.2653159827208,404.1847488352724,377.6779189979681,2.002142385440723,0.07537678476967113,0.022379001659001307,0.09413333216926345,14.050703475553954,0.07117081369115338,1.0,12.295760244894725,0.029755245854843963,12.975219972446654,0.031399511100676764,14.050703475553954,0.034002137974527336,26.15416547375711,0.9234569632607331,0.045310357710872884,0.05539663888605517,0.0756981963819987,0.06039973378011387,0.02173459738893735,0.07569819641000075,0.07569819641000075,56.57187112323766,0.04340470659419743,0.011615807177319644,0.009776637707577508,0.06299155433867351,0.8155973873163298,0.09034471490773721,0.0026561843633444993,0.0747631318178554,0.0033039572220867285,0.11424630351136167,-0.27211418747901917,-0.4944438636302948,0.08562588691711426,-0.040385108441114426,-0.20876577496528625,0.02589300274848938,0.14761409163475037,0.5820159316062927,-0.9252158999443054,0.5180566310882568,0.15615540742874146,0.571029007434845,-0.32847830653190613,0.1922100931406021,0.2088278979063034,-0.36601582169532776,0.8891265988349915,0.9050318002700806,-0.3350532352924347,-0.6000231504440308,-0.595364511013031,-0.7970120906829834,-0.6190582513809204,0.9163568019866943,1.0141180753707886,0.3231193721294403,-1.2116072177886963,0.248376727104187,0.7409034371376038,-0.3483767509460449,-0.22991441190242767,-1.372522234916687,0.9616583104838765,观望,2026-03,7.0
2026-03-17,422.01,426.88,385.93,389.33,45393436.0,18332357745.0,885419132.0,0.051267737910140394,-0.057837039905137666,-0.011928025784838647,0.02787971592259164,-0.020134397100646795,0.018655154369439986,393.71799999999996,392.253,384.10949999999997,389.71600000000007,403.9866666666667,-0.020134397125308068,0.01865515434278775,-0.0021017557605510495,0.5831067416336784,40369609.4,1.124445756960928,1.1419257033380952,43122422.6,1.0526643278153855,1.0787095642228954,42433883.25,1.06974503682738,1.1215804483884866,1.013805775265316,-1483457488.4800003,72235627.90199971,0.6486893583659454,0.06837908822359262,138.01877051898614,385.1900999821882,403.4188894935977,378.5304945582257,1.820848197212733,0.010747680218165634,-0.0349237228610767,0.028530080395182233,14.03346131854136,0.07125825743120069,1.0,12.48750255254972,0.032074339383630794,12.595289286962302,0.03235119124300411,14.03346131854136,0.03604515788195338,27.211010797060172,0.897518366430804,-0.011145032764284468,-0.007451823210849917,0.013591176448028763,-0.0009904648769621938,-0.036280075273863566,0.013591176474416766,0.013591176474416766,49.68749767179636,-0.07743892324642927,0.012508668738280939,0.008732951480524614,0.10518069503749565,0.08302808300780702,-0.0226400373887887,0.0006035164658112852,0.11826998624911332,0.0015591860335998577,0.20206508617368302,-0.2907933294773102,-0.48462140560150146,-0.37487247586250305,-0.4605437219142914,-0.6830834746360779,-0.13592208921909332,-0.457423597574234,0.5012627840042114,-0.9001085162162781,0.8400956988334656,-0.3165189325809479,0.4785885214805603,0.3449162244796753,0.1714676171541214,0.1832704395055771,0.9186355471611023,0.874961256980896,0.8716526627540588,-0.3544465899467468,0.15761759877204895,-0.48610466718673706,-0.5859737992286682,0.15974867343902588,0.8812020421028137,0.9882768392562866,0.342937707901001,-1.2277766466140747,-0.0726618766784668,0.6073204874992371,-0.7424027919769287,-0.8616994023323059,-1.3498828411102295,1.1119705614946007,买入 📈,2026-03,8.0
2026-03-18,399.2,431.35,398.0,430.9,60972697.0,25254364373.0,885419132.0,0.06886308957688075,0.10677317442786327,0.042760690172543026,0.09357155546531981,0.09579635327925118,0.16658093510572058,401.25199999999995,398.406,385.999,390.7713333333333,404.035,0.09579635325138458,0.1665809350741374,0.09613085393156795,0.7441774738118212,45796514.8,1.3313829068931682,1.3722884327088398,45958469.1,1.3266912104345963,1.3798862167223727,44017454.6,1.3851936136261724,1.4831493642806952,1.3422124440615917,1932834494.8999994,292358944.3279997,0.7132073573581175,0.8018910892639879,138.53857817062098,386.83577144644795,403.1330877581307,379.1554491005025,2.1103249772732133,0.11390939464772876,0.06887778027917335,0.13647318275988063,17.43976155679728,0.05734023347566011,1.0,20.749747468341045,0.04815443831018682,14.978268109350953,0.03476042726619483,17.43976155679728,0.040472874347627176,28.268795740127306,0.8588573904512178,0.07388872825371862,0.08156001663926848,0.11632413552583487,0.10269091725162305,0.06649176430095172,0.11632413555475529,0.11632413555475529,59.027082552111324,0.07940881763328131,0.0010443258296347231,0.0027848688790256208,0.0773961475962545,0.9865067463308812,0.1275416272986943,0.005790424477579276,0.10304390796903401,0.007607075145272593,0.10512880018565807,-0.24067145586013794,-0.45035335421562195,-0.2681678533554077,-0.3796369433403015,-0.5071802735328674,0.033899154514074326,-0.19797183573246002,-1.443060278892517,-0.9171795845031738,-1.2273235321044922,-0.12465081363916397,-0.09834905713796616,-0.0800379067659378,-0.14073611795902252,-0.10579410195350647,-0.435363233089447,0.911824107170105,0.8986030220985413,-0.1691344529390335,-0.4489266276359558,-0.3913293480873108,-0.777999222278595,-0.4658527970314026,0.9076101183891296,0.9749359488487244,0.2829621136188507,-1.1083682775497437,-0.04714824631810188,0.4746561646461487,-0.5826082229614258,-0.5090067982673645,-1.2574480772018433,-0.5001048425952573,观望,2026-03,3.0
2026-03-19,427.01,450.81,427.01,440.4,54357233.0,24009255549.0,885419132.0,0.06139152750993413,0.022046878626131416,0.13117406827113243,0.06575030854487807,0.16271087995353373,0.09759744791147429,413.578,402.322,389.43600000000004,392.3496666666667,404.26149999999996,0.16271087992283673,0.09759744788411928,0.18495399017421943,0.7770110829750112,49744222.8,1.0927345918851101,1.1687282077449543,44426405.0,1.2235343598024642,1.3411277797085508,44521288.4,1.220926773538746,1.3802052779845833,1.1800970402204554,727843349.8699993,251568344.69499955,0.617191978188975,0.5701699945748961,139.04641130459567,390.7214792216121,403.59032929067723,380.0227447383673,2.1672877844740475,0.12714560990441703,0.0912055320404157,0.1588780042710347,20.896188118764314,0.04785561815570879,1.0,22.30292738633002,0.050642432756184366,20.058942477941773,0.045547099176853546,20.896188118764314,0.047448201903473736,27.94959604440393,0.9599330918317085,0.0648535463427733,0.09464558236699339,0.13086617567120462,0.12246813851107796,0.08939387002993371,0.13086617570024317,0.13086617570024317,60.81717580386554,0.031357579447053724,0.02363760217929984,0.0,0.054041780198591266,0.5626050417804171,0.17779980700129183,0.004445280638185776,0.05905332263005245,0.005102219344080372,,-0.19069600105285645,-0.3678045868873596,-1.1257922649383545,-1.195871114730835,-1.4511654376983643,-1.4975388050079346,-1.1363860368728638,1.5015214681625366,-0.8289370536804199,1.7085040807724,-1.0152779817581177,0.5833258032798767,0.5242742300033569,0.3578735291957855,0.3556218445301056,0.5498005747795105,0.8724359273910522,0.8522173762321472,-0.10063646733760834,0.3812463879585266,0.02490326017141342,-0.39322975277900696,0.38432741165161133,0.8155599236488342,0.9386582970619202,0.3385430574417114,-1.1283320188522339,-0.794042706489563,0.6336042881011963,-1.2035479545593262,-1.2143477201461792,-1.2409703731536865,0.7747501857757201,观望,2026-03,7.0
2026-03-20,468.0,490.28,458.88,477.05,67192214.0,32110554587.0,885419132.0,0.07588746568896142,0.08321980018165309,0.1071014156416803,0.22531014820332373,0.21069461716112992,0.18669154228855733,430.18199999999996,409.82700000000006,395.0005,395.15133333333335,405.42566666666664,0.21069461713040405,0.1866915422590376,0.3042705598943496,0.7680122901709058,55027926.8,1.2210566144752522,1.350173249388961,47102472.1,1.4265114123383769,1.6469572628584277,45650143.0,1.471894929222894,1.7668597228244503,1.4242841433803008,608089536.7000008,276878403.6109997,0.694767253574392,0.6479305014649888,139.7466074447293,398.1104645323893,405.4296906560079,381.5058014612135,2.41367857669587,0.19828550741646822,0.17665284757045407,0.25043970019024786,27.90279149872112,0.03583870809798533,1.0,32.625866578527685,0.0683908742853868,30.987758532829233,0.06495704545053907,27.90279149872112,0.05849028717773025,29.516053469803648,1.1105612326689211,0.10894923541410506,0.16402774826538913,0.20771999019728526,0.20725899103953593,0.17666452622609818,0.20771999022786058,0.20771999022786058,66.83681026036078,0.019337606837193665,0.027732942039037065,0.019117492924869153,0.0658211927457117,0.5786624201978792,0.25727005591892865,0.012126930995751541,0.08037140277480176,0.004074329668780803,,-0.1990809440612793,-0.2266291230916977,-0.6644785404205322,-0.7092369198799133,-0.9724576473236084,-0.995954155921936,-0.8393803834915161,0.2686493396759033,-0.9178070425987244,0.3224608302116394,-0.721072793006897,0.5978509783744812,0.6011605858802795,0.35616225004196167,0.37394899129867554,1.1943162679672241,1.0276479721069336,0.942003607749939,-0.010204765945672989,0.8131604790687561,0.28651154041290283,-0.3163331151008606,0.8059951066970825,0.9077543020248413,0.9996039867401123,0.2745293378829956,-1.1837613582611084,-0.39924687147140503,0.33775368332862854,-0.35004764795303345,-0.5612756609916687,-1.2554768323898315,1.2564497996944703,买入 📈,2026-03,8.0
2026-03-23,456.13,477.87,453.0,460.44,48083159.0,22255883379.0,885419132.0,0.05430553425177174,-0.03481815323341375,0.04550408719346044,0.06855418890693898,0.11424630351136167,0.19906249999999992,439.62399999999997,417.471,399.717,396.5163333333333,405.6646666666667,0.11424630348439724,0.19906249996877445,0.2576548031668717,0.7927593964360167,55199747.8,0.8710757008205026,0.9124074520617363,47494148.6,1.0124017466859063,1.1094901190251891,46562709.7,1.0326537976375543,1.187654109700486,1.0212137765337335,207238415.2900001,279935687.5399998,0.6669229458638578,0.01819210608220967,140.22370760160356,402.45433995543436,405.99606449179055,382.6216519549499,2.283610224514806,0.14408009626877583,0.13409966319836175,0.20338197707173267,30.604015405619897,0.032675450800146076,1.0,33.31744332928142,0.0723600107040175,33.25408093586303,0.07222239800004518,30.604015405619897,0.06646689124523332,29.184192507674815,1.086592085523868,0.04734955323077572,0.10292690986672293,0.15191497981942437,0.16121319925884814,0.1350261381452571,0.15191497984824265,0.15191497984824265,62.174841015823134,0.00944906057462897,0.0378550951255787,0.006797845538901956,0.054013552253192314,0.299155609047384,0.09951717889731121,0.01437677109962881,0.04704989288275433,0.0010795202420515143,,-0.029104076325893402,-0.2645334005355835,-1.085180640220642,-1.1632221937179565,-1.4298298358917236,-0.7960192561149597,-1.3453640937805176,0.3221096992492676,-0.8340558409690857,1.1733283996582031,-1.2828668355941772,0.44835737347602844,1.463354229927063,0.5505999326705933,0.5583763718605042,1.216578722000122,0.9558066129684448,0.8686259388923645,0.13438169658184052,1.0771583318710327,0.38096100091934204,-0.07597540318965912,1.0961464643478394,0.8050932884216309,0.930603563785553,0.2896270751953125,-1.1290473937988281,-0.8263262510299683,0.4315365254878998,-0.8456546664237976,-1.1155673265457153,-1.183065414428711,1.3184564150962335,买入 📈,2026-03,8.0
2026-03-24,459.0,468.33,438.0,468.0,40686069.0,18507025451.0,885419132.0,0.045951197042803454,0.016419077404222104,-0.01897075778220314,0.06267029972752058,0.20206508617368302,0.17786223038783877,455.358,424.538,404.514,397.483,406.373,0.20206508614280771,0.17786223035819448,0.25786163518631766,0.8211070317916678,54258274.4,0.7498592509606239,0.7576333470987047,47313941.9,0.859917127302386,0.9143490527035333,46271044.65,0.8792986911740277,0.9844991785304748,0.8874199658448659,366174621.0,305591210.55199987,0.6814114347785591,-0.10370149111426596,140.616343262898,406.267385767786,406.35900868719807,383.4264548866194,2.3282048810288116,0.1519507014217949,0.15169096782655833,0.2205730565419366,33.42937857003926,0.029913807628990798,1.0,19.22319744475042,0.041075208214401,35.90202742650297,0.07671373381567485,33.42937857003926,0.07143029608830119,29.266035899983756,1.0739663419271612,0.027762771247507256,0.10237481683377281,0.15694388819282046,0.17740884512853605,0.15165131538877707,0.15694388822142114,0.15694388822142114,63.4253051689712,0.019607843136827716,0.0007051282051131043,0.04487179487083607,0.0648076923063075,0.9891196831555825,0.15152037416349187,0.013644475795560775,0.04859664760929432,0.003962060512517754,,0.05173947662115097,-0.13699576258659363,0.14201395213603973,0.011722557246685028,-0.14103221893310547,0.28067490458488464,-0.010356614366173744,-0.06850678473711014,-0.9169999361038208,-0.7215322256088257,-0.1385800540447235,1.0410714149475098,0.6548328995704651,0.556073784828186,0.5848358869552612,0.31887564063072205,1.1033079624176025,0.9814177751541138,0.35191890597343445,0.43217575550079346,0.3111618161201477,-0.01626066491007805,0.42716652154922485,0.8843430876731873,0.9287189841270447,0.20497706532478333,-1.1370270252227783,0.1758415251970291,0.4365687966346741,0.42452728748321533,0.30441614985466003,-1.1512566804885864,1.833899845248456,买入 📈,2026-03,9.0
2026-03-25,490.21,492.0,463.0,476.2,45816206.0,21847463348.0,885419132.0,0.051745217992420794,0.01752136752136746,0.03422812961515076,-0.0017817838800964214,0.10512880018565807,0.21099610914731826,464.41799999999995,432.83500000000004,409.224,399.053,407.0713333333333,0.10512880016001103,0.21099610911652222,0.24659685860611003,0.8585616054311693,51226976.2,0.8943765453015357,0.9200467363143209,48511745.5,0.9444353223695072,1.036674247878421,46862926.6,0.9776642075956048,1.1351228740121533,1.0140124398068933,-641885046.0599996,264344985.20599976,0.6782124078709544,-0.248578326787808,141.08815291060586,410.7038152339807,407.1927909953787,384.60859046093077,2.3751947996776357,0.15947303710511096,0.16947060589145968,0.23814187153048838,36.57815286982757,0.02733872328888123,1.0,15.032485489760063,0.031567588176069694,37.41801326455885,0.07857625632879692,36.57815286982757,0.07681258477332936,29.2470333356992,1.0229607106594618,0.02536938703871594,0.10018829343513813,0.16366586512121306,0.19332519737495213,0.16981954019926526,0.1636658651496492,0.1636658651496492,64.78516119255139,-0.028579588339108127,0.0037589248214246773,0.02771944561050566,0.06089878202308067,0.455172413636147,0.09402473312174431,0.016579284354318654,0.05446644227887415,-0.0030045378311574795,,-0.05604054033756256,-0.29005298018455505,0.4284597635269165,0.2937457263469696,0.141822949051857,0.1588546335697174,0.28778496384620667,0.04425162076950073,-0.8808340430259705,-0.08385249972343445,0.13540245592594147,0.7627489566802979,0.22029055655002594,0.33073991537094116,0.3487967550754547,-0.45110565423965454,1.1095408201217651,0.9480969309806824,0.4140772521495819,0.9516945481300354,0.20844940841197968,0.08167999982833862,0.9608616232872009,0.8603983521461487,0.8935388922691345,0.252469003200531,-1.1339706182479858,0.44409650564193726,0.3590318262577057,0.72344571352005,0.6672003269195557,-1.182215690612793,1.815602378149532,买入 📈,2026-03,9.0
