code,name,main_business,revenue_structure,error
000001,,,,module 'akshare' has no attribute 'stock_profile_sina'
000002,,,,module 'akshare' has no attribute 'stock_profile_sina'
000004,,,,module 'akshare' has no attribute 'stock_profile_sina'
000006,,,,module 'akshare' has no attribute 'stock_profile_sina'
000007,,,,module 'akshare' has no attribute 'stock_profile_sina'
000008,,,,module 'akshare' has no attribute 'stock_profile_sina'
000009,,,,module 'akshare' has no attribute 'stock_profile_sina'
000010,,,,module 'akshare' has no attribute 'stock_profile_sina'
000011,,,,module 'akshare' has no attribute 'stock_profile_sina'
000012,,,,module 'akshare' has no attribute 'stock_profile_sina'
000014,,,,module 'akshare' has no attribute 'stock_profile_sina'
000016,,,,module 'akshare' has no attribute 'stock_profile_sina'
000017,,,,module 'akshare' has no attribute 'stock_profile_sina'
000019,,,,module 'akshare' has no attribute 'stock_profile_sina'
000020,,,,module 'akshare' has no attribute 'stock_profile_sina'
000021,,,,module 'akshare' has no attribute 'stock_profile_sina'
000025,,,,module 'akshare' has no attribute 'stock_profile_sina'
000026,,,,module 'akshare' has no attribute 'stock_profile_sina'
000027,,,,module 'akshare' has no attribute 'stock_profile_sina'
000028,,,,module 'akshare' has no attribute 'stock_profile_sina'
000029,,,,module 'akshare' has no attribute 'stock_profile_sina'
000030,,,,module 'akshare' has no attribute 'stock_profile_sina'
000031,,,,module 'akshare' has no attribute 'stock_profile_sina'
000032,,,,module 'akshare' has no attribute 'stock_profile_sina'
000034,,,,module 'akshare' has no attribute 'stock_profile_sina'
000035,,,,module 'akshare' has no attribute 'stock_profile_sina'
000036,,,,module 'akshare' has no attribute 'stock_profile_sina'
000037,,,,module 'akshare' has no attribute 'stock_profile_sina'
000039,,,,module 'akshare' has no attribute 'stock_profile_sina'
000042,,,,module 'akshare' has no attribute 'stock_profile_sina'
000045,,,,module 'akshare' has no attribute 'stock_profile_sina'
000048,,,,module 'akshare' has no attribute 'stock_profile_sina'
000049,,,,module 'akshare' has no attribute 'stock_profile_sina'
000050,,,,module 'akshare' has no attribute 'stock_profile_sina'
000055,,,,module 'akshare' has no attribute 'stock_profile_sina'
000056,,,,module 'akshare' has no attribute 'stock_profile_sina'
000058,,,,module 'akshare' has no attribute 'stock_profile_sina'
000059,,,,module 'akshare' has no attribute 'stock_profile_sina'
000060,,,,module 'akshare' has no attribute 'stock_profile_sina'
000061,,,,module 'akshare' has no attribute 'stock_profile_sina'
000062,,,,module 'akshare' has no attribute 'stock_profile_sina'
000063,,,,module 'akshare' has no attribute 'stock_profile_sina'
000065,,,,module 'akshare' has no attribute 'stock_profile_sina'
000066,,,,module 'akshare' has no attribute 'stock_profile_sina'
000068,,,,module 'akshare' has no attribute 'stock_profile_sina'
000069,,,,module 'akshare' has no attribute 'stock_profile_sina'
000070,,,,module 'akshare' has no attribute 'stock_profile_sina'
000078,,,,module 'akshare' has no attribute 'stock_profile_sina'
000088,,,,module 'akshare' has no attribute 'stock_profile_sina'
000089,,,,module 'akshare' has no attribute 'stock_profile_sina'
000090,,,,module 'akshare' has no attribute 'stock_profile_sina'
000096,,,,module 'akshare' has no attribute 'stock_profile_sina'
000099,,,,module 'akshare' has no attribute 'stock_profile_sina'
000100,,,,module 'akshare' has no attribute 'stock_profile_sina'
000151,,,,module 'akshare' has no attribute 'stock_profile_sina'
000153,,,,module 'akshare' has no attribute 'stock_profile_sina'
000155,,,,module 'akshare' has no attribute 'stock_profile_sina'
000156,,,,module 'akshare' has no attribute 'stock_profile_sina'
000157,,,,module 'akshare' has no attribute 'stock_profile_sina'
000158,,,,module 'akshare' has no attribute 'stock_profile_sina'
000159,,,,module 'akshare' has no attribute 'stock_profile_sina'
000166,,,,module 'akshare' has no attribute 'stock_profile_sina'
000301,,,,module 'akshare' has no attribute 'stock_profile_sina'
000333,,,,module 'akshare' has no attribute 'stock_profile_sina'
000338,,,,module 'akshare' has no attribute 'stock_profile_sina'
000400,,,,module 'akshare' has no attribute 'stock_profile_sina'
000401,,,,module 'akshare' has no attribute 'stock_profile_sina'
000402,,,,module 'akshare' has no attribute 'stock_profile_sina'
000403,,,,module 'akshare' has no attribute 'stock_profile_sina'
000404,,,,module 'akshare' has no attribute 'stock_profile_sina'
000407,,,,module 'akshare' has no attribute 'stock_profile_sina'
000408,,,,module 'akshare' has no attribute 'stock_profile_sina'
000409,,,,module 'akshare' has no attribute 'stock_profile_sina'
000410,,,,module 'akshare' has no attribute 'stock_profile_sina'
000411,,,,module 'akshare' has no attribute 'stock_profile_sina'
000415,,,,module 'akshare' has no attribute 'stock_profile_sina'
000417,,,,module 'akshare' has no attribute 'stock_profile_sina'
000419,,,,module 'akshare' has no attribute 'stock_profile_sina'
000420,,,,module 'akshare' has no attribute 'stock_profile_sina'
000421,,,,module 'akshare' has no attribute 'stock_profile_sina'
000422,,,,module 'akshare' has no attribute 'stock_profile_sina'
000423,,,,module 'akshare' has no attribute 'stock_profile_sina'
000425,,,,module 'akshare' has no attribute 'stock_profile_sina'
000426,,,,module 'akshare' has no attribute 'stock_profile_sina'
000428,,,,module 'akshare' has no attribute 'stock_profile_sina'
000429,,,,module 'akshare' has no attribute 'stock_profile_sina'
000430,,,,module 'akshare' has no attribute 'stock_profile_sina'
000488,,,,module 'akshare' has no attribute 'stock_profile_sina'
000498,,,,module 'akshare' has no attribute 'stock_profile_sina'
000501,,,,module 'akshare' has no attribute 'stock_profile_sina'
000503,,,,module 'akshare' has no attribute 'stock_profile_sina'
000504,,,,module 'akshare' has no attribute 'stock_profile_sina'
000505,,,,module 'akshare' has no attribute 'stock_profile_sina'
000506,,,,module 'akshare' has no attribute 'stock_profile_sina'
000507,,,,module 'akshare' has no attribute 'stock_profile_sina'
000509,,,,module 'akshare' has no attribute 'stock_profile_sina'
000510,,,,module 'akshare' has no attribute 'stock_profile_sina'
000513,,,,module 'akshare' has no attribute 'stock_profile_sina'
000514,,,,module 'akshare' has no attribute 'stock_profile_sina'
000516,,,,module 'akshare' has no attribute 'stock_profile_sina'
000517,,,,module 'akshare' has no attribute 'stock_profile_sina'
000518,,,,module 'akshare' has no attribute 'stock_profile_sina'
000519,,,,module 'akshare' has no attribute 'stock_profile_sina'
000520,,,,module 'akshare' has no attribute 'stock_profile_sina'
000521,,,,module 'akshare' has no attribute 'stock_profile_sina'
000523,,,,module 'akshare' has no attribute 'stock_profile_sina'
000524,,,,module 'akshare' has no attribute 'stock_profile_sina'
000525,,,,module 'akshare' has no attribute 'stock_profile_sina'
000526,,,,module 'akshare' has no attribute 'stock_profile_sina'
000528,,,,module 'akshare' has no attribute 'stock_profile_sina'
000529,,,,module 'akshare' has no attribute 'stock_profile_sina'
000530,,,,module 'akshare' has no attribute 'stock_profile_sina'
000531,,,,module 'akshare' has no attribute 'stock_profile_sina'
000532,,,,module 'akshare' has no attribute 'stock_profile_sina'
000533,,,,module 'akshare' has no attribute 'stock_profile_sina'
000534,,,,module 'akshare' has no attribute 'stock_profile_sina'
000536,,,,module 'akshare' has no attribute 'stock_profile_sina'
000537,,,,module 'akshare' has no attribute 'stock_profile_sina'
000538,,,,module 'akshare' has no attribute 'stock_profile_sina'
000539,,,,module 'akshare' has no attribute 'stock_profile_sina'
000541,,,,module 'akshare' has no attribute 'stock_profile_sina'
000543,,,,module 'akshare' has no attribute 'stock_profile_sina'
000544,,,,module 'akshare' has no attribute 'stock_profile_sina'
000545,,,,module 'akshare' has no attribute 'stock_profile_sina'
000546,,,,module 'akshare' has no attribute 'stock_profile_sina'
000547,,,,module 'akshare' has no attribute 'stock_profile_sina'
000548,,,,module 'akshare' has no attribute 'stock_profile_sina'
000550,,,,module 'akshare' has no attribute 'stock_profile_sina'
000551,,,,module 'akshare' has no attribute 'stock_profile_sina'
000552,,,,module 'akshare' has no attribute 'stock_profile_sina'
000553,,,,module 'akshare' has no attribute 'stock_profile_sina'
000554,,,,module 'akshare' has no attribute 'stock_profile_sina'
000555,,,,module 'akshare' has no attribute 'stock_profile_sina'
000557,,,,module 'akshare' has no attribute 'stock_profile_sina'
000558,,,,module 'akshare' has no attribute 'stock_profile_sina'
000559,,,,module 'akshare' has no attribute 'stock_profile_sina'
000560,,,,module 'akshare' has no attribute 'stock_profile_sina'
000561,,,,module 'akshare' has no attribute 'stock_profile_sina'
000563,,,,module 'akshare' has no attribute 'stock_profile_sina'
000564,,,,module 'akshare' has no attribute 'stock_profile_sina'
000565,,,,module 'akshare' has no attribute 'stock_profile_sina'
000566,,,,module 'akshare' has no attribute 'stock_profile_sina'
000567,,,,module 'akshare' has no attribute 'stock_profile_sina'
000568,,,,module 'akshare' has no attribute 'stock_profile_sina'
000570,,,,module 'akshare' has no attribute 'stock_profile_sina'
000571,,,,module 'akshare' has no attribute 'stock_profile_sina'
000572,,,,module 'akshare' has no attribute 'stock_profile_sina'
000573,,,,module 'akshare' has no attribute 'stock_profile_sina'
000576,,,,module 'akshare' has no attribute 'stock_profile_sina'
000581,,,,module 'akshare' has no attribute 'stock_profile_sina'
000582,,,,module 'akshare' has no attribute 'stock_profile_sina'
000586,,,,module 'akshare' has no attribute 'stock_profile_sina'
000589,,,,module 'akshare' has no attribute 'stock_profile_sina'
000590,,,,module 'akshare' has no attribute 'stock_profile_sina'
000591,,,,module 'akshare' has no attribute 'stock_profile_sina'
000592,,,,module 'akshare' has no attribute 'stock_profile_sina'
000593,,,,module 'akshare' has no attribute 'stock_profile_sina'
000595,,,,module 'akshare' has no attribute 'stock_profile_sina'
000596,,,,module 'akshare' has no attribute 'stock_profile_sina'
000597,,,,module 'akshare' has no attribute 'stock_profile_sina'
000598,,,,module 'akshare' has no attribute 'stock_profile_sina'
000599,,,,module 'akshare' has no attribute 'stock_profile_sina'
000600,,,,module 'akshare' has no attribute 'stock_profile_sina'
000601,,,,module 'akshare' has no attribute 'stock_profile_sina'
000603,,,,module 'akshare' has no attribute 'stock_profile_sina'
000605,,,,module 'akshare' has no attribute 'stock_profile_sina'
000607,,,,module 'akshare' has no attribute 'stock_profile_sina'
000608,,,,module 'akshare' has no attribute 'stock_profile_sina'
000609,,,,module 'akshare' has no attribute 'stock_profile_sina'
000610,,,,module 'akshare' has no attribute 'stock_profile_sina'
000612,,,,module 'akshare' has no attribute 'stock_profile_sina'
000615,,,,module 'akshare' has no attribute 'stock_profile_sina'
000617,,,,module 'akshare' has no attribute 'stock_profile_sina'
000619,,,,module 'akshare' has no attribute 'stock_profile_sina'
000620,,,,module 'akshare' has no attribute 'stock_profile_sina'
000623,,,,module 'akshare' has no attribute 'stock_profile_sina'
000625,,,,module 'akshare' has no attribute 'stock_profile_sina'
000626,,,,module 'akshare' has no attribute 'stock_profile_sina'
000628,,,,module 'akshare' has no attribute 'stock_profile_sina'
000629,,,,module 'akshare' has no attribute 'stock_profile_sina'
000630,,,,module 'akshare' has no attribute 'stock_profile_sina'
000631,,,,module 'akshare' has no attribute 'stock_profile_sina'
000632,,,,module 'akshare' has no attribute 'stock_profile_sina'
000633,,,,module 'akshare' has no attribute 'stock_profile_sina'
000635,,,,module 'akshare' has no attribute 'stock_profile_sina'
000636,,,,module 'akshare' has no attribute 'stock_profile_sina'
000637,,,,module 'akshare' has no attribute 'stock_profile_sina'
000638,,,,module 'akshare' has no attribute 'stock_profile_sina'
000639,,,,module 'akshare' has no attribute 'stock_profile_sina'
000650,,,,module 'akshare' has no attribute 'stock_profile_sina'
000651,,,,module 'akshare' has no attribute 'stock_profile_sina'
000652,,,,module 'akshare' has no attribute 'stock_profile_sina'
000655,,,,module 'akshare' has no attribute 'stock_profile_sina'
000656,,,,module 'akshare' has no attribute 'stock_profile_sina'
000657,,,,module 'akshare' has no attribute 'stock_profile_sina'
000659,,,,module 'akshare' has no attribute 'stock_profile_sina'
000661,,,,module 'akshare' has no attribute 'stock_profile_sina'
000663,,,,module 'akshare' has no attribute 'stock_profile_sina'
000665,,,,module 'akshare' has no attribute 'stock_profile_sina'
000668,,,,module 'akshare' has no attribute 'stock_profile_sina'
000669,,,,module 'akshare' has no attribute 'stock_profile_sina'
000670,,,,module 'akshare' has no attribute 'stock_profile_sina'
000672,,,,module 'akshare' has no attribute 'stock_profile_sina'
000676,,,,module 'akshare' has no attribute 'stock_profile_sina'
000677,,,,module 'akshare' has no attribute 'stock_profile_sina'
000678,,,,module 'akshare' has no attribute 'stock_profile_sina'
000679,,,,module 'akshare' has no attribute 'stock_profile_sina'
000680,,,,module 'akshare' has no attribute 'stock_profile_sina'
000681,,,,module 'akshare' has no attribute 'stock_profile_sina'
000682,,,,module 'akshare' has no attribute 'stock_profile_sina'
000683,,,,module 'akshare' has no attribute 'stock_profile_sina'
000685,,,,module 'akshare' has no attribute 'stock_profile_sina'
000686,,,,module 'akshare' has no attribute 'stock_profile_sina'
000688,,,,module 'akshare' has no attribute 'stock_profile_sina'
000690,,,,module 'akshare' has no attribute 'stock_profile_sina'
000691,,,,module 'akshare' has no attribute 'stock_profile_sina'
000692,,,,module 'akshare' has no attribute 'stock_profile_sina'
000695,,,,module 'akshare' has no attribute 'stock_profile_sina'
000697,,,,module 'akshare' has no attribute 'stock_profile_sina'
000698,,,,module 'akshare' has no attribute 'stock_profile_sina'
000700,,,,module 'akshare' has no attribute 'stock_profile_sina'
000701,,,,module 'akshare' has no attribute 'stock_profile_sina'
000702,,,,module 'akshare' has no attribute 'stock_profile_sina'
000703,,,,module 'akshare' has no attribute 'stock_profile_sina'
000705,,,,module 'akshare' has no attribute 'stock_profile_sina'
000707,,,,module 'akshare' has no attribute 'stock_profile_sina'
000708,,,,module 'akshare' has no attribute 'stock_profile_sina'
000709,,,,module 'akshare' has no attribute 'stock_profile_sina'
000710,,,,module 'akshare' has no attribute 'stock_profile_sina'
000711,,,,module 'akshare' has no attribute 'stock_profile_sina'
000712,,,,module 'akshare' has no attribute 'stock_profile_sina'
000713,,,,module 'akshare' has no attribute 'stock_profile_sina'
000715,,,,module 'akshare' has no attribute 'stock_profile_sina'
000716,,,,module 'akshare' has no attribute 'stock_profile_sina'
000717,,,,module 'akshare' has no attribute 'stock_profile_sina'
000718,,,,module 'akshare' has no attribute 'stock_profile_sina'
000719,,,,module 'akshare' has no attribute 'stock_profile_sina'
000720,,,,module 'akshare' has no attribute 'stock_profile_sina'
000721,,,,module 'akshare' has no attribute 'stock_profile_sina'
000722,,,,module 'akshare' has no attribute 'stock_profile_sina'
000723,,,,module 'akshare' has no attribute 'stock_profile_sina'
000725,,,,module 'akshare' has no attribute 'stock_profile_sina'
000726,,,,module 'akshare' has no attribute 'stock_profile_sina'
000727,,,,module 'akshare' has no attribute 'stock_profile_sina'
000728,,,,module 'akshare' has no attribute 'stock_profile_sina'
000729,,,,module 'akshare' has no attribute 'stock_profile_sina'
000731,,,,module 'akshare' has no attribute 'stock_profile_sina'
000733,,,,module 'akshare' has no attribute 'stock_profile_sina'
000735,,,,module 'akshare' has no attribute 'stock_profile_sina'
000736,,,,module 'akshare' has no attribute 'stock_profile_sina'
000737,,,,module 'akshare' has no attribute 'stock_profile_sina'
000738,,,,module 'akshare' has no attribute 'stock_profile_sina'
000739,,,,module 'akshare' has no attribute 'stock_profile_sina'
000750,,,,module 'akshare' has no attribute 'stock_profile_sina'
000751,,,,module 'akshare' has no attribute 'stock_profile_sina'
000752,,,,module 'akshare' has no attribute 'stock_profile_sina'
000753,,,,module 'akshare' has no attribute 'stock_profile_sina'
000755,,,,module 'akshare' has no attribute 'stock_profile_sina'
000756,,,,module 'akshare' has no attribute 'stock_profile_sina'
000757,,,,module 'akshare' has no attribute 'stock_profile_sina'
000758,,,,module 'akshare' has no attribute 'stock_profile_sina'
000759,,,,module 'akshare' has no attribute 'stock_profile_sina'
000761,,,,module 'akshare' has no attribute 'stock_profile_sina'
000762,,,,module 'akshare' has no attribute 'stock_profile_sina'
000766,,,,module 'akshare' has no attribute 'stock_profile_sina'
000767,,,,module 'akshare' has no attribute 'stock_profile_sina'
000768,,,,module 'akshare' has no attribute 'stock_profile_sina'
000776,,,,module 'akshare' has no attribute 'stock_profile_sina'
000777,,,,module 'akshare' has no attribute 'stock_profile_sina'
000778,,,,module 'akshare' has no attribute 'stock_profile_sina'
000779,,,,module 'akshare' has no attribute 'stock_profile_sina'
000782,,,,module 'akshare' has no attribute 'stock_profile_sina'
000783,,,,module 'akshare' has no attribute 'stock_profile_sina'
000785,,,,module 'akshare' has no attribute 'stock_profile_sina'
000786,,,,module 'akshare' has no attribute 'stock_profile_sina'
000788,,,,module 'akshare' has no attribute 'stock_profile_sina'
000789,,,,module 'akshare' has no attribute 'stock_profile_sina'
000790,,,,module 'akshare' has no attribute 'stock_profile_sina'
000791,,,,module 'akshare' has no attribute 'stock_profile_sina'
000792,,,,module 'akshare' has no attribute 'stock_profile_sina'
000793,,,,module 'akshare' has no attribute 'stock_profile_sina'
000795,,,,module 'akshare' has no attribute 'stock_profile_sina'
000796,,,,module 'akshare' has no attribute 'stock_profile_sina'
000797,,,,module 'akshare' has no attribute 'stock_profile_sina'
000798,,,,module 'akshare' has no attribute 'stock_profile_sina'
000799,,,,module 'akshare' has no attribute 'stock_profile_sina'
000800,,,,module 'akshare' has no attribute 'stock_profile_sina'
000801,,,,module 'akshare' has no attribute 'stock_profile_sina'
000802,,,,module 'akshare' has no attribute 'stock_profile_sina'
000803,,,,module 'akshare' has no attribute 'stock_profile_sina'
000807,,,,module 'akshare' has no attribute 'stock_profile_sina'
000809,,,,module 'akshare' has no attribute 'stock_profile_sina'
000810,,,,module 'akshare' has no attribute 'stock_profile_sina'
000811,,,,module 'akshare' has no attribute 'stock_profile_sina'
000812,,,,module 'akshare' has no attribute 'stock_profile_sina'
000813,,,,module 'akshare' has no attribute 'stock_profile_sina'
000815,,,,module 'akshare' has no attribute 'stock_profile_sina'
000816,,,,module 'akshare' has no attribute 'stock_profile_sina'
000818,,,,module 'akshare' has no attribute 'stock_profile_sina'
000819,,,,module 'akshare' has no attribute 'stock_profile_sina'
000820,,,,module 'akshare' has no attribute 'stock_profile_sina'
000821,,,,module 'akshare' has no attribute 'stock_profile_sina'
000822,,,,module 'akshare' has no attribute 'stock_profile_sina'
000823,,,,module 'akshare' has no attribute 'stock_profile_sina'
000825,,,,module 'akshare' has no attribute 'stock_profile_sina'
000826,,,,module 'akshare' has no attribute 'stock_profile_sina'
000828,,,,module 'akshare' has no attribute 'stock_profile_sina'
000829,,,,module 'akshare' has no attribute 'stock_profile_sina'
000830,,,,module 'akshare' has no attribute 'stock_profile_sina'
000831,,,,module 'akshare' has no attribute 'stock_profile_sina'
000833,,,,module 'akshare' has no attribute 'stock_profile_sina'
000837,,,,module 'akshare' has no attribute 'stock_profile_sina'
000838,,,,module 'akshare' has no attribute 'stock_profile_sina'
000839,,,,module 'akshare' has no attribute 'stock_profile_sina'
000848,,,,module 'akshare' has no attribute 'stock_profile_sina'
000850,,,,module 'akshare' has no attribute 'stock_profile_sina'
000852,,,,module 'akshare' has no attribute 'stock_profile_sina'
000856,,,,module 'akshare' has no attribute 'stock_profile_sina'
000858,,,,module 'akshare' has no attribute 'stock_profile_sina'
000859,,,,module 'akshare' has no attribute 'stock_profile_sina'
000860,,,,module 'akshare' has no attribute 'stock_profile_sina'
000862,,,,module 'akshare' has no attribute 'stock_profile_sina'
000863,,,,module 'akshare' has no attribute 'stock_profile_sina'
000868,,,,module 'akshare' has no attribute 'stock_profile_sina'
000869,,,,module 'akshare' has no attribute 'stock_profile_sina'
000875,,,,module 'akshare' has no attribute 'stock_profile_sina'
000876,,,,module 'akshare' has no attribute 'stock_profile_sina'
000877,,,,module 'akshare' has no attribute 'stock_profile_sina'
000878,,,,module 'akshare' has no attribute 'stock_profile_sina'
000880,,,,module 'akshare' has no attribute 'stock_profile_sina'
000881,,,,module 'akshare' has no attribute 'stock_profile_sina'
000882,,,,module 'akshare' has no attribute 'stock_profile_sina'
000883,,,,module 'akshare' has no attribute 'stock_profile_sina'
000885,,,,module 'akshare' has no attribute 'stock_profile_sina'
000886,,,,module 'akshare' has no attribute 'stock_profile_sina'
000887,,,,module 'akshare' has no attribute 'stock_profile_sina'
000888,,,,module 'akshare' has no attribute 'stock_profile_sina'
000889,,,,module 'akshare' has no attribute 'stock_profile_sina'
000890,,,,module 'akshare' has no attribute 'stock_profile_sina'
000892,,,,module 'akshare' has no attribute 'stock_profile_sina'
000893,,,,module 'akshare' has no attribute 'stock_profile_sina'
000895,,,,module 'akshare' has no attribute 'stock_profile_sina'
000897,,,,module 'akshare' has no attribute 'stock_profile_sina'
000898,,,,module 'akshare' has no attribute 'stock_profile_sina'
000899,,,,module 'akshare' has no attribute 'stock_profile_sina'
000900,,,,module 'akshare' has no attribute 'stock_profile_sina'
000901,,,,module 'akshare' has no attribute 'stock_profile_sina'
000902,,,,module 'akshare' has no attribute 'stock_profile_sina'
000903,,,,module 'akshare' has no attribute 'stock_profile_sina'
000905,,,,module 'akshare' has no attribute 'stock_profile_sina'
000906,,,,module 'akshare' has no attribute 'stock_profile_sina'
000908,,,,module 'akshare' has no attribute 'stock_profile_sina'
000909,,,,module 'akshare' has no attribute 'stock_profile_sina'
000910,,,,module 'akshare' has no attribute 'stock_profile_sina'
000911,,,,module 'akshare' has no attribute 'stock_profile_sina'
000912,,,,module 'akshare' has no attribute 'stock_profile_sina'
000913,,,,module 'akshare' has no attribute 'stock_profile_sina'
000915,,,,module 'akshare' has no attribute 'stock_profile_sina'
000917,,,,module 'akshare' has no attribute 'stock_profile_sina'
000919,,,,module 'akshare' has no attribute 'stock_profile_sina'
000920,,,,module 'akshare' has no attribute 'stock_profile_sina'
000921,,,,module 'akshare' has no attribute 'stock_profile_sina'
000922,,,,module 'akshare' has no attribute 'stock_profile_sina'
000923,,,,module 'akshare' has no attribute 'stock_profile_sina'
000925,,,,module 'akshare' has no attribute 'stock_profile_sina'
000926,,,,module 'akshare' has no attribute 'stock_profile_sina'
000927,,,,module 'akshare' has no attribute 'stock_profile_sina'
000928,,,,module 'akshare' has no attribute 'stock_profile_sina'
000929,,,,module 'akshare' has no attribute 'stock_profile_sina'
000930,,,,module 'akshare' has no attribute 'stock_profile_sina'
000931,,,,module 'akshare' has no attribute 'stock_profile_sina'
000932,,,,module 'akshare' has no attribute 'stock_profile_sina'
000933,,,,module 'akshare' has no attribute 'stock_profile_sina'
000935,,,,module 'akshare' has no attribute 'stock_profile_sina'
000936,,,,module 'akshare' has no attribute 'stock_profile_sina'
000937,,,,module 'akshare' has no attribute 'stock_profile_sina'
000938,,,,module 'akshare' has no attribute 'stock_profile_sina'
000948,,,,module 'akshare' has no attribute 'stock_profile_sina'
000949,,,,module 'akshare' has no attribute 'stock_profile_sina'
000950,,,,module 'akshare' has no attribute 'stock_profile_sina'
000951,,,,module 'akshare' has no attribute 'stock_profile_sina'
000952,,,,module 'akshare' has no attribute 'stock_profile_sina'
000953,,,,module 'akshare' has no attribute 'stock_profile_sina'
000955,,,,module 'akshare' has no attribute 'stock_profile_sina'
000957,,,,module 'akshare' has no attribute 'stock_profile_sina'
000958,,,,module 'akshare' has no attribute 'stock_profile_sina'
000959,,,,module 'akshare' has no attribute 'stock_profile_sina'
000960,,,,module 'akshare' has no attribute 'stock_profile_sina'
000962,,,,module 'akshare' has no attribute 'stock_profile_sina'
000963,,,,module 'akshare' has no attribute 'stock_profile_sina'
000965,,,,module 'akshare' has no attribute 'stock_profile_sina'
000966,,,,module 'akshare' has no attribute 'stock_profile_sina'
000967,,,,module 'akshare' has no attribute 'stock_profile_sina'
000968,,,,module 'akshare' has no attribute 'stock_profile_sina'
000969,,,,module 'akshare' has no attribute 'stock_profile_sina'
000970,,,,module 'akshare' has no attribute 'stock_profile_sina'
000972,,,,module 'akshare' has no attribute 'stock_profile_sina'
000973,,,,module 'akshare' has no attribute 'stock_profile_sina'
000975,,,,module 'akshare' has no attribute 'stock_profile_sina'
000977,,,,module 'akshare' has no attribute 'stock_profile_sina'
000978,,,,module 'akshare' has no attribute 'stock_profile_sina'
000980,,,,module 'akshare' has no attribute 'stock_profile_sina'
000981,,,,module 'akshare' has no attribute 'stock_profile_sina'
000983,,,,module 'akshare' has no attribute 'stock_profile_sina'
000985,,,,module 'akshare' has no attribute 'stock_profile_sina'
000987,,,,module 'akshare' has no attribute 'stock_profile_sina'
000988,,,,module 'akshare' has no attribute 'stock_profile_sina'
000989,,,,module 'akshare' has no attribute 'stock_profile_sina'
000990,,,,module 'akshare' has no attribute 'stock_profile_sina'
000993,,,,module 'akshare' has no attribute 'stock_profile_sina'
000995,,,,module 'akshare' has no attribute 'stock_profile_sina'
000997,,,,module 'akshare' has no attribute 'stock_profile_sina'
000998,,,,module 'akshare' has no attribute 'stock_profile_sina'
000999,,,,module 'akshare' has no attribute 'stock_profile_sina'
001201,,,,module 'akshare' has no attribute 'stock_profile_sina'
001202,,,,module 'akshare' has no attribute 'stock_profile_sina'
001203,,,,module 'akshare' has no attribute 'stock_profile_sina'
001205,,,,module 'akshare' has no attribute 'stock_profile_sina'
001206,,,,module 'akshare' has no attribute 'stock_profile_sina'
001207,,,,module 'akshare' has no attribute 'stock_profile_sina'
001208,,,,module 'akshare' has no attribute 'stock_profile_sina'
001209,,,,module 'akshare' has no attribute 'stock_profile_sina'
001210,,,,module 'akshare' has no attribute 'stock_profile_sina'
001211,,,,module 'akshare' has no attribute 'stock_profile_sina'
001212,,,,module 'akshare' has no attribute 'stock_profile_sina'
001213,,,,module 'akshare' has no attribute 'stock_profile_sina'
001215,,,,module 'akshare' has no attribute 'stock_profile_sina'
001216,,,,module 'akshare' has no attribute 'stock_profile_sina'
001217,,,,module 'akshare' has no attribute 'stock_profile_sina'
001218,,,,module 'akshare' has no attribute 'stock_profile_sina'
001219,,,,module 'akshare' has no attribute 'stock_profile_sina'
001220,,,,module 'akshare' has no attribute 'stock_profile_sina'
001221,,,,module 'akshare' has no attribute 'stock_profile_sina'
001222,,,,module 'akshare' has no attribute 'stock_profile_sina'
001223,,,,module 'akshare' has no attribute 'stock_profile_sina'
001225,,,,module 'akshare' has no attribute 'stock_profile_sina'
001226,,,,module 'akshare' has no attribute 'stock_profile_sina'
001227,,,,module 'akshare' has no attribute 'stock_profile_sina'
001228,,,,module 'akshare' has no attribute 'stock_profile_sina'
001229,,,,module 'akshare' has no attribute 'stock_profile_sina'
001230,,,,module 'akshare' has no attribute 'stock_profile_sina'
001231,,,,module 'akshare' has no attribute 'stock_profile_sina'
001233,,,,module 'akshare' has no attribute 'stock_profile_sina'
001234,,,,module 'akshare' has no attribute 'stock_profile_sina'
001236,,,,module 'akshare' has no attribute 'stock_profile_sina'
001238,,,,module 'akshare' has no attribute 'stock_profile_sina'
001239,,,,module 'akshare' has no attribute 'stock_profile_sina'
001255,,,,module 'akshare' has no attribute 'stock_profile_sina'
001256,,,,module 'akshare' has no attribute 'stock_profile_sina'
001257,,,,module 'akshare' has no attribute 'stock_profile_sina'
001258,,,,module 'akshare' has no attribute 'stock_profile_sina'
001259,,,,module 'akshare' has no attribute 'stock_profile_sina'
001260,,,,module 'akshare' has no attribute 'stock_profile_sina'
001266,,,,module 'akshare' has no attribute 'stock_profile_sina'
001267,,,,module 'akshare' has no attribute 'stock_profile_sina'
001268,,,,module 'akshare' has no attribute 'stock_profile_sina'
001269,,,,module 'akshare' has no attribute 'stock_profile_sina'
001270,,,,module 'akshare' has no attribute 'stock_profile_sina'
001277,,,,module 'akshare' has no attribute 'stock_profile_sina'
001278,,,,module 'akshare' has no attribute 'stock_profile_sina'
001279,,,,module 'akshare' has no attribute 'stock_profile_sina'
001280,,,,module 'akshare' has no attribute 'stock_profile_sina'
001282,,,,module 'akshare' has no attribute 'stock_profile_sina'
001283,,,,module 'akshare' has no attribute 'stock_profile_sina'
001285,,,,module 'akshare' has no attribute 'stock_profile_sina'
001286,,,,module 'akshare' has no attribute 'stock_profile_sina'
001287,,,,module 'akshare' has no attribute 'stock_profile_sina'
001288,,,,module 'akshare' has no attribute 'stock_profile_sina'
001289,,,,module 'akshare' has no attribute 'stock_profile_sina'
001296,,,,module 'akshare' has no attribute 'stock_profile_sina'
001298,,,,module 'akshare' has no attribute 'stock_profile_sina'
001299,,,,module 'akshare' has no attribute 'stock_profile_sina'
001300,,,,module 'akshare' has no attribute 'stock_profile_sina'
001301,,,,module 'akshare' has no attribute 'stock_profile_sina'
001306,,,,module 'akshare' has no attribute 'stock_profile_sina'
001308,,,,module 'akshare' has no attribute 'stock_profile_sina'
001309,,,,module 'akshare' has no attribute 'stock_profile_sina'
001311,,,,module 'akshare' has no attribute 'stock_profile_sina'
001313,,,,module 'akshare' has no attribute 'stock_profile_sina'
001314,,,,module 'akshare' has no attribute 'stock_profile_sina'
001316,,,,module 'akshare' has no attribute 'stock_profile_sina'
001317,,,,module 'akshare' has no attribute 'stock_profile_sina'
001318,,,,module 'akshare' has no attribute 'stock_profile_sina'
001319,,,,module 'akshare' has no attribute 'stock_profile_sina'
001322,,,,module 'akshare' has no attribute 'stock_profile_sina'
001323,,,,module 'akshare' has no attribute 'stock_profile_sina'
001324,,,,module 'akshare' has no attribute 'stock_profile_sina'
001325,,,,module 'akshare' has no attribute 'stock_profile_sina'
001326,,,,module 'akshare' has no attribute 'stock_profile_sina'
001328,,,,module 'akshare' has no attribute 'stock_profile_sina'
001330,,,,module 'akshare' has no attribute 'stock_profile_sina'
001331,,,,module 'akshare' has no attribute 'stock_profile_sina'
001332,,,,module 'akshare' has no attribute 'stock_profile_sina'
001333,,,,module 'akshare' has no attribute 'stock_profile_sina'
001335,,,,module 'akshare' has no attribute 'stock_profile_sina'
001336,,,,module 'akshare' has no attribute 'stock_profile_sina'
001337,,,,module 'akshare' has no attribute 'stock_profile_sina'
001338,,,,module 'akshare' has no attribute 'stock_profile_sina'
001339,,,,module 'akshare' has no attribute 'stock_profile_sina'
001356,,,,module 'akshare' has no attribute 'stock_profile_sina'
001358,,,,module 'akshare' has no attribute 'stock_profile_sina'
001359,,,,module 'akshare' has no attribute 'stock_profile_sina'
001360,,,,module 'akshare' has no attribute 'stock_profile_sina'
001366,,,,module 'akshare' has no attribute 'stock_profile_sina'
001367,,,,module 'akshare' has no attribute 'stock_profile_sina'
001368,,,,module 'akshare' has no attribute 'stock_profile_sina'
001369,,,,module 'akshare' has no attribute 'stock_profile_sina'
001373,,,,module 'akshare' has no attribute 'stock_profile_sina'
001376,,,,module 'akshare' has no attribute 'stock_profile_sina'
001378,,,,module 'akshare' has no attribute 'stock_profile_sina'
001379,,,,module 'akshare' has no attribute 'stock_profile_sina'
001380,,,,module 'akshare' has no attribute 'stock_profile_sina'
001382,,,,module 'akshare' has no attribute 'stock_profile_sina'
001386,,,,module 'akshare' has no attribute 'stock_profile_sina'
001387,,,,module 'akshare' has no attribute 'stock_profile_sina'
001388,,,,module 'akshare' has no attribute 'stock_profile_sina'
001389,,,,module 'akshare' has no attribute 'stock_profile_sina'
001390,,,,module 'akshare' has no attribute 'stock_profile_sina'
001391,,,,module 'akshare' has no attribute 'stock_profile_sina'
001395,,,,module 'akshare' has no attribute 'stock_profile_sina'
001396,,,,module 'akshare' has no attribute 'stock_profile_sina'
001400,,,,module 'akshare' has no attribute 'stock_profile_sina'
001696,,,,module 'akshare' has no attribute 'stock_profile_sina'
001872,,,,module 'akshare' has no attribute 'stock_profile_sina'
001896,,,,module 'akshare' has no attribute 'stock_profile_sina'
001914,,,,module 'akshare' has no attribute 'stock_profile_sina'
001965,,,,module 'akshare' has no attribute 'stock_profile_sina'
001979,,,,module 'akshare' has no attribute 'stock_profile_sina'
002001,,,,module 'akshare' has no attribute 'stock_profile_sina'
002003,,,,module 'akshare' has no attribute 'stock_profile_sina'
002004,,,,module 'akshare' has no attribute 'stock_profile_sina'
002005,,,,module 'akshare' has no attribute 'stock_profile_sina'
002006,,,,module 'akshare' has no attribute 'stock_profile_sina'
002007,,,,module 'akshare' has no attribute 'stock_profile_sina'
002008,,,,module 'akshare' has no attribute 'stock_profile_sina'
002009,,,,module 'akshare' has no attribute 'stock_profile_sina'
002010,,,,module 'akshare' has no attribute 'stock_profile_sina'
002011,,,,module 'akshare' has no attribute 'stock_profile_sina'
002012,,,,module 'akshare' has no attribute 'stock_profile_sina'
002014,,,,module 'akshare' has no attribute 'stock_profile_sina'
002015,,,,module 'akshare' has no attribute 'stock_profile_sina'
002016,,,,module 'akshare' has no attribute 'stock_profile_sina'
002017,,,,module 'akshare' has no attribute 'stock_profile_sina'
002019,,,,module 'akshare' has no attribute 'stock_profile_sina'
002020,,,,module 'akshare' has no attribute 'stock_profile_sina'
002021,,,,module 'akshare' has no attribute 'stock_profile_sina'
002022,,,,module 'akshare' has no attribute 'stock_profile_sina'
002023,,,,module 'akshare' has no attribute 'stock_profile_sina'
002024,,,,module 'akshare' has no attribute 'stock_profile_sina'
002025,,,,module 'akshare' has no attribute 'stock_profile_sina'
002026,,,,module 'akshare' has no attribute 'stock_profile_sina'
002027,,,,module 'akshare' has no attribute 'stock_profile_sina'
002028,,,,module 'akshare' has no attribute 'stock_profile_sina'
002029,,,,module 'akshare' has no attribute 'stock_profile_sina'
002030,,,,module 'akshare' has no attribute 'stock_profile_sina'
002031,,,,module 'akshare' has no attribute 'stock_profile_sina'
002032,,,,module 'akshare' has no attribute 'stock_profile_sina'
002033,,,,module 'akshare' has no attribute 'stock_profile_sina'
002034,,,,module 'akshare' has no attribute 'stock_profile_sina'
002035,,,,module 'akshare' has no attribute 'stock_profile_sina'
002036,,,,module 'akshare' has no attribute 'stock_profile_sina'
002037,,,,module 'akshare' has no attribute 'stock_profile_sina'
002038,,,,module 'akshare' has no attribute 'stock_profile_sina'
002039,,,,module 'akshare' has no attribute 'stock_profile_sina'
002040,,,,module 'akshare' has no attribute 'stock_profile_sina'
002041,,,,module 'akshare' has no attribute 'stock_profile_sina'
002042,,,,module 'akshare' has no attribute 'stock_profile_sina'
002043,,,,module 'akshare' has no attribute 'stock_profile_sina'
002044,,,,module 'akshare' has no attribute 'stock_profile_sina'
002045,,,,module 'akshare' has no attribute 'stock_profile_sina'
002046,,,,module 'akshare' has no attribute 'stock_profile_sina'
002047,,,,module 'akshare' has no attribute 'stock_profile_sina'
002048,,,,module 'akshare' has no attribute 'stock_profile_sina'
002049,,,,module 'akshare' has no attribute 'stock_profile_sina'
002050,,,,module 'akshare' has no attribute 'stock_profile_sina'
002051,,,,module 'akshare' has no attribute 'stock_profile_sina'
002052,,,,module 'akshare' has no attribute 'stock_profile_sina'
002053,,,,module 'akshare' has no attribute 'stock_profile_sina'
002054,,,,module 'akshare' has no attribute 'stock_profile_sina'
002055,,,,module 'akshare' has no attribute 'stock_profile_sina'
002056,,,,module 'akshare' has no attribute 'stock_profile_sina'
002057,,,,module 'akshare' has no attribute 'stock_profile_sina'
002058,,,,module 'akshare' has no attribute 'stock_profile_sina'
002059,,,,module 'akshare' has no attribute 'stock_profile_sina'
002060,,,,module 'akshare' has no attribute 'stock_profile_sina'
002061,,,,module 'akshare' has no attribute 'stock_profile_sina'
002062,,,,module 'akshare' has no attribute 'stock_profile_sina'
002063,,,,module 'akshare' has no attribute 'stock_profile_sina'
002064,,,,module 'akshare' has no attribute 'stock_profile_sina'
002065,,,,module 'akshare' has no attribute 'stock_profile_sina'
002066,,,,module 'akshare' has no attribute 'stock_profile_sina'
002067,,,,module 'akshare' has no attribute 'stock_profile_sina'
002068,,,,module 'akshare' has no attribute 'stock_profile_sina'
002069,,,,module 'akshare' has no attribute 'stock_profile_sina'
002072,,,,module 'akshare' has no attribute 'stock_profile_sina'
002073,,,,module 'akshare' has no attribute 'stock_profile_sina'
002074,,,,module 'akshare' has no attribute 'stock_profile_sina'
002075,,,,module 'akshare' has no attribute 'stock_profile_sina'
002076,,,,module 'akshare' has no attribute 'stock_profile_sina'
002077,,,,module 'akshare' has no attribute 'stock_profile_sina'
002078,,,,module 'akshare' has no attribute 'stock_profile_sina'
002079,,,,module 'akshare' has no attribute 'stock_profile_sina'
002080,,,,module 'akshare' has no attribute 'stock_profile_sina'
002081,,,,module 'akshare' has no attribute 'stock_profile_sina'
002082,,,,module 'akshare' has no attribute 'stock_profile_sina'
002083,,,,module 'akshare' has no attribute 'stock_profile_sina'
002084,,,,module 'akshare' has no attribute 'stock_profile_sina'
002085,,,,module 'akshare' has no attribute 'stock_profile_sina'
002086,,,,module 'akshare' has no attribute 'stock_profile_sina'
002088,,,,module 'akshare' has no attribute 'stock_profile_sina'
002090,,,,module 'akshare' has no attribute 'stock_profile_sina'
002091,,,,module 'akshare' has no attribute 'stock_profile_sina'
002092,,,,module 'akshare' has no attribute 'stock_profile_sina'
002093,,,,module 'akshare' has no attribute 'stock_profile_sina'
002094,,,,module 'akshare' has no attribute 'stock_profile_sina'
002095,,,,module 'akshare' has no attribute 'stock_profile_sina'
002096,,,,module 'akshare' has no attribute 'stock_profile_sina'
002097,,,,module 'akshare' has no attribute 'stock_profile_sina'
002098,,,,module 'akshare' has no attribute 'stock_profile_sina'
002099,,,,module 'akshare' has no attribute 'stock_profile_sina'
002100,,,,module 'akshare' has no attribute 'stock_profile_sina'
002101,,,,module 'akshare' has no attribute 'stock_profile_sina'
002102,,,,module 'akshare' has no attribute 'stock_profile_sina'
002103,,,,module 'akshare' has no attribute 'stock_profile_sina'
002104,,,,module 'akshare' has no attribute 'stock_profile_sina'
002105,,,,module 'akshare' has no attribute 'stock_profile_sina'
002106,,,,module 'akshare' has no attribute 'stock_profile_sina'
002107,,,,module 'akshare' has no attribute 'stock_profile_sina'
002108,,,,module 'akshare' has no attribute 'stock_profile_sina'
002109,,,,module 'akshare' has no attribute 'stock_profile_sina'
002110,,,,module 'akshare' has no attribute 'stock_profile_sina'
002111,,,,module 'akshare' has no attribute 'stock_profile_sina'
002112,,,,module 'akshare' has no attribute 'stock_profile_sina'
002114,,,,module 'akshare' has no attribute 'stock_profile_sina'
002115,,,,module 'akshare' has no attribute 'stock_profile_sina'
002116,,,,module 'akshare' has no attribute 'stock_profile_sina'
002117,,,,module 'akshare' has no attribute 'stock_profile_sina'
002119,,,,module 'akshare' has no attribute 'stock_profile_sina'
002120,,,,module 'akshare' has no attribute 'stock_profile_sina'
002121,,,,module 'akshare' has no attribute 'stock_profile_sina'
002122,,,,module 'akshare' has no attribute 'stock_profile_sina'
002123,,,,module 'akshare' has no attribute 'stock_profile_sina'
002124,,,,module 'akshare' has no attribute 'stock_profile_sina'
002125,,,,module 'akshare' has no attribute 'stock_profile_sina'
002126,,,,module 'akshare' has no attribute 'stock_profile_sina'
002127,,,,module 'akshare' has no attribute 'stock_profile_sina'
002128,,,,module 'akshare' has no attribute 'stock_profile_sina'
002129,,,,module 'akshare' has no attribute 'stock_profile_sina'
002130,,,,module 'akshare' has no attribute 'stock_profile_sina'
002131,,,,module 'akshare' has no attribute 'stock_profile_sina'
002132,,,,module 'akshare' has no attribute 'stock_profile_sina'
002133,,,,module 'akshare' has no attribute 'stock_profile_sina'
002134,,,,module 'akshare' has no attribute 'stock_profile_sina'
002135,,,,module 'akshare' has no attribute 'stock_profile_sina'
002136,,,,module 'akshare' has no attribute 'stock_profile_sina'
002137,,,,module 'akshare' has no attribute 'stock_profile_sina'
002138,,,,module 'akshare' has no attribute 'stock_profile_sina'
002139,,,,module 'akshare' has no attribute 'stock_profile_sina'
002140,,,,module 'akshare' has no attribute 'stock_profile_sina'
002141,,,,module 'akshare' has no attribute 'stock_profile_sina'
002142,,,,module 'akshare' has no attribute 'stock_profile_sina'
002144,,,,module 'akshare' has no attribute 'stock_profile_sina'
002145,,,,module 'akshare' has no attribute 'stock_profile_sina'
002146,,,,module 'akshare' has no attribute 'stock_profile_sina'
002148,,,,module 'akshare' has no attribute 'stock_profile_sina'
002149,,,,module 'akshare' has no attribute 'stock_profile_sina'
002150,,,,module 'akshare' has no attribute 'stock_profile_sina'
002151,,,,module 'akshare' has no attribute 'stock_profile_sina'
002152,,,,module 'akshare' has no attribute 'stock_profile_sina'
002153,,,,module 'akshare' has no attribute 'stock_profile_sina'
002154,,,,module 'akshare' has no attribute 'stock_profile_sina'
002155,,,,module 'akshare' has no attribute 'stock_profile_sina'
002156,,,,module 'akshare' has no attribute 'stock_profile_sina'
002157,,,,module 'akshare' has no attribute 'stock_profile_sina'
002158,,,,module 'akshare' has no attribute 'stock_profile_sina'
002159,,,,module 'akshare' has no attribute 'stock_profile_sina'
002160,,,,module 'akshare' has no attribute 'stock_profile_sina'
002161,,,,module 'akshare' has no attribute 'stock_profile_sina'
002162,,,,module 'akshare' has no attribute 'stock_profile_sina'
002163,,,,module 'akshare' has no attribute 'stock_profile_sina'
002164,,,,module 'akshare' has no attribute 'stock_profile_sina'
002165,,,,module 'akshare' has no attribute 'stock_profile_sina'
002166,,,,module 'akshare' has no attribute 'stock_profile_sina'
002167,,,,module 'akshare' has no attribute 'stock_profile_sina'
002168,,,,module 'akshare' has no attribute 'stock_profile_sina'
002169,,,,module 'akshare' has no attribute 'stock_profile_sina'
002170,,,,module 'akshare' has no attribute 'stock_profile_sina'
002171,,,,module 'akshare' has no attribute 'stock_profile_sina'
002172,,,,module 'akshare' has no attribute 'stock_profile_sina'
002173,,,,module 'akshare' has no attribute 'stock_profile_sina'
002174,,,,module 'akshare' has no attribute 'stock_profile_sina'
002175,,,,module 'akshare' has no attribute 'stock_profile_sina'
002176,,,,module 'akshare' has no attribute 'stock_profile_sina'
002177,,,,module 'akshare' has no attribute 'stock_profile_sina'
002178,,,,module 'akshare' has no attribute 'stock_profile_sina'
002179,,,,module 'akshare' has no attribute 'stock_profile_sina'
002180,,,,module 'akshare' has no attribute 'stock_profile_sina'
002181,,,,module 'akshare' has no attribute 'stock_profile_sina'
002182,,,,module 'akshare' has no attribute 'stock_profile_sina'
002183,,,,module 'akshare' has no attribute 'stock_profile_sina'
002184,,,,module 'akshare' has no attribute 'stock_profile_sina'
002185,,,,module 'akshare' has no attribute 'stock_profile_sina'
002186,,,,module 'akshare' has no attribute 'stock_profile_sina'
002187,,,,module 'akshare' has no attribute 'stock_profile_sina'
002188,,,,module 'akshare' has no attribute 'stock_profile_sina'
002189,,,,module 'akshare' has no attribute 'stock_profile_sina'
002190,,,,module 'akshare' has no attribute 'stock_profile_sina'
002191,,,,module 'akshare' has no attribute 'stock_profile_sina'
002192,,,,module 'akshare' has no attribute 'stock_profile_sina'
002193,,,,module 'akshare' has no attribute 'stock_profile_sina'
002194,,,,module 'akshare' has no attribute 'stock_profile_sina'
002195,,,,module 'akshare' has no attribute 'stock_profile_sina'
002196,,,,module 'akshare' has no attribute 'stock_profile_sina'
002197,,,,module 'akshare' has no attribute 'stock_profile_sina'
002198,,,,module 'akshare' has no attribute 'stock_profile_sina'
002199,,,,module 'akshare' has no attribute 'stock_profile_sina'
002200,,,,module 'akshare' has no attribute 'stock_profile_sina'
002201,,,,module 'akshare' has no attribute 'stock_profile_sina'
002202,,,,module 'akshare' has no attribute 'stock_profile_sina'
002203,,,,module 'akshare' has no attribute 'stock_profile_sina'
002204,,,,module 'akshare' has no attribute 'stock_profile_sina'
002205,,,,module 'akshare' has no attribute 'stock_profile_sina'
002206,,,,module 'akshare' has no attribute 'stock_profile_sina'
002207,,,,module 'akshare' has no attribute 'stock_profile_sina'
002208,,,,module 'akshare' has no attribute 'stock_profile_sina'
002209,,,,module 'akshare' has no attribute 'stock_profile_sina'
002210,,,,module 'akshare' has no attribute 'stock_profile_sina'
002211,,,,module 'akshare' has no attribute 'stock_profile_sina'
002212,,,,module 'akshare' has no attribute 'stock_profile_sina'
002213,,,,module 'akshare' has no attribute 'stock_profile_sina'
002214,,,,module 'akshare' has no attribute 'stock_profile_sina'
002215,,,,module 'akshare' has no attribute 'stock_profile_sina'
002216,,,,module 'akshare' has no attribute 'stock_profile_sina'
002217,,,,module 'akshare' has no attribute 'stock_profile_sina'
002218,,,,module 'akshare' has no attribute 'stock_profile_sina'
002219,,,,module 'akshare' has no attribute 'stock_profile_sina'
002221,,,,module 'akshare' has no attribute 'stock_profile_sina'
002222,,,,module 'akshare' has no attribute 'stock_profile_sina'
002223,,,,module 'akshare' has no attribute 'stock_profile_sina'
002224,,,,module 'akshare' has no attribute 'stock_profile_sina'
002225,,,,module 'akshare' has no attribute 'stock_profile_sina'
002226,,,,module 'akshare' has no attribute 'stock_profile_sina'
002227,,,,module 'akshare' has no attribute 'stock_profile_sina'
002228,,,,module 'akshare' has no attribute 'stock_profile_sina'
002229,,,,module 'akshare' has no attribute 'stock_profile_sina'
002230,,,,module 'akshare' has no attribute 'stock_profile_sina'
002232,,,,module 'akshare' has no attribute 'stock_profile_sina'
002233,,,,module 'akshare' has no attribute 'stock_profile_sina'
002234,,,,module 'akshare' has no attribute 'stock_profile_sina'
002235,,,,module 'akshare' has no attribute 'stock_profile_sina'
002236,,,,module 'akshare' has no attribute 'stock_profile_sina'
002237,,,,module 'akshare' has no attribute 'stock_profile_sina'
002238,,,,module 'akshare' has no attribute 'stock_profile_sina'
002239,,,,module 'akshare' has no attribute 'stock_profile_sina'
002240,,,,module 'akshare' has no attribute 'stock_profile_sina'
002241,,,,module 'akshare' has no attribute 'stock_profile_sina'
002242,,,,module 'akshare' has no attribute 'stock_profile_sina'
002243,,,,module 'akshare' has no attribute 'stock_profile_sina'
002244,,,,module 'akshare' has no attribute 'stock_profile_sina'
002245,,,,module 'akshare' has no attribute 'stock_profile_sina'
002246,,,,module 'akshare' has no attribute 'stock_profile_sina'
002247,,,,module 'akshare' has no attribute 'stock_profile_sina'
002248,,,,module 'akshare' has no attribute 'stock_profile_sina'
002249,,,,module 'akshare' has no attribute 'stock_profile_sina'
002250,,,,module 'akshare' has no attribute 'stock_profile_sina'
002251,,,,module 'akshare' has no attribute 'stock_profile_sina'
002252,,,,module 'akshare' has no attribute 'stock_profile_sina'
002253,,,,module 'akshare' has no attribute 'stock_profile_sina'
002254,,,,module 'akshare' has no attribute 'stock_profile_sina'
002255,,,,module 'akshare' has no attribute 'stock_profile_sina'
002256,,,,module 'akshare' has no attribute 'stock_profile_sina'
002258,,,,module 'akshare' has no attribute 'stock_profile_sina'
002259,,,,module 'akshare' has no attribute 'stock_profile_sina'
002261,,,,module 'akshare' has no attribute 'stock_profile_sina'
002262,,,,module 'akshare' has no attribute 'stock_profile_sina'
002263,,,,module 'akshare' has no attribute 'stock_profile_sina'
002264,,,,module 'akshare' has no attribute 'stock_profile_sina'
002265,,,,module 'akshare' has no attribute 'stock_profile_sina'
002266,,,,module 'akshare' has no attribute 'stock_profile_sina'
002267,,,,module 'akshare' has no attribute 'stock_profile_sina'
002268,,,,module 'akshare' has no attribute 'stock_profile_sina'
002269,,,,module 'akshare' has no attribute 'stock_profile_sina'
002270,,,,module 'akshare' has no attribute 'stock_profile_sina'
002271,,,,module 'akshare' has no attribute 'stock_profile_sina'
002272,,,,module 'akshare' has no attribute 'stock_profile_sina'
002273,,,,module 'akshare' has no attribute 'stock_profile_sina'
002274,,,,module 'akshare' has no attribute 'stock_profile_sina'
002275,,,,module 'akshare' has no attribute 'stock_profile_sina'
002276,,,,module 'akshare' has no attribute 'stock_profile_sina'
002277,,,,module 'akshare' has no attribute 'stock_profile_sina'
002278,,,,module 'akshare' has no attribute 'stock_profile_sina'
002279,,,,module 'akshare' has no attribute 'stock_profile_sina'
002281,,,,module 'akshare' has no attribute 'stock_profile_sina'
002282,,,,module 'akshare' has no attribute 'stock_profile_sina'
002283,,,,module 'akshare' has no attribute 'stock_profile_sina'
002284,,,,module 'akshare' has no attribute 'stock_profile_sina'
002285,,,,module 'akshare' has no attribute 'stock_profile_sina'
002286,,,,module 'akshare' has no attribute 'stock_profile_sina'
002287,,,,module 'akshare' has no attribute 'stock_profile_sina'
002289,,,,module 'akshare' has no attribute 'stock_profile_sina'
002290,,,,module 'akshare' has no attribute 'stock_profile_sina'
002291,,,,module 'akshare' has no attribute 'stock_profile_sina'
002292,,,,module 'akshare' has no attribute 'stock_profile_sina'
002293,,,,module 'akshare' has no attribute 'stock_profile_sina'
002294,,,,module 'akshare' has no attribute 'stock_profile_sina'
002295,,,,module 'akshare' has no attribute 'stock_profile_sina'
002296,,,,module 'akshare' has no attribute 'stock_profile_sina'
002297,,,,module 'akshare' has no attribute 'stock_profile_sina'
002298,,,,module 'akshare' has no attribute 'stock_profile_sina'
002299,,,,module 'akshare' has no attribute 'stock_profile_sina'
002300,,,,module 'akshare' has no attribute 'stock_profile_sina'
002301,,,,module 'akshare' has no attribute 'stock_profile_sina'
002302,,,,module 'akshare' has no attribute 'stock_profile_sina'
002303,,,,module 'akshare' has no attribute 'stock_profile_sina'
002304,,,,module 'akshare' has no attribute 'stock_profile_sina'
002305,,,,module 'akshare' has no attribute 'stock_profile_sina'
002306,,,,module 'akshare' has no attribute 'stock_profile_sina'
002307,,,,module 'akshare' has no attribute 'stock_profile_sina'
002309,,,,module 'akshare' has no attribute 'stock_profile_sina'
002310,,,,module 'akshare' has no attribute 'stock_profile_sina'
002311,,,,module 'akshare' has no attribute 'stock_profile_sina'
002312,,,,module 'akshare' has no attribute 'stock_profile_sina'
002313,,,,module 'akshare' has no attribute 'stock_profile_sina'
002314,,,,module 'akshare' has no attribute 'stock_profile_sina'
002315,,,,module 'akshare' has no attribute 'stock_profile_sina'
002316,,,,module 'akshare' has no attribute 'stock_profile_sina'
002317,,,,module 'akshare' has no attribute 'stock_profile_sina'
002318,,,,module 'akshare' has no attribute 'stock_profile_sina'
002319,,,,module 'akshare' has no attribute 'stock_profile_sina'
002320,,,,module 'akshare' has no attribute 'stock_profile_sina'
002321,,,,module 'akshare' has no attribute 'stock_profile_sina'
002322,,,,module 'akshare' has no attribute 'stock_profile_sina'
002323,,,,module 'akshare' has no attribute 'stock_profile_sina'
002324,,,,module 'akshare' has no attribute 'stock_profile_sina'
002326,,,,module 'akshare' has no attribute 'stock_profile_sina'
002327,,,,module 'akshare' has no attribute 'stock_profile_sina'
002328,,,,module 'akshare' has no attribute 'stock_profile_sina'
002329,,,,module 'akshare' has no attribute 'stock_profile_sina'
002330,,,,module 'akshare' has no attribute 'stock_profile_sina'
002331,,,,module 'akshare' has no attribute 'stock_profile_sina'
002332,,,,module 'akshare' has no attribute 'stock_profile_sina'
002333,,,,module 'akshare' has no attribute 'stock_profile_sina'
002334,,,,module 'akshare' has no attribute 'stock_profile_sina'
002335,,,,module 'akshare' has no attribute 'stock_profile_sina'
002337,,,,module 'akshare' has no attribute 'stock_profile_sina'
002338,,,,module 'akshare' has no attribute 'stock_profile_sina'
002339,,,,module 'akshare' has no attribute 'stock_profile_sina'
002340,,,,module 'akshare' has no attribute 'stock_profile_sina'
002342,,,,module 'akshare' has no attribute 'stock_profile_sina'
002343,,,,module 'akshare' has no attribute 'stock_profile_sina'
002344,,,,module 'akshare' has no attribute 'stock_profile_sina'
002345,,,,module 'akshare' has no attribute 'stock_profile_sina'
002346,,,,module 'akshare' has no attribute 'stock_profile_sina'
002347,,,,module 'akshare' has no attribute 'stock_profile_sina'
002348,,,,module 'akshare' has no attribute 'stock_profile_sina'
002349,,,,module 'akshare' has no attribute 'stock_profile_sina'
002350,,,,module 'akshare' has no attribute 'stock_profile_sina'
002351,,,,module 'akshare' has no attribute 'stock_profile_sina'
002352,,,,module 'akshare' has no attribute 'stock_profile_sina'
002353,,,,module 'akshare' has no attribute 'stock_profile_sina'
002354,,,,module 'akshare' has no attribute 'stock_profile_sina'
002355,,,,module 'akshare' has no attribute 'stock_profile_sina'
002356,,,,module 'akshare' has no attribute 'stock_profile_sina'
002357,,,,module 'akshare' has no attribute 'stock_profile_sina'
002358,,,,module 'akshare' has no attribute 'stock_profile_sina'
002360,,,,module 'akshare' has no attribute 'stock_profile_sina'
002361,,,,module 'akshare' has no attribute 'stock_profile_sina'
002362,,,,module 'akshare' has no attribute 'stock_profile_sina'
002363,,,,module 'akshare' has no attribute 'stock_profile_sina'
002364,,,,module 'akshare' has no attribute 'stock_profile_sina'
002365,,,,module 'akshare' has no attribute 'stock_profile_sina'
002366,,,,module 'akshare' has no attribute 'stock_profile_sina'
002367,,,,module 'akshare' has no attribute 'stock_profile_sina'
002368,,,,module 'akshare' has no attribute 'stock_profile_sina'
002369,,,,module 'akshare' has no attribute 'stock_profile_sina'
002370,,,,module 'akshare' has no attribute 'stock_profile_sina'
002371,,,,module 'akshare' has no attribute 'stock_profile_sina'
002372,,,,module 'akshare' has no attribute 'stock_profile_sina'
002373,,,,module 'akshare' has no attribute 'stock_profile_sina'
002374,,,,module 'akshare' has no attribute 'stock_profile_sina'
002375,,,,module 'akshare' has no attribute 'stock_profile_sina'
002376,,,,module 'akshare' has no attribute 'stock_profile_sina'
002377,,,,module 'akshare' has no attribute 'stock_profile_sina'
002378,,,,module 'akshare' has no attribute 'stock_profile_sina'
002379,,,,module 'akshare' has no attribute 'stock_profile_sina'
002380,,,,module 'akshare' has no attribute 'stock_profile_sina'
002381,,,,module 'akshare' has no attribute 'stock_profile_sina'
002382,,,,module 'akshare' has no attribute 'stock_profile_sina'
002383,,,,module 'akshare' has no attribute 'stock_profile_sina'
002384,,,,module 'akshare' has no attribute 'stock_profile_sina'
002385,,,,module 'akshare' has no attribute 'stock_profile_sina'
002386,,,,module 'akshare' has no attribute 'stock_profile_sina'
002387,,,,module 'akshare' has no attribute 'stock_profile_sina'
002388,,,,module 'akshare' has no attribute 'stock_profile_sina'
002389,,,,module 'akshare' has no attribute 'stock_profile_sina'
002390,,,,module 'akshare' has no attribute 'stock_profile_sina'
002391,,,,module 'akshare' has no attribute 'stock_profile_sina'
002392,,,,module 'akshare' has no attribute 'stock_profile_sina'
002393,,,,module 'akshare' has no attribute 'stock_profile_sina'
002394,,,,module 'akshare' has no attribute 'stock_profile_sina'
002395,,,,module 'akshare' has no attribute 'stock_profile_sina'
002396,,,,module 'akshare' has no attribute 'stock_profile_sina'
002397,,,,module 'akshare' has no attribute 'stock_profile_sina'
002398,,,,module 'akshare' has no attribute 'stock_profile_sina'
002399,,,,module 'akshare' has no attribute 'stock_profile_sina'
002400,,,,module 'akshare' has no attribute 'stock_profile_sina'
002401,,,,module 'akshare' has no attribute 'stock_profile_sina'
002402,,,,module 'akshare' has no attribute 'stock_profile_sina'
002403,,,,module 'akshare' has no attribute 'stock_profile_sina'
002404,,,,module 'akshare' has no attribute 'stock_profile_sina'
002405,,,,module 'akshare' has no attribute 'stock_profile_sina'
002406,,,,module 'akshare' has no attribute 'stock_profile_sina'
002407,,,,module 'akshare' has no attribute 'stock_profile_sina'
002408,,,,module 'akshare' has no attribute 'stock_profile_sina'
002409,,,,module 'akshare' has no attribute 'stock_profile_sina'
002410,,,,module 'akshare' has no attribute 'stock_profile_sina'
002412,,,,module 'akshare' has no attribute 'stock_profile_sina'
002413,,,,module 'akshare' has no attribute 'stock_profile_sina'
002414,,,,module 'akshare' has no attribute 'stock_profile_sina'
002415,,,,module 'akshare' has no attribute 'stock_profile_sina'
002416,,,,module 'akshare' has no attribute 'stock_profile_sina'
002418,,,,module 'akshare' has no attribute 'stock_profile_sina'
002419,,,,module 'akshare' has no attribute 'stock_profile_sina'
002420,,,,module 'akshare' has no attribute 'stock_profile_sina'
002421,,,,module 'akshare' has no attribute 'stock_profile_sina'
002422,,,,module 'akshare' has no attribute 'stock_profile_sina'
002423,,,,module 'akshare' has no attribute 'stock_profile_sina'
002424,,,,module 'akshare' has no attribute 'stock_profile_sina'
002425,,,,module 'akshare' has no attribute 'stock_profile_sina'
002426,,,,module 'akshare' has no attribute 'stock_profile_sina'
002427,,,,module 'akshare' has no attribute 'stock_profile_sina'
002428,,,,module 'akshare' has no attribute 'stock_profile_sina'
002429,,,,module 'akshare' has no attribute 'stock_profile_sina'
002430,,,,module 'akshare' has no attribute 'stock_profile_sina'
002431,,,,module 'akshare' has no attribute 'stock_profile_sina'
002432,,,,module 'akshare' has no attribute 'stock_profile_sina'
002434,,,,module 'akshare' has no attribute 'stock_profile_sina'
002436,,,,module 'akshare' has no attribute 'stock_profile_sina'
002437,,,,module 'akshare' has no attribute 'stock_profile_sina'
002438,,,,module 'akshare' has no attribute 'stock_profile_sina'
002439,,,,module 'akshare' has no attribute 'stock_profile_sina'
002440,,,,module 'akshare' has no attribute 'stock_profile_sina'
002441,,,,module 'akshare' has no attribute 'stock_profile_sina'
002442,,,,module 'akshare' has no attribute 'stock_profile_sina'
002443,,,,module 'akshare' has no attribute 'stock_profile_sina'
002444,,,,module 'akshare' has no attribute 'stock_profile_sina'
002445,,,,module 'akshare' has no attribute 'stock_profile_sina'
002446,,,,module 'akshare' has no attribute 'stock_profile_sina'
002448,,,,module 'akshare' has no attribute 'stock_profile_sina'
002449,,,,module 'akshare' has no attribute 'stock_profile_sina'
002451,,,,module 'akshare' has no attribute 'stock_profile_sina'
002452,,,,module 'akshare' has no attribute 'stock_profile_sina'
002453,,,,module 'akshare' has no attribute 'stock_profile_sina'
002454,,,,module 'akshare' has no attribute 'stock_profile_sina'
002455,,,,module 'akshare' has no attribute 'stock_profile_sina'
002456,,,,module 'akshare' has no attribute 'stock_profile_sina'
002457,,,,module 'akshare' has no attribute 'stock_profile_sina'
002458,,,,module 'akshare' has no attribute 'stock_profile_sina'
002459,,,,module 'akshare' has no attribute 'stock_profile_sina'
002460,,,,module 'akshare' has no attribute 'stock_profile_sina'
002461,,,,module 'akshare' has no attribute 'stock_profile_sina'
002462,,,,module 'akshare' has no attribute 'stock_profile_sina'
002463,,,,module 'akshare' has no attribute 'stock_profile_sina'
002465,,,,module 'akshare' has no attribute 'stock_profile_sina'
002466,,,,module 'akshare' has no attribute 'stock_profile_sina'
002467,,,,module 'akshare' has no attribute 'stock_profile_sina'
002468,,,,module 'akshare' has no attribute 'stock_profile_sina'
002469,,,,module 'akshare' has no attribute 'stock_profile_sina'
002470,,,,module 'akshare' has no attribute 'stock_profile_sina'
002471,,,,module 'akshare' has no attribute 'stock_profile_sina'
002472,,,,module 'akshare' has no attribute 'stock_profile_sina'
002474,,,,module 'akshare' has no attribute 'stock_profile_sina'
002475,,,,module 'akshare' has no attribute 'stock_profile_sina'
002476,,,,module 'akshare' has no attribute 'stock_profile_sina'
002478,,,,module 'akshare' has no attribute 'stock_profile_sina'
002479,,,,module 'akshare' has no attribute 'stock_profile_sina'
002480,,,,module 'akshare' has no attribute 'stock_profile_sina'
002481,,,,module 'akshare' has no attribute 'stock_profile_sina'
002482,,,,module 'akshare' has no attribute 'stock_profile_sina'
002483,,,,module 'akshare' has no attribute 'stock_profile_sina'
002484,,,,module 'akshare' has no attribute 'stock_profile_sina'
002485,,,,module 'akshare' has no attribute 'stock_profile_sina'
002486,,,,module 'akshare' has no attribute 'stock_profile_sina'
002487,,,,module 'akshare' has no attribute 'stock_profile_sina'
002488,,,,module 'akshare' has no attribute 'stock_profile_sina'
002489,,,,module 'akshare' has no attribute 'stock_profile_sina'
002490,,,,module 'akshare' has no attribute 'stock_profile_sina'
002491,,,,module 'akshare' has no attribute 'stock_profile_sina'
002492,,,,module 'akshare' has no attribute 'stock_profile_sina'
002493,,,,module 'akshare' has no attribute 'stock_profile_sina'
002494,,,,module 'akshare' has no attribute 'stock_profile_sina'
002495,,,,module 'akshare' has no attribute 'stock_profile_sina'
002496,,,,module 'akshare' has no attribute 'stock_profile_sina'
002497,,,,module 'akshare' has no attribute 'stock_profile_sina'
002498,,,,module 'akshare' has no attribute 'stock_profile_sina'
002500,,,,module 'akshare' has no attribute 'stock_profile_sina'
002501,,,,module 'akshare' has no attribute 'stock_profile_sina'
002506,,,,module 'akshare' has no attribute 'stock_profile_sina'
002507,,,,module 'akshare' has no attribute 'stock_profile_sina'
002508,,,,module 'akshare' has no attribute 'stock_profile_sina'
002510,,,,module 'akshare' has no attribute 'stock_profile_sina'
002511,,,,module 'akshare' has no attribute 'stock_profile_sina'
002512,,,,module 'akshare' has no attribute 'stock_profile_sina'
002513,,,,module 'akshare' has no attribute 'stock_profile_sina'
002514,,,,module 'akshare' has no attribute 'stock_profile_sina'
002515,,,,module 'akshare' has no attribute 'stock_profile_sina'
002516,,,,module 'akshare' has no attribute 'stock_profile_sina'
002517,,,,module 'akshare' has no attribute 'stock_profile_sina'
002518,,,,module 'akshare' has no attribute 'stock_profile_sina'
002519,,,,module 'akshare' has no attribute 'stock_profile_sina'
002520,,,,module 'akshare' has no attribute 'stock_profile_sina'
002521,,,,module 'akshare' has no attribute 'stock_profile_sina'
002522,,,,module 'akshare' has no attribute 'stock_profile_sina'
002523,,,,module 'akshare' has no attribute 'stock_profile_sina'
002524,,,,module 'akshare' has no attribute 'stock_profile_sina'
002526,,,,module 'akshare' has no attribute 'stock_profile_sina'
002527,,,,module 'akshare' has no attribute 'stock_profile_sina'
002528,,,,module 'akshare' has no attribute 'stock_profile_sina'
002529,,,,module 'akshare' has no attribute 'stock_profile_sina'
002530,,,,module 'akshare' has no attribute 'stock_profile_sina'
002531,,,,module 'akshare' has no attribute 'stock_profile_sina'
002532,,,,module 'akshare' has no attribute 'stock_profile_sina'
002533,,,,module 'akshare' has no attribute 'stock_profile_sina'
002534,,,,module 'akshare' has no attribute 'stock_profile_sina'
002535,,,,module 'akshare' has no attribute 'stock_profile_sina'
002536,,,,module 'akshare' has no attribute 'stock_profile_sina'
002537,,,,module 'akshare' has no attribute 'stock_profile_sina'
002538,,,,module 'akshare' has no attribute 'stock_profile_sina'
002539,,,,module 'akshare' has no attribute 'stock_profile_sina'
002540,,,,module 'akshare' has no attribute 'stock_profile_sina'
002541,,,,module 'akshare' has no attribute 'stock_profile_sina'
002542,,,,module 'akshare' has no attribute 'stock_profile_sina'
002543,,,,module 'akshare' has no attribute 'stock_profile_sina'
002544,,,,module 'akshare' has no attribute 'stock_profile_sina'
002545,,,,module 'akshare' has no attribute 'stock_profile_sina'
002546,,,,module 'akshare' has no attribute 'stock_profile_sina'
002547,,,,module 'akshare' has no attribute 'stock_profile_sina'
002548,,,,module 'akshare' has no attribute 'stock_profile_sina'
002549,,,,module 'akshare' has no attribute 'stock_profile_sina'
002550,,,,module 'akshare' has no attribute 'stock_profile_sina'
002551,,,,module 'akshare' has no attribute 'stock_profile_sina'
002552,,,,module 'akshare' has no attribute 'stock_profile_sina'
002553,,,,module 'akshare' has no attribute 'stock_profile_sina'
002554,,,,module 'akshare' has no attribute 'stock_profile_sina'
002555,,,,module 'akshare' has no attribute 'stock_profile_sina'
002556,,,,module 'akshare' has no attribute 'stock_profile_sina'
002557,,,,module 'akshare' has no attribute 'stock_profile_sina'
002558,,,,module 'akshare' has no attribute 'stock_profile_sina'
002559,,,,module 'akshare' has no attribute 'stock_profile_sina'
002560,,,,module 'akshare' has no attribute 'stock_profile_sina'
002561,,,,module 'akshare' has no attribute 'stock_profile_sina'
002562,,,,module 'akshare' has no attribute 'stock_profile_sina'
002563,,,,module 'akshare' has no attribute 'stock_profile_sina'
002564,,,,module 'akshare' has no attribute 'stock_profile_sina'
002565,,,,module 'akshare' has no attribute 'stock_profile_sina'
002566,,,,module 'akshare' has no attribute 'stock_profile_sina'
002567,,,,module 'akshare' has no attribute 'stock_profile_sina'
002568,,,,module 'akshare' has no attribute 'stock_profile_sina'
002569,,,,module 'akshare' has no attribute 'stock_profile_sina'
002570,,,,module 'akshare' has no attribute 'stock_profile_sina'
002571,,,,module 'akshare' has no attribute 'stock_profile_sina'
002572,,,,module 'akshare' has no attribute 'stock_profile_sina'
002573,,,,module 'akshare' has no attribute 'stock_profile_sina'
002574,,,,module 'akshare' has no attribute 'stock_profile_sina'
002575,,,,module 'akshare' has no attribute 'stock_profile_sina'
002576,,,,module 'akshare' has no attribute 'stock_profile_sina'
002577,,,,module 'akshare' has no attribute 'stock_profile_sina'
002578,,,,module 'akshare' has no attribute 'stock_profile_sina'
002579,,,,module 'akshare' has no attribute 'stock_profile_sina'
002580,,,,module 'akshare' has no attribute 'stock_profile_sina'
002581,,,,module 'akshare' has no attribute 'stock_profile_sina'
002582,,,,module 'akshare' has no attribute 'stock_profile_sina'
002583,,,,module 'akshare' has no attribute 'stock_profile_sina'
002584,,,,module 'akshare' has no attribute 'stock_profile_sina'
002585,,,,module 'akshare' has no attribute 'stock_profile_sina'
002586,,,,module 'akshare' has no attribute 'stock_profile_sina'
002587,,,,module 'akshare' has no attribute 'stock_profile_sina'
002588,,,,module 'akshare' has no attribute 'stock_profile_sina'
002589,,,,module 'akshare' has no attribute 'stock_profile_sina'
002590,,,,module 'akshare' has no attribute 'stock_profile_sina'
002591,,,,module 'akshare' has no attribute 'stock_profile_sina'
002592,,,,module 'akshare' has no attribute 'stock_profile_sina'
002593,,,,module 'akshare' has no attribute 'stock_profile_sina'
002594,,,,module 'akshare' has no attribute 'stock_profile_sina'
002595,,,,module 'akshare' has no attribute 'stock_profile_sina'
002596,,,,module 'akshare' has no attribute 'stock_profile_sina'
002597,,,,module 'akshare' has no attribute 'stock_profile_sina'
002598,,,,module 'akshare' has no attribute 'stock_profile_sina'
002599,,,,module 'akshare' has no attribute 'stock_profile_sina'
002600,,,,module 'akshare' has no attribute 'stock_profile_sina'
002601,,,,module 'akshare' has no attribute 'stock_profile_sina'
002602,,,,module 'akshare' has no attribute 'stock_profile_sina'
002603,,,,module 'akshare' has no attribute 'stock_profile_sina'
002605,,,,module 'akshare' has no attribute 'stock_profile_sina'
002606,,,,module 'akshare' has no attribute 'stock_profile_sina'
002607,,,,module 'akshare' has no attribute 'stock_profile_sina'
002608,,,,module 'akshare' has no attribute 'stock_profile_sina'
002609,,,,module 'akshare' has no attribute 'stock_profile_sina'
002611,,,,module 'akshare' has no attribute 'stock_profile_sina'
002612,,,,module 'akshare' has no attribute 'stock_profile_sina'
002613,,,,module 'akshare' has no attribute 'stock_profile_sina'
002614,,,,module 'akshare' has no attribute 'stock_profile_sina'
002615,,,,module 'akshare' has no attribute 'stock_profile_sina'
002616,,,,module 'akshare' has no attribute 'stock_profile_sina'
002617,,,,module 'akshare' has no attribute 'stock_profile_sina'
002620,,,,module 'akshare' has no attribute 'stock_profile_sina'
002622,,,,module 'akshare' has no attribute 'stock_profile_sina'
002623,,,,module 'akshare' has no attribute 'stock_profile_sina'
002624,,,,module 'akshare' has no attribute 'stock_profile_sina'
002625,,,,module 'akshare' has no attribute 'stock_profile_sina'
002626,,,,module 'akshare' has no attribute 'stock_profile_sina'
002627,,,,module 'akshare' has no attribute 'stock_profile_sina'
002628,,,,module 'akshare' has no attribute 'stock_profile_sina'
002629,,,,module 'akshare' has no attribute 'stock_profile_sina'
002630,,,,module 'akshare' has no attribute 'stock_profile_sina'
002631,,,,module 'akshare' has no attribute 'stock_profile_sina'
002632,,,,module 'akshare' has no attribute 'stock_profile_sina'
002633,,,,module 'akshare' has no attribute 'stock_profile_sina'
002634,,,,module 'akshare' has no attribute 'stock_profile_sina'
002635,,,,module 'akshare' has no attribute 'stock_profile_sina'
002636,,,,module 'akshare' has no attribute 'stock_profile_sina'
002637,,,,module 'akshare' has no attribute 'stock_profile_sina'
002638,,,,module 'akshare' has no attribute 'stock_profile_sina'
002639,,,,module 'akshare' has no attribute 'stock_profile_sina'
002640,,,,module 'akshare' has no attribute 'stock_profile_sina'
002641,,,,module 'akshare' has no attribute 'stock_profile_sina'
002642,,,,module 'akshare' has no attribute 'stock_profile_sina'
002643,,,,module 'akshare' has no attribute 'stock_profile_sina'
002644,,,,module 'akshare' has no attribute 'stock_profile_sina'
002645,,,,module 'akshare' has no attribute 'stock_profile_sina'
002646,,,,module 'akshare' has no attribute 'stock_profile_sina'
002647,,,,module 'akshare' has no attribute 'stock_profile_sina'
002648,,,,module 'akshare' has no attribute 'stock_profile_sina'
002649,,,,module 'akshare' has no attribute 'stock_profile_sina'
002650,,,,module 'akshare' has no attribute 'stock_profile_sina'
002651,,,,module 'akshare' has no attribute 'stock_profile_sina'
002652,,,,module 'akshare' has no attribute 'stock_profile_sina'
002653,,,,module 'akshare' has no attribute 'stock_profile_sina'
002654,,,,module 'akshare' has no attribute 'stock_profile_sina'
002655,,,,module 'akshare' has no attribute 'stock_profile_sina'
002656,,,,module 'akshare' has no attribute 'stock_profile_sina'
002657,,,,module 'akshare' has no attribute 'stock_profile_sina'
002658,,,,module 'akshare' has no attribute 'stock_profile_sina'
002659,,,,module 'akshare' has no attribute 'stock_profile_sina'
002660,,,,module 'akshare' has no attribute 'stock_profile_sina'
002661,,,,module 'akshare' has no attribute 'stock_profile_sina'
002662,,,,module 'akshare' has no attribute 'stock_profile_sina'
002663,,,,module 'akshare' has no attribute 'stock_profile_sina'
002664,,,,module 'akshare' has no attribute 'stock_profile_sina'
002666,,,,module 'akshare' has no attribute 'stock_profile_sina'
002667,,,,module 'akshare' has no attribute 'stock_profile_sina'
002668,,,,module 'akshare' has no attribute 'stock_profile_sina'
002669,,,,module 'akshare' has no attribute 'stock_profile_sina'
002670,,,,module 'akshare' has no attribute 'stock_profile_sina'
002671,,,,module 'akshare' has no attribute 'stock_profile_sina'
002672,,,,module 'akshare' has no attribute 'stock_profile_sina'
002673,,,,module 'akshare' has no attribute 'stock_profile_sina'
002674,,,,module 'akshare' has no attribute 'stock_profile_sina'
002675,,,,module 'akshare' has no attribute 'stock_profile_sina'
002676,,,,module 'akshare' has no attribute 'stock_profile_sina'
002677,,,,module 'akshare' has no attribute 'stock_profile_sina'
002678,,,,module 'akshare' has no attribute 'stock_profile_sina'
002679,,,,module 'akshare' has no attribute 'stock_profile_sina'
002681,,,,module 'akshare' has no attribute 'stock_profile_sina'
002682,,,,module 'akshare' has no attribute 'stock_profile_sina'
002683,,,,module 'akshare' has no attribute 'stock_profile_sina'
002685,,,,module 'akshare' has no attribute 'stock_profile_sina'
002686,,,,module 'akshare' has no attribute 'stock_profile_sina'
002687,,,,module 'akshare' has no attribute 'stock_profile_sina'
002688,,,,module 'akshare' has no attribute 'stock_profile_sina'
002689,,,,module 'akshare' has no attribute 'stock_profile_sina'
002690,,,,module 'akshare' has no attribute 'stock_profile_sina'
002691,,,,module 'akshare' has no attribute 'stock_profile_sina'
002692,,,,module 'akshare' has no attribute 'stock_profile_sina'
002693,,,,module 'akshare' has no attribute 'stock_profile_sina'
002694,,,,module 'akshare' has no attribute 'stock_profile_sina'
002695,,,,module 'akshare' has no attribute 'stock_profile_sina'
002696,,,,module 'akshare' has no attribute 'stock_profile_sina'
002697,,,,module 'akshare' has no attribute 'stock_profile_sina'
002698,,,,module 'akshare' has no attribute 'stock_profile_sina'
002700,,,,module 'akshare' has no attribute 'stock_profile_sina'
002701,,,,module 'akshare' has no attribute 'stock_profile_sina'
002702,,,,module 'akshare' has no attribute 'stock_profile_sina'
002703,,,,module 'akshare' has no attribute 'stock_profile_sina'
002705,,,,module 'akshare' has no attribute 'stock_profile_sina'
002706,,,,module 'akshare' has no attribute 'stock_profile_sina'
002707,,,,module 'akshare' has no attribute 'stock_profile_sina'
002708,,,,module 'akshare' has no attribute 'stock_profile_sina'
002709,,,,module 'akshare' has no attribute 'stock_profile_sina'
002712,,,,module 'akshare' has no attribute 'stock_profile_sina'
002713,,,,module 'akshare' has no attribute 'stock_profile_sina'
002714,,,,module 'akshare' has no attribute 'stock_profile_sina'
002715,,,,module 'akshare' has no attribute 'stock_profile_sina'
002716,,,,module 'akshare' has no attribute 'stock_profile_sina'
002717,,,,module 'akshare' has no attribute 'stock_profile_sina'
002718,,,,module 'akshare' has no attribute 'stock_profile_sina'
002719,,,,module 'akshare' has no attribute 'stock_profile_sina'
002721,,,,module 'akshare' has no attribute 'stock_profile_sina'
002722,,,,module 'akshare' has no attribute 'stock_profile_sina'
002723,,,,module 'akshare' has no attribute 'stock_profile_sina'
002724,,,,module 'akshare' has no attribute 'stock_profile_sina'
002725,,,,module 'akshare' has no attribute 'stock_profile_sina'
002726,,,,module 'akshare' has no attribute 'stock_profile_sina'
002727,,,,module 'akshare' has no attribute 'stock_profile_sina'
002728,,,,module 'akshare' has no attribute 'stock_profile_sina'
002729,,,,module 'akshare' has no attribute 'stock_profile_sina'
002730,,,,module 'akshare' has no attribute 'stock_profile_sina'
002731,,,,module 'akshare' has no attribute 'stock_profile_sina'
002732,,,,module 'akshare' has no attribute 'stock_profile_sina'
002733,,,,module 'akshare' has no attribute 'stock_profile_sina'
002734,,,,module 'akshare' has no attribute 'stock_profile_sina'
002735,,,,module 'akshare' has no attribute 'stock_profile_sina'
002736,,,,module 'akshare' has no attribute 'stock_profile_sina'
002737,,,,module 'akshare' has no attribute 'stock_profile_sina'
002738,,,,module 'akshare' has no attribute 'stock_profile_sina'
002739,,,,module 'akshare' has no attribute 'stock_profile_sina'
002741,,,,module 'akshare' has no attribute 'stock_profile_sina'
002742,,,,module 'akshare' has no attribute 'stock_profile_sina'
002743,,,,module 'akshare' has no attribute 'stock_profile_sina'
002745,,,,module 'akshare' has no attribute 'stock_profile_sina'
002746,,,,module 'akshare' has no attribute 'stock_profile_sina'
002747,,,,module 'akshare' has no attribute 'stock_profile_sina'
002748,,,,module 'akshare' has no attribute 'stock_profile_sina'
002749,,,,module 'akshare' has no attribute 'stock_profile_sina'
002752,,,,module 'akshare' has no attribute 'stock_profile_sina'
002753,,,,module 'akshare' has no attribute 'stock_profile_sina'
002755,,,,module 'akshare' has no attribute 'stock_profile_sina'
002756,,,,module 'akshare' has no attribute 'stock_profile_sina'
002757,,,,module 'akshare' has no attribute 'stock_profile_sina'
002758,,,,module 'akshare' has no attribute 'stock_profile_sina'
002759,,,,module 'akshare' has no attribute 'stock_profile_sina'
002760,,,,module 'akshare' has no attribute 'stock_profile_sina'
002761,,,,module 'akshare' has no attribute 'stock_profile_sina'
002762,,,,module 'akshare' has no attribute 'stock_profile_sina'
002763,,,,module 'akshare' has no attribute 'stock_profile_sina'
002765,,,,module 'akshare' has no attribute 'stock_profile_sina'
002766,,,,module 'akshare' has no attribute 'stock_profile_sina'
002767,,,,module 'akshare' has no attribute 'stock_profile_sina'
002768,,,,module 'akshare' has no attribute 'stock_profile_sina'
002769,,,,module 'akshare' has no attribute 'stock_profile_sina'
002771,,,,module 'akshare' has no attribute 'stock_profile_sina'
002772,,,,module 'akshare' has no attribute 'stock_profile_sina'
002773,,,,module 'akshare' has no attribute 'stock_profile_sina'
002774,,,,module 'akshare' has no attribute 'stock_profile_sina'
002775,,,,module 'akshare' has no attribute 'stock_profile_sina'
002777,,,,module 'akshare' has no attribute 'stock_profile_sina'
002778,,,,module 'akshare' has no attribute 'stock_profile_sina'
002779,,,,module 'akshare' has no attribute 'stock_profile_sina'
002780,,,,module 'akshare' has no attribute 'stock_profile_sina'
002782,,,,module 'akshare' has no attribute 'stock_profile_sina'
002783,,,,module 'akshare' has no attribute 'stock_profile_sina'
002785,,,,module 'akshare' has no attribute 'stock_profile_sina'
002786,,,,module 'akshare' has no attribute 'stock_profile_sina'
002787,,,,module 'akshare' has no attribute 'stock_profile_sina'
002788,,,,module 'akshare' has no attribute 'stock_profile_sina'
002789,,,,module 'akshare' has no attribute 'stock_profile_sina'
002790,,,,module 'akshare' has no attribute 'stock_profile_sina'
002791,,,,module 'akshare' has no attribute 'stock_profile_sina'
002792,,,,module 'akshare' has no attribute 'stock_profile_sina'
002793,,,,module 'akshare' has no attribute 'stock_profile_sina'
002795,,,,module 'akshare' has no attribute 'stock_profile_sina'
002796,,,,module 'akshare' has no attribute 'stock_profile_sina'
002797,,,,module 'akshare' has no attribute 'stock_profile_sina'
002798,,,,module 'akshare' has no attribute 'stock_profile_sina'
002799,,,,module 'akshare' has no attribute 'stock_profile_sina'
002800,,,,module 'akshare' has no attribute 'stock_profile_sina'
002801,,,,module 'akshare' has no attribute 'stock_profile_sina'
002802,,,,module 'akshare' has no attribute 'stock_profile_sina'
002803,,,,module 'akshare' has no attribute 'stock_profile_sina'
002805,,,,module 'akshare' has no attribute 'stock_profile_sina'
002806,,,,module 'akshare' has no attribute 'stock_profile_sina'
002807,,,,module 'akshare' has no attribute 'stock_profile_sina'
002808,,,,module 'akshare' has no attribute 'stock_profile_sina'
002809,,,,module 'akshare' has no attribute 'stock_profile_sina'
002810,,,,module 'akshare' has no attribute 'stock_profile_sina'
002811,,,,module 'akshare' has no attribute 'stock_profile_sina'
002812,,,,module 'akshare' has no attribute 'stock_profile_sina'
002813,,,,module 'akshare' has no attribute 'stock_profile_sina'
002815,,,,module 'akshare' has no attribute 'stock_profile_sina'
002816,,,,module 'akshare' has no attribute 'stock_profile_sina'
002817,,,,module 'akshare' has no attribute 'stock_profile_sina'
002818,,,,module 'akshare' has no attribute 'stock_profile_sina'
002819,,,,module 'akshare' has no attribute 'stock_profile_sina'
002820,,,,module 'akshare' has no attribute 'stock_profile_sina'
002821,,,,module 'akshare' has no attribute 'stock_profile_sina'
002822,,,,module 'akshare' has no attribute 'stock_profile_sina'
002823,,,,module 'akshare' has no attribute 'stock_profile_sina'
002824,,,,module 'akshare' has no attribute 'stock_profile_sina'
002825,,,,module 'akshare' has no attribute 'stock_profile_sina'
002826,,,,module 'akshare' has no attribute 'stock_profile_sina'
002827,,,,module 'akshare' has no attribute 'stock_profile_sina'
002828,,,,module 'akshare' has no attribute 'stock_profile_sina'
002829,,,,module 'akshare' has no attribute 'stock_profile_sina'
002830,,,,module 'akshare' has no attribute 'stock_profile_sina'
002831,,,,module 'akshare' has no attribute 'stock_profile_sina'
002832,,,,module 'akshare' has no attribute 'stock_profile_sina'
002833,,,,module 'akshare' has no attribute 'stock_profile_sina'
002835,,,,module 'akshare' has no attribute 'stock_profile_sina'
002836,,,,module 'akshare' has no attribute 'stock_profile_sina'
002837,,,,module 'akshare' has no attribute 'stock_profile_sina'
002838,,,,module 'akshare' has no attribute 'stock_profile_sina'
002839,,,,module 'akshare' has no attribute 'stock_profile_sina'
002840,,,,module 'akshare' has no attribute 'stock_profile_sina'
002841,,,,module 'akshare' has no attribute 'stock_profile_sina'
002842,,,,module 'akshare' has no attribute 'stock_profile_sina'
002843,,,,module 'akshare' has no attribute 'stock_profile_sina'
002845,,,,module 'akshare' has no attribute 'stock_profile_sina'
002846,,,,module 'akshare' has no attribute 'stock_profile_sina'
002847,,,,module 'akshare' has no attribute 'stock_profile_sina'
002848,,,,module 'akshare' has no attribute 'stock_profile_sina'
002849,,,,module 'akshare' has no attribute 'stock_profile_sina'
002850,,,,module 'akshare' has no attribute 'stock_profile_sina'
002851,,,,module 'akshare' has no attribute 'stock_profile_sina'
002852,,,,module 'akshare' has no attribute 'stock_profile_sina'
002853,,,,module 'akshare' has no attribute 'stock_profile_sina'
002855,,,,module 'akshare' has no attribute 'stock_profile_sina'
002856,,,,module 'akshare' has no attribute 'stock_profile_sina'
002857,,,,module 'akshare' has no attribute 'stock_profile_sina'
002858,,,,module 'akshare' has no attribute 'stock_profile_sina'
002859,,,,module 'akshare' has no attribute 'stock_profile_sina'
002860,,,,module 'akshare' has no attribute 'stock_profile_sina'
002861,,,,module 'akshare' has no attribute 'stock_profile_sina'
002862,,,,module 'akshare' has no attribute 'stock_profile_sina'
002863,,,,module 'akshare' has no attribute 'stock_profile_sina'
002864,,,,module 'akshare' has no attribute 'stock_profile_sina'
002865,,,,module 'akshare' has no attribute 'stock_profile_sina'
002866,,,,module 'akshare' has no attribute 'stock_profile_sina'
002867,,,,module 'akshare' has no attribute 'stock_profile_sina'
002868,,,,module 'akshare' has no attribute 'stock_profile_sina'
002869,,,,module 'akshare' has no attribute 'stock_profile_sina'
002870,,,,module 'akshare' has no attribute 'stock_profile_sina'
002871,,,,module 'akshare' has no attribute 'stock_profile_sina'
002872,,,,module 'akshare' has no attribute 'stock_profile_sina'
002873,,,,module 'akshare' has no attribute 'stock_profile_sina'
002875,,,,module 'akshare' has no attribute 'stock_profile_sina'
002876,,,,module 'akshare' has no attribute 'stock_profile_sina'
002877,,,,module 'akshare' has no attribute 'stock_profile_sina'
002878,,,,module 'akshare' has no attribute 'stock_profile_sina'
002879,,,,module 'akshare' has no attribute 'stock_profile_sina'
002880,,,,module 'akshare' has no attribute 'stock_profile_sina'
002881,,,,module 'akshare' has no attribute 'stock_profile_sina'
002882,,,,module 'akshare' has no attribute 'stock_profile_sina'
002883,,,,module 'akshare' has no attribute 'stock_profile_sina'
002884,,,,module 'akshare' has no attribute 'stock_profile_sina'
002885,,,,module 'akshare' has no attribute 'stock_profile_sina'
002886,,,,module 'akshare' has no attribute 'stock_profile_sina'
002887,,,,module 'akshare' has no attribute 'stock_profile_sina'
002888,,,,module 'akshare' has no attribute 'stock_profile_sina'
002889,,,,module 'akshare' has no attribute 'stock_profile_sina'
002890,,,,module 'akshare' has no attribute 'stock_profile_sina'
002891,,,,module 'akshare' has no attribute 'stock_profile_sina'
002892,,,,module 'akshare' has no attribute 'stock_profile_sina'
002893,,,,module 'akshare' has no attribute 'stock_profile_sina'
002895,,,,module 'akshare' has no attribute 'stock_profile_sina'
002896,,,,module 'akshare' has no attribute 'stock_profile_sina'
002897,,,,module 'akshare' has no attribute 'stock_profile_sina'
002898,,,,module 'akshare' has no attribute 'stock_profile_sina'
002899,,,,module 'akshare' has no attribute 'stock_profile_sina'
002900,,,,module 'akshare' has no attribute 'stock_profile_sina'
002901,,,,module 'akshare' has no attribute 'stock_profile_sina'
002902,,,,module 'akshare' has no attribute 'stock_profile_sina'
002903,,,,module 'akshare' has no attribute 'stock_profile_sina'
002905,,,,module 'akshare' has no attribute 'stock_profile_sina'
002906,,,,module 'akshare' has no attribute 'stock_profile_sina'
002907,,,,module 'akshare' has no attribute 'stock_profile_sina'
002908,,,,module 'akshare' has no attribute 'stock_profile_sina'
002909,,,,module 'akshare' has no attribute 'stock_profile_sina'
002910,,,,module 'akshare' has no attribute 'stock_profile_sina'
002911,,,,module 'akshare' has no attribute 'stock_profile_sina'
002912,,,,module 'akshare' has no attribute 'stock_profile_sina'
002913,,,,module 'akshare' has no attribute 'stock_profile_sina'
002915,,,,module 'akshare' has no attribute 'stock_profile_sina'
002916,,,,module 'akshare' has no attribute 'stock_profile_sina'
002917,,,,module 'akshare' has no attribute 'stock_profile_sina'
002918,,,,module 'akshare' has no attribute 'stock_profile_sina'
002919,,,,module 'akshare' has no attribute 'stock_profile_sina'
002920,,,,module 'akshare' has no attribute 'stock_profile_sina'
002921,,,,module 'akshare' has no attribute 'stock_profile_sina'
002922,,,,module 'akshare' has no attribute 'stock_profile_sina'
002923,,,,module 'akshare' has no attribute 'stock_profile_sina'
002925,,,,module 'akshare' has no attribute 'stock_profile_sina'
002926,,,,module 'akshare' has no attribute 'stock_profile_sina'
002927,,,,module 'akshare' has no attribute 'stock_profile_sina'
002928,,,,module 'akshare' has no attribute 'stock_profile_sina'
002929,,,,module 'akshare' has no attribute 'stock_profile_sina'
002930,,,,module 'akshare' has no attribute 'stock_profile_sina'
002931,,,,module 'akshare' has no attribute 'stock_profile_sina'
002932,,,,module 'akshare' has no attribute 'stock_profile_sina'
002933,,,,module 'akshare' has no attribute 'stock_profile_sina'
002935,,,,module 'akshare' has no attribute 'stock_profile_sina'
002936,,,,module 'akshare' has no attribute 'stock_profile_sina'
002937,,,,module 'akshare' has no attribute 'stock_profile_sina'
002938,,,,module 'akshare' has no attribute 'stock_profile_sina'
002939,,,,module 'akshare' has no attribute 'stock_profile_sina'
002940,,,,module 'akshare' has no attribute 'stock_profile_sina'
002941,,,,module 'akshare' has no attribute 'stock_profile_sina'
002942,,,,module 'akshare' has no attribute 'stock_profile_sina'
002943,,,,module 'akshare' has no attribute 'stock_profile_sina'
002945,,,,module 'akshare' has no attribute 'stock_profile_sina'
002946,,,,module 'akshare' has no attribute 'stock_profile_sina'
002947,,,,module 'akshare' has no attribute 'stock_profile_sina'
002948,,,,module 'akshare' has no attribute 'stock_profile_sina'
002949,,,,module 'akshare' has no attribute 'stock_profile_sina'
002950,,,,module 'akshare' has no attribute 'stock_profile_sina'
002951,,,,module 'akshare' has no attribute 'stock_profile_sina'
002952,,,,module 'akshare' has no attribute 'stock_profile_sina'
002953,,,,module 'akshare' has no attribute 'stock_profile_sina'
002955,,,,module 'akshare' has no attribute 'stock_profile_sina'
002956,,,,module 'akshare' has no attribute 'stock_profile_sina'
002957,,,,module 'akshare' has no attribute 'stock_profile_sina'
002958,,,,module 'akshare' has no attribute 'stock_profile_sina'
002959,,,,module 'akshare' has no attribute 'stock_profile_sina'
002960,,,,module 'akshare' has no attribute 'stock_profile_sina'
002961,,,,module 'akshare' has no attribute 'stock_profile_sina'
002962,,,,module 'akshare' has no attribute 'stock_profile_sina'
002963,,,,module 'akshare' has no attribute 'stock_profile_sina'
002965,,,,module 'akshare' has no attribute 'stock_profile_sina'
002966,,,,module 'akshare' has no attribute 'stock_profile_sina'
002967,,,,module 'akshare' has no attribute 'stock_profile_sina'
002968,,,,module 'akshare' has no attribute 'stock_profile_sina'
002969,,,,module 'akshare' has no attribute 'stock_profile_sina'
002970,,,,module 'akshare' has no attribute 'stock_profile_sina'
002971,,,,module 'akshare' has no attribute 'stock_profile_sina'
002972,,,,module 'akshare' has no attribute 'stock_profile_sina'
002973,,,,module 'akshare' has no attribute 'stock_profile_sina'
002975,,,,module 'akshare' has no attribute 'stock_profile_sina'
002976,,,,module 'akshare' has no attribute 'stock_profile_sina'
002977,,,,module 'akshare' has no attribute 'stock_profile_sina'
002978,,,,module 'akshare' has no attribute 'stock_profile_sina'
002979,,,,module 'akshare' has no attribute 'stock_profile_sina'
002980,,,,module 'akshare' has no attribute 'stock_profile_sina'
002981,,,,module 'akshare' has no attribute 'stock_profile_sina'
002982,,,,module 'akshare' has no attribute 'stock_profile_sina'
002983,,,,module 'akshare' has no attribute 'stock_profile_sina'
002984,,,,module 'akshare' has no attribute 'stock_profile_sina'
002985,,,,module 'akshare' has no attribute 'stock_profile_sina'
002986,,,,module 'akshare' has no attribute 'stock_profile_sina'
002987,,,,module 'akshare' has no attribute 'stock_profile_sina'
002988,,,,module 'akshare' has no attribute 'stock_profile_sina'
002989,,,,module 'akshare' has no attribute 'stock_profile_sina'
002990,,,,module 'akshare' has no attribute 'stock_profile_sina'
002991,,,,module 'akshare' has no attribute 'stock_profile_sina'
002992,,,,module 'akshare' has no attribute 'stock_profile_sina'
002993,,,,module 'akshare' has no attribute 'stock_profile_sina'
002995,,,,module 'akshare' has no attribute 'stock_profile_sina'
002996,,,,module 'akshare' has no attribute 'stock_profile_sina'
002997,,,,module 'akshare' has no attribute 'stock_profile_sina'
002998,,,,module 'akshare' has no attribute 'stock_profile_sina'
002999,,,,module 'akshare' has no attribute 'stock_profile_sina'
003000,,,,module 'akshare' has no attribute 'stock_profile_sina'
003001,,,,module 'akshare' has no attribute 'stock_profile_sina'
003002,,,,module 'akshare' has no attribute 'stock_profile_sina'
003003,,,,module 'akshare' has no attribute 'stock_profile_sina'
003004,,,,module 'akshare' has no attribute 'stock_profile_sina'
003005,,,,module 'akshare' has no attribute 'stock_profile_sina'
003006,,,,module 'akshare' has no attribute 'stock_profile_sina'
003007,,,,module 'akshare' has no attribute 'stock_profile_sina'
003008,,,,module 'akshare' has no attribute 'stock_profile_sina'
003009,,,,module 'akshare' has no attribute 'stock_profile_sina'
003010,,,,module 'akshare' has no attribute 'stock_profile_sina'
003011,,,,module 'akshare' has no attribute 'stock_profile_sina'
003012,,,,module 'akshare' has no attribute 'stock_profile_sina'
003013,,,,module 'akshare' has no attribute 'stock_profile_sina'
003015,,,,module 'akshare' has no attribute 'stock_profile_sina'
003016,,,,module 'akshare' has no attribute 'stock_profile_sina'
003017,,,,module 'akshare' has no attribute 'stock_profile_sina'
003018,,,,module 'akshare' has no attribute 'stock_profile_sina'
003019,,,,module 'akshare' has no attribute 'stock_profile_sina'
003020,,,,module 'akshare' has no attribute 'stock_profile_sina'
003021,,,,module 'akshare' has no attribute 'stock_profile_sina'
003022,,,,module 'akshare' has no attribute 'stock_profile_sina'
003023,,,,module 'akshare' has no attribute 'stock_profile_sina'
003025,,,,module 'akshare' has no attribute 'stock_profile_sina'
003026,,,,module 'akshare' has no attribute 'stock_profile_sina'
003027,,,,module 'akshare' has no attribute 'stock_profile_sina'
003028,,,,module 'akshare' has no attribute 'stock_profile_sina'
003029,,,,module 'akshare' has no attribute 'stock_profile_sina'
003030,,,,module 'akshare' has no attribute 'stock_profile_sina'
003031,,,,module 'akshare' has no attribute 'stock_profile_sina'
003032,,,,module 'akshare' has no attribute 'stock_profile_sina'
003033,,,,module 'akshare' has no attribute 'stock_profile_sina'
003035,,,,module 'akshare' has no attribute 'stock_profile_sina'
003036,,,,module 'akshare' has no attribute 'stock_profile_sina'
003037,,,,module 'akshare' has no attribute 'stock_profile_sina'
003038,,,,module 'akshare' has no attribute 'stock_profile_sina'
003039,,,,module 'akshare' has no attribute 'stock_profile_sina'
003040,,,,module 'akshare' has no attribute 'stock_profile_sina'
003041,,,,module 'akshare' has no attribute 'stock_profile_sina'
003042,,,,module 'akshare' has no attribute 'stock_profile_sina'
003043,,,,module 'akshare' has no attribute 'stock_profile_sina'
003816,,,,module 'akshare' has no attribute 'stock_profile_sina'
300001,,,,module 'akshare' has no attribute 'stock_profile_sina'
300002,,,,module 'akshare' has no attribute 'stock_profile_sina'
300003,,,,module 'akshare' has no attribute 'stock_profile_sina'
300004,,,,module 'akshare' has no attribute 'stock_profile_sina'
300005,,,,module 'akshare' has no attribute 'stock_profile_sina'
300006,,,,module 'akshare' has no attribute 'stock_profile_sina'
300007,,,,module 'akshare' has no attribute 'stock_profile_sina'
300008,,,,module 'akshare' has no attribute 'stock_profile_sina'
300009,,,,module 'akshare' has no attribute 'stock_profile_sina'
300010,,,,module 'akshare' has no attribute 'stock_profile_sina'
300011,,,,module 'akshare' has no attribute 'stock_profile_sina'
300012,,,,module 'akshare' has no attribute 'stock_profile_sina'
300013,,,,module 'akshare' has no attribute 'stock_profile_sina'
300014,,,,module 'akshare' has no attribute 'stock_profile_sina'
300015,,,,module 'akshare' has no attribute 'stock_profile_sina'
300016,,,,module 'akshare' has no attribute 'stock_profile_sina'
300017,,,,module 'akshare' has no attribute 'stock_profile_sina'
300018,,,,module 'akshare' has no attribute 'stock_profile_sina'
300019,,,,module 'akshare' has no attribute 'stock_profile_sina'
300020,,,,module 'akshare' has no attribute 'stock_profile_sina'
300021,,,,module 'akshare' has no attribute 'stock_profile_sina'
300022,,,,module 'akshare' has no attribute 'stock_profile_sina'
300024,,,,module 'akshare' has no attribute 'stock_profile_sina'
300025,,,,module 'akshare' has no attribute 'stock_profile_sina'
300026,,,,module 'akshare' has no attribute 'stock_profile_sina'
300027,,,,module 'akshare' has no attribute 'stock_profile_sina'
300029,,,,module 'akshare' has no attribute 'stock_profile_sina'
300030,,,,module 'akshare' has no attribute 'stock_profile_sina'
300031,,,,module 'akshare' has no attribute 'stock_profile_sina'
300032,,,,module 'akshare' has no attribute 'stock_profile_sina'
300033,,,,module 'akshare' has no attribute 'stock_profile_sina'
300034,,,,module 'akshare' has no attribute 'stock_profile_sina'
300035,,,,module 'akshare' has no attribute 'stock_profile_sina'
300036,,,,module 'akshare' has no attribute 'stock_profile_sina'
300037,,,,module 'akshare' has no attribute 'stock_profile_sina'
300039,,,,module 'akshare' has no attribute 'stock_profile_sina'
300040,,,,module 'akshare' has no attribute 'stock_profile_sina'
300041,,,,module 'akshare' has no attribute 'stock_profile_sina'
300042,,,,module 'akshare' has no attribute 'stock_profile_sina'
300043,,,,module 'akshare' has no attribute 'stock_profile_sina'
300044,,,,module 'akshare' has no attribute 'stock_profile_sina'
300045,,,,module 'akshare' has no attribute 'stock_profile_sina'
300046,,,,module 'akshare' has no attribute 'stock_profile_sina'
300047,,,,module 'akshare' has no attribute 'stock_profile_sina'
300048,,,,module 'akshare' has no attribute 'stock_profile_sina'
300049,,,,module 'akshare' has no attribute 'stock_profile_sina'
300050,,,,module 'akshare' has no attribute 'stock_profile_sina'
300051,,,,module 'akshare' has no attribute 'stock_profile_sina'
300052,,,,module 'akshare' has no attribute 'stock_profile_sina'
300053,,,,module 'akshare' has no attribute 'stock_profile_sina'
300054,,,,module 'akshare' has no attribute 'stock_profile_sina'
300055,,,,module 'akshare' has no attribute 'stock_profile_sina'
300056,,,,module 'akshare' has no attribute 'stock_profile_sina'
300057,,,,module 'akshare' has no attribute 'stock_profile_sina'
300058,,,,module 'akshare' has no attribute 'stock_profile_sina'
300059,,,,module 'akshare' has no attribute 'stock_profile_sina'
300061,,,,module 'akshare' has no attribute 'stock_profile_sina'
300062,,,,module 'akshare' has no attribute 'stock_profile_sina'
300063,,,,module 'akshare' has no attribute 'stock_profile_sina'
300065,,,,module 'akshare' has no attribute 'stock_profile_sina'
300066,,,,module 'akshare' has no attribute 'stock_profile_sina'
300067,,,,module 'akshare' has no attribute 'stock_profile_sina'
300068,,,,module 'akshare' has no attribute 'stock_profile_sina'
300069,,,,module 'akshare' has no attribute 'stock_profile_sina'
300070,,,,module 'akshare' has no attribute 'stock_profile_sina'
300071,,,,module 'akshare' has no attribute 'stock_profile_sina'
300072,,,,module 'akshare' has no attribute 'stock_profile_sina'
300073,,,,module 'akshare' has no attribute 'stock_profile_sina'
300074,,,,module 'akshare' has no attribute 'stock_profile_sina'
300075,,,,module 'akshare' has no attribute 'stock_profile_sina'
300076,,,,module 'akshare' has no attribute 'stock_profile_sina'
300077,,,,module 'akshare' has no attribute 'stock_profile_sina'
300078,,,,module 'akshare' has no attribute 'stock_profile_sina'
300079,,,,module 'akshare' has no attribute 'stock_profile_sina'
300080,,,,module 'akshare' has no attribute 'stock_profile_sina'
300081,,,,module 'akshare' has no attribute 'stock_profile_sina'
300082,,,,module 'akshare' has no attribute 'stock_profile_sina'
300083,,,,module 'akshare' has no attribute 'stock_profile_sina'
300084,,,,module 'akshare' has no attribute 'stock_profile_sina'
300085,,,,module 'akshare' has no attribute 'stock_profile_sina'
300086,,,,module 'akshare' has no attribute 'stock_profile_sina'
300087,,,,module 'akshare' has no attribute 'stock_profile_sina'
300088,,,,module 'akshare' has no attribute 'stock_profile_sina'
300091,,,,module 'akshare' has no attribute 'stock_profile_sina'
300092,,,,module 'akshare' has no attribute 'stock_profile_sina'
300093,,,,module 'akshare' has no attribute 'stock_profile_sina'
300094,,,,module 'akshare' has no attribute 'stock_profile_sina'
300095,,,,module 'akshare' has no attribute 'stock_profile_sina'
300096,,,,module 'akshare' has no attribute 'stock_profile_sina'
300097,,,,module 'akshare' has no attribute 'stock_profile_sina'
300098,,,,module 'akshare' has no attribute 'stock_profile_sina'
300099,,,,module 'akshare' has no attribute 'stock_profile_sina'
300100,,,,module 'akshare' has no attribute 'stock_profile_sina'
300101,,,,module 'akshare' has no attribute 'stock_profile_sina'
300102,,,,module 'akshare' has no attribute 'stock_profile_sina'
300103,,,,module 'akshare' has no attribute 'stock_profile_sina'
300105,,,,module 'akshare' has no attribute 'stock_profile_sina'
300106,,,,module 'akshare' has no attribute 'stock_profile_sina'
300107,,,,module 'akshare' has no attribute 'stock_profile_sina'
300109,,,,module 'akshare' has no attribute 'stock_profile_sina'
300110,,,,module 'akshare' has no attribute 'stock_profile_sina'
300111,,,,module 'akshare' has no attribute 'stock_profile_sina'
300112,,,,module 'akshare' has no attribute 'stock_profile_sina'
300113,,,,module 'akshare' has no attribute 'stock_profile_sina'
300115,,,,module 'akshare' has no attribute 'stock_profile_sina'
300118,,,,module 'akshare' has no attribute 'stock_profile_sina'
300119,,,,module 'akshare' has no attribute 'stock_profile_sina'
300120,,,,module 'akshare' has no attribute 'stock_profile_sina'
300121,,,,module 'akshare' has no attribute 'stock_profile_sina'
300122,,,,module 'akshare' has no attribute 'stock_profile_sina'
300123,,,,module 'akshare' has no attribute 'stock_profile_sina'
300124,,,,module 'akshare' has no attribute 'stock_profile_sina'
300125,,,,module 'akshare' has no attribute 'stock_profile_sina'
300126,,,,module 'akshare' has no attribute 'stock_profile_sina'
300127,,,,module 'akshare' has no attribute 'stock_profile_sina'
300128,,,,module 'akshare' has no attribute 'stock_profile_sina'
300129,,,,module 'akshare' has no attribute 'stock_profile_sina'
300130,,,,module 'akshare' has no attribute 'stock_profile_sina'
300131,,,,module 'akshare' has no attribute 'stock_profile_sina'
300132,,,,module 'akshare' has no attribute 'stock_profile_sina'
300133,,,,module 'akshare' has no attribute 'stock_profile_sina'
300134,,,,module 'akshare' has no attribute 'stock_profile_sina'
300135,,,,module 'akshare' has no attribute 'stock_profile_sina'
300136,,,,module 'akshare' has no attribute 'stock_profile_sina'
300137,,,,module 'akshare' has no attribute 'stock_profile_sina'
300138,,,,module 'akshare' has no attribute 'stock_profile_sina'
300139,,,,module 'akshare' has no attribute 'stock_profile_sina'
300140,,,,module 'akshare' has no attribute 'stock_profile_sina'
300141,,,,module 'akshare' has no attribute 'stock_profile_sina'
300142,,,,module 'akshare' has no attribute 'stock_profile_sina'
300143,,,,module 'akshare' has no attribute 'stock_profile_sina'
300144,,,,module 'akshare' has no attribute 'stock_profile_sina'
300145,,,,module 'akshare' has no attribute 'stock_profile_sina'
300146,,,,module 'akshare' has no attribute 'stock_profile_sina'
300147,,,,module 'akshare' has no attribute 'stock_profile_sina'
300148,,,,module 'akshare' has no attribute 'stock_profile_sina'
300149,,,,module 'akshare' has no attribute 'stock_profile_sina'
300150,,,,module 'akshare' has no attribute 'stock_profile_sina'
300151,,,,module 'akshare' has no attribute 'stock_profile_sina'
300152,,,,module 'akshare' has no attribute 'stock_profile_sina'
300153,,,,module 'akshare' has no attribute 'stock_profile_sina'
300154,,,,module 'akshare' has no attribute 'stock_profile_sina'
300155,,,,module 'akshare' has no attribute 'stock_profile_sina'
300157,,,,module 'akshare' has no attribute 'stock_profile_sina'
300158,,,,module 'akshare' has no attribute 'stock_profile_sina'
300159,,,,module 'akshare' has no attribute 'stock_profile_sina'
300160,,,,module 'akshare' has no attribute 'stock_profile_sina'
300161,,,,module 'akshare' has no attribute 'stock_profile_sina'
300162,,,,module 'akshare' has no attribute 'stock_profile_sina'
300163,,,,module 'akshare' has no attribute 'stock_profile_sina'
300164,,,,module 'akshare' has no attribute 'stock_profile_sina'
300165,,,,module 'akshare' has no attribute 'stock_profile_sina'
300166,,,,module 'akshare' has no attribute 'stock_profile_sina'
300167,,,,module 'akshare' has no attribute 'stock_profile_sina'
300168,,,,module 'akshare' has no attribute 'stock_profile_sina'
300169,,,,module 'akshare' has no attribute 'stock_profile_sina'
300170,,,,module 'akshare' has no attribute 'stock_profile_sina'
300171,,,,module 'akshare' has no attribute 'stock_profile_sina'
300172,,,,module 'akshare' has no attribute 'stock_profile_sina'
300173,,,,module 'akshare' has no attribute 'stock_profile_sina'
300174,,,,module 'akshare' has no attribute 'stock_profile_sina'
300175,,,,module 'akshare' has no attribute 'stock_profile_sina'
300176,,,,module 'akshare' has no attribute 'stock_profile_sina'
300177,,,,module 'akshare' has no attribute 'stock_profile_sina'
300179,,,,module 'akshare' has no attribute 'stock_profile_sina'
300180,,,,module 'akshare' has no attribute 'stock_profile_sina'
300181,,,,module 'akshare' has no attribute 'stock_profile_sina'
300182,,,,module 'akshare' has no attribute 'stock_profile_sina'
300183,,,,module 'akshare' has no attribute 'stock_profile_sina'
300184,,,,module 'akshare' has no attribute 'stock_profile_sina'
300185,,,,module 'akshare' has no attribute 'stock_profile_sina'
300187,,,,module 'akshare' has no attribute 'stock_profile_sina'
300188,,,,module 'akshare' has no attribute 'stock_profile_sina'
300189,,,,module 'akshare' has no attribute 'stock_profile_sina'
300190,,,,module 'akshare' has no attribute 'stock_profile_sina'
300191,,,,module 'akshare' has no attribute 'stock_profile_sina'
300192,,,,module 'akshare' has no attribute 'stock_profile_sina'
300193,,,,module 'akshare' has no attribute 'stock_profile_sina'
300194,,,,module 'akshare' has no attribute 'stock_profile_sina'
300195,,,,module 'akshare' has no attribute 'stock_profile_sina'
300196,,,,module 'akshare' has no attribute 'stock_profile_sina'
300197,,,,module 'akshare' has no attribute 'stock_profile_sina'
300198,,,,module 'akshare' has no attribute 'stock_profile_sina'
300199,,,,module 'akshare' has no attribute 'stock_profile_sina'
300200,,,,module 'akshare' has no attribute 'stock_profile_sina'
300201,,,,module 'akshare' has no attribute 'stock_profile_sina'
300203,,,,module 'akshare' has no attribute 'stock_profile_sina'
300204,,,,module 'akshare' has no attribute 'stock_profile_sina'
300205,,,,module 'akshare' has no attribute 'stock_profile_sina'
300206,,,,module 'akshare' has no attribute 'stock_profile_sina'
300207,,,,module 'akshare' has no attribute 'stock_profile_sina'
300209,,,,module 'akshare' has no attribute 'stock_profile_sina'
300210,,,,module 'akshare' has no attribute 'stock_profile_sina'
300211,,,,module 'akshare' has no attribute 'stock_profile_sina'
300212,,,,module 'akshare' has no attribute 'stock_profile_sina'
300213,,,,module 'akshare' has no attribute 'stock_profile_sina'
300214,,,,module 'akshare' has no attribute 'stock_profile_sina'
300215,,,,module 'akshare' has no attribute 'stock_profile_sina'
300217,,,,module 'akshare' has no attribute 'stock_profile_sina'
300218,,,,module 'akshare' has no attribute 'stock_profile_sina'
300219,,,,module 'akshare' has no attribute 'stock_profile_sina'
300220,,,,module 'akshare' has no attribute 'stock_profile_sina'
300221,,,,module 'akshare' has no attribute 'stock_profile_sina'
300222,,,,module 'akshare' has no attribute 'stock_profile_sina'
300223,,,,module 'akshare' has no attribute 'stock_profile_sina'
300224,,,,module 'akshare' has no attribute 'stock_profile_sina'
300225,,,,module 'akshare' has no attribute 'stock_profile_sina'
300226,,,,module 'akshare' has no attribute 'stock_profile_sina'
300227,,,,module 'akshare' has no attribute 'stock_profile_sina'
300228,,,,module 'akshare' has no attribute 'stock_profile_sina'
300229,,,,module 'akshare' has no attribute 'stock_profile_sina'
300230,,,,module 'akshare' has no attribute 'stock_profile_sina'
300231,,,,module 'akshare' has no attribute 'stock_profile_sina'
300232,,,,module 'akshare' has no attribute 'stock_profile_sina'
300233,,,,module 'akshare' has no attribute 'stock_profile_sina'
300234,,,,module 'akshare' has no attribute 'stock_profile_sina'
300235,,,,module 'akshare' has no attribute 'stock_profile_sina'
300236,,,,module 'akshare' has no attribute 'stock_profile_sina'
300237,,,,module 'akshare' has no attribute 'stock_profile_sina'
300238,,,,module 'akshare' has no attribute 'stock_profile_sina'
300239,,,,module 'akshare' has no attribute 'stock_profile_sina'
300240,,,,module 'akshare' has no attribute 'stock_profile_sina'
300241,,,,module 'akshare' has no attribute 'stock_profile_sina'
300242,,,,module 'akshare' has no attribute 'stock_profile_sina'
300243,,,,module 'akshare' has no attribute 'stock_profile_sina'
300244,,,,module 'akshare' has no attribute 'stock_profile_sina'
300245,,,,module 'akshare' has no attribute 'stock_profile_sina'
300246,,,,module 'akshare' has no attribute 'stock_profile_sina'
300247,,,,module 'akshare' has no attribute 'stock_profile_sina'
300248,,,,module 'akshare' has no attribute 'stock_profile_sina'
300249,,,,module 'akshare' has no attribute 'stock_profile_sina'
300250,,,,module 'akshare' has no attribute 'stock_profile_sina'
300251,,,,module 'akshare' has no attribute 'stock_profile_sina'
300252,,,,module 'akshare' has no attribute 'stock_profile_sina'
300253,,,,module 'akshare' has no attribute 'stock_profile_sina'
300254,,,,module 'akshare' has no attribute 'stock_profile_sina'
300255,,,,module 'akshare' has no attribute 'stock_profile_sina'
300256,,,,module 'akshare' has no attribute 'stock_profile_sina'
300257,,,,module 'akshare' has no attribute 'stock_profile_sina'
300258,,,,module 'akshare' has no attribute 'stock_profile_sina'
300259,,,,module 'akshare' has no attribute 'stock_profile_sina'
300260,,,,module 'akshare' has no attribute 'stock_profile_sina'
300261,,,,module 'akshare' has no attribute 'stock_profile_sina'
300263,,,,module 'akshare' has no attribute 'stock_profile_sina'
300264,,,,module 'akshare' has no attribute 'stock_profile_sina'
300265,,,,module 'akshare' has no attribute 'stock_profile_sina'
300266,,,,module 'akshare' has no attribute 'stock_profile_sina'
300267,,,,module 'akshare' has no attribute 'stock_profile_sina'
300268,,,,module 'akshare' has no attribute 'stock_profile_sina'
300269,,,,module 'akshare' has no attribute 'stock_profile_sina'
300270,,,,module 'akshare' has no attribute 'stock_profile_sina'
300271,,,,module 'akshare' has no attribute 'stock_profile_sina'
300272,,,,module 'akshare' has no attribute 'stock_profile_sina'
300274,,,,module 'akshare' has no attribute 'stock_profile_sina'
300275,,,,module 'akshare' has no attribute 'stock_profile_sina'
300276,,,,module 'akshare' has no attribute 'stock_profile_sina'
300277,,,,module 'akshare' has no attribute 'stock_profile_sina'
300278,,,,module 'akshare' has no attribute 'stock_profile_sina'
300279,,,,module 'akshare' has no attribute 'stock_profile_sina'
300281,,,,module 'akshare' has no attribute 'stock_profile_sina'
300283,,,,module 'akshare' has no attribute 'stock_profile_sina'
300284,,,,module 'akshare' has no attribute 'stock_profile_sina'
300285,,,,module 'akshare' has no attribute 'stock_profile_sina'
300286,,,,module 'akshare' has no attribute 'stock_profile_sina'
300287,,,,module 'akshare' has no attribute 'stock_profile_sina'
300288,,,,module 'akshare' has no attribute 'stock_profile_sina'
300289,,,,module 'akshare' has no attribute 'stock_profile_sina'
300290,,,,module 'akshare' has no attribute 'stock_profile_sina'
300291,,,,module 'akshare' has no attribute 'stock_profile_sina'
300292,,,,module 'akshare' has no attribute 'stock_profile_sina'
300293,,,,module 'akshare' has no attribute 'stock_profile_sina'
300294,,,,module 'akshare' has no attribute 'stock_profile_sina'
300295,,,,module 'akshare' has no attribute 'stock_profile_sina'
300296,,,,module 'akshare' has no attribute 'stock_profile_sina'
300298,,,,module 'akshare' has no attribute 'stock_profile_sina'
300299,,,,module 'akshare' has no attribute 'stock_profile_sina'
300300,,,,module 'akshare' has no attribute 'stock_profile_sina'
300301,,,,module 'akshare' has no attribute 'stock_profile_sina'
300302,,,,module 'akshare' has no attribute 'stock_profile_sina'
300303,,,,module 'akshare' has no attribute 'stock_profile_sina'
300304,,,,module 'akshare' has no attribute 'stock_profile_sina'
300305,,,,module 'akshare' has no attribute 'stock_profile_sina'
300306,,,,module 'akshare' has no attribute 'stock_profile_sina'
300307,,,,module 'akshare' has no attribute 'stock_profile_sina'
300308,,,,module 'akshare' has no attribute 'stock_profile_sina'
300310,,,,module 'akshare' has no attribute 'stock_profile_sina'
300311,,,,module 'akshare' has no attribute 'stock_profile_sina'
300313,,,,module 'akshare' has no attribute 'stock_profile_sina'
300314,,,,module 'akshare' has no attribute 'stock_profile_sina'
300315,,,,module 'akshare' has no attribute 'stock_profile_sina'
300316,,,,module 'akshare' has no attribute 'stock_profile_sina'
300317,,,,module 'akshare' has no attribute 'stock_profile_sina'
300318,,,,module 'akshare' has no attribute 'stock_profile_sina'
300319,,,,module 'akshare' has no attribute 'stock_profile_sina'
300320,,,,module 'akshare' has no attribute 'stock_profile_sina'
300321,,,,module 'akshare' has no attribute 'stock_profile_sina'
300322,,,,module 'akshare' has no attribute 'stock_profile_sina'
300323,,,,module 'akshare' has no attribute 'stock_profile_sina'
300324,,,,module 'akshare' has no attribute 'stock_profile_sina'
300326,,,,module 'akshare' has no attribute 'stock_profile_sina'
300327,,,,module 'akshare' has no attribute 'stock_profile_sina'
300328,,,,module 'akshare' has no attribute 'stock_profile_sina'
300329,,,,module 'akshare' has no attribute 'stock_profile_sina'
300331,,,,module 'akshare' has no attribute 'stock_profile_sina'
300332,,,,module 'akshare' has no attribute 'stock_profile_sina'
300333,,,,module 'akshare' has no attribute 'stock_profile_sina'
300334,,,,module 'akshare' has no attribute 'stock_profile_sina'
300335,,,,module 'akshare' has no attribute 'stock_profile_sina'
300337,,,,module 'akshare' has no attribute 'stock_profile_sina'
300338,,,,module 'akshare' has no attribute 'stock_profile_sina'
300339,,,,module 'akshare' has no attribute 'stock_profile_sina'
300340,,,,module 'akshare' has no attribute 'stock_profile_sina'
300341,,,,module 'akshare' has no attribute 'stock_profile_sina'
300342,,,,module 'akshare' has no attribute 'stock_profile_sina'
300343,,,,module 'akshare' has no attribute 'stock_profile_sina'
300344,,,,module 'akshare' has no attribute 'stock_profile_sina'
300345,,,,module 'akshare' has no attribute 'stock_profile_sina'
300346,,,,module 'akshare' has no attribute 'stock_profile_sina'
300347,,,,module 'akshare' has no attribute 'stock_profile_sina'
300348,,,,module 'akshare' has no attribute 'stock_profile_sina'
300349,,,,module 'akshare' has no attribute 'stock_profile_sina'
300350,,,,module 'akshare' has no attribute 'stock_profile_sina'
300351,,,,module 'akshare' has no attribute 'stock_profile_sina'
300352,,,,module 'akshare' has no attribute 'stock_profile_sina'
300353,,,,module 'akshare' has no attribute 'stock_profile_sina'
300354,,,,module 'akshare' has no attribute 'stock_profile_sina'
300355,,,,module 'akshare' has no attribute 'stock_profile_sina'
300357,,,,module 'akshare' has no attribute 'stock_profile_sina'
300358,,,,module 'akshare' has no attribute 'stock_profile_sina'
300359,,,,module 'akshare' has no attribute 'stock_profile_sina'
300360,,,,module 'akshare' has no attribute 'stock_profile_sina'
300363,,,,module 'akshare' has no attribute 'stock_profile_sina'
300364,,,,module 'akshare' has no attribute 'stock_profile_sina'
300365,,,,module 'akshare' has no attribute 'stock_profile_sina'
300366,,,,module 'akshare' has no attribute 'stock_profile_sina'
300368,,,,module 'akshare' has no attribute 'stock_profile_sina'
300369,,,,module 'akshare' has no attribute 'stock_profile_sina'
300370,,,,module 'akshare' has no attribute 'stock_profile_sina'
300371,,,,module 'akshare' has no attribute 'stock_profile_sina'
300373,,,,module 'akshare' has no attribute 'stock_profile_sina'
300374,,,,module 'akshare' has no attribute 'stock_profile_sina'
300375,,,,module 'akshare' has no attribute 'stock_profile_sina'
300376,,,,module 'akshare' has no attribute 'stock_profile_sina'
300377,,,,module 'akshare' has no attribute 'stock_profile_sina'
300378,,,,module 'akshare' has no attribute 'stock_profile_sina'
300380,,,,module 'akshare' has no attribute 'stock_profile_sina'
300381,,,,module 'akshare' has no attribute 'stock_profile_sina'
300382,,,,module 'akshare' has no attribute 'stock_profile_sina'
300383,,,,module 'akshare' has no attribute 'stock_profile_sina'
300384,,,,module 'akshare' has no attribute 'stock_profile_sina'
300385,,,,module 'akshare' has no attribute 'stock_profile_sina'
300386,,,,module 'akshare' has no attribute 'stock_profile_sina'
300387,,,,module 'akshare' has no attribute 'stock_profile_sina'
300388,,,,module 'akshare' has no attribute 'stock_profile_sina'
300389,,,,module 'akshare' has no attribute 'stock_profile_sina'
300390,,,,module 'akshare' has no attribute 'stock_profile_sina'
300391,,,,module 'akshare' has no attribute 'stock_profile_sina'
300393,,,,module 'akshare' has no attribute 'stock_profile_sina'
300394,,,,module 'akshare' has no attribute 'stock_profile_sina'
300395,,,,module 'akshare' has no attribute 'stock_profile_sina'
300396,,,,module 'akshare' has no attribute 'stock_profile_sina'
300397,,,,module 'akshare' has no attribute 'stock_profile_sina'
300398,,,,module 'akshare' has no attribute 'stock_profile_sina'
300399,,,,module 'akshare' has no attribute 'stock_profile_sina'
300400,,,,module 'akshare' has no attribute 'stock_profile_sina'
300401,,,,module 'akshare' has no attribute 'stock_profile_sina'
300402,,,,module 'akshare' has no attribute 'stock_profile_sina'
300403,,,,module 'akshare' has no attribute 'stock_profile_sina'
300404,,,,module 'akshare' has no attribute 'stock_profile_sina'
300405,,,,module 'akshare' has no attribute 'stock_profile_sina'
300406,,,,module 'akshare' has no attribute 'stock_profile_sina'
300407,,,,module 'akshare' has no attribute 'stock_profile_sina'
300408,,,,module 'akshare' has no attribute 'stock_profile_sina'
300409,,,,module 'akshare' has no attribute 'stock_profile_sina'
300410,,,,module 'akshare' has no attribute 'stock_profile_sina'
300411,,,,module 'akshare' has no attribute 'stock_profile_sina'
300412,,,,module 'akshare' has no attribute 'stock_profile_sina'
300413,,,,module 'akshare' has no attribute 'stock_profile_sina'
300414,,,,module 'akshare' has no attribute 'stock_profile_sina'
300415,,,,module 'akshare' has no attribute 'stock_profile_sina'
300416,,,,module 'akshare' has no attribute 'stock_profile_sina'
300417,,,,module 'akshare' has no attribute 'stock_profile_sina'
300418,,,,module 'akshare' has no attribute 'stock_profile_sina'
300419,,,,module 'akshare' has no attribute 'stock_profile_sina'
300420,,,,module 'akshare' has no attribute 'stock_profile_sina'
300421,,,,module 'akshare' has no attribute 'stock_profile_sina'
300422,,,,module 'akshare' has no attribute 'stock_profile_sina'
300423,,,,module 'akshare' has no attribute 'stock_profile_sina'
300424,,,,module 'akshare' has no attribute 'stock_profile_sina'
300425,,,,module 'akshare' has no attribute 'stock_profile_sina'
300426,,,,module 'akshare' has no attribute 'stock_profile_sina'
300427,,,,module 'akshare' has no attribute 'stock_profile_sina'
300428,,,,module 'akshare' has no attribute 'stock_profile_sina'
300429,,,,module 'akshare' has no attribute 'stock_profile_sina'
300430,,,,module 'akshare' has no attribute 'stock_profile_sina'
300432,,,,module 'akshare' has no attribute 'stock_profile_sina'
300433,,,,module 'akshare' has no attribute 'stock_profile_sina'
300434,,,,module 'akshare' has no attribute 'stock_profile_sina'
300435,,,,module 'akshare' has no attribute 'stock_profile_sina'
300436,,,,module 'akshare' has no attribute 'stock_profile_sina'
300437,,,,module 'akshare' has no attribute 'stock_profile_sina'
300438,,,,module 'akshare' has no attribute 'stock_profile_sina'
300439,,,,module 'akshare' has no attribute 'stock_profile_sina'
300440,,,,module 'akshare' has no attribute 'stock_profile_sina'
300441,,,,module 'akshare' has no attribute 'stock_profile_sina'
300442,,,,module 'akshare' has no attribute 'stock_profile_sina'
300443,,,,module 'akshare' has no attribute 'stock_profile_sina'
300444,,,,module 'akshare' has no attribute 'stock_profile_sina'
300445,,,,module 'akshare' has no attribute 'stock_profile_sina'
300446,,,,module 'akshare' has no attribute 'stock_profile_sina'
300447,,,,module 'akshare' has no attribute 'stock_profile_sina'
300448,,,,module 'akshare' has no attribute 'stock_profile_sina'
300449,,,,module 'akshare' has no attribute 'stock_profile_sina'
300450,,,,module 'akshare' has no attribute 'stock_profile_sina'
300451,,,,module 'akshare' has no attribute 'stock_profile_sina'
300452,,,,module 'akshare' has no attribute 'stock_profile_sina'
300453,,,,module 'akshare' has no attribute 'stock_profile_sina'
300454,,,,module 'akshare' has no attribute 'stock_profile_sina'
300455,,,,module 'akshare' has no attribute 'stock_profile_sina'
300456,,,,module 'akshare' has no attribute 'stock_profile_sina'
300457,,,,module 'akshare' has no attribute 'stock_profile_sina'
300458,,,,module 'akshare' has no attribute 'stock_profile_sina'
300459,,,,module 'akshare' has no attribute 'stock_profile_sina'
300460,,,,module 'akshare' has no attribute 'stock_profile_sina'
300461,,,,module 'akshare' has no attribute 'stock_profile_sina'
300462,,,,module 'akshare' has no attribute 'stock_profile_sina'
300463,,,,module 'akshare' has no attribute 'stock_profile_sina'
300464,,,,module 'akshare' has no attribute 'stock_profile_sina'
300465,,,,module 'akshare' has no attribute 'stock_profile_sina'
300466,,,,module 'akshare' has no attribute 'stock_profile_sina'
300467,,,,module 'akshare' has no attribute 'stock_profile_sina'
300468,,,,module 'akshare' has no attribute 'stock_profile_sina'
300469,,,,module 'akshare' has no attribute 'stock_profile_sina'
300470,,,,module 'akshare' has no attribute 'stock_profile_sina'
300471,,,,module 'akshare' has no attribute 'stock_profile_sina'
300472,,,,module 'akshare' has no attribute 'stock_profile_sina'
300473,,,,module 'akshare' has no attribute 'stock_profile_sina'
300474,,,,module 'akshare' has no attribute 'stock_profile_sina'
300475,,,,module 'akshare' has no attribute 'stock_profile_sina'
300476,,,,module 'akshare' has no attribute 'stock_profile_sina'
300477,,,,module 'akshare' has no attribute 'stock_profile_sina'
300478,,,,module 'akshare' has no attribute 'stock_profile_sina'
300479,,,,module 'akshare' has no attribute 'stock_profile_sina'
300480,,,,module 'akshare' has no attribute 'stock_profile_sina'
300481,,,,module 'akshare' has no attribute 'stock_profile_sina'
300482,,,,module 'akshare' has no attribute 'stock_profile_sina'
300483,,,,module 'akshare' has no attribute 'stock_profile_sina'
300484,,,,module 'akshare' has no attribute 'stock_profile_sina'
300485,,,,module 'akshare' has no attribute 'stock_profile_sina'
300486,,,,module 'akshare' has no attribute 'stock_profile_sina'
300487,,,,module 'akshare' has no attribute 'stock_profile_sina'
300488,,,,module 'akshare' has no attribute 'stock_profile_sina'
300489,,,,module 'akshare' has no attribute 'stock_profile_sina'
300490,,,,module 'akshare' has no attribute 'stock_profile_sina'
300491,,,,module 'akshare' has no attribute 'stock_profile_sina'
300492,,,,module 'akshare' has no attribute 'stock_profile_sina'
300493,,,,module 'akshare' has no attribute 'stock_profile_sina'
300494,,,,module 'akshare' has no attribute 'stock_profile_sina'
300496,,,,module 'akshare' has no attribute 'stock_profile_sina'
300497,,,,module 'akshare' has no attribute 'stock_profile_sina'
300498,,,,module 'akshare' has no attribute 'stock_profile_sina'
300499,,,,module 'akshare' has no attribute 'stock_profile_sina'
300500,,,,module 'akshare' has no attribute 'stock_profile_sina'
300501,,,,module 'akshare' has no attribute 'stock_profile_sina'
300502,,,,module 'akshare' has no attribute 'stock_profile_sina'
300503,,,,module 'akshare' has no attribute 'stock_profile_sina'
300504,,,,module 'akshare' has no attribute 'stock_profile_sina'
300505,,,,module 'akshare' has no attribute 'stock_profile_sina'
300506,,,,module 'akshare' has no attribute 'stock_profile_sina'
300507,,,,module 'akshare' has no attribute 'stock_profile_sina'
300508,,,,module 'akshare' has no attribute 'stock_profile_sina'
300509,,,,module 'akshare' has no attribute 'stock_profile_sina'
300510,,,,module 'akshare' has no attribute 'stock_profile_sina'
300511,,,,module 'akshare' has no attribute 'stock_profile_sina'
300512,,,,module 'akshare' has no attribute 'stock_profile_sina'
300513,,,,module 'akshare' has no attribute 'stock_profile_sina'
300514,,,,module 'akshare' has no attribute 'stock_profile_sina'
300515,,,,module 'akshare' has no attribute 'stock_profile_sina'
300516,,,,module 'akshare' has no attribute 'stock_profile_sina'
300517,,,,module 'akshare' has no attribute 'stock_profile_sina'
300518,,,,module 'akshare' has no attribute 'stock_profile_sina'
300519,,,,module 'akshare' has no attribute 'stock_profile_sina'
300520,,,,module 'akshare' has no attribute 'stock_profile_sina'
300521,,,,module 'akshare' has no attribute 'stock_profile_sina'
300522,,,,module 'akshare' has no attribute 'stock_profile_sina'
300523,,,,module 'akshare' has no attribute 'stock_profile_sina'
300525,,,,module 'akshare' has no attribute 'stock_profile_sina'
300527,,,,module 'akshare' has no attribute 'stock_profile_sina'
300528,,,,module 'akshare' has no attribute 'stock_profile_sina'
300529,,,,module 'akshare' has no attribute 'stock_profile_sina'
300530,,,,module 'akshare' has no attribute 'stock_profile_sina'
300531,,,,module 'akshare' has no attribute 'stock_profile_sina'
300532,,,,module 'akshare' has no attribute 'stock_profile_sina'
300533,,,,module 'akshare' has no attribute 'stock_profile_sina'
300534,,,,module 'akshare' has no attribute 'stock_profile_sina'
300535,,,,module 'akshare' has no attribute 'stock_profile_sina'
300536,,,,module 'akshare' has no attribute 'stock_profile_sina'
300537,,,,module 'akshare' has no attribute 'stock_profile_sina'
300538,,,,module 'akshare' has no attribute 'stock_profile_sina'
300539,,,,module 'akshare' has no attribute 'stock_profile_sina'
300540,,,,module 'akshare' has no attribute 'stock_profile_sina'
300541,,,,module 'akshare' has no attribute 'stock_profile_sina'
300542,,,,module 'akshare' has no attribute 'stock_profile_sina'
300543,,,,module 'akshare' has no attribute 'stock_profile_sina'
300545,,,,module 'akshare' has no attribute 'stock_profile_sina'
300546,,,,module 'akshare' has no attribute 'stock_profile_sina'
300547,,,,module 'akshare' has no attribute 'stock_profile_sina'
300548,,,,module 'akshare' has no attribute 'stock_profile_sina'
300549,,,,module 'akshare' has no attribute 'stock_profile_sina'
300550,,,,module 'akshare' has no attribute 'stock_profile_sina'
300551,,,,module 'akshare' has no attribute 'stock_profile_sina'
300552,,,,module 'akshare' has no attribute 'stock_profile_sina'
300553,,,,module 'akshare' has no attribute 'stock_profile_sina'
300554,,,,module 'akshare' has no attribute 'stock_profile_sina'
300555,,,,module 'akshare' has no attribute 'stock_profile_sina'
300556,,,,module 'akshare' has no attribute 'stock_profile_sina'
300557,,,,module 'akshare' has no attribute 'stock_profile_sina'
300558,,,,module 'akshare' has no attribute 'stock_profile_sina'
300559,,,,module 'akshare' has no attribute 'stock_profile_sina'
300560,,,,module 'akshare' has no attribute 'stock_profile_sina'
300561,,,,module 'akshare' has no attribute 'stock_profile_sina'
300562,,,,module 'akshare' has no attribute 'stock_profile_sina'
300563,,,,module 'akshare' has no attribute 'stock_profile_sina'
300564,,,,module 'akshare' has no attribute 'stock_profile_sina'
300565,,,,module 'akshare' has no attribute 'stock_profile_sina'
300566,,,,module 'akshare' has no attribute 'stock_profile_sina'
300567,,,,module 'akshare' has no attribute 'stock_profile_sina'
300568,,,,module 'akshare' has no attribute 'stock_profile_sina'
300569,,,,module 'akshare' has no attribute 'stock_profile_sina'
300570,,,,module 'akshare' has no attribute 'stock_profile_sina'
300571,,,,module 'akshare' has no attribute 'stock_profile_sina'
300572,,,,module 'akshare' has no attribute 'stock_profile_sina'
300573,,,,module 'akshare' has no attribute 'stock_profile_sina'
300575,,,,module 'akshare' has no attribute 'stock_profile_sina'
300576,,,,module 'akshare' has no attribute 'stock_profile_sina'
300577,,,,module 'akshare' has no attribute 'stock_profile_sina'
300578,,,,module 'akshare' has no attribute 'stock_profile_sina'
300579,,,,module 'akshare' has no attribute 'stock_profile_sina'
300580,,,,module 'akshare' has no attribute 'stock_profile_sina'
300581,,,,module 'akshare' has no attribute 'stock_profile_sina'
300582,,,,module 'akshare' has no attribute 'stock_profile_sina'
300583,,,,module 'akshare' has no attribute 'stock_profile_sina'
300584,,,,module 'akshare' has no attribute 'stock_profile_sina'
300585,,,,module 'akshare' has no attribute 'stock_profile_sina'
300586,,,,module 'akshare' has no attribute 'stock_profile_sina'
300587,,,,module 'akshare' has no attribute 'stock_profile_sina'
300588,,,,module 'akshare' has no attribute 'stock_profile_sina'
300589,,,,module 'akshare' has no attribute 'stock_profile_sina'
300590,,,,module 'akshare' has no attribute 'stock_profile_sina'
300591,,,,module 'akshare' has no attribute 'stock_profile_sina'
300592,,,,module 'akshare' has no attribute 'stock_profile_sina'
300593,,,,module 'akshare' has no attribute 'stock_profile_sina'
300594,,,,module 'akshare' has no attribute 'stock_profile_sina'
300595,,,,module 'akshare' has no attribute 'stock_profile_sina'
300596,,,,module 'akshare' has no attribute 'stock_profile_sina'
300597,,,,module 'akshare' has no attribute 'stock_profile_sina'
300598,,,,module 'akshare' has no attribute 'stock_profile_sina'
300599,,,,module 'akshare' has no attribute 'stock_profile_sina'
300600,,,,module 'akshare' has no attribute 'stock_profile_sina'
300601,,,,module 'akshare' has no attribute 'stock_profile_sina'
300602,,,,module 'akshare' has no attribute 'stock_profile_sina'
300603,,,,module 'akshare' has no attribute 'stock_profile_sina'
300604,,,,module 'akshare' has no attribute 'stock_profile_sina'
300605,,,,module 'akshare' has no attribute 'stock_profile_sina'
300606,,,,module 'akshare' has no attribute 'stock_profile_sina'
300607,,,,module 'akshare' has no attribute 'stock_profile_sina'
300608,,,,module 'akshare' has no attribute 'stock_profile_sina'
300609,,,,module 'akshare' has no attribute 'stock_profile_sina'
300610,,,,module 'akshare' has no attribute 'stock_profile_sina'
300611,,,,module 'akshare' has no attribute 'stock_profile_sina'
300612,,,,module 'akshare' has no attribute 'stock_profile_sina'
300613,,,,module 'akshare' has no attribute 'stock_profile_sina'
300614,,,,module 'akshare' has no attribute 'stock_profile_sina'
300615,,,,module 'akshare' has no attribute 'stock_profile_sina'
300616,,,,module 'akshare' has no attribute 'stock_profile_sina'
300617,,,,module 'akshare' has no attribute 'stock_profile_sina'
300618,,,,module 'akshare' has no attribute 'stock_profile_sina'
300619,,,,module 'akshare' has no attribute 'stock_profile_sina'
300620,,,,module 'akshare' has no attribute 'stock_profile_sina'
300621,,,,module 'akshare' has no attribute 'stock_profile_sina'
300622,,,,module 'akshare' has no attribute 'stock_profile_sina'
300623,,,,module 'akshare' has no attribute 'stock_profile_sina'
300624,,,,module 'akshare' has no attribute 'stock_profile_sina'
300625,,,,module 'akshare' has no attribute 'stock_profile_sina'
300626,,,,module 'akshare' has no attribute 'stock_profile_sina'
300627,,,,module 'akshare' has no attribute 'stock_profile_sina'
300628,,,,module 'akshare' has no attribute 'stock_profile_sina'
300629,,,,module 'akshare' has no attribute 'stock_profile_sina'
300631,,,,module 'akshare' has no attribute 'stock_profile_sina'
300632,,,,module 'akshare' has no attribute 'stock_profile_sina'
300633,,,,module 'akshare' has no attribute 'stock_profile_sina'
300634,,,,module 'akshare' has no attribute 'stock_profile_sina'
300635,,,,module 'akshare' has no attribute 'stock_profile_sina'
300636,,,,module 'akshare' has no attribute 'stock_profile_sina'
300637,,,,module 'akshare' has no attribute 'stock_profile_sina'
300638,,,,module 'akshare' has no attribute 'stock_profile_sina'
300639,,,,module 'akshare' has no attribute 'stock_profile_sina'
300640,,,,module 'akshare' has no attribute 'stock_profile_sina'
300641,,,,module 'akshare' has no attribute 'stock_profile_sina'
300642,,,,module 'akshare' has no attribute 'stock_profile_sina'
300643,,,,module 'akshare' has no attribute 'stock_profile_sina'
300644,,,,module 'akshare' has no attribute 'stock_profile_sina'
300645,,,,module 'akshare' has no attribute 'stock_profile_sina'
300647,,,,module 'akshare' has no attribute 'stock_profile_sina'
300648,,,,module 'akshare' has no attribute 'stock_profile_sina'
300649,,,,module 'akshare' has no attribute 'stock_profile_sina'
300650,,,,module 'akshare' has no attribute 'stock_profile_sina'
300651,,,,module 'akshare' has no attribute 'stock_profile_sina'
300652,,,,module 'akshare' has no attribute 'stock_profile_sina'
300653,,,,module 'akshare' has no attribute 'stock_profile_sina'
300654,,,,module 'akshare' has no attribute 'stock_profile_sina'
300655,,,,module 'akshare' has no attribute 'stock_profile_sina'
300656,,,,module 'akshare' has no attribute 'stock_profile_sina'
300657,,,,module 'akshare' has no attribute 'stock_profile_sina'
300658,,,,module 'akshare' has no attribute 'stock_profile_sina'
300659,,,,module 'akshare' has no attribute 'stock_profile_sina'
300660,,,,module 'akshare' has no attribute 'stock_profile_sina'
300661,,,,module 'akshare' has no attribute 'stock_profile_sina'
300662,,,,module 'akshare' has no attribute 'stock_profile_sina'
300663,,,,module 'akshare' has no attribute 'stock_profile_sina'
300664,,,,module 'akshare' has no attribute 'stock_profile_sina'
300665,,,,module 'akshare' has no attribute 'stock_profile_sina'
300666,,,,module 'akshare' has no attribute 'stock_profile_sina'
300667,,,,module 'akshare' has no attribute 'stock_profile_sina'
300668,,,,module 'akshare' has no attribute 'stock_profile_sina'
300669,,,,module 'akshare' has no attribute 'stock_profile_sina'
300670,,,,module 'akshare' has no attribute 'stock_profile_sina'
300671,,,,module 'akshare' has no attribute 'stock_profile_sina'
300672,,,,module 'akshare' has no attribute 'stock_profile_sina'
300673,,,,module 'akshare' has no attribute 'stock_profile_sina'
300674,,,,module 'akshare' has no attribute 'stock_profile_sina'
300675,,,,module 'akshare' has no attribute 'stock_profile_sina'
300676,,,,module 'akshare' has no attribute 'stock_profile_sina'
300677,,,,module 'akshare' has no attribute 'stock_profile_sina'
300678,,,,module 'akshare' has no attribute 'stock_profile_sina'
300679,,,,module 'akshare' has no attribute 'stock_profile_sina'
300680,,,,module 'akshare' has no attribute 'stock_profile_sina'
300681,,,,module 'akshare' has no attribute 'stock_profile_sina'
300682,,,,module 'akshare' has no attribute 'stock_profile_sina'
300683,,,,module 'akshare' has no attribute 'stock_profile_sina'
300684,,,,module 'akshare' has no attribute 'stock_profile_sina'
300685,,,,module 'akshare' has no attribute 'stock_profile_sina'
300686,,,,module 'akshare' has no attribute 'stock_profile_sina'
300687,,,,module 'akshare' has no attribute 'stock_profile_sina'
300688,,,,module 'akshare' has no attribute 'stock_profile_sina'
300689,,,,module 'akshare' has no attribute 'stock_profile_sina'
300690,,,,module 'akshare' has no attribute 'stock_profile_sina'
300691,,,,module 'akshare' has no attribute 'stock_profile_sina'
300692,,,,module 'akshare' has no attribute 'stock_profile_sina'
300693,,,,module 'akshare' has no attribute 'stock_profile_sina'
300694,,,,module 'akshare' has no attribute 'stock_profile_sina'
300695,,,,module 'akshare' has no attribute 'stock_profile_sina'
300696,,,,module 'akshare' has no attribute 'stock_profile_sina'
300697,,,,module 'akshare' has no attribute 'stock_profile_sina'
300698,,,,module 'akshare' has no attribute 'stock_profile_sina'
300699,,,,module 'akshare' has no attribute 'stock_profile_sina'
300700,,,,module 'akshare' has no attribute 'stock_profile_sina'
300701,,,,module 'akshare' has no attribute 'stock_profile_sina'
300702,,,,module 'akshare' has no attribute 'stock_profile_sina'
300703,,,,module 'akshare' has no attribute 'stock_profile_sina'
300705,,,,module 'akshare' has no attribute 'stock_profile_sina'
300706,,,,module 'akshare' has no attribute 'stock_profile_sina'
300707,,,,module 'akshare' has no attribute 'stock_profile_sina'
300708,,,,module 'akshare' has no attribute 'stock_profile_sina'
300709,,,,module 'akshare' has no attribute 'stock_profile_sina'
300710,,,,module 'akshare' has no attribute 'stock_profile_sina'
300711,,,,module 'akshare' has no attribute 'stock_profile_sina'
300712,,,,module 'akshare' has no attribute 'stock_profile_sina'
300713,,,,module 'akshare' has no attribute 'stock_profile_sina'
300715,,,,module 'akshare' has no attribute 'stock_profile_sina'
300716,,,,module 'akshare' has no attribute 'stock_profile_sina'
300717,,,,module 'akshare' has no attribute 'stock_profile_sina'
300718,,,,module 'akshare' has no attribute 'stock_profile_sina'
300719,,,,module 'akshare' has no attribute 'stock_profile_sina'
300720,,,,module 'akshare' has no attribute 'stock_profile_sina'
300721,,,,module 'akshare' has no attribute 'stock_profile_sina'
300722,,,,module 'akshare' has no attribute 'stock_profile_sina'
300723,,,,module 'akshare' has no attribute 'stock_profile_sina'
300724,,,,module 'akshare' has no attribute 'stock_profile_sina'
300725,,,,module 'akshare' has no attribute 'stock_profile_sina'
300726,,,,module 'akshare' has no attribute 'stock_profile_sina'
300727,,,,module 'akshare' has no attribute 'stock_profile_sina'
300729,,,,module 'akshare' has no attribute 'stock_profile_sina'
300730,,,,module 'akshare' has no attribute 'stock_profile_sina'
300731,,,,module 'akshare' has no attribute 'stock_profile_sina'
300732,,,,module 'akshare' has no attribute 'stock_profile_sina'
300733,,,,module 'akshare' has no attribute 'stock_profile_sina'
300735,,,,module 'akshare' has no attribute 'stock_profile_sina'
300736,,,,module 'akshare' has no attribute 'stock_profile_sina'
300737,,,,module 'akshare' has no attribute 'stock_profile_sina'
300738,,,,module 'akshare' has no attribute 'stock_profile_sina'
300739,,,,module 'akshare' has no attribute 'stock_profile_sina'
300740,,,,module 'akshare' has no attribute 'stock_profile_sina'
300741,,,,module 'akshare' has no attribute 'stock_profile_sina'
300743,,,,module 'akshare' has no attribute 'stock_profile_sina'
300745,,,,module 'akshare' has no attribute 'stock_profile_sina'
300746,,,,module 'akshare' has no attribute 'stock_profile_sina'
300747,,,,module 'akshare' has no attribute 'stock_profile_sina'
300748,,,,module 'akshare' has no attribute 'stock_profile_sina'
300749,,,,module 'akshare' has no attribute 'stock_profile_sina'
300750,,,,module 'akshare' has no attribute 'stock_profile_sina'
300751,,,,module 'akshare' has no attribute 'stock_profile_sina'
300752,,,,module 'akshare' has no attribute 'stock_profile_sina'
300753,,,,module 'akshare' has no attribute 'stock_profile_sina'
300755,,,,module 'akshare' has no attribute 'stock_profile_sina'
300756,,,,module 'akshare' has no attribute 'stock_profile_sina'
300757,,,,module 'akshare' has no attribute 'stock_profile_sina'
300758,,,,module 'akshare' has no attribute 'stock_profile_sina'
300759,,,,module 'akshare' has no attribute 'stock_profile_sina'
300760,,,,module 'akshare' has no attribute 'stock_profile_sina'
300761,,,,module 'akshare' has no attribute 'stock_profile_sina'
300762,,,,module 'akshare' has no attribute 'stock_profile_sina'
300763,,,,module 'akshare' has no attribute 'stock_profile_sina'
300765,,,,module 'akshare' has no attribute 'stock_profile_sina'
300766,,,,module 'akshare' has no attribute 'stock_profile_sina'
300767,,,,module 'akshare' has no attribute 'stock_profile_sina'
300768,,,,module 'akshare' has no attribute 'stock_profile_sina'
300769,,,,module 'akshare' has no attribute 'stock_profile_sina'
300770,,,,module 'akshare' has no attribute 'stock_profile_sina'
300771,,,,module 'akshare' has no attribute 'stock_profile_sina'
300772,,,,module 'akshare' has no attribute 'stock_profile_sina'
300773,,,,module 'akshare' has no attribute 'stock_profile_sina'
300774,,,,module 'akshare' has no attribute 'stock_profile_sina'
300775,,,,module 'akshare' has no attribute 'stock_profile_sina'
300776,,,,module 'akshare' has no attribute 'stock_profile_sina'
300777,,,,module 'akshare' has no attribute 'stock_profile_sina'
300778,,,,module 'akshare' has no attribute 'stock_profile_sina'
300779,,,,module 'akshare' has no attribute 'stock_profile_sina'
300780,,,,module 'akshare' has no attribute 'stock_profile_sina'
300781,,,,module 'akshare' has no attribute 'stock_profile_sina'
300782,,,,module 'akshare' has no attribute 'stock_profile_sina'
300783,,,,module 'akshare' has no attribute 'stock_profile_sina'
300784,,,,module 'akshare' has no attribute 'stock_profile_sina'
300785,,,,module 'akshare' has no attribute 'stock_profile_sina'
300786,,,,module 'akshare' has no attribute 'stock_profile_sina'
300787,,,,module 'akshare' has no attribute 'stock_profile_sina'
300788,,,,module 'akshare' has no attribute 'stock_profile_sina'
300789,,,,module 'akshare' has no attribute 'stock_profile_sina'
300790,,,,module 'akshare' has no attribute 'stock_profile_sina'
300791,,,,module 'akshare' has no attribute 'stock_profile_sina'
300792,,,,module 'akshare' has no attribute 'stock_profile_sina'
300793,,,,module 'akshare' has no attribute 'stock_profile_sina'
300795,,,,module 'akshare' has no attribute 'stock_profile_sina'
300796,,,,module 'akshare' has no attribute 'stock_profile_sina'
300797,,,,module 'akshare' has no attribute 'stock_profile_sina'
300798,,,,module 'akshare' has no attribute 'stock_profile_sina'
300800,,,,module 'akshare' has no attribute 'stock_profile_sina'
300801,,,,module 'akshare' has no attribute 'stock_profile_sina'
300802,,,,module 'akshare' has no attribute 'stock_profile_sina'
300803,,,,module 'akshare' has no attribute 'stock_profile_sina'
300804,,,,module 'akshare' has no attribute 'stock_profile_sina'
300805,,,,module 'akshare' has no attribute 'stock_profile_sina'
300806,,,,module 'akshare' has no attribute 'stock_profile_sina'
300807,,,,module 'akshare' has no attribute 'stock_profile_sina'
300808,,,,module 'akshare' has no attribute 'stock_profile_sina'
300809,,,,module 'akshare' has no attribute 'stock_profile_sina'
300810,,,,module 'akshare' has no attribute 'stock_profile_sina'
300811,,,,module 'akshare' has no attribute 'stock_profile_sina'
300812,,,,module 'akshare' has no attribute 'stock_profile_sina'
300813,,,,module 'akshare' has no attribute 'stock_profile_sina'
300814,,,,module 'akshare' has no attribute 'stock_profile_sina'
300815,,,,module 'akshare' has no attribute 'stock_profile_sina'
300816,,,,module 'akshare' has no attribute 'stock_profile_sina'
300817,,,,module 'akshare' has no attribute 'stock_profile_sina'
300818,,,,module 'akshare' has no attribute 'stock_profile_sina'
300819,,,,module 'akshare' has no attribute 'stock_profile_sina'
300820,,,,module 'akshare' has no attribute 'stock_profile_sina'
300821,,,,module 'akshare' has no attribute 'stock_profile_sina'
300822,,,,module 'akshare' has no attribute 'stock_profile_sina'
300823,,,,module 'akshare' has no attribute 'stock_profile_sina'
300824,,,,module 'akshare' has no attribute 'stock_profile_sina'
300825,,,,module 'akshare' has no attribute 'stock_profile_sina'
300826,,,,module 'akshare' has no attribute 'stock_profile_sina'
300827,,,,module 'akshare' has no attribute 'stock_profile_sina'
300828,,,,module 'akshare' has no attribute 'stock_profile_sina'
300829,,,,module 'akshare' has no attribute 'stock_profile_sina'
300830,,,,module 'akshare' has no attribute 'stock_profile_sina'
300831,,,,module 'akshare' has no attribute 'stock_profile_sina'
300832,,,,module 'akshare' has no attribute 'stock_profile_sina'
300833,,,,module 'akshare' has no attribute 'stock_profile_sina'
300834,,,,module 'akshare' has no attribute 'stock_profile_sina'
300835,,,,module 'akshare' has no attribute 'stock_profile_sina'
300836,,,,module 'akshare' has no attribute 'stock_profile_sina'
300837,,,,module 'akshare' has no attribute 'stock_profile_sina'
300838,,,,module 'akshare' has no attribute 'stock_profile_sina'
300839,,,,module 'akshare' has no attribute 'stock_profile_sina'
300840,,,,module 'akshare' has no attribute 'stock_profile_sina'
300841,,,,module 'akshare' has no attribute 'stock_profile_sina'
300842,,,,module 'akshare' has no attribute 'stock_profile_sina'
300843,,,,module 'akshare' has no attribute 'stock_profile_sina'
300844,,,,module 'akshare' has no attribute 'stock_profile_sina'
300845,,,,module 'akshare' has no attribute 'stock_profile_sina'
300846,,,,module 'akshare' has no attribute 'stock_profile_sina'
300847,,,,module 'akshare' has no attribute 'stock_profile_sina'
300848,,,,module 'akshare' has no attribute 'stock_profile_sina'
300849,,,,module 'akshare' has no attribute 'stock_profile_sina'
300850,,,,module 'akshare' has no attribute 'stock_profile_sina'
300851,,,,module 'akshare' has no attribute 'stock_profile_sina'
300852,,,,module 'akshare' has no attribute 'stock_profile_sina'
300853,,,,module 'akshare' has no attribute 'stock_profile_sina'
300854,,,,module 'akshare' has no attribute 'stock_profile_sina'
300855,,,,module 'akshare' has no attribute 'stock_profile_sina'
300856,,,,module 'akshare' has no attribute 'stock_profile_sina'
300857,,,,module 'akshare' has no attribute 'stock_profile_sina'
300858,,,,module 'akshare' has no attribute 'stock_profile_sina'
300859,,,,module 'akshare' has no attribute 'stock_profile_sina'
300860,,,,module 'akshare' has no attribute 'stock_profile_sina'
300861,,,,module 'akshare' has no attribute 'stock_profile_sina'
300862,,,,module 'akshare' has no attribute 'stock_profile_sina'
300863,,,,module 'akshare' has no attribute 'stock_profile_sina'
300864,,,,module 'akshare' has no attribute 'stock_profile_sina'
300865,,,,module 'akshare' has no attribute 'stock_profile_sina'
300866,,,,module 'akshare' has no attribute 'stock_profile_sina'
300867,,,,module 'akshare' has no attribute 'stock_profile_sina'
300868,,,,module 'akshare' has no attribute 'stock_profile_sina'
300869,,,,module 'akshare' has no attribute 'stock_profile_sina'
300870,,,,module 'akshare' has no attribute 'stock_profile_sina'
300871,,,,module 'akshare' has no attribute 'stock_profile_sina'
300872,,,,module 'akshare' has no attribute 'stock_profile_sina'
300873,,,,module 'akshare' has no attribute 'stock_profile_sina'
300875,,,,module 'akshare' has no attribute 'stock_profile_sina'
300876,,,,module 'akshare' has no attribute 'stock_profile_sina'
300877,,,,module 'akshare' has no attribute 'stock_profile_sina'
300878,,,,module 'akshare' has no attribute 'stock_profile_sina'
300879,,,,module 'akshare' has no attribute 'stock_profile_sina'
300880,,,,module 'akshare' has no attribute 'stock_profile_sina'
300881,,,,module 'akshare' has no attribute 'stock_profile_sina'
300882,,,,module 'akshare' has no attribute 'stock_profile_sina'
300883,,,,module 'akshare' has no attribute 'stock_profile_sina'
300884,,,,module 'akshare' has no attribute 'stock_profile_sina'
300885,,,,module 'akshare' has no attribute 'stock_profile_sina'
300886,,,,module 'akshare' has no attribute 'stock_profile_sina'
300887,,,,module 'akshare' has no attribute 'stock_profile_sina'
300888,,,,module 'akshare' has no attribute 'stock_profile_sina'
300889,,,,module 'akshare' has no attribute 'stock_profile_sina'
300890,,,,module 'akshare' has no attribute 'stock_profile_sina'
300891,,,,module 'akshare' has no attribute 'stock_profile_sina'
300892,,,,module 'akshare' has no attribute 'stock_profile_sina'
300893,,,,module 'akshare' has no attribute 'stock_profile_sina'
300894,,,,module 'akshare' has no attribute 'stock_profile_sina'
300895,,,,module 'akshare' has no attribute 'stock_profile_sina'
300896,,,,module 'akshare' has no attribute 'stock_profile_sina'
300897,,,,module 'akshare' has no attribute 'stock_profile_sina'
300898,,,,module 'akshare' has no attribute 'stock_profile_sina'
300899,,,,module 'akshare' has no attribute 'stock_profile_sina'
300900,,,,module 'akshare' has no attribute 'stock_profile_sina'
300901,,,,module 'akshare' has no attribute 'stock_profile_sina'
300902,,,,module 'akshare' has no attribute 'stock_profile_sina'
300903,,,,module 'akshare' has no attribute 'stock_profile_sina'
300904,,,,module 'akshare' has no attribute 'stock_profile_sina'
300905,,,,module 'akshare' has no attribute 'stock_profile_sina'
300906,,,,module 'akshare' has no attribute 'stock_profile_sina'
300907,,,,module 'akshare' has no attribute 'stock_profile_sina'
300908,,,,module 'akshare' has no attribute 'stock_profile_sina'
300909,,,,module 'akshare' has no attribute 'stock_profile_sina'
300910,,,,module 'akshare' has no attribute 'stock_profile_sina'
300911,,,,module 'akshare' has no attribute 'stock_profile_sina'
300912,,,,module 'akshare' has no attribute 'stock_profile_sina'
300913,,,,module 'akshare' has no attribute 'stock_profile_sina'
300915,,,,module 'akshare' has no attribute 'stock_profile_sina'
300916,,,,module 'akshare' has no attribute 'stock_profile_sina'
300917,,,,module 'akshare' has no attribute 'stock_profile_sina'
300918,,,,module 'akshare' has no attribute 'stock_profile_sina'
300919,,,,module 'akshare' has no attribute 'stock_profile_sina'
300920,,,,module 'akshare' has no attribute 'stock_profile_sina'
300921,,,,module 'akshare' has no attribute 'stock_profile_sina'
300922,,,,module 'akshare' has no attribute 'stock_profile_sina'
300923,,,,module 'akshare' has no attribute 'stock_profile_sina'
300925,,,,module 'akshare' has no attribute 'stock_profile_sina'
300926,,,,module 'akshare' has no attribute 'stock_profile_sina'
300927,,,,module 'akshare' has no attribute 'stock_profile_sina'
300928,,,,module 'akshare' has no attribute 'stock_profile_sina'
300929,,,,module 'akshare' has no attribute 'stock_profile_sina'
300930,,,,module 'akshare' has no attribute 'stock_profile_sina'
300931,,,,module 'akshare' has no attribute 'stock_profile_sina'
300932,,,,module 'akshare' has no attribute 'stock_profile_sina'
300933,,,,module 'akshare' has no attribute 'stock_profile_sina'
300935,,,,module 'akshare' has no attribute 'stock_profile_sina'
300936,,,,module 'akshare' has no attribute 'stock_profile_sina'
300937,,,,module 'akshare' has no attribute 'stock_profile_sina'
300938,,,,module 'akshare' has no attribute 'stock_profile_sina'
300939,,,,module 'akshare' has no attribute 'stock_profile_sina'
300940,,,,module 'akshare' has no attribute 'stock_profile_sina'
300941,,,,module 'akshare' has no attribute 'stock_profile_sina'
300942,,,,module 'akshare' has no attribute 'stock_profile_sina'
300943,,,,module 'akshare' has no attribute 'stock_profile_sina'
300945,,,,module 'akshare' has no attribute 'stock_profile_sina'
300946,,,,module 'akshare' has no attribute 'stock_profile_sina'
300947,,,,module 'akshare' has no attribute 'stock_profile_sina'
300948,,,,module 'akshare' has no attribute 'stock_profile_sina'
300949,,,,module 'akshare' has no attribute 'stock_profile_sina'
300950,,,,module 'akshare' has no attribute 'stock_profile_sina'
300951,,,,module 'akshare' has no attribute 'stock_profile_sina'
300952,,,,module 'akshare' has no attribute 'stock_profile_sina'
300953,,,,module 'akshare' has no attribute 'stock_profile_sina'
300955,,,,module 'akshare' has no attribute 'stock_profile_sina'
300956,,,,module 'akshare' has no attribute 'stock_profile_sina'
300957,,,,module 'akshare' has no attribute 'stock_profile_sina'
300958,,,,module 'akshare' has no attribute 'stock_profile_sina'
300959,,,,module 'akshare' has no attribute 'stock_profile_sina'
300960,,,,module 'akshare' has no attribute 'stock_profile_sina'
300961,,,,module 'akshare' has no attribute 'stock_profile_sina'
300962,,,,module 'akshare' has no attribute 'stock_profile_sina'
300963,,,,module 'akshare' has no attribute 'stock_profile_sina'
300964,,,,module 'akshare' has no attribute 'stock_profile_sina'
300965,,,,module 'akshare' has no attribute 'stock_profile_sina'
300966,,,,module 'akshare' has no attribute 'stock_profile_sina'
300967,,,,module 'akshare' has no attribute 'stock_profile_sina'
300968,,,,module 'akshare' has no attribute 'stock_profile_sina'
300969,,,,module 'akshare' has no attribute 'stock_profile_sina'
300970,,,,module 'akshare' has no attribute 'stock_profile_sina'
300971,,,,module 'akshare' has no attribute 'stock_profile_sina'
300972,,,,module 'akshare' has no attribute 'stock_profile_sina'
300973,,,,module 'akshare' has no attribute 'stock_profile_sina'
300975,,,,module 'akshare' has no attribute 'stock_profile_sina'
300976,,,,module 'akshare' has no attribute 'stock_profile_sina'
300977,,,,module 'akshare' has no attribute 'stock_profile_sina'
300978,,,,module 'akshare' has no attribute 'stock_profile_sina'
300979,,,,module 'akshare' has no attribute 'stock_profile_sina'
300980,,,,module 'akshare' has no attribute 'stock_profile_sina'
300981,,,,module 'akshare' has no attribute 'stock_profile_sina'
300982,,,,module 'akshare' has no attribute 'stock_profile_sina'
300983,,,,module 'akshare' has no attribute 'stock_profile_sina'
300984,,,,module 'akshare' has no attribute 'stock_profile_sina'
300985,,,,module 'akshare' has no attribute 'stock_profile_sina'
300986,,,,module 'akshare' has no attribute 'stock_profile_sina'
300987,,,,module 'akshare' has no attribute 'stock_profile_sina'
300988,,,,module 'akshare' has no attribute 'stock_profile_sina'
300989,,,,module 'akshare' has no attribute 'stock_profile_sina'
300990,,,,module 'akshare' has no attribute 'stock_profile_sina'
300991,,,,module 'akshare' has no attribute 'stock_profile_sina'
300992,,,,module 'akshare' has no attribute 'stock_profile_sina'
300993,,,,module 'akshare' has no attribute 'stock_profile_sina'
300994,,,,module 'akshare' has no attribute 'stock_profile_sina'
300995,,,,module 'akshare' has no attribute 'stock_profile_sina'
300996,,,,module 'akshare' has no attribute 'stock_profile_sina'
300997,,,,module 'akshare' has no attribute 'stock_profile_sina'
300998,,,,module 'akshare' has no attribute 'stock_profile_sina'
300999,,,,module 'akshare' has no attribute 'stock_profile_sina'
301000,,,,module 'akshare' has no attribute 'stock_profile_sina'
301001,,,,module 'akshare' has no attribute 'stock_profile_sina'
301002,,,,module 'akshare' has no attribute 'stock_profile_sina'
301003,,,,module 'akshare' has no attribute 'stock_profile_sina'
301004,,,,module 'akshare' has no attribute 'stock_profile_sina'
301005,,,,module 'akshare' has no attribute 'stock_profile_sina'
301006,,,,module 'akshare' has no attribute 'stock_profile_sina'
301007,,,,module 'akshare' has no attribute 'stock_profile_sina'
301008,,,,module 'akshare' has no attribute 'stock_profile_sina'
301009,,,,module 'akshare' has no attribute 'stock_profile_sina'
301010,,,,module 'akshare' has no attribute 'stock_profile_sina'
301011,,,,module 'akshare' has no attribute 'stock_profile_sina'
301012,,,,module 'akshare' has no attribute 'stock_profile_sina'
301013,,,,module 'akshare' has no attribute 'stock_profile_sina'
301015,,,,module 'akshare' has no attribute 'stock_profile_sina'
301016,,,,module 'akshare' has no attribute 'stock_profile_sina'
301017,,,,module 'akshare' has no attribute 'stock_profile_sina'
301018,,,,module 'akshare' has no attribute 'stock_profile_sina'
301019,,,,module 'akshare' has no attribute 'stock_profile_sina'
301020,,,,module 'akshare' has no attribute 'stock_profile_sina'
301021,,,,module 'akshare' has no attribute 'stock_profile_sina'
301022,,,,module 'akshare' has no attribute 'stock_profile_sina'
301023,,,,module 'akshare' has no attribute 'stock_profile_sina'
301024,,,,module 'akshare' has no attribute 'stock_profile_sina'
301025,,,,module 'akshare' has no attribute 'stock_profile_sina'
301026,,,,module 'akshare' has no attribute 'stock_profile_sina'
301027,,,,module 'akshare' has no attribute 'stock_profile_sina'
301028,,,,module 'akshare' has no attribute 'stock_profile_sina'
301029,,,,module 'akshare' has no attribute 'stock_profile_sina'
301030,,,,module 'akshare' has no attribute 'stock_profile_sina'
301031,,,,module 'akshare' has no attribute 'stock_profile_sina'
301032,,,,module 'akshare' has no attribute 'stock_profile_sina'
301033,,,,module 'akshare' has no attribute 'stock_profile_sina'
301035,,,,module 'akshare' has no attribute 'stock_profile_sina'
301036,,,,module 'akshare' has no attribute 'stock_profile_sina'
301037,,,,module 'akshare' has no attribute 'stock_profile_sina'
301038,,,,module 'akshare' has no attribute 'stock_profile_sina'
301039,,,,module 'akshare' has no attribute 'stock_profile_sina'
301040,,,,module 'akshare' has no attribute 'stock_profile_sina'
301041,,,,module 'akshare' has no attribute 'stock_profile_sina'
301042,,,,module 'akshare' has no attribute 'stock_profile_sina'
301043,,,,module 'akshare' has no attribute 'stock_profile_sina'
301045,,,,module 'akshare' has no attribute 'stock_profile_sina'
301046,,,,module 'akshare' has no attribute 'stock_profile_sina'
301047,,,,module 'akshare' has no attribute 'stock_profile_sina'
301048,,,,module 'akshare' has no attribute 'stock_profile_sina'
301049,,,,module 'akshare' has no attribute 'stock_profile_sina'
301050,,,,module 'akshare' has no attribute 'stock_profile_sina'
301051,,,,module 'akshare' has no attribute 'stock_profile_sina'
301052,,,,module 'akshare' has no attribute 'stock_profile_sina'
301053,,,,module 'akshare' has no attribute 'stock_profile_sina'
301055,,,,module 'akshare' has no attribute 'stock_profile_sina'
301056,,,,module 'akshare' has no attribute 'stock_profile_sina'
301057,,,,module 'akshare' has no attribute 'stock_profile_sina'
301058,,,,module 'akshare' has no attribute 'stock_profile_sina'
301059,,,,module 'akshare' has no attribute 'stock_profile_sina'
301060,,,,module 'akshare' has no attribute 'stock_profile_sina'
301061,,,,module 'akshare' has no attribute 'stock_profile_sina'
301062,,,,module 'akshare' has no attribute 'stock_profile_sina'
301063,,,,module 'akshare' has no attribute 'stock_profile_sina'
301065,,,,module 'akshare' has no attribute 'stock_profile_sina'
301066,,,,module 'akshare' has no attribute 'stock_profile_sina'
301067,,,,module 'akshare' has no attribute 'stock_profile_sina'
301068,,,,module 'akshare' has no attribute 'stock_profile_sina'
301069,,,,module 'akshare' has no attribute 'stock_profile_sina'
301070,,,,module 'akshare' has no attribute 'stock_profile_sina'
301071,,,,module 'akshare' has no attribute 'stock_profile_sina'
301072,,,,module 'akshare' has no attribute 'stock_profile_sina'
301073,,,,module 'akshare' has no attribute 'stock_profile_sina'
301075,,,,module 'akshare' has no attribute 'stock_profile_sina'
301076,,,,module 'akshare' has no attribute 'stock_profile_sina'
301077,,,,module 'akshare' has no attribute 'stock_profile_sina'
301078,,,,module 'akshare' has no attribute 'stock_profile_sina'
301079,,,,module 'akshare' has no attribute 'stock_profile_sina'
301080,,,,module 'akshare' has no attribute 'stock_profile_sina'
301081,,,,module 'akshare' has no attribute 'stock_profile_sina'
301082,,,,module 'akshare' has no attribute 'stock_profile_sina'
301083,,,,module 'akshare' has no attribute 'stock_profile_sina'
301085,,,,module 'akshare' has no attribute 'stock_profile_sina'
301086,,,,module 'akshare' has no attribute 'stock_profile_sina'
301087,,,,module 'akshare' has no attribute 'stock_profile_sina'
301088,,,,module 'akshare' has no attribute 'stock_profile_sina'
301089,,,,module 'akshare' has no attribute 'stock_profile_sina'
301090,,,,module 'akshare' has no attribute 'stock_profile_sina'
301091,,,,module 'akshare' has no attribute 'stock_profile_sina'
301092,,,,module 'akshare' has no attribute 'stock_profile_sina'
301093,,,,module 'akshare' has no attribute 'stock_profile_sina'
301095,,,,module 'akshare' has no attribute 'stock_profile_sina'
301096,,,,module 'akshare' has no attribute 'stock_profile_sina'
301097,,,,module 'akshare' has no attribute 'stock_profile_sina'
301098,,,,module 'akshare' has no attribute 'stock_profile_sina'
301099,,,,module 'akshare' has no attribute 'stock_profile_sina'
301100,,,,module 'akshare' has no attribute 'stock_profile_sina'
301101,,,,module 'akshare' has no attribute 'stock_profile_sina'
301102,,,,module 'akshare' has no attribute 'stock_profile_sina'
301103,,,,module 'akshare' has no attribute 'stock_profile_sina'
301105,,,,module 'akshare' has no attribute 'stock_profile_sina'
301106,,,,module 'akshare' has no attribute 'stock_profile_sina'
301107,,,,module 'akshare' has no attribute 'stock_profile_sina'
301108,,,,module 'akshare' has no attribute 'stock_profile_sina'
301109,,,,module 'akshare' has no attribute 'stock_profile_sina'
301110,,,,module 'akshare' has no attribute 'stock_profile_sina'
301111,,,,module 'akshare' has no attribute 'stock_profile_sina'
301112,,,,module 'akshare' has no attribute 'stock_profile_sina'
301113,,,,module 'akshare' has no attribute 'stock_profile_sina'
301115,,,,module 'akshare' has no attribute 'stock_profile_sina'
301116,,,,module 'akshare' has no attribute 'stock_profile_sina'
301117,,,,module 'akshare' has no attribute 'stock_profile_sina'
301118,,,,module 'akshare' has no attribute 'stock_profile_sina'
301119,,,,module 'akshare' has no attribute 'stock_profile_sina'
301120,,,,module 'akshare' has no attribute 'stock_profile_sina'
301121,,,,module 'akshare' has no attribute 'stock_profile_sina'
301122,,,,module 'akshare' has no attribute 'stock_profile_sina'
301123,,,,module 'akshare' has no attribute 'stock_profile_sina'
301125,,,,module 'akshare' has no attribute 'stock_profile_sina'
301126,,,,module 'akshare' has no attribute 'stock_profile_sina'
301127,,,,module 'akshare' has no attribute 'stock_profile_sina'
301128,,,,module 'akshare' has no attribute 'stock_profile_sina'
301129,,,,module 'akshare' has no attribute 'stock_profile_sina'
301130,,,,module 'akshare' has no attribute 'stock_profile_sina'
301131,,,,module 'akshare' has no attribute 'stock_profile_sina'
301132,,,,module 'akshare' has no attribute 'stock_profile_sina'
301133,,,,module 'akshare' has no attribute 'stock_profile_sina'
301135,,,,module 'akshare' has no attribute 'stock_profile_sina'
301136,,,,module 'akshare' has no attribute 'stock_profile_sina'
301137,,,,module 'akshare' has no attribute 'stock_profile_sina'
301138,,,,module 'akshare' has no attribute 'stock_profile_sina'
301139,,,,module 'akshare' has no attribute 'stock_profile_sina'
301141,,,,module 'akshare' has no attribute 'stock_profile_sina'
301148,,,,module 'akshare' has no attribute 'stock_profile_sina'
301149,,,,module 'akshare' has no attribute 'stock_profile_sina'
301150,,,,module 'akshare' has no attribute 'stock_profile_sina'
301151,,,,module 'akshare' has no attribute 'stock_profile_sina'
301152,,,,module 'akshare' has no attribute 'stock_profile_sina'
301153,,,,module 'akshare' has no attribute 'stock_profile_sina'
301155,,,,module 'akshare' has no attribute 'stock_profile_sina'
301156,,,,module 'akshare' has no attribute 'stock_profile_sina'
301157,,,,module 'akshare' has no attribute 'stock_profile_sina'
301158,,,,module 'akshare' has no attribute 'stock_profile_sina'
301159,,,,module 'akshare' has no attribute 'stock_profile_sina'
301160,,,,module 'akshare' has no attribute 'stock_profile_sina'
301161,,,,module 'akshare' has no attribute 'stock_profile_sina'
301162,,,,module 'akshare' has no attribute 'stock_profile_sina'
301163,,,,module 'akshare' has no attribute 'stock_profile_sina'
301165,,,,module 'akshare' has no attribute 'stock_profile_sina'
301166,,,,module 'akshare' has no attribute 'stock_profile_sina'
301167,,,,module 'akshare' has no attribute 'stock_profile_sina'
301168,,,,module 'akshare' has no attribute 'stock_profile_sina'
301169,,,,module 'akshare' has no attribute 'stock_profile_sina'
301170,,,,module 'akshare' has no attribute 'stock_profile_sina'
301171,,,,module 'akshare' has no attribute 'stock_profile_sina'
301172,,,,module 'akshare' has no attribute 'stock_profile_sina'
301173,,,,module 'akshare' has no attribute 'stock_profile_sina'
301175,,,,module 'akshare' has no attribute 'stock_profile_sina'
301176,,,,module 'akshare' has no attribute 'stock_profile_sina'
301177,,,,module 'akshare' has no attribute 'stock_profile_sina'
301178,,,,module 'akshare' has no attribute 'stock_profile_sina'
301179,,,,module 'akshare' has no attribute 'stock_profile_sina'
301180,,,,module 'akshare' has no attribute 'stock_profile_sina'
301181,,,,module 'akshare' has no attribute 'stock_profile_sina'
301182,,,,module 'akshare' has no attribute 'stock_profile_sina'
301183,,,,module 'akshare' has no attribute 'stock_profile_sina'
301185,,,,module 'akshare' has no attribute 'stock_profile_sina'
301186,,,,module 'akshare' has no attribute 'stock_profile_sina'
301187,,,,module 'akshare' has no attribute 'stock_profile_sina'
301188,,,,module 'akshare' has no attribute 'stock_profile_sina'
301189,,,,module 'akshare' has no attribute 'stock_profile_sina'
301190,,,,module 'akshare' has no attribute 'stock_profile_sina'
301191,,,,module 'akshare' has no attribute 'stock_profile_sina'
301192,,,,module 'akshare' has no attribute 'stock_profile_sina'
301193,,,,module 'akshare' has no attribute 'stock_profile_sina'
301195,,,,module 'akshare' has no attribute 'stock_profile_sina'
301196,,,,module 'akshare' has no attribute 'stock_profile_sina'
301197,,,,module 'akshare' has no attribute 'stock_profile_sina'
301198,,,,module 'akshare' has no attribute 'stock_profile_sina'
301199,,,,module 'akshare' has no attribute 'stock_profile_sina'
301200,,,,module 'akshare' has no attribute 'stock_profile_sina'
301201,,,,module 'akshare' has no attribute 'stock_profile_sina'
301202,,,,module 'akshare' has no attribute 'stock_profile_sina'
301203,,,,module 'akshare' has no attribute 'stock_profile_sina'
301205,,,,module 'akshare' has no attribute 'stock_profile_sina'
301206,,,,module 'akshare' has no attribute 'stock_profile_sina'
301207,,,,module 'akshare' has no attribute 'stock_profile_sina'
301208,,,,module 'akshare' has no attribute 'stock_profile_sina'
301209,,,,module 'akshare' has no attribute 'stock_profile_sina'
301210,,,,module 'akshare' has no attribute 'stock_profile_sina'
301211,,,,module 'akshare' has no attribute 'stock_profile_sina'
301212,,,,module 'akshare' has no attribute 'stock_profile_sina'
301213,,,,module 'akshare' has no attribute 'stock_profile_sina'
301215,,,,module 'akshare' has no attribute 'stock_profile_sina'
301216,,,,module 'akshare' has no attribute 'stock_profile_sina'
301217,,,,module 'akshare' has no attribute 'stock_profile_sina'
301218,,,,module 'akshare' has no attribute 'stock_profile_sina'
301219,,,,module 'akshare' has no attribute 'stock_profile_sina'
301220,,,,module 'akshare' has no attribute 'stock_profile_sina'
301221,,,,module 'akshare' has no attribute 'stock_profile_sina'
301222,,,,module 'akshare' has no attribute 'stock_profile_sina'
301223,,,,module 'akshare' has no attribute 'stock_profile_sina'
301225,,,,module 'akshare' has no attribute 'stock_profile_sina'
301226,,,,module 'akshare' has no attribute 'stock_profile_sina'
301227,,,,module 'akshare' has no attribute 'stock_profile_sina'
301228,,,,module 'akshare' has no attribute 'stock_profile_sina'
301229,,,,module 'akshare' has no attribute 'stock_profile_sina'
301230,,,,module 'akshare' has no attribute 'stock_profile_sina'
301231,,,,module 'akshare' has no attribute 'stock_profile_sina'
301232,,,,module 'akshare' has no attribute 'stock_profile_sina'
301233,,,,module 'akshare' has no attribute 'stock_profile_sina'
301234,,,,module 'akshare' has no attribute 'stock_profile_sina'
301235,,,,module 'akshare' has no attribute 'stock_profile_sina'
301236,,,,module 'akshare' has no attribute 'stock_profile_sina'
301237,,,,module 'akshare' has no attribute 'stock_profile_sina'
301238,,,,module 'akshare' has no attribute 'stock_profile_sina'
301239,,,,module 'akshare' has no attribute 'stock_profile_sina'
301246,,,,module 'akshare' has no attribute 'stock_profile_sina'
301248,,,,module 'akshare' has no attribute 'stock_profile_sina'
301251,,,,module 'akshare' has no attribute 'stock_profile_sina'
301252,,,,module 'akshare' has no attribute 'stock_profile_sina'
301255,,,,module 'akshare' has no attribute 'stock_profile_sina'
301256,,,,module 'akshare' has no attribute 'stock_profile_sina'
301257,,,,module 'akshare' has no attribute 'stock_profile_sina'
301258,,,,module 'akshare' has no attribute 'stock_profile_sina'
301259,,,,module 'akshare' has no attribute 'stock_profile_sina'
301260,,,,module 'akshare' has no attribute 'stock_profile_sina'
301261,,,,module 'akshare' has no attribute 'stock_profile_sina'
301262,,,,module 'akshare' has no attribute 'stock_profile_sina'
301263,,,,module 'akshare' has no attribute 'stock_profile_sina'
301265,,,,module 'akshare' has no attribute 'stock_profile_sina'
301266,,,,module 'akshare' has no attribute 'stock_profile_sina'
301267,,,,module 'akshare' has no attribute 'stock_profile_sina'
301268,,,,module 'akshare' has no attribute 'stock_profile_sina'
301269,,,,module 'akshare' has no attribute 'stock_profile_sina'
301270,,,,module 'akshare' has no attribute 'stock_profile_sina'
301272,,,,module 'akshare' has no attribute 'stock_profile_sina'
301273,,,,module 'akshare' has no attribute 'stock_profile_sina'
301275,,,,module 'akshare' has no attribute 'stock_profile_sina'
301276,,,,module 'akshare' has no attribute 'stock_profile_sina'
301277,,,,module 'akshare' has no attribute 'stock_profile_sina'
301278,,,,module 'akshare' has no attribute 'stock_profile_sina'
301279,,,,module 'akshare' has no attribute 'stock_profile_sina'
301280,,,,module 'akshare' has no attribute 'stock_profile_sina'
301281,,,,module 'akshare' has no attribute 'stock_profile_sina'
301282,,,,module 'akshare' has no attribute 'stock_profile_sina'
301283,,,,module 'akshare' has no attribute 'stock_profile_sina'
301285,,,,module 'akshare' has no attribute 'stock_profile_sina'
301286,,,,module 'akshare' has no attribute 'stock_profile_sina'
301287,,,,module 'akshare' has no attribute 'stock_profile_sina'
301288,,,,module 'akshare' has no attribute 'stock_profile_sina'
301289,,,,module 'akshare' has no attribute 'stock_profile_sina'
301290,,,,module 'akshare' has no attribute 'stock_profile_sina'
301291,,,,module 'akshare' has no attribute 'stock_profile_sina'
301292,,,,module 'akshare' has no attribute 'stock_profile_sina'
301293,,,,module 'akshare' has no attribute 'stock_profile_sina'
301295,,,,module 'akshare' has no attribute 'stock_profile_sina'
301296,,,,module 'akshare' has no attribute 'stock_profile_sina'
301297,,,,module 'akshare' has no attribute 'stock_profile_sina'
301298,,,,module 'akshare' has no attribute 'stock_profile_sina'
301299,,,,module 'akshare' has no attribute 'stock_profile_sina'
301300,,,,module 'akshare' has no attribute 'stock_profile_sina'
301301,,,,module 'akshare' has no attribute 'stock_profile_sina'
301302,,,,module 'akshare' has no attribute 'stock_profile_sina'
301303,,,,module 'akshare' has no attribute 'stock_profile_sina'
301305,,,,module 'akshare' has no attribute 'stock_profile_sina'
301306,,,,module 'akshare' has no attribute 'stock_profile_sina'
301307,,,,module 'akshare' has no attribute 'stock_profile_sina'
301308,,,,module 'akshare' has no attribute 'stock_profile_sina'
301309,,,,module 'akshare' has no attribute 'stock_profile_sina'
301310,,,,module 'akshare' has no attribute 'stock_profile_sina'
301311,,,,module 'akshare' has no attribute 'stock_profile_sina'
301312,,,,module 'akshare' has no attribute 'stock_profile_sina'
301313,,,,module 'akshare' has no attribute 'stock_profile_sina'
301314,,,,module 'akshare' has no attribute 'stock_profile_sina'
301315,,,,module 'akshare' has no attribute 'stock_profile_sina'
301316,,,,module 'akshare' has no attribute 'stock_profile_sina'
301317,,,,module 'akshare' has no attribute 'stock_profile_sina'
301318,,,,module 'akshare' has no attribute 'stock_profile_sina'
301319,,,,module 'akshare' has no attribute 'stock_profile_sina'
301320,,,,module 'akshare' has no attribute 'stock_profile_sina'
301321,,,,module 'akshare' has no attribute 'stock_profile_sina'
301322,,,,module 'akshare' has no attribute 'stock_profile_sina'
301323,,,,module 'akshare' has no attribute 'stock_profile_sina'
301325,,,,module 'akshare' has no attribute 'stock_profile_sina'
301326,,,,module 'akshare' has no attribute 'stock_profile_sina'
301327,,,,module 'akshare' has no attribute 'stock_profile_sina'
301328,,,,module 'akshare' has no attribute 'stock_profile_sina'
301329,,,,module 'akshare' has no attribute 'stock_profile_sina'
301330,,,,module 'akshare' has no attribute 'stock_profile_sina'
301331,,,,module 'akshare' has no attribute 'stock_profile_sina'
301332,,,,module 'akshare' has no attribute 'stock_profile_sina'
301333,,,,module 'akshare' has no attribute 'stock_profile_sina'
301335,,,,module 'akshare' has no attribute 'stock_profile_sina'
301336,,,,module 'akshare' has no attribute 'stock_profile_sina'
301337,,,,module 'akshare' has no attribute 'stock_profile_sina'
301338,,,,module 'akshare' has no attribute 'stock_profile_sina'
301339,,,,module 'akshare' has no attribute 'stock_profile_sina'
301345,,,,module 'akshare' has no attribute 'stock_profile_sina'
301348,,,,module 'akshare' has no attribute 'stock_profile_sina'
301349,,,,module 'akshare' has no attribute 'stock_profile_sina'
301353,,,,module 'akshare' has no attribute 'stock_profile_sina'
301355,,,,module 'akshare' has no attribute 'stock_profile_sina'
301356,,,,module 'akshare' has no attribute 'stock_profile_sina'
301357,,,,module 'akshare' has no attribute 'stock_profile_sina'
301358,,,,module 'akshare' has no attribute 'stock_profile_sina'
301359,,,,module 'akshare' has no attribute 'stock_profile_sina'
301360,,,,module 'akshare' has no attribute 'stock_profile_sina'
301361,,,,module 'akshare' has no attribute 'stock_profile_sina'
301362,,,,module 'akshare' has no attribute 'stock_profile_sina'
301363,,,,module 'akshare' has no attribute 'stock_profile_sina'
301365,,,,module 'akshare' has no attribute 'stock_profile_sina'
301366,,,,module 'akshare' has no attribute 'stock_profile_sina'
301367,,,,module 'akshare' has no attribute 'stock_profile_sina'
301368,,,,module 'akshare' has no attribute 'stock_profile_sina'
301369,,,,module 'akshare' has no attribute 'stock_profile_sina'
301370,,,,module 'akshare' has no attribute 'stock_profile_sina'
301371,,,,module 'akshare' has no attribute 'stock_profile_sina'
301372,,,,module 'akshare' has no attribute 'stock_profile_sina'
301373,,,,module 'akshare' has no attribute 'stock_profile_sina'
301376,,,,module 'akshare' has no attribute 'stock_profile_sina'
301377,,,,module 'akshare' has no attribute 'stock_profile_sina'
301378,,,,module 'akshare' has no attribute 'stock_profile_sina'
301379,,,,module 'akshare' has no attribute 'stock_profile_sina'
301380,,,,module 'akshare' has no attribute 'stock_profile_sina'
301381,,,,module 'akshare' has no attribute 'stock_profile_sina'
301382,,,,module 'akshare' has no attribute 'stock_profile_sina'
301383,,,,module 'akshare' has no attribute 'stock_profile_sina'
301386,,,,module 'akshare' has no attribute 'stock_profile_sina'
301387,,,,module 'akshare' has no attribute 'stock_profile_sina'
301388,,,,module 'akshare' has no attribute 'stock_profile_sina'
301389,,,,module 'akshare' has no attribute 'stock_profile_sina'
301390,,,,module 'akshare' has no attribute 'stock_profile_sina'
301391,,,,module 'akshare' has no attribute 'stock_profile_sina'
301392,,,,module 'akshare' has no attribute 'stock_profile_sina'
301393,,,,module 'akshare' has no attribute 'stock_profile_sina'
301395,,,,module 'akshare' has no attribute 'stock_profile_sina'
301396,,,,module 'akshare' has no attribute 'stock_profile_sina'
301397,,,,module 'akshare' has no attribute 'stock_profile_sina'
301398,,,,module 'akshare' has no attribute 'stock_profile_sina'
301399,,,,module 'akshare' has no attribute 'stock_profile_sina'
301408,,,,module 'akshare' has no attribute 'stock_profile_sina'
301413,,,,module 'akshare' has no attribute 'stock_profile_sina'
301418,,,,module 'akshare' has no attribute 'stock_profile_sina'
301419,,,,module 'akshare' has no attribute 'stock_profile_sina'
301421,,,,module 'akshare' has no attribute 'stock_profile_sina'
301428,,,,module 'akshare' has no attribute 'stock_profile_sina'
301429,,,,module 'akshare' has no attribute 'stock_profile_sina'
301439,,,,module 'akshare' has no attribute 'stock_profile_sina'
301446,,,,module 'akshare' has no attribute 'stock_profile_sina'
301448,,,,module 'akshare' has no attribute 'stock_profile_sina'
301449,,,,module 'akshare' has no attribute 'stock_profile_sina'
301456,,,,module 'akshare' has no attribute 'stock_profile_sina'
301458,,,,module 'akshare' has no attribute 'stock_profile_sina'
301459,,,,module 'akshare' has no attribute 'stock_profile_sina'
301468,,,,module 'akshare' has no attribute 'stock_profile_sina'
301469,,,,module 'akshare' has no attribute 'stock_profile_sina'
301479,,,,module 'akshare' has no attribute 'stock_profile_sina'
301486,,,,module 'akshare' has no attribute 'stock_profile_sina'
301487,,,,module 'akshare' has no attribute 'stock_profile_sina'
301488,,,,module 'akshare' has no attribute 'stock_profile_sina'
301489,,,,module 'akshare' has no attribute 'stock_profile_sina'
301491,,,,module 'akshare' has no attribute 'stock_profile_sina'
301498,,,,module 'akshare' has no attribute 'stock_profile_sina'
301499,,,,module 'akshare' has no attribute 'stock_profile_sina'
301500,,,,module 'akshare' has no attribute 'stock_profile_sina'
301501,,,,module 'akshare' has no attribute 'stock_profile_sina'
301502,,,,module 'akshare' has no attribute 'stock_profile_sina'
301503,,,,module 'akshare' has no attribute 'stock_profile_sina'
301505,,,,module 'akshare' has no attribute 'stock_profile_sina'
301507,,,,module 'akshare' has no attribute 'stock_profile_sina'
301508,,,,module 'akshare' has no attribute 'stock_profile_sina'
301509,,,,module 'akshare' has no attribute 'stock_profile_sina'
301510,,,,module 'akshare' has no attribute 'stock_profile_sina'
301511,,,,module 'akshare' has no attribute 'stock_profile_sina'
301512,,,,module 'akshare' has no attribute 'stock_profile_sina'
301515,,,,module 'akshare' has no attribute 'stock_profile_sina'
301516,,,,module 'akshare' has no attribute 'stock_profile_sina'
301517,,,,module 'akshare' has no attribute 'stock_profile_sina'
301518,,,,module 'akshare' has no attribute 'stock_profile_sina'
301519,,,,module 'akshare' has no attribute 'stock_profile_sina'
301520,,,,module 'akshare' has no attribute 'stock_profile_sina'
301522,,,,module 'akshare' has no attribute 'stock_profile_sina'
301525,,,,module 'akshare' has no attribute 'stock_profile_sina'
301526,,,,module 'akshare' has no attribute 'stock_profile_sina'
301528,,,,module 'akshare' has no attribute 'stock_profile_sina'
301529,,,,module 'akshare' has no attribute 'stock_profile_sina'
301533,,,,module 'akshare' has no attribute 'stock_profile_sina'
301535,,,,module 'akshare' has no attribute 'stock_profile_sina'
301536,,,,module 'akshare' has no attribute 'stock_profile_sina'
301538,,,,module 'akshare' has no attribute 'stock_profile_sina'
301539,,,,module 'akshare' has no attribute 'stock_profile_sina'
301548,,,,module 'akshare' has no attribute 'stock_profile_sina'
301550,,,,module 'akshare' has no attribute 'stock_profile_sina'
301551,,,,module 'akshare' has no attribute 'stock_profile_sina'
301552,,,,module 'akshare' has no attribute 'stock_profile_sina'
301555,,,,module 'akshare' has no attribute 'stock_profile_sina'
301556,,,,module 'akshare' has no attribute 'stock_profile_sina'
301557,,,,module 'akshare' has no attribute 'stock_profile_sina'
301558,,,,module 'akshare' has no attribute 'stock_profile_sina'
301559,,,,module 'akshare' has no attribute 'stock_profile_sina'
301560,,,,module 'akshare' has no attribute 'stock_profile_sina'
301563,,,,module 'akshare' has no attribute 'stock_profile_sina'
301565,,,,module 'akshare' has no attribute 'stock_profile_sina'
301566,,,,module 'akshare' has no attribute 'stock_profile_sina'
301567,,,,module 'akshare' has no attribute 'stock_profile_sina'
301568,,,,module 'akshare' has no attribute 'stock_profile_sina'
301571,,,,module 'akshare' has no attribute 'stock_profile_sina'
301575,,,,module 'akshare' has no attribute 'stock_profile_sina'
301577,,,,module 'akshare' has no attribute 'stock_profile_sina'
301578,,,,module 'akshare' has no attribute 'stock_profile_sina'
301580,,,,module 'akshare' has no attribute 'stock_profile_sina'
301581,,,,module 'akshare' has no attribute 'stock_profile_sina'
301584,,,,module 'akshare' has no attribute 'stock_profile_sina'
301585,,,,module 'akshare' has no attribute 'stock_profile_sina'
301586,,,,module 'akshare' has no attribute 'stock_profile_sina'
301587,,,,module 'akshare' has no attribute 'stock_profile_sina'
301588,,,,module 'akshare' has no attribute 'stock_profile_sina'
301589,,,,module 'akshare' has no attribute 'stock_profile_sina'
301590,,,,module 'akshare' has no attribute 'stock_profile_sina'
301591,,,,module 'akshare' has no attribute 'stock_profile_sina'
301592,,,,module 'akshare' has no attribute 'stock_profile_sina'
301595,,,,module 'akshare' has no attribute 'stock_profile_sina'
301596,,,,module 'akshare' has no attribute 'stock_profile_sina'
301598,,,,module 'akshare' has no attribute 'stock_profile_sina'
301600,,,,module 'akshare' has no attribute 'stock_profile_sina'
301601,,,,module 'akshare' has no attribute 'stock_profile_sina'
301602,,,,module 'akshare' has no attribute 'stock_profile_sina'
301603,,,,module 'akshare' has no attribute 'stock_profile_sina'
301606,,,,module 'akshare' has no attribute 'stock_profile_sina'
301607,,,,module 'akshare' has no attribute 'stock_profile_sina'
301608,,,,module 'akshare' has no attribute 'stock_profile_sina'
301609,,,,module 'akshare' has no attribute 'stock_profile_sina'
301611,,,,module 'akshare' has no attribute 'stock_profile_sina'
301613,,,,module 'akshare' has no attribute 'stock_profile_sina'
301616,,,,module 'akshare' has no attribute 'stock_profile_sina'
301617,,,,module 'akshare' has no attribute 'stock_profile_sina'
301618,,,,module 'akshare' has no attribute 'stock_profile_sina'
301622,,,,module 'akshare' has no attribute 'stock_profile_sina'
301626,,,,module 'akshare' has no attribute 'stock_profile_sina'
301628,,,,module 'akshare' has no attribute 'stock_profile_sina'
301629,,,,module 'akshare' has no attribute 'stock_profile_sina'
301630,,,,module 'akshare' has no attribute 'stock_profile_sina'
301631,,,,module 'akshare' has no attribute 'stock_profile_sina'
301632,,,,module 'akshare' has no attribute 'stock_profile_sina'
301633,,,,module 'akshare' has no attribute 'stock_profile_sina'
301636,,,,module 'akshare' has no attribute 'stock_profile_sina'
301638,,,,module 'akshare' has no attribute 'stock_profile_sina'
301656,,,,module 'akshare' has no attribute 'stock_profile_sina'
301658,,,,module 'akshare' has no attribute 'stock_profile_sina'
301662,,,,module 'akshare' has no attribute 'stock_profile_sina'
301665,,,,module 'akshare' has no attribute 'stock_profile_sina'
301667,,,,module 'akshare' has no attribute 'stock_profile_sina'
301668,,,,module 'akshare' has no attribute 'stock_profile_sina'
301678,,,,module 'akshare' has no attribute 'stock_profile_sina'
301680,,,,module 'akshare' has no attribute 'stock_profile_sina'
301682,,,,module 'akshare' has no attribute 'stock_profile_sina'
301687,,,,module 'akshare' has no attribute 'stock_profile_sina'
302132,,,,module 'akshare' has no attribute 'stock_profile_sina'
600000,,,,module 'akshare' has no attribute 'stock_profile_sina'
600004,,,,module 'akshare' has no attribute 'stock_profile_sina'
600006,,,,module 'akshare' has no attribute 'stock_profile_sina'
600007,,,,module 'akshare' has no attribute 'stock_profile_sina'
600008,,,,module 'akshare' has no attribute 'stock_profile_sina'
600009,,,,module 'akshare' has no attribute 'stock_profile_sina'
600010,,,,module 'akshare' has no attribute 'stock_profile_sina'
600011,,,,module 'akshare' has no attribute 'stock_profile_sina'
600012,,,,module 'akshare' has no attribute 'stock_profile_sina'
600015,,,,module 'akshare' has no attribute 'stock_profile_sina'
600016,,,,module 'akshare' has no attribute 'stock_profile_sina'
600017,,,,module 'akshare' has no attribute 'stock_profile_sina'
600018,,,,module 'akshare' has no attribute 'stock_profile_sina'
600019,,,,module 'akshare' has no attribute 'stock_profile_sina'
600020,,,,module 'akshare' has no attribute 'stock_profile_sina'
600021,,,,module 'akshare' has no attribute 'stock_profile_sina'
600022,,,,module 'akshare' has no attribute 'stock_profile_sina'
600023,,,,module 'akshare' has no attribute 'stock_profile_sina'
600025,,,,module 'akshare' has no attribute 'stock_profile_sina'
600026,,,,module 'akshare' has no attribute 'stock_profile_sina'
600027,,,,module 'akshare' has no attribute 'stock_profile_sina'
600028,,,,module 'akshare' has no attribute 'stock_profile_sina'
600029,,,,module 'akshare' has no attribute 'stock_profile_sina'
600030,,,,module 'akshare' has no attribute 'stock_profile_sina'
600031,,,,module 'akshare' has no attribute 'stock_profile_sina'
600032,,,,module 'akshare' has no attribute 'stock_profile_sina'
600033,,,,module 'akshare' has no attribute 'stock_profile_sina'
600035,,,,module 'akshare' has no attribute 'stock_profile_sina'
600036,,,,module 'akshare' has no attribute 'stock_profile_sina'
600037,,,,module 'akshare' has no attribute 'stock_profile_sina'
600038,,,,module 'akshare' has no attribute 'stock_profile_sina'
600039,,,,module 'akshare' has no attribute 'stock_profile_sina'
600048,,,,module 'akshare' has no attribute 'stock_profile_sina'
600050,,,,module 'akshare' has no attribute 'stock_profile_sina'
600051,,,,module 'akshare' has no attribute 'stock_profile_sina'
600052,,,,module 'akshare' has no attribute 'stock_profile_sina'
600053,,,,module 'akshare' has no attribute 'stock_profile_sina'
600054,,,,module 'akshare' has no attribute 'stock_profile_sina'
600055,,,,module 'akshare' has no attribute 'stock_profile_sina'
600056,,,,module 'akshare' has no attribute 'stock_profile_sina'
600057,,,,module 'akshare' has no attribute 'stock_profile_sina'
600058,,,,module 'akshare' has no attribute 'stock_profile_sina'
600059,,,,module 'akshare' has no attribute 'stock_profile_sina'
600060,,,,module 'akshare' has no attribute 'stock_profile_sina'
600061,,,,module 'akshare' has no attribute 'stock_profile_sina'
600062,,,,module 'akshare' has no attribute 'stock_profile_sina'
600063,,,,module 'akshare' has no attribute 'stock_profile_sina'
600064,,,,module 'akshare' has no attribute 'stock_profile_sina'
600066,,,,module 'akshare' has no attribute 'stock_profile_sina'
600067,,,,module 'akshare' has no attribute 'stock_profile_sina'
600071,,,,module 'akshare' has no attribute 'stock_profile_sina'
600072,,,,module 'akshare' has no attribute 'stock_profile_sina'
600073,,,,module 'akshare' has no attribute 'stock_profile_sina'
600075,,,,module 'akshare' has no attribute 'stock_profile_sina'
600076,,,,module 'akshare' has no attribute 'stock_profile_sina'
600078,,,,module 'akshare' has no attribute 'stock_profile_sina'
600079,,,,module 'akshare' has no attribute 'stock_profile_sina'
600080,,,,module 'akshare' has no attribute 'stock_profile_sina'
600081,,,,module 'akshare' has no attribute 'stock_profile_sina'
600082,,,,module 'akshare' has no attribute 'stock_profile_sina'
600084,,,,module 'akshare' has no attribute 'stock_profile_sina'
600085,,,,module 'akshare' has no attribute 'stock_profile_sina'
600088,,,,module 'akshare' has no attribute 'stock_profile_sina'
600089,,,,module 'akshare' has no attribute 'stock_profile_sina'
600094,,,,module 'akshare' has no attribute 'stock_profile_sina'
600095,,,,module 'akshare' has no attribute 'stock_profile_sina'
600096,,,,module 'akshare' has no attribute 'stock_profile_sina'
600097,,,,module 'akshare' has no attribute 'stock_profile_sina'
600098,,,,module 'akshare' has no attribute 'stock_profile_sina'
600099,,,,module 'akshare' has no attribute 'stock_profile_sina'
600100,,,,module 'akshare' has no attribute 'stock_profile_sina'
600101,,,,module 'akshare' has no attribute 'stock_profile_sina'
600103,,,,module 'akshare' has no attribute 'stock_profile_sina'
600104,,,,module 'akshare' has no attribute 'stock_profile_sina'
600105,,,,module 'akshare' has no attribute 'stock_profile_sina'
600106,,,,module 'akshare' has no attribute 'stock_profile_sina'
600107,,,,module 'akshare' has no attribute 'stock_profile_sina'
600108,,,,module 'akshare' has no attribute 'stock_profile_sina'
600109,,,,module 'akshare' has no attribute 'stock_profile_sina'
600110,,,,module 'akshare' has no attribute 'stock_profile_sina'
600111,,,,module 'akshare' has no attribute 'stock_profile_sina'
600113,,,,module 'akshare' has no attribute 'stock_profile_sina'
600114,,,,module 'akshare' has no attribute 'stock_profile_sina'
600115,,,,module 'akshare' has no attribute 'stock_profile_sina'
600116,,,,module 'akshare' has no attribute 'stock_profile_sina'
600117,,,,module 'akshare' has no attribute 'stock_profile_sina'
600118,,,,module 'akshare' has no attribute 'stock_profile_sina'
600119,,,,module 'akshare' has no attribute 'stock_profile_sina'
600120,,,,module 'akshare' has no attribute 'stock_profile_sina'
600121,,,,module 'akshare' has no attribute 'stock_profile_sina'
600123,,,,module 'akshare' has no attribute 'stock_profile_sina'
600125,,,,module 'akshare' has no attribute 'stock_profile_sina'
600126,,,,module 'akshare' has no attribute 'stock_profile_sina'
600127,,,,module 'akshare' has no attribute 'stock_profile_sina'
600128,,,,module 'akshare' has no attribute 'stock_profile_sina'
600129,,,,module 'akshare' has no attribute 'stock_profile_sina'
600130,,,,module 'akshare' has no attribute 'stock_profile_sina'
600131,,,,module 'akshare' has no attribute 'stock_profile_sina'
600132,,,,module 'akshare' has no attribute 'stock_profile_sina'
600133,,,,module 'akshare' has no attribute 'stock_profile_sina'
600135,,,,module 'akshare' has no attribute 'stock_profile_sina'
600136,,,,module 'akshare' has no attribute 'stock_profile_sina'
600137,,,,module 'akshare' has no attribute 'stock_profile_sina'
600138,,,,module 'akshare' has no attribute 'stock_profile_sina'
600141,,,,module 'akshare' has no attribute 'stock_profile_sina'
600143,,,,module 'akshare' has no attribute 'stock_profile_sina'
600148,,,,module 'akshare' has no attribute 'stock_profile_sina'
600149,,,,module 'akshare' has no attribute 'stock_profile_sina'
600150,,,,module 'akshare' has no attribute 'stock_profile_sina'
600151,,,,module 'akshare' has no attribute 'stock_profile_sina'
600152,,,,module 'akshare' has no attribute 'stock_profile_sina'
600153,,,,module 'akshare' has no attribute 'stock_profile_sina'
600155,,,,module 'akshare' has no attribute 'stock_profile_sina'
600156,,,,module 'akshare' has no attribute 'stock_profile_sina'
600157,,,,module 'akshare' has no attribute 'stock_profile_sina'
600158,,,,module 'akshare' has no attribute 'stock_profile_sina'
600159,,,,module 'akshare' has no attribute 'stock_profile_sina'
600160,,,,module 'akshare' has no attribute 'stock_profile_sina'
600161,,,,module 'akshare' has no attribute 'stock_profile_sina'
600162,,,,module 'akshare' has no attribute 'stock_profile_sina'
600163,,,,module 'akshare' has no attribute 'stock_profile_sina'
600165,,,,module 'akshare' has no attribute 'stock_profile_sina'
600166,,,,module 'akshare' has no attribute 'stock_profile_sina'
600167,,,,module 'akshare' has no attribute 'stock_profile_sina'
600168,,,,module 'akshare' has no attribute 'stock_profile_sina'
600169,,,,module 'akshare' has no attribute 'stock_profile_sina'
600170,,,,module 'akshare' has no attribute 'stock_profile_sina'
600171,,,,module 'akshare' has no attribute 'stock_profile_sina'
600172,,,,module 'akshare' has no attribute 'stock_profile_sina'
600173,,,,module 'akshare' has no attribute 'stock_profile_sina'
600176,,,,module 'akshare' has no attribute 'stock_profile_sina'
600177,,,,module 'akshare' has no attribute 'stock_profile_sina'
600178,,,,module 'akshare' has no attribute 'stock_profile_sina'
600179,,,,module 'akshare' has no attribute 'stock_profile_sina'
600180,,,,module 'akshare' has no attribute 'stock_profile_sina'
600182,,,,module 'akshare' has no attribute 'stock_profile_sina'
600183,,,,module 'akshare' has no attribute 'stock_profile_sina'
600184,,,,module 'akshare' has no attribute 'stock_profile_sina'
600185,,,,module 'akshare' has no attribute 'stock_profile_sina'
600186,,,,module 'akshare' has no attribute 'stock_profile_sina'
600187,,,,module 'akshare' has no attribute 'stock_profile_sina'
600188,,,,module 'akshare' has no attribute 'stock_profile_sina'
600189,,,,module 'akshare' has no attribute 'stock_profile_sina'
600191,,,,module 'akshare' has no attribute 'stock_profile_sina'
600192,,,,module 'akshare' has no attribute 'stock_profile_sina'
600193,,,,module 'akshare' has no attribute 'stock_profile_sina'
600195,,,,module 'akshare' has no attribute 'stock_profile_sina'
600196,,,,module 'akshare' has no attribute 'stock_profile_sina'
600197,,,,module 'akshare' has no attribute 'stock_profile_sina'
600198,,,,module 'akshare' has no attribute 'stock_profile_sina'
600199,,,,module 'akshare' has no attribute 'stock_profile_sina'
600201,,,,module 'akshare' has no attribute 'stock_profile_sina'
600202,,,,module 'akshare' has no attribute 'stock_profile_sina'
600203,,,,module 'akshare' has no attribute 'stock_profile_sina'
600206,,,,module 'akshare' has no attribute 'stock_profile_sina'
600207,,,,module 'akshare' has no attribute 'stock_profile_sina'
600208,,,,module 'akshare' has no attribute 'stock_profile_sina'
600210,,,,module 'akshare' has no attribute 'stock_profile_sina'
600211,,,,module 'akshare' has no attribute 'stock_profile_sina'
600212,,,,module 'akshare' has no attribute 'stock_profile_sina'
600215,,,,module 'akshare' has no attribute 'stock_profile_sina'
600216,,,,module 'akshare' has no attribute 'stock_profile_sina'
600217,,,,module 'akshare' has no attribute 'stock_profile_sina'
600218,,,,module 'akshare' has no attribute 'stock_profile_sina'
600219,,,,module 'akshare' has no attribute 'stock_profile_sina'
600221,,,,module 'akshare' has no attribute 'stock_profile_sina'
600222,,,,module 'akshare' has no attribute 'stock_profile_sina'
600223,,,,module 'akshare' has no attribute 'stock_profile_sina'
600226,,,,module 'akshare' has no attribute 'stock_profile_sina'
600227,,,,module 'akshare' has no attribute 'stock_profile_sina'
600228,,,,module 'akshare' has no attribute 'stock_profile_sina'
600229,,,,module 'akshare' has no attribute 'stock_profile_sina'
600230,,,,module 'akshare' has no attribute 'stock_profile_sina'
600231,,,,module 'akshare' has no attribute 'stock_profile_sina'
600232,,,,module 'akshare' has no attribute 'stock_profile_sina'
600233,,,,module 'akshare' has no attribute 'stock_profile_sina'
600234,,,,module 'akshare' has no attribute 'stock_profile_sina'
600235,,,,module 'akshare' has no attribute 'stock_profile_sina'
600236,,,,module 'akshare' has no attribute 'stock_profile_sina'
600237,,,,module 'akshare' has no attribute 'stock_profile_sina'
600238,,,,module 'akshare' has no attribute 'stock_profile_sina'
600239,,,,module 'akshare' has no attribute 'stock_profile_sina'
600241,,,,module 'akshare' has no attribute 'stock_profile_sina'
600243,,,,module 'akshare' has no attribute 'stock_profile_sina'
600246,,,,module 'akshare' has no attribute 'stock_profile_sina'
600248,,,,module 'akshare' has no attribute 'stock_profile_sina'
600249,,,,module 'akshare' has no attribute 'stock_profile_sina'
600250,,,,module 'akshare' has no attribute 'stock_profile_sina'
600251,,,,module 'akshare' has no attribute 'stock_profile_sina'
600252,,,,module 'akshare' has no attribute 'stock_profile_sina'
600255,,,,module 'akshare' has no attribute 'stock_profile_sina'
600256,,,,module 'akshare' has no attribute 'stock_profile_sina'
600257,,,,module 'akshare' has no attribute 'stock_profile_sina'
600258,,,,module 'akshare' has no attribute 'stock_profile_sina'
600259,,,,module 'akshare' has no attribute 'stock_profile_sina'
600261,,,,module 'akshare' has no attribute 'stock_profile_sina'
600262,,,,module 'akshare' has no attribute 'stock_profile_sina'
600265,,,,module 'akshare' has no attribute 'stock_profile_sina'
600266,,,,module 'akshare' has no attribute 'stock_profile_sina'
600267,,,,module 'akshare' has no attribute 'stock_profile_sina'
600268,,,,module 'akshare' has no attribute 'stock_profile_sina'
600269,,,,module 'akshare' has no attribute 'stock_profile_sina'
600271,,,,module 'akshare' has no attribute 'stock_profile_sina'
600272,,,,module 'akshare' has no attribute 'stock_profile_sina'
600273,,,,module 'akshare' has no attribute 'stock_profile_sina'
600276,,,,module 'akshare' has no attribute 'stock_profile_sina'
600278,,,,module 'akshare' has no attribute 'stock_profile_sina'
600279,,,,module 'akshare' has no attribute 'stock_profile_sina'
600280,,,,module 'akshare' has no attribute 'stock_profile_sina'
600281,,,,module 'akshare' has no attribute 'stock_profile_sina'
600282,,,,module 'akshare' has no attribute 'stock_profile_sina'
600283,,,,module 'akshare' has no attribute 'stock_profile_sina'
600284,,,,module 'akshare' has no attribute 'stock_profile_sina'
600285,,,,module 'akshare' has no attribute 'stock_profile_sina'
600287,,,,module 'akshare' has no attribute 'stock_profile_sina'
600288,,,,module 'akshare' has no attribute 'stock_profile_sina'
600289,,,,module 'akshare' has no attribute 'stock_profile_sina'
600292,,,,module 'akshare' has no attribute 'stock_profile_sina'
600293,,,,module 'akshare' has no attribute 'stock_profile_sina'
600295,,,,module 'akshare' has no attribute 'stock_profile_sina'
600298,,,,module 'akshare' has no attribute 'stock_profile_sina'
600299,,,,module 'akshare' has no attribute 'stock_profile_sina'
600300,,,,module 'akshare' has no attribute 'stock_profile_sina'
600301,,,,module 'akshare' has no attribute 'stock_profile_sina'
600302,,,,module 'akshare' has no attribute 'stock_profile_sina'
600303,,,,module 'akshare' has no attribute 'stock_profile_sina'
600305,,,,module 'akshare' has no attribute 'stock_profile_sina'
600307,,,,module 'akshare' has no attribute 'stock_profile_sina'
600308,,,,module 'akshare' has no attribute 'stock_profile_sina'
600309,,,,module 'akshare' has no attribute 'stock_profile_sina'
600310,,,,module 'akshare' has no attribute 'stock_profile_sina'
600312,,,,module 'akshare' has no attribute 'stock_profile_sina'
600313,,,,module 'akshare' has no attribute 'stock_profile_sina'
600315,,,,module 'akshare' has no attribute 'stock_profile_sina'
600316,,,,module 'akshare' has no attribute 'stock_profile_sina'
600318,,,,module 'akshare' has no attribute 'stock_profile_sina'
600319,,,,module 'akshare' has no attribute 'stock_profile_sina'
600320,,,,module 'akshare' has no attribute 'stock_profile_sina'
600322,,,,module 'akshare' has no attribute 'stock_profile_sina'
600323,,,,module 'akshare' has no attribute 'stock_profile_sina'
600325,,,,module 'akshare' has no attribute 'stock_profile_sina'
600326,,,,module 'akshare' has no attribute 'stock_profile_sina'
600327,,,,module 'akshare' has no attribute 'stock_profile_sina'
600328,,,,module 'akshare' has no attribute 'stock_profile_sina'
600329,,,,module 'akshare' has no attribute 'stock_profile_sina'
600330,,,,module 'akshare' has no attribute 'stock_profile_sina'
600331,,,,module 'akshare' has no attribute 'stock_profile_sina'
600332,,,,module 'akshare' has no attribute 'stock_profile_sina'
600333,,,,module 'akshare' has no attribute 'stock_profile_sina'
600335,,,,module 'akshare' has no attribute 'stock_profile_sina'
600336,,,,module 'akshare' has no attribute 'stock_profile_sina'
600337,,,,module 'akshare' has no attribute 'stock_profile_sina'
600338,,,,module 'akshare' has no attribute 'stock_profile_sina'
600339,,,,module 'akshare' has no attribute 'stock_profile_sina'
600340,,,,module 'akshare' has no attribute 'stock_profile_sina'
600343,,,,module 'akshare' has no attribute 'stock_profile_sina'
600345,,,,module 'akshare' has no attribute 'stock_profile_sina'
600346,,,,module 'akshare' has no attribute 'stock_profile_sina'
600348,,,,module 'akshare' has no attribute 'stock_profile_sina'
600350,,,,module 'akshare' has no attribute 'stock_profile_sina'
600351,,,,module 'akshare' has no attribute 'stock_profile_sina'
600352,,,,module 'akshare' has no attribute 'stock_profile_sina'
600353,,,,module 'akshare' has no attribute 'stock_profile_sina'
600354,,,,module 'akshare' has no attribute 'stock_profile_sina'
600355,,,,module 'akshare' has no attribute 'stock_profile_sina'
600356,,,,module 'akshare' has no attribute 'stock_profile_sina'
600358,,,,module 'akshare' has no attribute 'stock_profile_sina'
600359,,,,module 'akshare' has no attribute 'stock_profile_sina'
600360,,,,module 'akshare' has no attribute 'stock_profile_sina'
600361,,,,module 'akshare' has no attribute 'stock_profile_sina'
600362,,,,module 'akshare' has no attribute 'stock_profile_sina'
600363,,,,module 'akshare' has no attribute 'stock_profile_sina'
600365,,,,module 'akshare' has no attribute 'stock_profile_sina'
600366,,,,module 'akshare' has no attribute 'stock_profile_sina'
600367,,,,module 'akshare' has no attribute 'stock_profile_sina'
600368,,,,module 'akshare' has no attribute 'stock_profile_sina'
600369,,,,module 'akshare' has no attribute 'stock_profile_sina'
600370,,,,module 'akshare' has no attribute 'stock_profile_sina'
600371,,,,module 'akshare' has no attribute 'stock_profile_sina'
600372,,,,module 'akshare' has no attribute 'stock_profile_sina'
600373,,,,module 'akshare' has no attribute 'stock_profile_sina'
600375,,,,module 'akshare' has no attribute 'stock_profile_sina'
600376,,,,module 'akshare' has no attribute 'stock_profile_sina'
600377,,,,module 'akshare' has no attribute 'stock_profile_sina'
600378,,,,module 'akshare' has no attribute 'stock_profile_sina'
600379,,,,module 'akshare' has no attribute 'stock_profile_sina'
600380,,,,module 'akshare' has no attribute 'stock_profile_sina'
600381,,,,module 'akshare' has no attribute 'stock_profile_sina'
600382,,,,module 'akshare' has no attribute 'stock_profile_sina'
600383,,,,module 'akshare' has no attribute 'stock_profile_sina'
600386,,,,module 'akshare' has no attribute 'stock_profile_sina'
600388,,,,module 'akshare' has no attribute 'stock_profile_sina'
600389,,,,module 'akshare' has no attribute 'stock_profile_sina'
600390,,,,module 'akshare' has no attribute 'stock_profile_sina'
600391,,,,module 'akshare' has no attribute 'stock_profile_sina'
600392,,,,module 'akshare' has no attribute 'stock_profile_sina'
600395,,,,module 'akshare' has no attribute 'stock_profile_sina'
600396,,,,module 'akshare' has no attribute 'stock_profile_sina'
600397,,,,module 'akshare' has no attribute 'stock_profile_sina'
600398,,,,module 'akshare' has no attribute 'stock_profile_sina'
600399,,,,module 'akshare' has no attribute 'stock_profile_sina'
600400,,,,module 'akshare' has no attribute 'stock_profile_sina'
600403,,,,module 'akshare' has no attribute 'stock_profile_sina'
600405,,,,module 'akshare' has no attribute 'stock_profile_sina'
600406,,,,module 'akshare' has no attribute 'stock_profile_sina'
600408,,,,module 'akshare' has no attribute 'stock_profile_sina'
600409,,,,module 'akshare' has no attribute 'stock_profile_sina'
600410,,,,module 'akshare' has no attribute 'stock_profile_sina'
600415,,,,module 'akshare' has no attribute 'stock_profile_sina'
600416,,,,module 'akshare' has no attribute 'stock_profile_sina'
600418,,,,module 'akshare' has no attribute 'stock_profile_sina'
600419,,,,module 'akshare' has no attribute 'stock_profile_sina'
600420,,,,module 'akshare' has no attribute 'stock_profile_sina'
600421,,,,module 'akshare' has no attribute 'stock_profile_sina'
600422,,,,module 'akshare' has no attribute 'stock_profile_sina'
600423,,,,module 'akshare' has no attribute 'stock_profile_sina'
600425,,,,module 'akshare' has no attribute 'stock_profile_sina'
600426,,,,module 'akshare' has no attribute 'stock_profile_sina'
600428,,,,module 'akshare' has no attribute 'stock_profile_sina'
600429,,,,module 'akshare' has no attribute 'stock_profile_sina'
600433,,,,module 'akshare' has no attribute 'stock_profile_sina'
600435,,,,module 'akshare' has no attribute 'stock_profile_sina'
600436,,,,module 'akshare' has no attribute 'stock_profile_sina'
600438,,,,module 'akshare' has no attribute 'stock_profile_sina'
600439,,,,module 'akshare' has no attribute 'stock_profile_sina'
600444,,,,module 'akshare' has no attribute 'stock_profile_sina'
600446,,,,module 'akshare' has no attribute 'stock_profile_sina'
600448,,,,module 'akshare' has no attribute 'stock_profile_sina'
600449,,,,module 'akshare' has no attribute 'stock_profile_sina'
600452,,,,module 'akshare' has no attribute 'stock_profile_sina'
600455,,,,module 'akshare' has no attribute 'stock_profile_sina'
600456,,,,module 'akshare' has no attribute 'stock_profile_sina'
600458,,,,module 'akshare' has no attribute 'stock_profile_sina'
600459,,,,module 'akshare' has no attribute 'stock_profile_sina'
600460,,,,module 'akshare' has no attribute 'stock_profile_sina'
600461,,,,module 'akshare' has no attribute 'stock_profile_sina'
600463,,,,module 'akshare' has no attribute 'stock_profile_sina'
600467,,,,module 'akshare' has no attribute 'stock_profile_sina'
600468,,,,module 'akshare' has no attribute 'stock_profile_sina'
600469,,,,module 'akshare' has no attribute 'stock_profile_sina'
600470,,,,module 'akshare' has no attribute 'stock_profile_sina'
600475,,,,module 'akshare' has no attribute 'stock_profile_sina'
600476,,,,module 'akshare' has no attribute 'stock_profile_sina'
600477,,,,module 'akshare' has no attribute 'stock_profile_sina'
600478,,,,module 'akshare' has no attribute 'stock_profile_sina'
600479,,,,module 'akshare' has no attribute 'stock_profile_sina'
600480,,,,module 'akshare' has no attribute 'stock_profile_sina'
600481,,,,module 'akshare' has no attribute 'stock_profile_sina'
600482,,,,module 'akshare' has no attribute 'stock_profile_sina'
600483,,,,module 'akshare' has no attribute 'stock_profile_sina'
600486,,,,module 'akshare' has no attribute 'stock_profile_sina'
600487,,,,module 'akshare' has no attribute 'stock_profile_sina'
600488,,,,module 'akshare' has no attribute 'stock_profile_sina'
600489,,,,module 'akshare' has no attribute 'stock_profile_sina'
600490,,,,module 'akshare' has no attribute 'stock_profile_sina'
600491,,,,module 'akshare' has no attribute 'stock_profile_sina'
600493,,,,module 'akshare' has no attribute 'stock_profile_sina'
600495,,,,module 'akshare' has no attribute 'stock_profile_sina'
600496,,,,module 'akshare' has no attribute 'stock_profile_sina'
600497,,,,module 'akshare' has no attribute 'stock_profile_sina'
600498,,,,module 'akshare' has no attribute 'stock_profile_sina'
600499,,,,module 'akshare' has no attribute 'stock_profile_sina'
600500,,,,module 'akshare' has no attribute 'stock_profile_sina'
600501,,,,module 'akshare' has no attribute 'stock_profile_sina'
600502,,,,module 'akshare' has no attribute 'stock_profile_sina'
600503,,,,module 'akshare' has no attribute 'stock_profile_sina'
600505,,,,module 'akshare' has no attribute 'stock_profile_sina'
600506,,,,module 'akshare' has no attribute 'stock_profile_sina'
600507,,,,module 'akshare' has no attribute 'stock_profile_sina'
600508,,,,module 'akshare' has no attribute 'stock_profile_sina'
600509,,,,module 'akshare' has no attribute 'stock_profile_sina'
600510,,,,module 'akshare' has no attribute 'stock_profile_sina'
600511,,,,module 'akshare' has no attribute 'stock_profile_sina'
600512,,,,module 'akshare' has no attribute 'stock_profile_sina'
600513,,,,module 'akshare' has no attribute 'stock_profile_sina'
600515,,,,module 'akshare' has no attribute 'stock_profile_sina'
600516,,,,module 'akshare' has no attribute 'stock_profile_sina'
600517,,,,module 'akshare' has no attribute 'stock_profile_sina'
600518,,,,module 'akshare' has no attribute 'stock_profile_sina'
600519,,,,module 'akshare' has no attribute 'stock_profile_sina'
600520,,,,module 'akshare' has no attribute 'stock_profile_sina'
600521,,,,module 'akshare' has no attribute 'stock_profile_sina'
600522,,,,module 'akshare' has no attribute 'stock_profile_sina'
600523,,,,module 'akshare' has no attribute 'stock_profile_sina'
600525,,,,module 'akshare' has no attribute 'stock_profile_sina'
600526,,,,module 'akshare' has no attribute 'stock_profile_sina'
600527,,,,module 'akshare' has no attribute 'stock_profile_sina'
600528,,,,module 'akshare' has no attribute 'stock_profile_sina'
600529,,,,module 'akshare' has no attribute 'stock_profile_sina'
600530,,,,module 'akshare' has no attribute 'stock_profile_sina'
600531,,,,module 'akshare' has no attribute 'stock_profile_sina'
600533,,,,module 'akshare' has no attribute 'stock_profile_sina'
600535,,,,module 'akshare' has no attribute 'stock_profile_sina'
600536,,,,module 'akshare' has no attribute 'stock_profile_sina'
600537,,,,module 'akshare' has no attribute 'stock_profile_sina'
600538,,,,module 'akshare' has no attribute 'stock_profile_sina'
600539,,,,module 'akshare' has no attribute 'stock_profile_sina'
600540,,,,module 'akshare' has no attribute 'stock_profile_sina'
600543,,,,module 'akshare' has no attribute 'stock_profile_sina'
600545,,,,module 'akshare' has no attribute 'stock_profile_sina'
600546,,,,module 'akshare' has no attribute 'stock_profile_sina'
600547,,,,module 'akshare' has no attribute 'stock_profile_sina'
600548,,,,module 'akshare' has no attribute 'stock_profile_sina'
600549,,,,module 'akshare' has no attribute 'stock_profile_sina'
600550,,,,module 'akshare' has no attribute 'stock_profile_sina'
600551,,,,module 'akshare' has no attribute 'stock_profile_sina'
600552,,,,module 'akshare' has no attribute 'stock_profile_sina'
600556,,,,module 'akshare' has no attribute 'stock_profile_sina'
600557,,,,module 'akshare' has no attribute 'stock_profile_sina'
600558,,,,module 'akshare' has no attribute 'stock_profile_sina'
600559,,,,module 'akshare' has no attribute 'stock_profile_sina'
600560,,,,module 'akshare' has no attribute 'stock_profile_sina'
600561,,,,module 'akshare' has no attribute 'stock_profile_sina'
600562,,,,module 'akshare' has no attribute 'stock_profile_sina'
600563,,,,module 'akshare' has no attribute 'stock_profile_sina'
600566,,,,module 'akshare' has no attribute 'stock_profile_sina'
600567,,,,module 'akshare' has no attribute 'stock_profile_sina'
600568,,,,module 'akshare' has no attribute 'stock_profile_sina'
600569,,,,module 'akshare' has no attribute 'stock_profile_sina'
600570,,,,module 'akshare' has no attribute 'stock_profile_sina'
600571,,,,module 'akshare' has no attribute 'stock_profile_sina'
600572,,,,module 'akshare' has no attribute 'stock_profile_sina'
600573,,,,module 'akshare' has no attribute 'stock_profile_sina'
600575,,,,module 'akshare' has no attribute 'stock_profile_sina'
600576,,,,module 'akshare' has no attribute 'stock_profile_sina'
600577,,,,module 'akshare' has no attribute 'stock_profile_sina'
600578,,,,module 'akshare' has no attribute 'stock_profile_sina'
600579,,,,module 'akshare' has no attribute 'stock_profile_sina'
600580,,,,module 'akshare' has no attribute 'stock_profile_sina'
600581,,,,module 'akshare' has no attribute 'stock_profile_sina'
600582,,,,module 'akshare' has no attribute 'stock_profile_sina'
600583,,,,module 'akshare' has no attribute 'stock_profile_sina'
600584,,,,module 'akshare' has no attribute 'stock_profile_sina'
600585,,,,module 'akshare' has no attribute 'stock_profile_sina'
600586,,,,module 'akshare' has no attribute 'stock_profile_sina'
600587,,,,module 'akshare' has no attribute 'stock_profile_sina'
600588,,,,module 'akshare' has no attribute 'stock_profile_sina'
600589,,,,module 'akshare' has no attribute 'stock_profile_sina'
600590,,,,module 'akshare' has no attribute 'stock_profile_sina'
600592,,,,module 'akshare' has no attribute 'stock_profile_sina'
600593,,,,module 'akshare' has no attribute 'stock_profile_sina'
600594,,,,module 'akshare' has no attribute 'stock_profile_sina'
600595,,,,module 'akshare' has no attribute 'stock_profile_sina'
600596,,,,module 'akshare' has no attribute 'stock_profile_sina'
600597,,,,module 'akshare' has no attribute 'stock_profile_sina'
600598,,,,module 'akshare' has no attribute 'stock_profile_sina'
600599,,,,module 'akshare' has no attribute 'stock_profile_sina'
600600,,,,module 'akshare' has no attribute 'stock_profile_sina'
600601,,,,module 'akshare' has no attribute 'stock_profile_sina'
600602,,,,module 'akshare' has no attribute 'stock_profile_sina'
600603,,,,module 'akshare' has no attribute 'stock_profile_sina'
600604,,,,module 'akshare' has no attribute 'stock_profile_sina'
600605,,,,module 'akshare' has no attribute 'stock_profile_sina'
600606,,,,module 'akshare' has no attribute 'stock_profile_sina'
600608,,,,module 'akshare' has no attribute 'stock_profile_sina'
600609,,,,module 'akshare' has no attribute 'stock_profile_sina'
600610,,,,module 'akshare' has no attribute 'stock_profile_sina'
600611,,,,module 'akshare' has no attribute 'stock_profile_sina'
600612,,,,module 'akshare' has no attribute 'stock_profile_sina'
600613,,,,module 'akshare' has no attribute 'stock_profile_sina'
600615,,,,module 'akshare' has no attribute 'stock_profile_sina'
600616,,,,module 'akshare' has no attribute 'stock_profile_sina'
600617,,,,module 'akshare' has no attribute 'stock_profile_sina'
600618,,,,module 'akshare' has no attribute 'stock_profile_sina'
600619,,,,module 'akshare' has no attribute 'stock_profile_sina'
600620,,,,module 'akshare' has no attribute 'stock_profile_sina'
600621,,,,module 'akshare' has no attribute 'stock_profile_sina'
600622,,,,module 'akshare' has no attribute 'stock_profile_sina'
600623,,,,module 'akshare' has no attribute 'stock_profile_sina'
600624,,,,module 'akshare' has no attribute 'stock_profile_sina'
600626,,,,module 'akshare' has no attribute 'stock_profile_sina'
600628,,,,module 'akshare' has no attribute 'stock_profile_sina'
600629,,,,module 'akshare' has no attribute 'stock_profile_sina'
600630,,,,module 'akshare' has no attribute 'stock_profile_sina'
600633,,,,module 'akshare' has no attribute 'stock_profile_sina'
600635,,,,module 'akshare' has no attribute 'stock_profile_sina'
600636,,,,module 'akshare' has no attribute 'stock_profile_sina'
600637,,,,module 'akshare' has no attribute 'stock_profile_sina'
600638,,,,module 'akshare' has no attribute 'stock_profile_sina'
600639,,,,module 'akshare' has no attribute 'stock_profile_sina'
600640,,,,module 'akshare' has no attribute 'stock_profile_sina'
600641,,,,module 'akshare' has no attribute 'stock_profile_sina'
600642,,,,module 'akshare' has no attribute 'stock_profile_sina'
600643,,,,module 'akshare' has no attribute 'stock_profile_sina'
600644,,,,module 'akshare' has no attribute 'stock_profile_sina'
600645,,,,module 'akshare' has no attribute 'stock_profile_sina'
600648,,,,module 'akshare' has no attribute 'stock_profile_sina'
600649,,,,module 'akshare' has no attribute 'stock_profile_sina'
600650,,,,module 'akshare' has no attribute 'stock_profile_sina'
600651,,,,module 'akshare' has no attribute 'stock_profile_sina'
600653,,,,module 'akshare' has no attribute 'stock_profile_sina'
600654,,,,module 'akshare' has no attribute 'stock_profile_sina'
600655,,,,module 'akshare' has no attribute 'stock_profile_sina'
600657,,,,module 'akshare' has no attribute 'stock_profile_sina'
600658,,,,module 'akshare' has no attribute 'stock_profile_sina'
600660,,,,module 'akshare' has no attribute 'stock_profile_sina'
600661,,,,module 'akshare' has no attribute 'stock_profile_sina'
600662,,,,module 'akshare' has no attribute 'stock_profile_sina'
600663,,,,module 'akshare' has no attribute 'stock_profile_sina'
600664,,,,module 'akshare' has no attribute 'stock_profile_sina'
600665,,,,module 'akshare' has no attribute 'stock_profile_sina'
600666,,,,module 'akshare' has no attribute 'stock_profile_sina'
600667,,,,module 'akshare' has no attribute 'stock_profile_sina'
600668,,,,module 'akshare' has no attribute 'stock_profile_sina'
600671,,,,module 'akshare' has no attribute 'stock_profile_sina'
600673,,,,module 'akshare' has no attribute 'stock_profile_sina'
600674,,,,module 'akshare' has no attribute 'stock_profile_sina'
600675,,,,module 'akshare' has no attribute 'stock_profile_sina'
600676,,,,module 'akshare' has no attribute 'stock_profile_sina'
600678,,,,module 'akshare' has no attribute 'stock_profile_sina'
600679,,,,module 'akshare' has no attribute 'stock_profile_sina'
600681,,,,module 'akshare' has no attribute 'stock_profile_sina'
600682,,,,module 'akshare' has no attribute 'stock_profile_sina'
600683,,,,module 'akshare' has no attribute 'stock_profile_sina'
600684,,,,module 'akshare' has no attribute 'stock_profile_sina'
600685,,,,module 'akshare' has no attribute 'stock_profile_sina'
600686,,,,module 'akshare' has no attribute 'stock_profile_sina'
600688,,,,module 'akshare' has no attribute 'stock_profile_sina'
600689,,,,module 'akshare' has no attribute 'stock_profile_sina'
600690,,,,module 'akshare' has no attribute 'stock_profile_sina'
600691,,,,module 'akshare' has no attribute 'stock_profile_sina'
600692,,,,module 'akshare' has no attribute 'stock_profile_sina'
600693,,,,module 'akshare' has no attribute 'stock_profile_sina'
600694,,,,module 'akshare' has no attribute 'stock_profile_sina'
600696,,,,module 'akshare' has no attribute 'stock_profile_sina'
600697,,,,module 'akshare' has no attribute 'stock_profile_sina'
600698,,,,module 'akshare' has no attribute 'stock_profile_sina'
600699,,,,module 'akshare' has no attribute 'stock_profile_sina'
600702,,,,module 'akshare' has no attribute 'stock_profile_sina'
600703,,,,module 'akshare' has no attribute 'stock_profile_sina'
600704,,,,module 'akshare' has no attribute 'stock_profile_sina'
600706,,,,module 'akshare' has no attribute 'stock_profile_sina'
600707,,,,module 'akshare' has no attribute 'stock_profile_sina'
600708,,,,module 'akshare' has no attribute 'stock_profile_sina'
600710,,,,module 'akshare' has no attribute 'stock_profile_sina'
600711,,,,module 'akshare' has no attribute 'stock_profile_sina'
600712,,,,module 'akshare' has no attribute 'stock_profile_sina'
600713,,,,module 'akshare' has no attribute 'stock_profile_sina'
600714,,,,module 'akshare' has no attribute 'stock_profile_sina'
600715,,,,module 'akshare' has no attribute 'stock_profile_sina'
600716,,,,module 'akshare' has no attribute 'stock_profile_sina'
600717,,,,module 'akshare' has no attribute 'stock_profile_sina'
600718,,,,module 'akshare' has no attribute 'stock_profile_sina'
600719,,,,module 'akshare' has no attribute 'stock_profile_sina'
600720,,,,module 'akshare' has no attribute 'stock_profile_sina'
600721,,,,module 'akshare' has no attribute 'stock_profile_sina'
600722,,,,module 'akshare' has no attribute 'stock_profile_sina'
600724,,,,module 'akshare' has no attribute 'stock_profile_sina'
600725,,,,module 'akshare' has no attribute 'stock_profile_sina'
600726,,,,module 'akshare' has no attribute 'stock_profile_sina'
600727,,,,module 'akshare' has no attribute 'stock_profile_sina'
600728,,,,module 'akshare' has no attribute 'stock_profile_sina'
600729,,,,module 'akshare' has no attribute 'stock_profile_sina'
600730,,,,module 'akshare' has no attribute 'stock_profile_sina'
600731,,,,module 'akshare' has no attribute 'stock_profile_sina'
600732,,,,module 'akshare' has no attribute 'stock_profile_sina'
600733,,,,module 'akshare' has no attribute 'stock_profile_sina'
600734,,,,module 'akshare' has no attribute 'stock_profile_sina'
600735,,,,module 'akshare' has no attribute 'stock_profile_sina'
600736,,,,module 'akshare' has no attribute 'stock_profile_sina'
600737,,,,module 'akshare' has no attribute 'stock_profile_sina'
600738,,,,module 'akshare' has no attribute 'stock_profile_sina'
600739,,,,module 'akshare' has no attribute 'stock_profile_sina'
600740,,,,module 'akshare' has no attribute 'stock_profile_sina'
600741,,,,module 'akshare' has no attribute 'stock_profile_sina'
600742,,,,module 'akshare' has no attribute 'stock_profile_sina'
600743,,,,module 'akshare' has no attribute 'stock_profile_sina'
600744,,,,module 'akshare' has no attribute 'stock_profile_sina'
600745,,,,module 'akshare' has no attribute 'stock_profile_sina'
600746,,,,module 'akshare' has no attribute 'stock_profile_sina'
600748,,,,module 'akshare' has no attribute 'stock_profile_sina'
600749,,,,module 'akshare' has no attribute 'stock_profile_sina'
600750,,,,module 'akshare' has no attribute 'stock_profile_sina'
600751,,,,module 'akshare' has no attribute 'stock_profile_sina'
600753,,,,module 'akshare' has no attribute 'stock_profile_sina'
600754,,,,module 'akshare' has no attribute 'stock_profile_sina'
600755,,,,module 'akshare' has no attribute 'stock_profile_sina'
600756,,,,module 'akshare' has no attribute 'stock_profile_sina'
600757,,,,module 'akshare' has no attribute 'stock_profile_sina'
600758,,,,module 'akshare' has no attribute 'stock_profile_sina'
600759,,,,module 'akshare' has no attribute 'stock_profile_sina'
600760,,,,module 'akshare' has no attribute 'stock_profile_sina'
600761,,,,module 'akshare' has no attribute 'stock_profile_sina'
600763,,,,module 'akshare' has no attribute 'stock_profile_sina'
600764,,,,module 'akshare' has no attribute 'stock_profile_sina'
600765,,,,module 'akshare' has no attribute 'stock_profile_sina'
600768,,,,module 'akshare' has no attribute 'stock_profile_sina'
600769,,,,module 'akshare' has no attribute 'stock_profile_sina'
600770,,,,module 'akshare' has no attribute 'stock_profile_sina'
600771,,,,module 'akshare' has no attribute 'stock_profile_sina'
600773,,,,module 'akshare' has no attribute 'stock_profile_sina'
600774,,,,module 'akshare' has no attribute 'stock_profile_sina'
600775,,,,module 'akshare' has no attribute 'stock_profile_sina'
600776,,,,module 'akshare' has no attribute 'stock_profile_sina'
600777,,,,module 'akshare' has no attribute 'stock_profile_sina'
600778,,,,module 'akshare' has no attribute 'stock_profile_sina'
600779,,,,module 'akshare' has no attribute 'stock_profile_sina'
600780,,,,module 'akshare' has no attribute 'stock_profile_sina'
600782,,,,module 'akshare' has no attribute 'stock_profile_sina'
600783,,,,module 'akshare' has no attribute 'stock_profile_sina'
600784,,,,module 'akshare' has no attribute 'stock_profile_sina'
600785,,,,module 'akshare' has no attribute 'stock_profile_sina'
600787,,,,module 'akshare' has no attribute 'stock_profile_sina'
600789,,,,module 'akshare' has no attribute 'stock_profile_sina'
600790,,,,module 'akshare' has no attribute 'stock_profile_sina'
600791,,,,module 'akshare' has no attribute 'stock_profile_sina'
600792,,,,module 'akshare' has no attribute 'stock_profile_sina'
600793,,,,module 'akshare' has no attribute 'stock_profile_sina'
600794,,,,module 'akshare' has no attribute 'stock_profile_sina'
600795,,,,module 'akshare' has no attribute 'stock_profile_sina'
600796,,,,module 'akshare' has no attribute 'stock_profile_sina'
600797,,,,module 'akshare' has no attribute 'stock_profile_sina'
600798,,,,module 'akshare' has no attribute 'stock_profile_sina'
600800,,,,module 'akshare' has no attribute 'stock_profile_sina'
600801,,,,module 'akshare' has no attribute 'stock_profile_sina'
600802,,,,module 'akshare' has no attribute 'stock_profile_sina'
600803,,,,module 'akshare' has no attribute 'stock_profile_sina'
600805,,,,module 'akshare' has no attribute 'stock_profile_sina'
600807,,,,module 'akshare' has no attribute 'stock_profile_sina'
600808,,,,module 'akshare' has no attribute 'stock_profile_sina'
600809,,,,module 'akshare' has no attribute 'stock_profile_sina'
600810,,,,module 'akshare' has no attribute 'stock_profile_sina'
600812,,,,module 'akshare' has no attribute 'stock_profile_sina'
600814,,,,module 'akshare' has no attribute 'stock_profile_sina'
600815,,,,module 'akshare' has no attribute 'stock_profile_sina'
600816,,,,module 'akshare' has no attribute 'stock_profile_sina'
600817,,,,module 'akshare' has no attribute 'stock_profile_sina'
600818,,,,module 'akshare' has no attribute 'stock_profile_sina'
600819,,,,module 'akshare' has no attribute 'stock_profile_sina'
600820,,,,module 'akshare' has no attribute 'stock_profile_sina'
600821,,,,module 'akshare' has no attribute 'stock_profile_sina'
600822,,,,module 'akshare' has no attribute 'stock_profile_sina'
600824,,,,module 'akshare' has no attribute 'stock_profile_sina'
600825,,,,module 'akshare' has no attribute 'stock_profile_sina'
600826,,,,module 'akshare' has no attribute 'stock_profile_sina'
600827,,,,module 'akshare' has no attribute 'stock_profile_sina'
600828,,,,module 'akshare' has no attribute 'stock_profile_sina'
600829,,,,module 'akshare' has no attribute 'stock_profile_sina'
600830,,,,module 'akshare' has no attribute 'stock_profile_sina'
600831,,,,module 'akshare' has no attribute 'stock_profile_sina'
600833,,,,module 'akshare' has no attribute 'stock_profile_sina'
600834,,,,module 'akshare' has no attribute 'stock_profile_sina'
600835,,,,module 'akshare' has no attribute 'stock_profile_sina'
600838,,,,module 'akshare' has no attribute 'stock_profile_sina'
600839,,,,module 'akshare' has no attribute 'stock_profile_sina'
600841,,,,module 'akshare' has no attribute 'stock_profile_sina'
600843,,,,module 'akshare' has no attribute 'stock_profile_sina'
600844,,,,module 'akshare' has no attribute 'stock_profile_sina'
600845,,,,module 'akshare' has no attribute 'stock_profile_sina'
600846,,,,module 'akshare' has no attribute 'stock_profile_sina'
600847,,,,module 'akshare' has no attribute 'stock_profile_sina'
600848,,,,module 'akshare' has no attribute 'stock_profile_sina'
600850,,,,module 'akshare' has no attribute 'stock_profile_sina'
600851,,,,module 'akshare' has no attribute 'stock_profile_sina'
600853,,,,module 'akshare' has no attribute 'stock_profile_sina'
600854,,,,module 'akshare' has no attribute 'stock_profile_sina'
600855,,,,module 'akshare' has no attribute 'stock_profile_sina'
600857,,,,module 'akshare' has no attribute 'stock_profile_sina'
600858,,,,module 'akshare' has no attribute 'stock_profile_sina'
600859,,,,module 'akshare' has no attribute 'stock_profile_sina'
600860,,,,module 'akshare' has no attribute 'stock_profile_sina'
600861,,,,module 'akshare' has no attribute 'stock_profile_sina'
600862,,,,module 'akshare' has no attribute 'stock_profile_sina'
600863,,,,module 'akshare' has no attribute 'stock_profile_sina'
600864,,,,module 'akshare' has no attribute 'stock_profile_sina'
600865,,,,module 'akshare' has no attribute 'stock_profile_sina'
600866,,,,module 'akshare' has no attribute 'stock_profile_sina'
600867,,,,module 'akshare' has no attribute 'stock_profile_sina'
600868,,,,module 'akshare' has no attribute 'stock_profile_sina'
600869,,,,module 'akshare' has no attribute 'stock_profile_sina'
600871,,,,module 'akshare' has no attribute 'stock_profile_sina'
600872,,,,module 'akshare' has no attribute 'stock_profile_sina'
600873,,,,module 'akshare' has no attribute 'stock_profile_sina'
600874,,,,module 'akshare' has no attribute 'stock_profile_sina'
600875,,,,module 'akshare' has no attribute 'stock_profile_sina'
600876,,,,module 'akshare' has no attribute 'stock_profile_sina'
600877,,,,module 'akshare' has no attribute 'stock_profile_sina'
600879,,,,module 'akshare' has no attribute 'stock_profile_sina'
600880,,,,module 'akshare' has no attribute 'stock_profile_sina'
600881,,,,module 'akshare' has no attribute 'stock_profile_sina'
600882,,,,module 'akshare' has no attribute 'stock_profile_sina'
600883,,,,module 'akshare' has no attribute 'stock_profile_sina'
600884,,,,module 'akshare' has no attribute 'stock_profile_sina'
600885,,,,module 'akshare' has no attribute 'stock_profile_sina'
600886,,,,module 'akshare' has no attribute 'stock_profile_sina'
600887,,,,module 'akshare' has no attribute 'stock_profile_sina'
600888,,,,module 'akshare' has no attribute 'stock_profile_sina'
600889,,,,module 'akshare' has no attribute 'stock_profile_sina'
600892,,,,module 'akshare' has no attribute 'stock_profile_sina'
600893,,,,module 'akshare' has no attribute 'stock_profile_sina'
600894,,,,module 'akshare' has no attribute 'stock_profile_sina'
600895,,,,module 'akshare' has no attribute 'stock_profile_sina'
600897,,,,module 'akshare' has no attribute 'stock_profile_sina'
600900,,,,module 'akshare' has no attribute 'stock_profile_sina'
600901,,,,module 'akshare' has no attribute 'stock_profile_sina'
600903,,,,module 'akshare' has no attribute 'stock_profile_sina'
600905,,,,module 'akshare' has no attribute 'stock_profile_sina'
600906,,,,module 'akshare' has no attribute 'stock_profile_sina'
600908,,,,module 'akshare' has no attribute 'stock_profile_sina'
600909,,,,module 'akshare' has no attribute 'stock_profile_sina'
600916,,,,module 'akshare' has no attribute 'stock_profile_sina'
600917,,,,module 'akshare' has no attribute 'stock_profile_sina'
600918,,,,module 'akshare' has no attribute 'stock_profile_sina'
600919,,,,module 'akshare' has no attribute 'stock_profile_sina'
600925,,,,module 'akshare' has no attribute 'stock_profile_sina'
600926,,,,module 'akshare' has no attribute 'stock_profile_sina'
600927,,,,module 'akshare' has no attribute 'stock_profile_sina'
600928,,,,module 'akshare' has no attribute 'stock_profile_sina'
600929,,,,module 'akshare' has no attribute 'stock_profile_sina'
600930,,,,module 'akshare' has no attribute 'stock_profile_sina'
600933,,,,module 'akshare' has no attribute 'stock_profile_sina'
600935,,,,module 'akshare' has no attribute 'stock_profile_sina'
600936,,,,module 'akshare' has no attribute 'stock_profile_sina'
600938,,,,module 'akshare' has no attribute 'stock_profile_sina'
600939,,,,module 'akshare' has no attribute 'stock_profile_sina'
600941,,,,module 'akshare' has no attribute 'stock_profile_sina'
600955,,,,module 'akshare' has no attribute 'stock_profile_sina'
600956,,,,module 'akshare' has no attribute 'stock_profile_sina'
600958,,,,module 'akshare' has no attribute 'stock_profile_sina'
600959,,,,module 'akshare' has no attribute 'stock_profile_sina'
600960,,,,module 'akshare' has no attribute 'stock_profile_sina'
600961,,,,module 'akshare' has no attribute 'stock_profile_sina'
600962,,,,module 'akshare' has no attribute 'stock_profile_sina'
600963,,,,module 'akshare' has no attribute 'stock_profile_sina'
600965,,,,module 'akshare' has no attribute 'stock_profile_sina'
600966,,,,module 'akshare' has no attribute 'stock_profile_sina'
600967,,,,module 'akshare' has no attribute 'stock_profile_sina'
600968,,,,module 'akshare' has no attribute 'stock_profile_sina'
600969,,,,module 'akshare' has no attribute 'stock_profile_sina'
600970,,,,module 'akshare' has no attribute 'stock_profile_sina'
600971,,,,module 'akshare' has no attribute 'stock_profile_sina'
600973,,,,module 'akshare' has no attribute 'stock_profile_sina'
600975,,,,module 'akshare' has no attribute 'stock_profile_sina'
600976,,,,module 'akshare' has no attribute 'stock_profile_sina'
600977,,,,module 'akshare' has no attribute 'stock_profile_sina'
600979,,,,module 'akshare' has no attribute 'stock_profile_sina'
600980,,,,module 'akshare' has no attribute 'stock_profile_sina'
600981,,,,module 'akshare' has no attribute 'stock_profile_sina'
600982,,,,module 'akshare' has no attribute 'stock_profile_sina'
600983,,,,module 'akshare' has no attribute 'stock_profile_sina'
600984,,,,module 'akshare' has no attribute 'stock_profile_sina'
600985,,,,module 'akshare' has no attribute 'stock_profile_sina'
600986,,,,module 'akshare' has no attribute 'stock_profile_sina'
600987,,,,module 'akshare' has no attribute 'stock_profile_sina'
600988,,,,module 'akshare' has no attribute 'stock_profile_sina'
600989,,,,module 'akshare' has no attribute 'stock_profile_sina'
600990,,,,module 'akshare' has no attribute 'stock_profile_sina'
600992,,,,module 'akshare' has no attribute 'stock_profile_sina'
600993,,,,module 'akshare' has no attribute 'stock_profile_sina'
600995,,,,module 'akshare' has no attribute 'stock_profile_sina'
600996,,,,module 'akshare' has no attribute 'stock_profile_sina'
600997,,,,module 'akshare' has no attribute 'stock_profile_sina'
600998,,,,module 'akshare' has no attribute 'stock_profile_sina'
600999,,,,module 'akshare' has no attribute 'stock_profile_sina'
601000,,,,module 'akshare' has no attribute 'stock_profile_sina'
601001,,,,module 'akshare' has no attribute 'stock_profile_sina'
601002,,,,module 'akshare' has no attribute 'stock_profile_sina'
601003,,,,module 'akshare' has no attribute 'stock_profile_sina'
601005,,,,module 'akshare' has no attribute 'stock_profile_sina'
601006,,,,module 'akshare' has no attribute 'stock_profile_sina'
601007,,,,module 'akshare' has no attribute 'stock_profile_sina'
601008,,,,module 'akshare' has no attribute 'stock_profile_sina'
601009,,,,module 'akshare' has no attribute 'stock_profile_sina'
601010,,,,module 'akshare' has no attribute 'stock_profile_sina'
601011,,,,module 'akshare' has no attribute 'stock_profile_sina'
601012,,,,module 'akshare' has no attribute 'stock_profile_sina'
601015,,,,module 'akshare' has no attribute 'stock_profile_sina'
601016,,,,module 'akshare' has no attribute 'stock_profile_sina'
601018,,,,module 'akshare' has no attribute 'stock_profile_sina'
601019,,,,module 'akshare' has no attribute 'stock_profile_sina'
601020,,,,module 'akshare' has no attribute 'stock_profile_sina'
601021,,,,module 'akshare' has no attribute 'stock_profile_sina'
601022,,,,module 'akshare' has no attribute 'stock_profile_sina'
601026,,,,module 'akshare' has no attribute 'stock_profile_sina'
601033,,,,module 'akshare' has no attribute 'stock_profile_sina'
601038,,,,module 'akshare' has no attribute 'stock_profile_sina'
601058,,,,module 'akshare' has no attribute 'stock_profile_sina'
601059,,,,module 'akshare' has no attribute 'stock_profile_sina'
601061,,,,module 'akshare' has no attribute 'stock_profile_sina'
601065,,,,module 'akshare' has no attribute 'stock_profile_sina'
601066,,,,module 'akshare' has no attribute 'stock_profile_sina'
601068,,,,module 'akshare' has no attribute 'stock_profile_sina'
601069,,,,module 'akshare' has no attribute 'stock_profile_sina'
601077,,,,module 'akshare' has no attribute 'stock_profile_sina'
601083,,,,module 'akshare' has no attribute 'stock_profile_sina'
601086,,,,module 'akshare' has no attribute 'stock_profile_sina'
601088,,,,module 'akshare' has no attribute 'stock_profile_sina'
601089,,,,module 'akshare' has no attribute 'stock_profile_sina'
601096,,,,module 'akshare' has no attribute 'stock_profile_sina'
601098,,,,module 'akshare' has no attribute 'stock_profile_sina'
601099,,,,module 'akshare' has no attribute 'stock_profile_sina'
601100,,,,module 'akshare' has no attribute 'stock_profile_sina'
601101,,,,module 'akshare' has no attribute 'stock_profile_sina'
601106,,,,module 'akshare' has no attribute 'stock_profile_sina'
601107,,,,module 'akshare' has no attribute 'stock_profile_sina'
601108,,,,module 'akshare' has no attribute 'stock_profile_sina'
601111,,,,module 'akshare' has no attribute 'stock_profile_sina'
601112,,,,module 'akshare' has no attribute 'stock_profile_sina'
601113,,,,module 'akshare' has no attribute 'stock_profile_sina'
601116,,,,module 'akshare' has no attribute 'stock_profile_sina'
601117,,,,module 'akshare' has no attribute 'stock_profile_sina'
601118,,,,module 'akshare' has no attribute 'stock_profile_sina'
601121,,,,module 'akshare' has no attribute 'stock_profile_sina'
601126,,,,module 'akshare' has no attribute 'stock_profile_sina'
601127,,,,module 'akshare' has no attribute 'stock_profile_sina'
601128,,,,module 'akshare' has no attribute 'stock_profile_sina'
601133,,,,module 'akshare' has no attribute 'stock_profile_sina'
601136,,,,module 'akshare' has no attribute 'stock_profile_sina'
601137,,,,module 'akshare' has no attribute 'stock_profile_sina'
601138,,,,module 'akshare' has no attribute 'stock_profile_sina'
601139,,,,module 'akshare' has no attribute 'stock_profile_sina'
601155,,,,module 'akshare' has no attribute 'stock_profile_sina'
601156,,,,module 'akshare' has no attribute 'stock_profile_sina'
601158,,,,module 'akshare' has no attribute 'stock_profile_sina'
601162,,,,module 'akshare' has no attribute 'stock_profile_sina'
601163,,,,module 'akshare' has no attribute 'stock_profile_sina'
601166,,,,module 'akshare' has no attribute 'stock_profile_sina'
601168,,,,module 'akshare' has no attribute 'stock_profile_sina'
601169,,,,module 'akshare' has no attribute 'stock_profile_sina'
601177,,,,module 'akshare' has no attribute 'stock_profile_sina'
601179,,,,module 'akshare' has no attribute 'stock_profile_sina'
601186,,,,module 'akshare' has no attribute 'stock_profile_sina'
601187,,,,module 'akshare' has no attribute 'stock_profile_sina'
601188,,,,module 'akshare' has no attribute 'stock_profile_sina'
601198,,,,module 'akshare' has no attribute 'stock_profile_sina'
601199,,,,module 'akshare' has no attribute 'stock_profile_sina'
601200,,,,module 'akshare' has no attribute 'stock_profile_sina'
601208,,,,module 'akshare' has no attribute 'stock_profile_sina'
601211,,,,module 'akshare' has no attribute 'stock_profile_sina'
601212,,,,module 'akshare' has no attribute 'stock_profile_sina'
601216,,,,module 'akshare' has no attribute 'stock_profile_sina'
601218,,,,module 'akshare' has no attribute 'stock_profile_sina'
601222,,,,module 'akshare' has no attribute 'stock_profile_sina'
601225,,,,module 'akshare' has no attribute 'stock_profile_sina'
601226,,,,module 'akshare' has no attribute 'stock_profile_sina'
601228,,,,module 'akshare' has no attribute 'stock_profile_sina'
601229,,,,module 'akshare' has no attribute 'stock_profile_sina'
601231,,,,module 'akshare' has no attribute 'stock_profile_sina'
601233,,,,module 'akshare' has no attribute 'stock_profile_sina'
601236,,,,module 'akshare' has no attribute 'stock_profile_sina'
601238,,,,module 'akshare' has no attribute 'stock_profile_sina'
601279,,,,module 'akshare' has no attribute 'stock_profile_sina'
601288,,,,module 'akshare' has no attribute 'stock_profile_sina'
601298,,,,module 'akshare' has no attribute 'stock_profile_sina'
601311,,,,module 'akshare' has no attribute 'stock_profile_sina'
601318,,,,module 'akshare' has no attribute 'stock_profile_sina'
601319,,,,module 'akshare' has no attribute 'stock_profile_sina'
601326,,,,module 'akshare' has no attribute 'stock_profile_sina'
601328,,,,module 'akshare' has no attribute 'stock_profile_sina'
601330,,,,module 'akshare' has no attribute 'stock_profile_sina'
601333,,,,module 'akshare' has no attribute 'stock_profile_sina'
601336,,,,module 'akshare' has no attribute 'stock_profile_sina'
601339,,,,module 'akshare' has no attribute 'stock_profile_sina'
601360,,,,module 'akshare' has no attribute 'stock_profile_sina'
601366,,,,module 'akshare' has no attribute 'stock_profile_sina'
601368,,,,module 'akshare' has no attribute 'stock_profile_sina'
601369,,,,module 'akshare' has no attribute 'stock_profile_sina'
601375,,,,module 'akshare' has no attribute 'stock_profile_sina'
601377,,,,module 'akshare' has no attribute 'stock_profile_sina'
601388,,,,module 'akshare' has no attribute 'stock_profile_sina'
601390,,,,module 'akshare' has no attribute 'stock_profile_sina'
601398,,,,module 'akshare' has no attribute 'stock_profile_sina'
601399,,,,module 'akshare' has no attribute 'stock_profile_sina'
601456,,,,module 'akshare' has no attribute 'stock_profile_sina'
601500,,,,module 'akshare' has no attribute 'stock_profile_sina'
601512,,,,module 'akshare' has no attribute 'stock_profile_sina'
601515,,,,module 'akshare' has no attribute 'stock_profile_sina'
601518,,,,module 'akshare' has no attribute 'stock_profile_sina'
601519,,,,module 'akshare' has no attribute 'stock_profile_sina'
601528,,,,module 'akshare' has no attribute 'stock_profile_sina'
601555,,,,module 'akshare' has no attribute 'stock_profile_sina'
601566,,,,module 'akshare' has no attribute 'stock_profile_sina'
601567,,,,module 'akshare' has no attribute 'stock_profile_sina'
601568,,,,module 'akshare' has no attribute 'stock_profile_sina'
601577,,,,module 'akshare' has no attribute 'stock_profile_sina'
601579,,,,module 'akshare' has no attribute 'stock_profile_sina'
601588,,,,module 'akshare' has no attribute 'stock_profile_sina'
601595,,,,module 'akshare' has no attribute 'stock_profile_sina'
601598,,,,module 'akshare' has no attribute 'stock_profile_sina'
601599,,,,module 'akshare' has no attribute 'stock_profile_sina'
601600,,,,module 'akshare' has no attribute 'stock_profile_sina'
601601,,,,module 'akshare' has no attribute 'stock_profile_sina'
601606,,,,module 'akshare' has no attribute 'stock_profile_sina'
601607,,,,module 'akshare' has no attribute 'stock_profile_sina'
601608,,,,module 'akshare' has no attribute 'stock_profile_sina'
601609,,,,module 'akshare' has no attribute 'stock_profile_sina'
601611,,,,module 'akshare' has no attribute 'stock_profile_sina'
601615,,,,module 'akshare' has no attribute 'stock_profile_sina'
601616,,,,module 'akshare' has no attribute 'stock_profile_sina'
601618,,,,module 'akshare' has no attribute 'stock_profile_sina'
601619,,,,module 'akshare' has no attribute 'stock_profile_sina'
601628,,,,module 'akshare' has no attribute 'stock_profile_sina'
601633,,,,module 'akshare' has no attribute 'stock_profile_sina'
601636,,,,module 'akshare' has no attribute 'stock_profile_sina'
601658,,,,module 'akshare' has no attribute 'stock_profile_sina'
601665,,,,module 'akshare' has no attribute 'stock_profile_sina'
601666,,,,module 'akshare' has no attribute 'stock_profile_sina'
601668,,,,module 'akshare' has no attribute 'stock_profile_sina'
601669,,,,module 'akshare' has no attribute 'stock_profile_sina'
601677,,,,module 'akshare' has no attribute 'stock_profile_sina'
601678,,,,module 'akshare' has no attribute 'stock_profile_sina'
601686,,,,module 'akshare' has no attribute 'stock_profile_sina'
601688,,,,module 'akshare' has no attribute 'stock_profile_sina'
601689,,,,module 'akshare' has no attribute 'stock_profile_sina'
601696,,,,module 'akshare' has no attribute 'stock_profile_sina'
601698,,,,module 'akshare' has no attribute 'stock_profile_sina'
601699,,,,module 'akshare' has no attribute 'stock_profile_sina'
601700,,,,module 'akshare' has no attribute 'stock_profile_sina'
601702,,,,module 'akshare' has no attribute 'stock_profile_sina'
601717,,,,module 'akshare' has no attribute 'stock_profile_sina'
601718,,,,module 'akshare' has no attribute 'stock_profile_sina'
601727,,,,module 'akshare' has no attribute 'stock_profile_sina'
601728,,,,module 'akshare' has no attribute 'stock_profile_sina'
601766,,,,module 'akshare' has no attribute 'stock_profile_sina'
601777,,,,module 'akshare' has no attribute 'stock_profile_sina'
601778,,,,module 'akshare' has no attribute 'stock_profile_sina'
601788,,,,module 'akshare' has no attribute 'stock_profile_sina'
601789,,,,module 'akshare' has no attribute 'stock_profile_sina'
601798,,,,module 'akshare' has no attribute 'stock_profile_sina'
601799,,,,module 'akshare' has no attribute 'stock_profile_sina'
601800,,,,module 'akshare' has no attribute 'stock_profile_sina'
601801,,,,module 'akshare' has no attribute 'stock_profile_sina'
601808,,,,module 'akshare' has no attribute 'stock_profile_sina'
601811,,,,module 'akshare' has no attribute 'stock_profile_sina'
601816,,,,module 'akshare' has no attribute 'stock_profile_sina'
601818,,,,module 'akshare' has no attribute 'stock_profile_sina'
601825,,,,module 'akshare' has no attribute 'stock_profile_sina'
601827,,,,module 'akshare' has no attribute 'stock_profile_sina'
601828,,,,module 'akshare' has no attribute 'stock_profile_sina'
601838,,,,module 'akshare' has no attribute 'stock_profile_sina'
601857,,,,module 'akshare' has no attribute 'stock_profile_sina'
601858,,,,module 'akshare' has no attribute 'stock_profile_sina'
601860,,,,module 'akshare' has no attribute 'stock_profile_sina'
601865,,,,module 'akshare' has no attribute 'stock_profile_sina'
601866,,,,module 'akshare' has no attribute 'stock_profile_sina'
601868,,,,module 'akshare' has no attribute 'stock_profile_sina'
601869,,,,module 'akshare' has no attribute 'stock_profile_sina'
601872,,,,module 'akshare' has no attribute 'stock_profile_sina'
601877,,,,module 'akshare' has no attribute 'stock_profile_sina'
601878,,,,module 'akshare' has no attribute 'stock_profile_sina'
601880,,,,module 'akshare' has no attribute 'stock_profile_sina'
601881,,,,module 'akshare' has no attribute 'stock_profile_sina'
601882,,,,module 'akshare' has no attribute 'stock_profile_sina'
601886,,,,module 'akshare' has no attribute 'stock_profile_sina'
601888,,,,module 'akshare' has no attribute 'stock_profile_sina'
601890,,,,module 'akshare' has no attribute 'stock_profile_sina'
601898,,,,module 'akshare' has no attribute 'stock_profile_sina'
601899,,,,module 'akshare' has no attribute 'stock_profile_sina'
601900,,,,module 'akshare' has no attribute 'stock_profile_sina'
601901,,,,module 'akshare' has no attribute 'stock_profile_sina'
601908,,,,module 'akshare' has no attribute 'stock_profile_sina'
601916,,,,module 'akshare' has no attribute 'stock_profile_sina'
601918,,,,module 'akshare' has no attribute 'stock_profile_sina'
601919,,,,module 'akshare' has no attribute 'stock_profile_sina'
601921,,,,module 'akshare' has no attribute 'stock_profile_sina'
601928,,,,module 'akshare' has no attribute 'stock_profile_sina'
601929,,,,module 'akshare' has no attribute 'stock_profile_sina'
601933,,,,module 'akshare' has no attribute 'stock_profile_sina'
601939,,,,module 'akshare' has no attribute 'stock_profile_sina'
601949,,,,module 'akshare' has no attribute 'stock_profile_sina'
601952,,,,module 'akshare' has no attribute 'stock_profile_sina'
601956,,,,module 'akshare' has no attribute 'stock_profile_sina'
601958,,,,module 'akshare' has no attribute 'stock_profile_sina'
601963,,,,module 'akshare' has no attribute 'stock_profile_sina'
601965,,,,module 'akshare' has no attribute 'stock_profile_sina'
601966,,,,module 'akshare' has no attribute 'stock_profile_sina'
601968,,,,module 'akshare' has no attribute 'stock_profile_sina'
601969,,,,module 'akshare' has no attribute 'stock_profile_sina'
601975,,,,module 'akshare' has no attribute 'stock_profile_sina'
601985,,,,module 'akshare' has no attribute 'stock_profile_sina'
601988,,,,module 'akshare' has no attribute 'stock_profile_sina'
601990,,,,module 'akshare' has no attribute 'stock_profile_sina'
601991,,,,module 'akshare' has no attribute 'stock_profile_sina'
601992,,,,module 'akshare' has no attribute 'stock_profile_sina'
601995,,,,module 'akshare' has no attribute 'stock_profile_sina'
601996,,,,module 'akshare' has no attribute 'stock_profile_sina'
601997,,,,module 'akshare' has no attribute 'stock_profile_sina'
601998,,,,module 'akshare' has no attribute 'stock_profile_sina'
601999,,,,module 'akshare' has no attribute 'stock_profile_sina'
603000,,,,module 'akshare' has no attribute 'stock_profile_sina'
603001,,,,module 'akshare' has no attribute 'stock_profile_sina'
603002,,,,module 'akshare' has no attribute 'stock_profile_sina'
603004,,,,module 'akshare' has no attribute 'stock_profile_sina'
603005,,,,module 'akshare' has no attribute 'stock_profile_sina'
603006,,,,module 'akshare' has no attribute 'stock_profile_sina'
603007,,,,module 'akshare' has no attribute 'stock_profile_sina'
603008,,,,module 'akshare' has no attribute 'stock_profile_sina'
603009,,,,module 'akshare' has no attribute 'stock_profile_sina'
603010,,,,module 'akshare' has no attribute 'stock_profile_sina'
603011,,,,module 'akshare' has no attribute 'stock_profile_sina'
603012,,,,module 'akshare' has no attribute 'stock_profile_sina'
603013,,,,module 'akshare' has no attribute 'stock_profile_sina'
603014,,,,module 'akshare' has no attribute 'stock_profile_sina'
603015,,,,module 'akshare' has no attribute 'stock_profile_sina'
603016,,,,module 'akshare' has no attribute 'stock_profile_sina'
603017,,,,module 'akshare' has no attribute 'stock_profile_sina'
603018,,,,module 'akshare' has no attribute 'stock_profile_sina'
603019,,,,module 'akshare' has no attribute 'stock_profile_sina'
603020,,,,module 'akshare' has no attribute 'stock_profile_sina'
603021,,,,module 'akshare' has no attribute 'stock_profile_sina'
603022,,,,module 'akshare' has no attribute 'stock_profile_sina'
603023,,,,module 'akshare' has no attribute 'stock_profile_sina'
603025,,,,module 'akshare' has no attribute 'stock_profile_sina'
603026,,,,module 'akshare' has no attribute 'stock_profile_sina'
603027,,,,module 'akshare' has no attribute 'stock_profile_sina'
603028,,,,module 'akshare' has no attribute 'stock_profile_sina'
603029,,,,module 'akshare' has no attribute 'stock_profile_sina'
603030,,,,module 'akshare' has no attribute 'stock_profile_sina'
603031,,,,module 'akshare' has no attribute 'stock_profile_sina'
603032,,,,module 'akshare' has no attribute 'stock_profile_sina'
603033,,,,module 'akshare' has no attribute 'stock_profile_sina'
603035,,,,module 'akshare' has no attribute 'stock_profile_sina'
603036,,,,module 'akshare' has no attribute 'stock_profile_sina'
603037,,,,module 'akshare' has no attribute 'stock_profile_sina'
603038,,,,module 'akshare' has no attribute 'stock_profile_sina'
603039,,,,module 'akshare' has no attribute 'stock_profile_sina'
603040,,,,module 'akshare' has no attribute 'stock_profile_sina'
603041,,,,module 'akshare' has no attribute 'stock_profile_sina'
603042,,,,module 'akshare' has no attribute 'stock_profile_sina'
603043,,,,module 'akshare' has no attribute 'stock_profile_sina'
603045,,,,module 'akshare' has no attribute 'stock_profile_sina'
603048,,,,module 'akshare' has no attribute 'stock_profile_sina'
603049,,,,module 'akshare' has no attribute 'stock_profile_sina'
603050,,,,module 'akshare' has no attribute 'stock_profile_sina'
603051,,,,module 'akshare' has no attribute 'stock_profile_sina'
603052,,,,module 'akshare' has no attribute 'stock_profile_sina'
603053,,,,module 'akshare' has no attribute 'stock_profile_sina'
603055,,,,module 'akshare' has no attribute 'stock_profile_sina'
603057,,,,module 'akshare' has no attribute 'stock_profile_sina'
603058,,,,module 'akshare' has no attribute 'stock_profile_sina'
603059,,,,module 'akshare' has no attribute 'stock_profile_sina'
603060,,,,module 'akshare' has no attribute 'stock_profile_sina'
603061,,,,module 'akshare' has no attribute 'stock_profile_sina'
603062,,,,module 'akshare' has no attribute 'stock_profile_sina'
603063,,,,module 'akshare' has no attribute 'stock_profile_sina'
603065,,,,module 'akshare' has no attribute 'stock_profile_sina'
603066,,,,module 'akshare' has no attribute 'stock_profile_sina'
603067,,,,module 'akshare' has no attribute 'stock_profile_sina'
603068,,,,module 'akshare' has no attribute 'stock_profile_sina'
603069,,,,module 'akshare' has no attribute 'stock_profile_sina'
603070,,,,module 'akshare' has no attribute 'stock_profile_sina'
603071,,,,module 'akshare' has no attribute 'stock_profile_sina'
603072,,,,module 'akshare' has no attribute 'stock_profile_sina'
603073,,,,module 'akshare' has no attribute 'stock_profile_sina'
603075,,,,module 'akshare' has no attribute 'stock_profile_sina'
603076,,,,module 'akshare' has no attribute 'stock_profile_sina'
603077,,,,module 'akshare' has no attribute 'stock_profile_sina'
603078,,,,module 'akshare' has no attribute 'stock_profile_sina'
603079,,,,module 'akshare' has no attribute 'stock_profile_sina'
603080,,,,module 'akshare' has no attribute 'stock_profile_sina'
603081,,,,module 'akshare' has no attribute 'stock_profile_sina'
603082,,,,module 'akshare' has no attribute 'stock_profile_sina'
603083,,,,module 'akshare' has no attribute 'stock_profile_sina'
603085,,,,module 'akshare' has no attribute 'stock_profile_sina'
603086,,,,module 'akshare' has no attribute 'stock_profile_sina'
603087,,,,module 'akshare' has no attribute 'stock_profile_sina'
603088,,,,module 'akshare' has no attribute 'stock_profile_sina'
603089,,,,module 'akshare' has no attribute 'stock_profile_sina'
603090,,,,module 'akshare' has no attribute 'stock_profile_sina'
603091,,,,module 'akshare' has no attribute 'stock_profile_sina'
603092,,,,module 'akshare' has no attribute 'stock_profile_sina'
603093,,,,module 'akshare' has no attribute 'stock_profile_sina'
603095,,,,module 'akshare' has no attribute 'stock_profile_sina'
603096,,,,module 'akshare' has no attribute 'stock_profile_sina'
603097,,,,module 'akshare' has no attribute 'stock_profile_sina'
603098,,,,module 'akshare' has no attribute 'stock_profile_sina'
603099,,,,module 'akshare' has no attribute 'stock_profile_sina'
603100,,,,module 'akshare' has no attribute 'stock_profile_sina'
603101,,,,module 'akshare' has no attribute 'stock_profile_sina'
603102,,,,module 'akshare' has no attribute 'stock_profile_sina'
603103,,,,module 'akshare' has no attribute 'stock_profile_sina'
603105,,,,module 'akshare' has no attribute 'stock_profile_sina'
603106,,,,module 'akshare' has no attribute 'stock_profile_sina'
603107,,,,module 'akshare' has no attribute 'stock_profile_sina'
603108,,,,module 'akshare' has no attribute 'stock_profile_sina'
603109,,,,module 'akshare' has no attribute 'stock_profile_sina'
603110,,,,module 'akshare' has no attribute 'stock_profile_sina'
603111,,,,module 'akshare' has no attribute 'stock_profile_sina'
603112,,,,module 'akshare' has no attribute 'stock_profile_sina'
603113,,,,module 'akshare' has no attribute 'stock_profile_sina'
603115,,,,module 'akshare' has no attribute 'stock_profile_sina'
603116,,,,module 'akshare' has no attribute 'stock_profile_sina'
603117,,,,module 'akshare' has no attribute 'stock_profile_sina'
603118,,,,module 'akshare' has no attribute 'stock_profile_sina'
603119,,,,module 'akshare' has no attribute 'stock_profile_sina'
603120,,,,module 'akshare' has no attribute 'stock_profile_sina'
603121,,,,module 'akshare' has no attribute 'stock_profile_sina'
603122,,,,module 'akshare' has no attribute 'stock_profile_sina'
603123,,,,module 'akshare' has no attribute 'stock_profile_sina'
603124,,,,module 'akshare' has no attribute 'stock_profile_sina'
603125,,,,module 'akshare' has no attribute 'stock_profile_sina'
603126,,,,module 'akshare' has no attribute 'stock_profile_sina'
603127,,,,module 'akshare' has no attribute 'stock_profile_sina'
603128,,,,module 'akshare' has no attribute 'stock_profile_sina'
603129,,,,module 'akshare' has no attribute 'stock_profile_sina'
603130,,,,module 'akshare' has no attribute 'stock_profile_sina'
603131,,,,module 'akshare' has no attribute 'stock_profile_sina'
603132,,,,module 'akshare' has no attribute 'stock_profile_sina'
603135,,,,module 'akshare' has no attribute 'stock_profile_sina'
603136,,,,module 'akshare' has no attribute 'stock_profile_sina'
603137,,,,module 'akshare' has no attribute 'stock_profile_sina'
603138,,,,module 'akshare' has no attribute 'stock_profile_sina'
603139,,,,module 'akshare' has no attribute 'stock_profile_sina'
603150,,,,module 'akshare' has no attribute 'stock_profile_sina'
603151,,,,module 'akshare' has no attribute 'stock_profile_sina'
603153,,,,module 'akshare' has no attribute 'stock_profile_sina'
603155,,,,module 'akshare' has no attribute 'stock_profile_sina'
603156,,,,module 'akshare' has no attribute 'stock_profile_sina'
603158,,,,module 'akshare' has no attribute 'stock_profile_sina'
603159,,,,module 'akshare' has no attribute 'stock_profile_sina'
603160,,,,module 'akshare' has no attribute 'stock_profile_sina'
603161,,,,module 'akshare' has no attribute 'stock_profile_sina'
603162,,,,module 'akshare' has no attribute 'stock_profile_sina'
603163,,,,module 'akshare' has no attribute 'stock_profile_sina'
603165,,,,module 'akshare' has no attribute 'stock_profile_sina'
603166,,,,module 'akshare' has no attribute 'stock_profile_sina'
603167,,,,module 'akshare' has no attribute 'stock_profile_sina'
603168,,,,module 'akshare' has no attribute 'stock_profile_sina'
603169,,,,module 'akshare' has no attribute 'stock_profile_sina'
603170,,,,module 'akshare' has no attribute 'stock_profile_sina'
603171,,,,module 'akshare' has no attribute 'stock_profile_sina'
603172,,,,module 'akshare' has no attribute 'stock_profile_sina'
603173,,,,module 'akshare' has no attribute 'stock_profile_sina'
603175,,,,module 'akshare' has no attribute 'stock_profile_sina'
603176,,,,module 'akshare' has no attribute 'stock_profile_sina'
603177,,,,module 'akshare' has no attribute 'stock_profile_sina'
603178,,,,module 'akshare' has no attribute 'stock_profile_sina'
603179,,,,module 'akshare' has no attribute 'stock_profile_sina'
603180,,,,module 'akshare' has no attribute 'stock_profile_sina'
603181,,,,module 'akshare' has no attribute 'stock_profile_sina'
603182,,,,module 'akshare' has no attribute 'stock_profile_sina'
603183,,,,module 'akshare' has no attribute 'stock_profile_sina'
603185,,,,module 'akshare' has no attribute 'stock_profile_sina'
603186,,,,module 'akshare' has no attribute 'stock_profile_sina'
603187,,,,module 'akshare' has no attribute 'stock_profile_sina'
603188,,,,module 'akshare' has no attribute 'stock_profile_sina'
603189,,,,module 'akshare' has no attribute 'stock_profile_sina'
603190,,,,module 'akshare' has no attribute 'stock_profile_sina'
603191,,,,module 'akshare' has no attribute 'stock_profile_sina'
603192,,,,module 'akshare' has no attribute 'stock_profile_sina'
603193,,,,module 'akshare' has no attribute 'stock_profile_sina'
603194,,,,module 'akshare' has no attribute 'stock_profile_sina'
603195,,,,module 'akshare' has no attribute 'stock_profile_sina'
603196,,,,module 'akshare' has no attribute 'stock_profile_sina'
603197,,,,module 'akshare' has no attribute 'stock_profile_sina'
603198,,,,module 'akshare' has no attribute 'stock_profile_sina'
603199,,,,module 'akshare' has no attribute 'stock_profile_sina'
603200,,,,module 'akshare' has no attribute 'stock_profile_sina'
603201,,,,module 'akshare' has no attribute 'stock_profile_sina'
603202,,,,module 'akshare' has no attribute 'stock_profile_sina'
603203,,,,module 'akshare' has no attribute 'stock_profile_sina'
603205,,,,module 'akshare' has no attribute 'stock_profile_sina'
603206,,,,module 'akshare' has no attribute 'stock_profile_sina'
603207,,,,module 'akshare' has no attribute 'stock_profile_sina'
603208,,,,module 'akshare' has no attribute 'stock_profile_sina'
603209,,,,module 'akshare' has no attribute 'stock_profile_sina'
603210,,,,module 'akshare' has no attribute 'stock_profile_sina'
603211,,,,module 'akshare' has no attribute 'stock_profile_sina'
603212,,,,module 'akshare' has no attribute 'stock_profile_sina'
603213,,,,module 'akshare' has no attribute 'stock_profile_sina'
603214,,,,module 'akshare' has no attribute 'stock_profile_sina'
603215,,,,module 'akshare' has no attribute 'stock_profile_sina'
603216,,,,module 'akshare' has no attribute 'stock_profile_sina'
603217,,,,module 'akshare' has no attribute 'stock_profile_sina'
603218,,,,module 'akshare' has no attribute 'stock_profile_sina'
603219,,,,module 'akshare' has no attribute 'stock_profile_sina'
603220,,,,module 'akshare' has no attribute 'stock_profile_sina'
603221,,,,module 'akshare' has no attribute 'stock_profile_sina'
603222,,,,module 'akshare' has no attribute 'stock_profile_sina'
603223,,,,module 'akshare' has no attribute 'stock_profile_sina'
603225,,,,module 'akshare' has no attribute 'stock_profile_sina'
603226,,,,module 'akshare' has no attribute 'stock_profile_sina'
603227,,,,module 'akshare' has no attribute 'stock_profile_sina'
603228,,,,module 'akshare' has no attribute 'stock_profile_sina'
603229,,,,module 'akshare' has no attribute 'stock_profile_sina'
603230,,,,module 'akshare' has no attribute 'stock_profile_sina'
603231,,,,module 'akshare' has no attribute 'stock_profile_sina'
603232,,,,module 'akshare' has no attribute 'stock_profile_sina'
603233,,,,module 'akshare' has no attribute 'stock_profile_sina'
603235,,,,module 'akshare' has no attribute 'stock_profile_sina'
603236,,,,module 'akshare' has no attribute 'stock_profile_sina'
603237,,,,module 'akshare' has no attribute 'stock_profile_sina'
603238,,,,module 'akshare' has no attribute 'stock_profile_sina'
603239,,,,module 'akshare' has no attribute 'stock_profile_sina'
603248,,,,module 'akshare' has no attribute 'stock_profile_sina'
603255,,,,module 'akshare' has no attribute 'stock_profile_sina'
603256,,,,module 'akshare' has no attribute 'stock_profile_sina'
603257,,,,module 'akshare' has no attribute 'stock_profile_sina'
603258,,,,module 'akshare' has no attribute 'stock_profile_sina'
603259,,,,module 'akshare' has no attribute 'stock_profile_sina'
603260,,,,module 'akshare' has no attribute 'stock_profile_sina'
603261,,,,module 'akshare' has no attribute 'stock_profile_sina'
603262,,,,module 'akshare' has no attribute 'stock_profile_sina'
603266,,,,module 'akshare' has no attribute 'stock_profile_sina'
603267,,,,module 'akshare' has no attribute 'stock_profile_sina'
603268,,,,module 'akshare' has no attribute 'stock_profile_sina'
603269,,,,module 'akshare' has no attribute 'stock_profile_sina'
603270,,,,module 'akshare' has no attribute 'stock_profile_sina'
603271,,,,module 'akshare' has no attribute 'stock_profile_sina'
603272,,,,module 'akshare' has no attribute 'stock_profile_sina'
603273,,,,module 'akshare' has no attribute 'stock_profile_sina'
603275,,,,module 'akshare' has no attribute 'stock_profile_sina'
603276,,,,module 'akshare' has no attribute 'stock_profile_sina'
603277,,,,module 'akshare' has no attribute 'stock_profile_sina'
603278,,,,module 'akshare' has no attribute 'stock_profile_sina'
603279,,,,module 'akshare' has no attribute 'stock_profile_sina'
603280,,,,module 'akshare' has no attribute 'stock_profile_sina'
603281,,,,module 'akshare' has no attribute 'stock_profile_sina'
603282,,,,module 'akshare' has no attribute 'stock_profile_sina'
603283,,,,module 'akshare' has no attribute 'stock_profile_sina'
603284,,,,module 'akshare' has no attribute 'stock_profile_sina'
603285,,,,module 'akshare' has no attribute 'stock_profile_sina'
603286,,,,module 'akshare' has no attribute 'stock_profile_sina'
603288,,,,module 'akshare' has no attribute 'stock_profile_sina'
603289,,,,module 'akshare' has no attribute 'stock_profile_sina'
603290,,,,module 'akshare' has no attribute 'stock_profile_sina'
603291,,,,module 'akshare' has no attribute 'stock_profile_sina'
603296,,,,module 'akshare' has no attribute 'stock_profile_sina'
603297,,,,module 'akshare' has no attribute 'stock_profile_sina'
603298,,,,module 'akshare' has no attribute 'stock_profile_sina'
603299,,,,module 'akshare' has no attribute 'stock_profile_sina'
603300,,,,module 'akshare' has no attribute 'stock_profile_sina'
603301,,,,module 'akshare' has no attribute 'stock_profile_sina'
603303,,,,module 'akshare' has no attribute 'stock_profile_sina'
603305,,,,module 'akshare' has no attribute 'stock_profile_sina'
603306,,,,module 'akshare' has no attribute 'stock_profile_sina'
603307,,,,module 'akshare' has no attribute 'stock_profile_sina'
603308,,,,module 'akshare' has no attribute 'stock_profile_sina'
603309,,,,module 'akshare' has no attribute 'stock_profile_sina'
603310,,,,module 'akshare' has no attribute 'stock_profile_sina'
603311,,,,module 'akshare' has no attribute 'stock_profile_sina'
603312,,,,module 'akshare' has no attribute 'stock_profile_sina'
603313,,,,module 'akshare' has no attribute 'stock_profile_sina'
603315,,,,module 'akshare' has no attribute 'stock_profile_sina'
603316,,,,module 'akshare' has no attribute 'stock_profile_sina'
603317,,,,module 'akshare' has no attribute 'stock_profile_sina'
603318,,,,module 'akshare' has no attribute 'stock_profile_sina'
603319,,,,module 'akshare' has no attribute 'stock_profile_sina'
603320,,,,module 'akshare' has no attribute 'stock_profile_sina'
603321,,,,module 'akshare' has no attribute 'stock_profile_sina'
603322,,,,module 'akshare' has no attribute 'stock_profile_sina'
603323,,,,module 'akshare' has no attribute 'stock_profile_sina'
603324,,,,module 'akshare' has no attribute 'stock_profile_sina'
603325,,,,module 'akshare' has no attribute 'stock_profile_sina'
603326,,,,module 'akshare' has no attribute 'stock_profile_sina'
603327,,,,module 'akshare' has no attribute 'stock_profile_sina'
603328,,,,module 'akshare' has no attribute 'stock_profile_sina'
603329,,,,module 'akshare' has no attribute 'stock_profile_sina'
603330,,,,module 'akshare' has no attribute 'stock_profile_sina'
603331,,,,module 'akshare' has no attribute 'stock_profile_sina'
603332,,,,module 'akshare' has no attribute 'stock_profile_sina'
603333,,,,module 'akshare' has no attribute 'stock_profile_sina'
603334,,,,module 'akshare' has no attribute 'stock_profile_sina'
603335,,,,module 'akshare' has no attribute 'stock_profile_sina'
603336,,,,module 'akshare' has no attribute 'stock_profile_sina'
603337,,,,module 'akshare' has no attribute 'stock_profile_sina'
603338,,,,module 'akshare' has no attribute 'stock_profile_sina'
603339,,,,module 'akshare' has no attribute 'stock_profile_sina'
603341,,,,module 'akshare' has no attribute 'stock_profile_sina'
603344,,,,module 'akshare' has no attribute 'stock_profile_sina'
603345,,,,module 'akshare' has no attribute 'stock_profile_sina'
603348,,,,module 'akshare' has no attribute 'stock_profile_sina'
603350,,,,module 'akshare' has no attribute 'stock_profile_sina'
603351,,,,module 'akshare' has no attribute 'stock_profile_sina'
603352,,,,module 'akshare' has no attribute 'stock_profile_sina'
603353,,,,module 'akshare' has no attribute 'stock_profile_sina'
603355,,,,module 'akshare' has no attribute 'stock_profile_sina'
603356,,,,module 'akshare' has no attribute 'stock_profile_sina'
603357,,,,module 'akshare' has no attribute 'stock_profile_sina'
603358,,,,module 'akshare' has no attribute 'stock_profile_sina'
603359,,,,module 'akshare' has no attribute 'stock_profile_sina'
603360,,,,module 'akshare' has no attribute 'stock_profile_sina'
603363,,,,module 'akshare' has no attribute 'stock_profile_sina'
603365,,,,module 'akshare' has no attribute 'stock_profile_sina'
603366,,,,module 'akshare' has no attribute 'stock_profile_sina'
603367,,,,module 'akshare' has no attribute 'stock_profile_sina'
603368,,,,module 'akshare' has no attribute 'stock_profile_sina'
603369,,,,module 'akshare' has no attribute 'stock_profile_sina'
603370,,,,module 'akshare' has no attribute 'stock_profile_sina'
603373,,,,module 'akshare' has no attribute 'stock_profile_sina'
603375,,,,module 'akshare' has no attribute 'stock_profile_sina'
603376,,,,module 'akshare' has no attribute 'stock_profile_sina'
603377,,,,module 'akshare' has no attribute 'stock_profile_sina'
603378,,,,module 'akshare' has no attribute 'stock_profile_sina'
603379,,,,module 'akshare' has no attribute 'stock_profile_sina'
603380,,,,module 'akshare' has no attribute 'stock_profile_sina'
603381,,,,module 'akshare' has no attribute 'stock_profile_sina'
603382,,,,module 'akshare' has no attribute 'stock_profile_sina'
603383,,,,module 'akshare' has no attribute 'stock_profile_sina'
603385,,,,module 'akshare' has no attribute 'stock_profile_sina'
603386,,,,module 'akshare' has no attribute 'stock_profile_sina'
603387,,,,module 'akshare' has no attribute 'stock_profile_sina'
603389,,,,module 'akshare' has no attribute 'stock_profile_sina'
603390,,,,module 'akshare' has no attribute 'stock_profile_sina'
603391,,,,module 'akshare' has no attribute 'stock_profile_sina'
603392,,,,module 'akshare' has no attribute 'stock_profile_sina'
603393,,,,module 'akshare' has no attribute 'stock_profile_sina'
603395,,,,module 'akshare' has no attribute 'stock_profile_sina'
603396,,,,module 'akshare' has no attribute 'stock_profile_sina'
603398,,,,module 'akshare' has no attribute 'stock_profile_sina'
603399,,,,module 'akshare' has no attribute 'stock_profile_sina'
603400,,,,module 'akshare' has no attribute 'stock_profile_sina'
603402,,,,module 'akshare' has no attribute 'stock_profile_sina'
603406,,,,module 'akshare' has no attribute 'stock_profile_sina'
603408,,,,module 'akshare' has no attribute 'stock_profile_sina'
603409,,,,module 'akshare' has no attribute 'stock_profile_sina'
603416,,,,module 'akshare' has no attribute 'stock_profile_sina'
603418,,,,module 'akshare' has no attribute 'stock_profile_sina'
603421,,,,module 'akshare' has no attribute 'stock_profile_sina'
603429,,,,module 'akshare' has no attribute 'stock_profile_sina'
603439,,,,module 'akshare' has no attribute 'stock_profile_sina'
603444,,,,module 'akshare' has no attribute 'stock_profile_sina'
603456,,,,module 'akshare' has no attribute 'stock_profile_sina'
603458,,,,module 'akshare' has no attribute 'stock_profile_sina'
603466,,,,module 'akshare' has no attribute 'stock_profile_sina'
603477,,,,module 'akshare' has no attribute 'stock_profile_sina'
603486,,,,module 'akshare' has no attribute 'stock_profile_sina'
603488,,,,module 'akshare' has no attribute 'stock_profile_sina'
603489,,,,module 'akshare' has no attribute 'stock_profile_sina'
603496,,,,module 'akshare' has no attribute 'stock_profile_sina'
603499,,,,module 'akshare' has no attribute 'stock_profile_sina'
603500,,,,module 'akshare' has no attribute 'stock_profile_sina'
603501,,,,module 'akshare' has no attribute 'stock_profile_sina'
603505,,,,module 'akshare' has no attribute 'stock_profile_sina'
603506,,,,module 'akshare' has no attribute 'stock_profile_sina'
603507,,,,module 'akshare' has no attribute 'stock_profile_sina'
603508,,,,module 'akshare' has no attribute 'stock_profile_sina'
603511,,,,module 'akshare' has no attribute 'stock_profile_sina'
603515,,,,module 'akshare' has no attribute 'stock_profile_sina'
603516,,,,module 'akshare' has no attribute 'stock_profile_sina'
603517,,,,module 'akshare' has no attribute 'stock_profile_sina'
603518,,,,module 'akshare' has no attribute 'stock_profile_sina'
603519,,,,module 'akshare' has no attribute 'stock_profile_sina'
603520,,,,module 'akshare' has no attribute 'stock_profile_sina'
603527,,,,module 'akshare' has no attribute 'stock_profile_sina'
603528,,,,module 'akshare' has no attribute 'stock_profile_sina'
603529,,,,module 'akshare' has no attribute 'stock_profile_sina'
603530,,,,module 'akshare' has no attribute 'stock_profile_sina'
603533,,,,module 'akshare' has no attribute 'stock_profile_sina'
603535,,,,module 'akshare' has no attribute 'stock_profile_sina'
603536,,,,module 'akshare' has no attribute 'stock_profile_sina'
603538,,,,module 'akshare' has no attribute 'stock_profile_sina'
603551,,,,module 'akshare' has no attribute 'stock_profile_sina'
603556,,,,module 'akshare' has no attribute 'stock_profile_sina'
603557,,,,module 'akshare' has no attribute 'stock_profile_sina'
603558,,,,module 'akshare' has no attribute 'stock_profile_sina'
603559,,,,module 'akshare' has no attribute 'stock_profile_sina'
603565,,,,module 'akshare' has no attribute 'stock_profile_sina'
603566,,,,module 'akshare' has no attribute 'stock_profile_sina'
603567,,,,module 'akshare' has no attribute 'stock_profile_sina'
603568,,,,module 'akshare' has no attribute 'stock_profile_sina'
603569,,,,module 'akshare' has no attribute 'stock_profile_sina'
603577,,,,module 'akshare' has no attribute 'stock_profile_sina'
603578,,,,module 'akshare' has no attribute 'stock_profile_sina'
603579,,,,module 'akshare' has no attribute 'stock_profile_sina'
603580,,,,module 'akshare' has no attribute 'stock_profile_sina'
603583,,,,module 'akshare' has no attribute 'stock_profile_sina'
603585,,,,module 'akshare' has no attribute 'stock_profile_sina'
603586,,,,module 'akshare' has no attribute 'stock_profile_sina'
603587,,,,module 'akshare' has no attribute 'stock_profile_sina'
603588,,,,module 'akshare' has no attribute 'stock_profile_sina'
603589,,,,module 'akshare' has no attribute 'stock_profile_sina'
603590,,,,module 'akshare' has no attribute 'stock_profile_sina'
603595,,,,module 'akshare' has no attribute 'stock_profile_sina'
603596,,,,module 'akshare' has no attribute 'stock_profile_sina'
603598,,,,module 'akshare' has no attribute 'stock_profile_sina'
603599,,,,module 'akshare' has no attribute 'stock_profile_sina'
603600,,,,module 'akshare' has no attribute 'stock_profile_sina'
603601,,,,module 'akshare' has no attribute 'stock_profile_sina'
603602,,,,module 'akshare' has no attribute 'stock_profile_sina'
603605,,,,module 'akshare' has no attribute 'stock_profile_sina'
603606,,,,module 'akshare' has no attribute 'stock_profile_sina'
603607,,,,module 'akshare' has no attribute 'stock_profile_sina'
603608,,,,module 'akshare' has no attribute 'stock_profile_sina'
603609,,,,module 'akshare' has no attribute 'stock_profile_sina'
603610,,,,module 'akshare' has no attribute 'stock_profile_sina'
603611,,,,module 'akshare' has no attribute 'stock_profile_sina'
603612,,,,module 'akshare' has no attribute 'stock_profile_sina'
603613,,,,module 'akshare' has no attribute 'stock_profile_sina'
603615,,,,module 'akshare' has no attribute 'stock_profile_sina'
603616,,,,module 'akshare' has no attribute 'stock_profile_sina'
603617,,,,module 'akshare' has no attribute 'stock_profile_sina'
603618,,,,module 'akshare' has no attribute 'stock_profile_sina'
603619,,,,module 'akshare' has no attribute 'stock_profile_sina'
603626,,,,module 'akshare' has no attribute 'stock_profile_sina'
603628,,,,module 'akshare' has no attribute 'stock_profile_sina'
603629,,,,module 'akshare' has no attribute 'stock_profile_sina'
603630,,,,module 'akshare' has no attribute 'stock_profile_sina'
603633,,,,module 'akshare' has no attribute 'stock_profile_sina'
603636,,,,module 'akshare' has no attribute 'stock_profile_sina'
603637,,,,module 'akshare' has no attribute 'stock_profile_sina'
603638,,,,module 'akshare' has no attribute 'stock_profile_sina'
603639,,,,module 'akshare' has no attribute 'stock_profile_sina'
603648,,,,module 'akshare' has no attribute 'stock_profile_sina'
603650,,,,module 'akshare' has no attribute 'stock_profile_sina'
603655,,,,module 'akshare' has no attribute 'stock_profile_sina'
603656,,,,module 'akshare' has no attribute 'stock_profile_sina'
603657,,,,module 'akshare' has no attribute 'stock_profile_sina'
603658,,,,module 'akshare' has no attribute 'stock_profile_sina'
603659,,,,module 'akshare' has no attribute 'stock_profile_sina'
603660,,,,module 'akshare' has no attribute 'stock_profile_sina'
603661,,,,module 'akshare' has no attribute 'stock_profile_sina'
603662,,,,module 'akshare' has no attribute 'stock_profile_sina'
603663,,,,module 'akshare' has no attribute 'stock_profile_sina'
603665,,,,module 'akshare' has no attribute 'stock_profile_sina'
603666,,,,module 'akshare' has no attribute 'stock_profile_sina'
603667,,,,module 'akshare' has no attribute 'stock_profile_sina'
603668,,,,module 'akshare' has no attribute 'stock_profile_sina'
603669,,,,module 'akshare' has no attribute 'stock_profile_sina'
603676,,,,module 'akshare' has no attribute 'stock_profile_sina'
603677,,,,module 'akshare' has no attribute 'stock_profile_sina'
603678,,,,module 'akshare' has no attribute 'stock_profile_sina'
603679,,,,module 'akshare' has no attribute 'stock_profile_sina'
603680,,,,module 'akshare' has no attribute 'stock_profile_sina'
603681,,,,module 'akshare' has no attribute 'stock_profile_sina'
603682,,,,module 'akshare' has no attribute 'stock_profile_sina'
603683,,,,module 'akshare' has no attribute 'stock_profile_sina'
603685,,,,module 'akshare' has no attribute 'stock_profile_sina'
603686,,,,module 'akshare' has no attribute 'stock_profile_sina'
603687,,,,module 'akshare' has no attribute 'stock_profile_sina'
603688,,,,module 'akshare' has no attribute 'stock_profile_sina'
603689,,,,module 'akshare' has no attribute 'stock_profile_sina'
603690,,,,module 'akshare' has no attribute 'stock_profile_sina'
603693,,,,module 'akshare' has no attribute 'stock_profile_sina'
603696,,,,module 'akshare' has no attribute 'stock_profile_sina'
603697,,,,module 'akshare' has no attribute 'stock_profile_sina'
603698,,,,module 'akshare' has no attribute 'stock_profile_sina'
603699,,,,module 'akshare' has no attribute 'stock_profile_sina'
603700,,,,module 'akshare' has no attribute 'stock_profile_sina'
603701,,,,module 'akshare' has no attribute 'stock_profile_sina'
603703,,,,module 'akshare' has no attribute 'stock_profile_sina'
603706,,,,module 'akshare' has no attribute 'stock_profile_sina'
603707,,,,module 'akshare' has no attribute 'stock_profile_sina'
603708,,,,module 'akshare' has no attribute 'stock_profile_sina'
603709,,,,module 'akshare' has no attribute 'stock_profile_sina'
603711,,,,module 'akshare' has no attribute 'stock_profile_sina'
603712,,,,module 'akshare' has no attribute 'stock_profile_sina'
603713,,,,module 'akshare' has no attribute 'stock_profile_sina'
603716,,,,module 'akshare' has no attribute 'stock_profile_sina'
603717,,,,module 'akshare' has no attribute 'stock_profile_sina'
603718,,,,module 'akshare' has no attribute 'stock_profile_sina'
603719,,,,module 'akshare' has no attribute 'stock_profile_sina'
603721,,,,module 'akshare' has no attribute 'stock_profile_sina'
603722,,,,module 'akshare' has no attribute 'stock_profile_sina'
603725,,,,module 'akshare' has no attribute 'stock_profile_sina'
603726,,,,module 'akshare' has no attribute 'stock_profile_sina'
603727,,,,module 'akshare' has no attribute 'stock_profile_sina'
603728,,,,module 'akshare' has no attribute 'stock_profile_sina'
603729,,,,module 'akshare' has no attribute 'stock_profile_sina'
603730,,,,module 'akshare' has no attribute 'stock_profile_sina'
603733,,,,module 'akshare' has no attribute 'stock_profile_sina'
603737,,,,module 'akshare' has no attribute 'stock_profile_sina'
603738,,,,module 'akshare' has no attribute 'stock_profile_sina'
603739,,,,module 'akshare' has no attribute 'stock_profile_sina'
603755,,,,module 'akshare' has no attribute 'stock_profile_sina'
603757,,,,module 'akshare' has no attribute 'stock_profile_sina'
603758,,,,module 'akshare' has no attribute 'stock_profile_sina'
603759,,,,module 'akshare' has no attribute 'stock_profile_sina'
603766,,,,module 'akshare' has no attribute 'stock_profile_sina'
603767,,,,module 'akshare' has no attribute 'stock_profile_sina'
603768,,,,module 'akshare' has no attribute 'stock_profile_sina'
603773,,,,module 'akshare' has no attribute 'stock_profile_sina'
603776,,,,module 'akshare' has no attribute 'stock_profile_sina'
603777,,,,module 'akshare' has no attribute 'stock_profile_sina'
603778,,,,module 'akshare' has no attribute 'stock_profile_sina'
603779,,,,module 'akshare' has no attribute 'stock_profile_sina'
603786,,,,module 'akshare' has no attribute 'stock_profile_sina'
603787,,,,module 'akshare' has no attribute 'stock_profile_sina'
603788,,,,module 'akshare' has no attribute 'stock_profile_sina'
603789,,,,module 'akshare' has no attribute 'stock_profile_sina'
603790,,,,module 'akshare' has no attribute 'stock_profile_sina'
603797,,,,module 'akshare' has no attribute 'stock_profile_sina'
603798,,,,module 'akshare' has no attribute 'stock_profile_sina'
603799,,,,module 'akshare' has no attribute 'stock_profile_sina'
603800,,,,module 'akshare' has no attribute 'stock_profile_sina'
603801,,,,module 'akshare' has no attribute 'stock_profile_sina'
603803,,,,module 'akshare' has no attribute 'stock_profile_sina'
603806,,,,module 'akshare' has no attribute 'stock_profile_sina'
603808,,,,module 'akshare' has no attribute 'stock_profile_sina'
603809,,,,module 'akshare' has no attribute 'stock_profile_sina'
603810,,,,module 'akshare' has no attribute 'stock_profile_sina'
603811,,,,module 'akshare' has no attribute 'stock_profile_sina'
603813,,,,module 'akshare' has no attribute 'stock_profile_sina'
603815,,,,module 'akshare' has no attribute 'stock_profile_sina'
603816,,,,module 'akshare' has no attribute 'stock_profile_sina'
603817,,,,module 'akshare' has no attribute 'stock_profile_sina'
603818,,,,module 'akshare' has no attribute 'stock_profile_sina'
603819,,,,module 'akshare' has no attribute 'stock_profile_sina'
603822,,,,module 'akshare' has no attribute 'stock_profile_sina'
603823,,,,module 'akshare' has no attribute 'stock_profile_sina'
603825,,,,module 'akshare' has no attribute 'stock_profile_sina'
603826,,,,module 'akshare' has no attribute 'stock_profile_sina'
603828,,,,module 'akshare' has no attribute 'stock_profile_sina'
603829,,,,module 'akshare' has no attribute 'stock_profile_sina'
603833,,,,module 'akshare' has no attribute 'stock_profile_sina'
603836,,,,module 'akshare' has no attribute 'stock_profile_sina'
603838,,,,module 'akshare' has no attribute 'stock_profile_sina'
603839,,,,module 'akshare' has no attribute 'stock_profile_sina'
603843,,,,module 'akshare' has no attribute 'stock_profile_sina'
603848,,,,module 'akshare' has no attribute 'stock_profile_sina'
603855,,,,module 'akshare' has no attribute 'stock_profile_sina'
603856,,,,module 'akshare' has no attribute 'stock_profile_sina'
603858,,,,module 'akshare' has no attribute 'stock_profile_sina'
603859,,,,module 'akshare' has no attribute 'stock_profile_sina'
603860,,,,module 'akshare' has no attribute 'stock_profile_sina'
603861,,,,module 'akshare' has no attribute 'stock_profile_sina'
603863,,,,module 'akshare' has no attribute 'stock_profile_sina'
603866,,,,module 'akshare' has no attribute 'stock_profile_sina'
603867,,,,module 'akshare' has no attribute 'stock_profile_sina'
603868,,,,module 'akshare' has no attribute 'stock_profile_sina'
603869,,,,module 'akshare' has no attribute 'stock_profile_sina'
603871,,,,module 'akshare' has no attribute 'stock_profile_sina'
603876,,,,module 'akshare' has no attribute 'stock_profile_sina'
603877,,,,module 'akshare' has no attribute 'stock_profile_sina'
603878,,,,module 'akshare' has no attribute 'stock_profile_sina'
603879,,,,module 'akshare' has no attribute 'stock_profile_sina'
603880,,,,module 'akshare' has no attribute 'stock_profile_sina'
603881,,,,module 'akshare' has no attribute 'stock_profile_sina'
603882,,,,module 'akshare' has no attribute 'stock_profile_sina'
603883,,,,module 'akshare' has no attribute 'stock_profile_sina'
603885,,,,module 'akshare' has no attribute 'stock_profile_sina'
603886,,,,module 'akshare' has no attribute 'stock_profile_sina'
603887,,,,module 'akshare' has no attribute 'stock_profile_sina'
603888,,,,module 'akshare' has no attribute 'stock_profile_sina'
603889,,,,module 'akshare' has no attribute 'stock_profile_sina'
603890,,,,module 'akshare' has no attribute 'stock_profile_sina'
603893,,,,module 'akshare' has no attribute 'stock_profile_sina'
603895,,,,module 'akshare' has no attribute 'stock_profile_sina'
603896,,,,module 'akshare' has no attribute 'stock_profile_sina'
603897,,,,module 'akshare' has no attribute 'stock_profile_sina'
603898,,,,module 'akshare' has no attribute 'stock_profile_sina'
603899,,,,module 'akshare' has no attribute 'stock_profile_sina'
603900,,,,module 'akshare' has no attribute 'stock_profile_sina'
603901,,,,module 'akshare' has no attribute 'stock_profile_sina'
603903,,,,module 'akshare' has no attribute 'stock_profile_sina'
603906,,,,module 'akshare' has no attribute 'stock_profile_sina'
603908,,,,module 'akshare' has no attribute 'stock_profile_sina'
603909,,,,module 'akshare' has no attribute 'stock_profile_sina'
603912,,,,module 'akshare' has no attribute 'stock_profile_sina'
603915,,,,module 'akshare' has no attribute 'stock_profile_sina'
603916,,,,module 'akshare' has no attribute 'stock_profile_sina'
603917,,,,module 'akshare' has no attribute 'stock_profile_sina'
603918,,,,module 'akshare' has no attribute 'stock_profile_sina'
603919,,,,module 'akshare' has no attribute 'stock_profile_sina'
603920,,,,module 'akshare' has no attribute 'stock_profile_sina'
603922,,,,module 'akshare' has no attribute 'stock_profile_sina'
603926,,,,module 'akshare' has no attribute 'stock_profile_sina'
603927,,,,module 'akshare' has no attribute 'stock_profile_sina'
603928,,,,module 'akshare' has no attribute 'stock_profile_sina'
603929,,,,module 'akshare' has no attribute 'stock_profile_sina'
603931,,,,module 'akshare' has no attribute 'stock_profile_sina'
603933,,,,module 'akshare' has no attribute 'stock_profile_sina'
603936,,,,module 'akshare' has no attribute 'stock_profile_sina'
603937,,,,module 'akshare' has no attribute 'stock_profile_sina'
603938,,,,module 'akshare' has no attribute 'stock_profile_sina'
603939,,,,module 'akshare' has no attribute 'stock_profile_sina'
603948,,,,module 'akshare' has no attribute 'stock_profile_sina'
603949,,,,module 'akshare' has no attribute 'stock_profile_sina'
603950,,,,module 'akshare' has no attribute 'stock_profile_sina'
603955,,,,module 'akshare' has no attribute 'stock_profile_sina'
603956,,,,module 'akshare' has no attribute 'stock_profile_sina'
603958,,,,module 'akshare' has no attribute 'stock_profile_sina'
603959,,,,module 'akshare' has no attribute 'stock_profile_sina'
603960,,,,module 'akshare' has no attribute 'stock_profile_sina'
603966,,,,module 'akshare' has no attribute 'stock_profile_sina'
603967,,,,module 'akshare' has no attribute 'stock_profile_sina'
603968,,,,module 'akshare' has no attribute 'stock_profile_sina'
603969,,,,module 'akshare' has no attribute 'stock_profile_sina'
603970,,,,module 'akshare' has no attribute 'stock_profile_sina'
603976,,,,module 'akshare' has no attribute 'stock_profile_sina'
603977,,,,module 'akshare' has no attribute 'stock_profile_sina'
603978,,,,module 'akshare' has no attribute 'stock_profile_sina'
603979,,,,module 'akshare' has no attribute 'stock_profile_sina'
603980,,,,module 'akshare' has no attribute 'stock_profile_sina'
603982,,,,module 'akshare' has no attribute 'stock_profile_sina'
603983,,,,module 'akshare' has no attribute 'stock_profile_sina'
603985,,,,module 'akshare' has no attribute 'stock_profile_sina'
603986,,,,module 'akshare' has no attribute 'stock_profile_sina'
603987,,,,module 'akshare' has no attribute 'stock_profile_sina'
603988,,,,module 'akshare' has no attribute 'stock_profile_sina'
603989,,,,module 'akshare' has no attribute 'stock_profile_sina'
603990,,,,module 'akshare' has no attribute 'stock_profile_sina'
603991,,,,module 'akshare' has no attribute 'stock_profile_sina'
603992,,,,module 'akshare' has no attribute 'stock_profile_sina'
603993,,,,module 'akshare' has no attribute 'stock_profile_sina'
603995,,,,module 'akshare' has no attribute 'stock_profile_sina'
603997,,,,module 'akshare' has no attribute 'stock_profile_sina'
603998,,,,module 'akshare' has no attribute 'stock_profile_sina'
603999,,,,module 'akshare' has no attribute 'stock_profile_sina'
605001,,,,module 'akshare' has no attribute 'stock_profile_sina'
605003,,,,module 'akshare' has no attribute 'stock_profile_sina'
605005,,,,module 'akshare' has no attribute 'stock_profile_sina'
605006,,,,module 'akshare' has no attribute 'stock_profile_sina'
605007,,,,module 'akshare' has no attribute 'stock_profile_sina'
605008,,,,module 'akshare' has no attribute 'stock_profile_sina'
605009,,,,module 'akshare' has no attribute 'stock_profile_sina'
605011,,,,module 'akshare' has no attribute 'stock_profile_sina'
605016,,,,module 'akshare' has no attribute 'stock_profile_sina'
605018,,,,module 'akshare' has no attribute 'stock_profile_sina'
605020,,,,module 'akshare' has no attribute 'stock_profile_sina'
605028,,,,module 'akshare' has no attribute 'stock_profile_sina'
605033,,,,module 'akshare' has no attribute 'stock_profile_sina'
605050,,,,module 'akshare' has no attribute 'stock_profile_sina'
605055,,,,module 'akshare' has no attribute 'stock_profile_sina'
605056,,,,module 'akshare' has no attribute 'stock_profile_sina'
605058,,,,module 'akshare' has no attribute 'stock_profile_sina'
605060,,,,module 'akshare' has no attribute 'stock_profile_sina'
605066,,,,module 'akshare' has no attribute 'stock_profile_sina'
605068,,,,module 'akshare' has no attribute 'stock_profile_sina'
605069,,,,module 'akshare' has no attribute 'stock_profile_sina'
605077,,,,module 'akshare' has no attribute 'stock_profile_sina'
605080,,,,module 'akshare' has no attribute 'stock_profile_sina'
605081,,,,module 'akshare' has no attribute 'stock_profile_sina'
605086,,,,module 'akshare' has no attribute 'stock_profile_sina'
605088,,,,module 'akshare' has no attribute 'stock_profile_sina'
605089,,,,module 'akshare' has no attribute 'stock_profile_sina'
605090,,,,module 'akshare' has no attribute 'stock_profile_sina'
605098,,,,module 'akshare' has no attribute 'stock_profile_sina'
605099,,,,module 'akshare' has no attribute 'stock_profile_sina'
605100,,,,module 'akshare' has no attribute 'stock_profile_sina'
605108,,,,module 'akshare' has no attribute 'stock_profile_sina'
605111,,,,module 'akshare' has no attribute 'stock_profile_sina'
605116,,,,module 'akshare' has no attribute 'stock_profile_sina'
605117,,,,module 'akshare' has no attribute 'stock_profile_sina'
605118,,,,module 'akshare' has no attribute 'stock_profile_sina'
605122,,,,module 'akshare' has no attribute 'stock_profile_sina'
605123,,,,module 'akshare' has no attribute 'stock_profile_sina'
605128,,,,module 'akshare' has no attribute 'stock_profile_sina'
605133,,,,module 'akshare' has no attribute 'stock_profile_sina'
605136,,,,module 'akshare' has no attribute 'stock_profile_sina'
605138,,,,module 'akshare' has no attribute 'stock_profile_sina'
605151,,,,module 'akshare' has no attribute 'stock_profile_sina'
605155,,,,module 'akshare' has no attribute 'stock_profile_sina'
605158,,,,module 'akshare' has no attribute 'stock_profile_sina'
605162,,,,module 'akshare' has no attribute 'stock_profile_sina'
605166,,,,module 'akshare' has no attribute 'stock_profile_sina'
605167,,,,module 'akshare' has no attribute 'stock_profile_sina'
605168,,,,module 'akshare' has no attribute 'stock_profile_sina'
605169,,,,module 'akshare' has no attribute 'stock_profile_sina'
605177,,,,module 'akshare' has no attribute 'stock_profile_sina'
605178,,,,module 'akshare' has no attribute 'stock_profile_sina'
605179,,,,module 'akshare' has no attribute 'stock_profile_sina'
605180,,,,module 'akshare' has no attribute 'stock_profile_sina'
605183,,,,module 'akshare' has no attribute 'stock_profile_sina'
605186,,,,module 'akshare' has no attribute 'stock_profile_sina'
605188,,,,module 'akshare' has no attribute 'stock_profile_sina'
605189,,,,module 'akshare' has no attribute 'stock_profile_sina'
605196,,,,module 'akshare' has no attribute 'stock_profile_sina'
605198,,,,module 'akshare' has no attribute 'stock_profile_sina'
605199,,,,module 'akshare' has no attribute 'stock_profile_sina'
605208,,,,module 'akshare' has no attribute 'stock_profile_sina'
605218,,,,module 'akshare' has no attribute 'stock_profile_sina'
605222,,,,module 'akshare' has no attribute 'stock_profile_sina'
605228,,,,module 'akshare' has no attribute 'stock_profile_sina'
605255,,,,module 'akshare' has no attribute 'stock_profile_sina'
605258,,,,module 'akshare' has no attribute 'stock_profile_sina'
605259,,,,module 'akshare' has no attribute 'stock_profile_sina'
605266,,,,module 'akshare' has no attribute 'stock_profile_sina'
605268,,,,module 'akshare' has no attribute 'stock_profile_sina'
605277,,,,module 'akshare' has no attribute 'stock_profile_sina'
605286,,,,module 'akshare' has no attribute 'stock_profile_sina'
605287,,,,module 'akshare' has no attribute 'stock_profile_sina'
605288,,,,module 'akshare' has no attribute 'stock_profile_sina'
605289,,,,module 'akshare' has no attribute 'stock_profile_sina'
605296,,,,module 'akshare' has no attribute 'stock_profile_sina'
605298,,,,module 'akshare' has no attribute 'stock_profile_sina'
605299,,,,module 'akshare' has no attribute 'stock_profile_sina'
605300,,,,module 'akshare' has no attribute 'stock_profile_sina'
605303,,,,module 'akshare' has no attribute 'stock_profile_sina'
605305,,,,module 'akshare' has no attribute 'stock_profile_sina'
605318,,,,module 'akshare' has no attribute 'stock_profile_sina'
605319,,,,module 'akshare' has no attribute 'stock_profile_sina'
605333,,,,module 'akshare' has no attribute 'stock_profile_sina'
605336,,,,module 'akshare' has no attribute 'stock_profile_sina'
605337,,,,module 'akshare' has no attribute 'stock_profile_sina'
605338,,,,module 'akshare' has no attribute 'stock_profile_sina'
605339,,,,module 'akshare' has no attribute 'stock_profile_sina'
605358,,,,module 'akshare' has no attribute 'stock_profile_sina'
605365,,,,module 'akshare' has no attribute 'stock_profile_sina'
605366,,,,module 'akshare' has no attribute 'stock_profile_sina'
605368,,,,module 'akshare' has no attribute 'stock_profile_sina'
605369,,,,module 'akshare' has no attribute 'stock_profile_sina'
605376,,,,module 'akshare' has no attribute 'stock_profile_sina'
605377,,,,module 'akshare' has no attribute 'stock_profile_sina'
605378,,,,module 'akshare' has no attribute 'stock_profile_sina'
605388,,,,module 'akshare' has no attribute 'stock_profile_sina'
605389,,,,module 'akshare' has no attribute 'stock_profile_sina'
605398,,,,module 'akshare' has no attribute 'stock_profile_sina'
605399,,,,module 'akshare' has no attribute 'stock_profile_sina'
605488,,,,module 'akshare' has no attribute 'stock_profile_sina'
605499,,,,module 'akshare' has no attribute 'stock_profile_sina'
605500,,,,module 'akshare' has no attribute 'stock_profile_sina'
605507,,,,module 'akshare' has no attribute 'stock_profile_sina'
605555,,,,module 'akshare' has no attribute 'stock_profile_sina'
605566,,,,module 'akshare' has no attribute 'stock_profile_sina'
605567,,,,module 'akshare' has no attribute 'stock_profile_sina'
605577,,,,module 'akshare' has no attribute 'stock_profile_sina'
605580,,,,module 'akshare' has no attribute 'stock_profile_sina'
605588,,,,module 'akshare' has no attribute 'stock_profile_sina'
605589,,,,module 'akshare' has no attribute 'stock_profile_sina'
605598,,,,module 'akshare' has no attribute 'stock_profile_sina'
605599,,,,module 'akshare' has no attribute 'stock_profile_sina'
688001,,,,module 'akshare' has no attribute 'stock_profile_sina'
688002,,,,module 'akshare' has no attribute 'stock_profile_sina'
688003,,,,module 'akshare' has no attribute 'stock_profile_sina'
688004,,,,module 'akshare' has no attribute 'stock_profile_sina'
688005,,,,module 'akshare' has no attribute 'stock_profile_sina'
688006,,,,module 'akshare' has no attribute 'stock_profile_sina'
688007,,,,module 'akshare' has no attribute 'stock_profile_sina'
688008,,,,module 'akshare' has no attribute 'stock_profile_sina'
688009,,,,module 'akshare' has no attribute 'stock_profile_sina'
688010,,,,module 'akshare' has no attribute 'stock_profile_sina'
688011,,,,module 'akshare' has no attribute 'stock_profile_sina'
688012,,,,module 'akshare' has no attribute 'stock_profile_sina'
688013,,,,module 'akshare' has no attribute 'stock_profile_sina'
688015,,,,module 'akshare' has no attribute 'stock_profile_sina'
688016,,,,module 'akshare' has no attribute 'stock_profile_sina'
688017,,,,module 'akshare' has no attribute 'stock_profile_sina'
688018,,,,module 'akshare' has no attribute 'stock_profile_sina'
688019,,,,module 'akshare' has no attribute 'stock_profile_sina'
688020,,,,module 'akshare' has no attribute 'stock_profile_sina'
688021,,,,module 'akshare' has no attribute 'stock_profile_sina'
688022,,,,module 'akshare' has no attribute 'stock_profile_sina'
688023,,,,module 'akshare' has no attribute 'stock_profile_sina'
688025,,,,module 'akshare' has no attribute 'stock_profile_sina'
688026,,,,module 'akshare' has no attribute 'stock_profile_sina'
688027,,,,module 'akshare' has no attribute 'stock_profile_sina'
688028,,,,module 'akshare' has no attribute 'stock_profile_sina'
688029,,,,module 'akshare' has no attribute 'stock_profile_sina'
688030,,,,module 'akshare' has no attribute 'stock_profile_sina'
688031,,,,module 'akshare' has no attribute 'stock_profile_sina'
688032,,,,module 'akshare' has no attribute 'stock_profile_sina'
688033,,,,module 'akshare' has no attribute 'stock_profile_sina'
688035,,,,module 'akshare' has no attribute 'stock_profile_sina'
688036,,,,module 'akshare' has no attribute 'stock_profile_sina'
688037,,,,module 'akshare' has no attribute 'stock_profile_sina'
688038,,,,module 'akshare' has no attribute 'stock_profile_sina'
688039,,,,module 'akshare' has no attribute 'stock_profile_sina'
688041,,,,module 'akshare' has no attribute 'stock_profile_sina'
688045,,,,module 'akshare' has no attribute 'stock_profile_sina'
688046,,,,module 'akshare' has no attribute 'stock_profile_sina'
688047,,,,module 'akshare' has no attribute 'stock_profile_sina'
688048,,,,module 'akshare' has no attribute 'stock_profile_sina'
688049,,,,module 'akshare' has no attribute 'stock_profile_sina'
688050,,,,module 'akshare' has no attribute 'stock_profile_sina'
688051,,,,module 'akshare' has no attribute 'stock_profile_sina'
688052,,,,module 'akshare' has no attribute 'stock_profile_sina'
688053,,,,module 'akshare' has no attribute 'stock_profile_sina'
688055,,,,module 'akshare' has no attribute 'stock_profile_sina'
688056,,,,module 'akshare' has no attribute 'stock_profile_sina'
688057,,,,module 'akshare' has no attribute 'stock_profile_sina'
688058,,,,module 'akshare' has no attribute 'stock_profile_sina'
688059,,,,module 'akshare' has no attribute 'stock_profile_sina'
688060,,,,module 'akshare' has no attribute 'stock_profile_sina'
688061,,,,module 'akshare' has no attribute 'stock_profile_sina'
688062,,,,module 'akshare' has no attribute 'stock_profile_sina'
688063,,,,module 'akshare' has no attribute 'stock_profile_sina'
688065,,,,module 'akshare' has no attribute 'stock_profile_sina'
688066,,,,module 'akshare' has no attribute 'stock_profile_sina'
688067,,,,module 'akshare' has no attribute 'stock_profile_sina'
688068,,,,module 'akshare' has no attribute 'stock_profile_sina'
688069,,,,module 'akshare' has no attribute 'stock_profile_sina'
688070,,,,module 'akshare' has no attribute 'stock_profile_sina'
688071,,,,module 'akshare' has no attribute 'stock_profile_sina'
688072,,,,module 'akshare' has no attribute 'stock_profile_sina'
688073,,,,module 'akshare' has no attribute 'stock_profile_sina'
688075,,,,module 'akshare' has no attribute 'stock_profile_sina'
688076,,,,module 'akshare' has no attribute 'stock_profile_sina'
688077,,,,module 'akshare' has no attribute 'stock_profile_sina'
688078,,,,module 'akshare' has no attribute 'stock_profile_sina'
688079,,,,module 'akshare' has no attribute 'stock_profile_sina'
688080,,,,module 'akshare' has no attribute 'stock_profile_sina'
688081,,,,module 'akshare' has no attribute 'stock_profile_sina'
688082,,,,module 'akshare' has no attribute 'stock_profile_sina'
688083,,,,module 'akshare' has no attribute 'stock_profile_sina'
688084,,,,module 'akshare' has no attribute 'stock_profile_sina'
688085,,,,module 'akshare' has no attribute 'stock_profile_sina'
688087,,,,module 'akshare' has no attribute 'stock_profile_sina'
688088,,,,module 'akshare' has no attribute 'stock_profile_sina'
688089,,,,module 'akshare' has no attribute 'stock_profile_sina'
688090,,,,module 'akshare' has no attribute 'stock_profile_sina'
688091,,,,module 'akshare' has no attribute 'stock_profile_sina'
688092,,,,module 'akshare' has no attribute 'stock_profile_sina'
688093,,,,module 'akshare' has no attribute 'stock_profile_sina'
688095,,,,module 'akshare' has no attribute 'stock_profile_sina'
688096,,,,module 'akshare' has no attribute 'stock_profile_sina'
688097,,,,module 'akshare' has no attribute 'stock_profile_sina'
688098,,,,module 'akshare' has no attribute 'stock_profile_sina'
688099,,,,module 'akshare' has no attribute 'stock_profile_sina'
688100,,,,module 'akshare' has no attribute 'stock_profile_sina'
688101,,,,module 'akshare' has no attribute 'stock_profile_sina'
688102,,,,module 'akshare' has no attribute 'stock_profile_sina'
688103,,,,module 'akshare' has no attribute 'stock_profile_sina'
688105,,,,module 'akshare' has no attribute 'stock_profile_sina'
688106,,,,module 'akshare' has no attribute 'stock_profile_sina'
688107,,,,module 'akshare' has no attribute 'stock_profile_sina'
688108,,,,module 'akshare' has no attribute 'stock_profile_sina'
688109,,,,module 'akshare' has no attribute 'stock_profile_sina'
688110,,,,module 'akshare' has no attribute 'stock_profile_sina'
688111,,,,module 'akshare' has no attribute 'stock_profile_sina'
688112,,,,module 'akshare' has no attribute 'stock_profile_sina'
688113,,,,module 'akshare' has no attribute 'stock_profile_sina'
688114,,,,module 'akshare' has no attribute 'stock_profile_sina'
688115,,,,module 'akshare' has no attribute 'stock_profile_sina'
688116,,,,module 'akshare' has no attribute 'stock_profile_sina'
688117,,,,module 'akshare' has no attribute 'stock_profile_sina'
688118,,,,module 'akshare' has no attribute 'stock_profile_sina'
688119,,,,module 'akshare' has no attribute 'stock_profile_sina'
688120,,,,module 'akshare' has no attribute 'stock_profile_sina'
688121,,,,module 'akshare' has no attribute 'stock_profile_sina'
688122,,,,module 'akshare' has no attribute 'stock_profile_sina'
688123,,,,module 'akshare' has no attribute 'stock_profile_sina'
688125,,,,module 'akshare' has no attribute 'stock_profile_sina'
688126,,,,module 'akshare' has no attribute 'stock_profile_sina'
688127,,,,module 'akshare' has no attribute 'stock_profile_sina'
688128,,,,module 'akshare' has no attribute 'stock_profile_sina'
688129,,,,module 'akshare' has no attribute 'stock_profile_sina'
688130,,,,module 'akshare' has no attribute 'stock_profile_sina'
688131,,,,module 'akshare' has no attribute 'stock_profile_sina'
688132,,,,module 'akshare' has no attribute 'stock_profile_sina'
688133,,,,module 'akshare' has no attribute 'stock_profile_sina'
688135,,,,module 'akshare' has no attribute 'stock_profile_sina'
688136,,,,module 'akshare' has no attribute 'stock_profile_sina'
688137,,,,module 'akshare' has no attribute 'stock_profile_sina'
688138,,,,module 'akshare' has no attribute 'stock_profile_sina'
688139,,,,module 'akshare' has no attribute 'stock_profile_sina'
688141,,,,module 'akshare' has no attribute 'stock_profile_sina'
688143,,,,module 'akshare' has no attribute 'stock_profile_sina'
688146,,,,module 'akshare' has no attribute 'stock_profile_sina'
688147,,,,module 'akshare' has no attribute 'stock_profile_sina'
688148,,,,module 'akshare' has no attribute 'stock_profile_sina'
688150,,,,module 'akshare' has no attribute 'stock_profile_sina'
688151,,,,module 'akshare' has no attribute 'stock_profile_sina'
688152,,,,module 'akshare' has no attribute 'stock_profile_sina'
688153,,,,module 'akshare' has no attribute 'stock_profile_sina'
688155,,,,module 'akshare' has no attribute 'stock_profile_sina'
688156,,,,module 'akshare' has no attribute 'stock_profile_sina'
688157,,,,module 'akshare' has no attribute 'stock_profile_sina'
688158,,,,module 'akshare' has no attribute 'stock_profile_sina'
688159,,,,module 'akshare' has no attribute 'stock_profile_sina'
688160,,,,module 'akshare' has no attribute 'stock_profile_sina'
688161,,,,module 'akshare' has no attribute 'stock_profile_sina'
688162,,,,module 'akshare' has no attribute 'stock_profile_sina'
688163,,,,module 'akshare' has no attribute 'stock_profile_sina'
688165,,,,module 'akshare' has no attribute 'stock_profile_sina'
688166,,,,module 'akshare' has no attribute 'stock_profile_sina'
688167,,,,module 'akshare' has no attribute 'stock_profile_sina'
688168,,,,module 'akshare' has no attribute 'stock_profile_sina'
688169,,,,module 'akshare' has no attribute 'stock_profile_sina'
688170,,,,module 'akshare' has no attribute 'stock_profile_sina'
688171,,,,module 'akshare' has no attribute 'stock_profile_sina'
688172,,,,module 'akshare' has no attribute 'stock_profile_sina'
688173,,,,module 'akshare' has no attribute 'stock_profile_sina'
688175,,,,module 'akshare' has no attribute 'stock_profile_sina'
688176,,,,module 'akshare' has no attribute 'stock_profile_sina'
688177,,,,module 'akshare' has no attribute 'stock_profile_sina'
688178,,,,module 'akshare' has no attribute 'stock_profile_sina'
688179,,,,module 'akshare' has no attribute 'stock_profile_sina'
688180,,,,module 'akshare' has no attribute 'stock_profile_sina'
688181,,,,module 'akshare' has no attribute 'stock_profile_sina'
688182,,,,module 'akshare' has no attribute 'stock_profile_sina'
688183,,,,module 'akshare' has no attribute 'stock_profile_sina'
688184,,,,module 'akshare' has no attribute 'stock_profile_sina'
688185,,,,module 'akshare' has no attribute 'stock_profile_sina'
688186,,,,module 'akshare' has no attribute 'stock_profile_sina'
688187,,,,module 'akshare' has no attribute 'stock_profile_sina'
688188,,,,module 'akshare' has no attribute 'stock_profile_sina'
688189,,,,module 'akshare' has no attribute 'stock_profile_sina'
688190,,,,module 'akshare' has no attribute 'stock_profile_sina'
688191,,,,module 'akshare' has no attribute 'stock_profile_sina'
688192,,,,module 'akshare' has no attribute 'stock_profile_sina'
688193,,,,module 'akshare' has no attribute 'stock_profile_sina'
688195,,,,module 'akshare' has no attribute 'stock_profile_sina'
688196,,,,module 'akshare' has no attribute 'stock_profile_sina'
688197,,,,module 'akshare' has no attribute 'stock_profile_sina'
688198,,,,module 'akshare' has no attribute 'stock_profile_sina'
688199,,,,module 'akshare' has no attribute 'stock_profile_sina'
688200,,,,module 'akshare' has no attribute 'stock_profile_sina'
688201,,,,module 'akshare' has no attribute 'stock_profile_sina'
688202,,,,module 'akshare' has no attribute 'stock_profile_sina'
688203,,,,module 'akshare' has no attribute 'stock_profile_sina'
688205,,,,module 'akshare' has no attribute 'stock_profile_sina'
688206,,,,module 'akshare' has no attribute 'stock_profile_sina'
688207,,,,module 'akshare' has no attribute 'stock_profile_sina'
688208,,,,module 'akshare' has no attribute 'stock_profile_sina'
688209,,,,module 'akshare' has no attribute 'stock_profile_sina'
688210,,,,module 'akshare' has no attribute 'stock_profile_sina'
688211,,,,module 'akshare' has no attribute 'stock_profile_sina'
688212,,,,module 'akshare' has no attribute 'stock_profile_sina'
688213,,,,module 'akshare' has no attribute 'stock_profile_sina'
688215,,,,module 'akshare' has no attribute 'stock_profile_sina'
688216,,,,module 'akshare' has no attribute 'stock_profile_sina'
688217,,,,module 'akshare' has no attribute 'stock_profile_sina'
688218,,,,module 'akshare' has no attribute 'stock_profile_sina'
688219,,,,module 'akshare' has no attribute 'stock_profile_sina'
688220,,,,module 'akshare' has no attribute 'stock_profile_sina'
688221,,,,module 'akshare' has no attribute 'stock_profile_sina'
688222,,,,module 'akshare' has no attribute 'stock_profile_sina'
688223,,,,module 'akshare' has no attribute 'stock_profile_sina'
688225,,,,module 'akshare' has no attribute 'stock_profile_sina'
688226,,,,module 'akshare' has no attribute 'stock_profile_sina'
688227,,,,module 'akshare' has no attribute 'stock_profile_sina'
688228,,,,module 'akshare' has no attribute 'stock_profile_sina'
688229,,,,module 'akshare' has no attribute 'stock_profile_sina'
688230,,,,module 'akshare' has no attribute 'stock_profile_sina'
688231,,,,module 'akshare' has no attribute 'stock_profile_sina'
688232,,,,module 'akshare' has no attribute 'stock_profile_sina'
688233,,,,module 'akshare' has no attribute 'stock_profile_sina'
688234,,,,module 'akshare' has no attribute 'stock_profile_sina'
688235,,,,module 'akshare' has no attribute 'stock_profile_sina'
688236,,,,module 'akshare' has no attribute 'stock_profile_sina'
688237,,,,module 'akshare' has no attribute 'stock_profile_sina'
688238,,,,module 'akshare' has no attribute 'stock_profile_sina'
688239,,,,module 'akshare' has no attribute 'stock_profile_sina'
688244,,,,module 'akshare' has no attribute 'stock_profile_sina'
688246,,,,module 'akshare' has no attribute 'stock_profile_sina'
688247,,,,module 'akshare' has no attribute 'stock_profile_sina'
688248,,,,module 'akshare' has no attribute 'stock_profile_sina'
688249,,,,module 'akshare' has no attribute 'stock_profile_sina'
688251,,,,module 'akshare' has no attribute 'stock_profile_sina'
688252,,,,module 'akshare' has no attribute 'stock_profile_sina'
688253,,,,module 'akshare' has no attribute 'stock_profile_sina'
688255,,,,module 'akshare' has no attribute 'stock_profile_sina'
688256,,,,module 'akshare' has no attribute 'stock_profile_sina'
688257,,,,module 'akshare' has no attribute 'stock_profile_sina'
688258,,,,module 'akshare' has no attribute 'stock_profile_sina'
688259,,,,module 'akshare' has no attribute 'stock_profile_sina'
688260,,,,module 'akshare' has no attribute 'stock_profile_sina'
688261,,,,module 'akshare' has no attribute 'stock_profile_sina'
688262,,,,module 'akshare' has no attribute 'stock_profile_sina'
688265,,,,module 'akshare' has no attribute 'stock_profile_sina'
688266,,,,module 'akshare' has no attribute 'stock_profile_sina'
688267,,,,module 'akshare' has no attribute 'stock_profile_sina'
688268,,,,module 'akshare' has no attribute 'stock_profile_sina'
688269,,,,module 'akshare' has no attribute 'stock_profile_sina'
688270,,,,module 'akshare' has no attribute 'stock_profile_sina'
688271,,,,module 'akshare' has no attribute 'stock_profile_sina'
688272,,,,module 'akshare' has no attribute 'stock_profile_sina'
688273,,,,module 'akshare' has no attribute 'stock_profile_sina'
688275,,,,module 'akshare' has no attribute 'stock_profile_sina'
688276,,,,module 'akshare' has no attribute 'stock_profile_sina'
688277,,,,module 'akshare' has no attribute 'stock_profile_sina'
688278,,,,module 'akshare' has no attribute 'stock_profile_sina'
688279,,,,module 'akshare' has no attribute 'stock_profile_sina'
688280,,,,module 'akshare' has no attribute 'stock_profile_sina'
688281,,,,module 'akshare' has no attribute 'stock_profile_sina'
688282,,,,module 'akshare' has no attribute 'stock_profile_sina'
688283,,,,module 'akshare' has no attribute 'stock_profile_sina'
688285,,,,module 'akshare' has no attribute 'stock_profile_sina'
688286,,,,module 'akshare' has no attribute 'stock_profile_sina'
688287,,,,module 'akshare' has no attribute 'stock_profile_sina'
688288,,,,module 'akshare' has no attribute 'stock_profile_sina'
688289,,,,module 'akshare' has no attribute 'stock_profile_sina'
688290,,,,module 'akshare' has no attribute 'stock_profile_sina'
688291,,,,module 'akshare' has no attribute 'stock_profile_sina'
688292,,,,module 'akshare' has no attribute 'stock_profile_sina'
688293,,,,module 'akshare' has no attribute 'stock_profile_sina'
688295,,,,module 'akshare' has no attribute 'stock_profile_sina'
688296,,,,module 'akshare' has no attribute 'stock_profile_sina'
688297,,,,module 'akshare' has no attribute 'stock_profile_sina'
688298,,,,module 'akshare' has no attribute 'stock_profile_sina'
688299,,,,module 'akshare' has no attribute 'stock_profile_sina'
688300,,,,module 'akshare' has no attribute 'stock_profile_sina'
688301,,,,module 'akshare' has no attribute 'stock_profile_sina'
688302,,,,module 'akshare' has no attribute 'stock_profile_sina'
688303,,,,module 'akshare' has no attribute 'stock_profile_sina'
688305,,,,module 'akshare' has no attribute 'stock_profile_sina'
688306,,,,module 'akshare' has no attribute 'stock_profile_sina'
688307,,,,module 'akshare' has no attribute 'stock_profile_sina'
688308,,,,module 'akshare' has no attribute 'stock_profile_sina'
688309,,,,module 'akshare' has no attribute 'stock_profile_sina'
688310,,,,module 'akshare' has no attribute 'stock_profile_sina'
688311,,,,module 'akshare' has no attribute 'stock_profile_sina'
688312,,,,module 'akshare' has no attribute 'stock_profile_sina'
688313,,,,module 'akshare' has no attribute 'stock_profile_sina'
688314,,,,module 'akshare' has no attribute 'stock_profile_sina'
688315,,,,module 'akshare' has no attribute 'stock_profile_sina'
688316,,,,module 'akshare' has no attribute 'stock_profile_sina'
688317,,,,module 'akshare' has no attribute 'stock_profile_sina'
688318,,,,module 'akshare' has no attribute 'stock_profile_sina'
688319,,,,module 'akshare' has no attribute 'stock_profile_sina'
688320,,,,module 'akshare' has no attribute 'stock_profile_sina'
688321,,,,module 'akshare' has no attribute 'stock_profile_sina'
688322,,,,module 'akshare' has no attribute 'stock_profile_sina'
688323,,,,module 'akshare' has no attribute 'stock_profile_sina'
688325,,,,module 'akshare' has no attribute 'stock_profile_sina'
688326,,,,module 'akshare' has no attribute 'stock_profile_sina'
688327,,,,module 'akshare' has no attribute 'stock_profile_sina'
688328,,,,module 'akshare' has no attribute 'stock_profile_sina'
688329,,,,module 'akshare' has no attribute 'stock_profile_sina'
688330,,,,module 'akshare' has no attribute 'stock_profile_sina'
688331,,,,module 'akshare' has no attribute 'stock_profile_sina'
688332,,,,module 'akshare' has no attribute 'stock_profile_sina'
688333,,,,module 'akshare' has no attribute 'stock_profile_sina'
688334,,,,module 'akshare' has no attribute 'stock_profile_sina'
688335,,,,module 'akshare' has no attribute 'stock_profile_sina'
688336,,,,module 'akshare' has no attribute 'stock_profile_sina'
688337,,,,module 'akshare' has no attribute 'stock_profile_sina'
688338,,,,module 'akshare' has no attribute 'stock_profile_sina'
688339,,,,module 'akshare' has no attribute 'stock_profile_sina'
688343,,,,module 'akshare' has no attribute 'stock_profile_sina'
688345,,,,module 'akshare' has no attribute 'stock_profile_sina'
688347,,,,module 'akshare' has no attribute 'stock_profile_sina'
688348,,,,module 'akshare' has no attribute 'stock_profile_sina'
688349,,,,module 'akshare' has no attribute 'stock_profile_sina'
688350,,,,module 'akshare' has no attribute 'stock_profile_sina'
688351,,,,module 'akshare' has no attribute 'stock_profile_sina'
688352,,,,module 'akshare' has no attribute 'stock_profile_sina'
688353,,,,module 'akshare' has no attribute 'stock_profile_sina'
688355,,,,module 'akshare' has no attribute 'stock_profile_sina'
688356,,,,module 'akshare' has no attribute 'stock_profile_sina'
688357,,,,module 'akshare' has no attribute 'stock_profile_sina'
688358,,,,module 'akshare' has no attribute 'stock_profile_sina'
688359,,,,module 'akshare' has no attribute 'stock_profile_sina'
688360,,,,module 'akshare' has no attribute 'stock_profile_sina'
688361,,,,module 'akshare' has no attribute 'stock_profile_sina'
688362,,,,module 'akshare' has no attribute 'stock_profile_sina'
688363,,,,module 'akshare' has no attribute 'stock_profile_sina'
688365,,,,module 'akshare' has no attribute 'stock_profile_sina'
688366,,,,module 'akshare' has no attribute 'stock_profile_sina'
688367,,,,module 'akshare' has no attribute 'stock_profile_sina'
688368,,,,module 'akshare' has no attribute 'stock_profile_sina'
688369,,,,module 'akshare' has no attribute 'stock_profile_sina'
688370,,,,module 'akshare' has no attribute 'stock_profile_sina'
688371,,,,module 'akshare' has no attribute 'stock_profile_sina'
688372,,,,module 'akshare' has no attribute 'stock_profile_sina'
688373,,,,module 'akshare' has no attribute 'stock_profile_sina'
688375,,,,module 'akshare' has no attribute 'stock_profile_sina'
688376,,,,module 'akshare' has no attribute 'stock_profile_sina'
688377,,,,module 'akshare' has no attribute 'stock_profile_sina'
688378,,,,module 'akshare' has no attribute 'stock_profile_sina'
688379,,,,module 'akshare' has no attribute 'stock_profile_sina'
688380,,,,module 'akshare' has no attribute 'stock_profile_sina'
688381,,,,module 'akshare' has no attribute 'stock_profile_sina'
688382,,,,module 'akshare' has no attribute 'stock_profile_sina'
688383,,,,module 'akshare' has no attribute 'stock_profile_sina'
688385,,,,module 'akshare' has no attribute 'stock_profile_sina'
688386,,,,module 'akshare' has no attribute 'stock_profile_sina'
688387,,,,module 'akshare' has no attribute 'stock_profile_sina'
688388,,,,module 'akshare' has no attribute 'stock_profile_sina'
688389,,,,module 'akshare' has no attribute 'stock_profile_sina'
688390,,,,module 'akshare' has no attribute 'stock_profile_sina'
688391,,,,module 'akshare' has no attribute 'stock_profile_sina'
688392,,,,module 'akshare' has no attribute 'stock_profile_sina'
688393,,,,module 'akshare' has no attribute 'stock_profile_sina'
688395,,,,module 'akshare' has no attribute 'stock_profile_sina'
688396,,,,module 'akshare' has no attribute 'stock_profile_sina'
688398,,,,module 'akshare' has no attribute 'stock_profile_sina'
688399,,,,module 'akshare' has no attribute 'stock_profile_sina'
688400,,,,module 'akshare' has no attribute 'stock_profile_sina'
688401,,,,module 'akshare' has no attribute 'stock_profile_sina'
688403,,,,module 'akshare' has no attribute 'stock_profile_sina'
688408,,,,module 'akshare' has no attribute 'stock_profile_sina'
688409,,,,module 'akshare' has no attribute 'stock_profile_sina'
688410,,,,module 'akshare' has no attribute 'stock_profile_sina'
688411,,,,module 'akshare' has no attribute 'stock_profile_sina'
688416,,,,module 'akshare' has no attribute 'stock_profile_sina'
688418,,,,module 'akshare' has no attribute 'stock_profile_sina'
688419,,,,module 'akshare' has no attribute 'stock_profile_sina'
688420,,,,module 'akshare' has no attribute 'stock_profile_sina'
688425,,,,module 'akshare' has no attribute 'stock_profile_sina'
688426,,,,module 'akshare' has no attribute 'stock_profile_sina'
688428,,,,module 'akshare' has no attribute 'stock_profile_sina'
688429,,,,module 'akshare' has no attribute 'stock_profile_sina'
688432,,,,module 'akshare' has no attribute 'stock_profile_sina'
688433,,,,module 'akshare' has no attribute 'stock_profile_sina'
688435,,,,module 'akshare' has no attribute 'stock_profile_sina'
688439,,,,module 'akshare' has no attribute 'stock_profile_sina'
688443,,,,module 'akshare' has no attribute 'stock_profile_sina'
688448,,,,module 'akshare' has no attribute 'stock_profile_sina'
688449,,,,module 'akshare' has no attribute 'stock_profile_sina'
688450,,,,module 'akshare' has no attribute 'stock_profile_sina'
688455,,,,module 'akshare' has no attribute 'stock_profile_sina'
688456,,,,module 'akshare' has no attribute 'stock_profile_sina'
688458,,,,module 'akshare' has no attribute 'stock_profile_sina'
688459,,,,module 'akshare' has no attribute 'stock_profile_sina'
688466,,,,module 'akshare' has no attribute 'stock_profile_sina'
688468,,,,module 'akshare' has no attribute 'stock_profile_sina'
688469,,,,module 'akshare' has no attribute 'stock_profile_sina'
688472,,,,module 'akshare' has no attribute 'stock_profile_sina'
688475,,,,module 'akshare' has no attribute 'stock_profile_sina'
688478,,,,module 'akshare' has no attribute 'stock_profile_sina'
688479,,,,module 'akshare' has no attribute 'stock_profile_sina'
688480,,,,module 'akshare' has no attribute 'stock_profile_sina'
688484,,,,module 'akshare' has no attribute 'stock_profile_sina'
688485,,,,module 'akshare' has no attribute 'stock_profile_sina'
688486,,,,module 'akshare' has no attribute 'stock_profile_sina'
688488,,,,module 'akshare' has no attribute 'stock_profile_sina'
688489,,,,module 'akshare' has no attribute 'stock_profile_sina'
688496,,,,module 'akshare' has no attribute 'stock_profile_sina'
688498,,,,module 'akshare' has no attribute 'stock_profile_sina'
688499,,,,module 'akshare' has no attribute 'stock_profile_sina'
688500,,,,module 'akshare' has no attribute 'stock_profile_sina'
688501,,,,module 'akshare' has no attribute 'stock_profile_sina'
688502,,,,module 'akshare' has no attribute 'stock_profile_sina'
688503,,,,module 'akshare' has no attribute 'stock_profile_sina'
688505,,,,module 'akshare' has no attribute 'stock_profile_sina'
688506,,,,module 'akshare' has no attribute 'stock_profile_sina'
688507,,,,module 'akshare' has no attribute 'stock_profile_sina'
688508,,,,module 'akshare' has no attribute 'stock_profile_sina'
688509,,,,module 'akshare' has no attribute 'stock_profile_sina'
688510,,,,module 'akshare' has no attribute 'stock_profile_sina'
688511,,,,module 'akshare' has no attribute 'stock_profile_sina'
688512,,,,module 'akshare' has no attribute 'stock_profile_sina'
688513,,,,module 'akshare' has no attribute 'stock_profile_sina'
688515,,,,module 'akshare' has no attribute 'stock_profile_sina'
688516,,,,module 'akshare' has no attribute 'stock_profile_sina'
688517,,,,module 'akshare' has no attribute 'stock_profile_sina'
688518,,,,module 'akshare' has no attribute 'stock_profile_sina'
688519,,,,module 'akshare' has no attribute 'stock_profile_sina'
688520,,,,module 'akshare' has no attribute 'stock_profile_sina'
688521,,,,module 'akshare' has no attribute 'stock_profile_sina'
688522,,,,module 'akshare' has no attribute 'stock_profile_sina'
688523,,,,module 'akshare' has no attribute 'stock_profile_sina'
688525,,,,module 'akshare' has no attribute 'stock_profile_sina'
688526,,,,module 'akshare' has no attribute 'stock_profile_sina'
688528,,,,module 'akshare' has no attribute 'stock_profile_sina'
688529,,,,module 'akshare' has no attribute 'stock_profile_sina'
688530,,,,module 'akshare' has no attribute 'stock_profile_sina'
688531,,,,module 'akshare' has no attribute 'stock_profile_sina'
688533,,,,module 'akshare' has no attribute 'stock_profile_sina'
688535,,,,module 'akshare' has no attribute 'stock_profile_sina'
688536,,,,module 'akshare' has no attribute 'stock_profile_sina'
688538,,,,module 'akshare' has no attribute 'stock_profile_sina'
688539,,,,module 'akshare' has no attribute 'stock_profile_sina'
688543,,,,module 'akshare' has no attribute 'stock_profile_sina'
688545,,,,module 'akshare' has no attribute 'stock_profile_sina'
688548,,,,module 'akshare' has no attribute 'stock_profile_sina'
688549,,,,module 'akshare' has no attribute 'stock_profile_sina'
688550,,,,module 'akshare' has no attribute 'stock_profile_sina'
688551,,,,module 'akshare' has no attribute 'stock_profile_sina'
688552,,,,module 'akshare' has no attribute 'stock_profile_sina'
688553,,,,module 'akshare' has no attribute 'stock_profile_sina'
688556,,,,module 'akshare' has no attribute 'stock_profile_sina'
688557,,,,module 'akshare' has no attribute 'stock_profile_sina'
688558,,,,module 'akshare' has no attribute 'stock_profile_sina'
688559,,,,module 'akshare' has no attribute 'stock_profile_sina'
688560,,,,module 'akshare' has no attribute 'stock_profile_sina'
688561,,,,module 'akshare' has no attribute 'stock_profile_sina'
688562,,,,module 'akshare' has no attribute 'stock_profile_sina'
688563,,,,module 'akshare' has no attribute 'stock_profile_sina'
688565,,,,module 'akshare' has no attribute 'stock_profile_sina'
688566,,,,module 'akshare' has no attribute 'stock_profile_sina'
688567,,,,module 'akshare' has no attribute 'stock_profile_sina'
688568,,,,module 'akshare' has no attribute 'stock_profile_sina'
688569,,,,module 'akshare' has no attribute 'stock_profile_sina'
688570,,,,module 'akshare' has no attribute 'stock_profile_sina'
688571,,,,module 'akshare' has no attribute 'stock_profile_sina'
688573,,,,module 'akshare' has no attribute 'stock_profile_sina'
688575,,,,module 'akshare' has no attribute 'stock_profile_sina'
688576,,,,module 'akshare' has no attribute 'stock_profile_sina'
688577,,,,module 'akshare' has no attribute 'stock_profile_sina'
688578,,,,module 'akshare' has no attribute 'stock_profile_sina'
688579,,,,module 'akshare' has no attribute 'stock_profile_sina'
688580,,,,module 'akshare' has no attribute 'stock_profile_sina'
688581,,,,module 'akshare' has no attribute 'stock_profile_sina'
688582,,,,module 'akshare' has no attribute 'stock_profile_sina'
688583,,,,module 'akshare' has no attribute 'stock_profile_sina'
688584,,,,module 'akshare' has no attribute 'stock_profile_sina'
688585,,,,module 'akshare' has no attribute 'stock_profile_sina'
688586,,,,module 'akshare' has no attribute 'stock_profile_sina'
688588,,,,module 'akshare' has no attribute 'stock_profile_sina'
688589,,,,module 'akshare' has no attribute 'stock_profile_sina'
688590,,,,module 'akshare' has no attribute 'stock_profile_sina'
688591,,,,module 'akshare' has no attribute 'stock_profile_sina'
688592,,,,module 'akshare' has no attribute 'stock_profile_sina'
688593,,,,module 'akshare' has no attribute 'stock_profile_sina'
688595,,,,module 'akshare' has no attribute 'stock_profile_sina'
688596,,,,module 'akshare' has no attribute 'stock_profile_sina'
688597,,,,module 'akshare' has no attribute 'stock_profile_sina'
688598,,,,module 'akshare' has no attribute 'stock_profile_sina'
688599,,,,module 'akshare' has no attribute 'stock_profile_sina'
688600,,,,module 'akshare' has no attribute 'stock_profile_sina'
688601,,,,module 'akshare' has no attribute 'stock_profile_sina'
688602,,,,module 'akshare' has no attribute 'stock_profile_sina'
688603,,,,module 'akshare' has no attribute 'stock_profile_sina'
688605,,,,module 'akshare' has no attribute 'stock_profile_sina'
688606,,,,module 'akshare' has no attribute 'stock_profile_sina'
688607,,,,module 'akshare' has no attribute 'stock_profile_sina'
688608,,,,module 'akshare' has no attribute 'stock_profile_sina'
688609,,,,module 'akshare' has no attribute 'stock_profile_sina'
688610,,,,module 'akshare' has no attribute 'stock_profile_sina'
688611,,,,module 'akshare' has no attribute 'stock_profile_sina'
688612,,,,module 'akshare' has no attribute 'stock_profile_sina'
688613,,,,module 'akshare' has no attribute 'stock_profile_sina'
688615,,,,module 'akshare' has no attribute 'stock_profile_sina'
688616,,,,module 'akshare' has no attribute 'stock_profile_sina'
688617,,,,module 'akshare' has no attribute 'stock_profile_sina'
688618,,,,module 'akshare' has no attribute 'stock_profile_sina'
688619,,,,module 'akshare' has no attribute 'stock_profile_sina'
688620,,,,module 'akshare' has no attribute 'stock_profile_sina'
688621,,,,module 'akshare' has no attribute 'stock_profile_sina'
688622,,,,module 'akshare' has no attribute 'stock_profile_sina'
688623,,,,module 'akshare' has no attribute 'stock_profile_sina'
688625,,,,module 'akshare' has no attribute 'stock_profile_sina'
688626,,,,module 'akshare' has no attribute 'stock_profile_sina'
688627,,,,module 'akshare' has no attribute 'stock_profile_sina'
688628,,,,module 'akshare' has no attribute 'stock_profile_sina'
688629,,,,module 'akshare' has no attribute 'stock_profile_sina'
688630,,,,module 'akshare' has no attribute 'stock_profile_sina'
688631,,,,module 'akshare' has no attribute 'stock_profile_sina'
688633,,,,module 'akshare' has no attribute 'stock_profile_sina'
688636,,,,module 'akshare' has no attribute 'stock_profile_sina'
688638,,,,module 'akshare' has no attribute 'stock_profile_sina'
688639,,,,module 'akshare' has no attribute 'stock_profile_sina'
688646,,,,module 'akshare' has no attribute 'stock_profile_sina'
688648,,,,module 'akshare' has no attribute 'stock_profile_sina'
688651,,,,module 'akshare' has no attribute 'stock_profile_sina'
688652,,,,module 'akshare' has no attribute 'stock_profile_sina'
688653,,,,module 'akshare' has no attribute 'stock_profile_sina'
688655,,,,module 'akshare' has no attribute 'stock_profile_sina'
688656,,,,module 'akshare' has no attribute 'stock_profile_sina'
688657,,,,module 'akshare' has no attribute 'stock_profile_sina'
688658,,,,module 'akshare' has no attribute 'stock_profile_sina'
688659,,,,module 'akshare' has no attribute 'stock_profile_sina'
688660,,,,module 'akshare' has no attribute 'stock_profile_sina'
688661,,,,module 'akshare' has no attribute 'stock_profile_sina'
688662,,,,module 'akshare' has no attribute 'stock_profile_sina'
688663,,,,module 'akshare' has no attribute 'stock_profile_sina'
688665,,,,module 'akshare' has no attribute 'stock_profile_sina'
688667,,,,module 'akshare' has no attribute 'stock_profile_sina'
688668,,,,module 'akshare' has no attribute 'stock_profile_sina'
688669,,,,module 'akshare' has no attribute 'stock_profile_sina'
688670,,,,module 'akshare' has no attribute 'stock_profile_sina'
688671,,,,module 'akshare' has no attribute 'stock_profile_sina'
688676,,,,module 'akshare' has no attribute 'stock_profile_sina'
688677,,,,module 'akshare' has no attribute 'stock_profile_sina'
688678,,,,module 'akshare' has no attribute 'stock_profile_sina'
688679,,,,module 'akshare' has no attribute 'stock_profile_sina'
688680,,,,module 'akshare' has no attribute 'stock_profile_sina'
688681,,,,module 'akshare' has no attribute 'stock_profile_sina'
688682,,,,module 'akshare' has no attribute 'stock_profile_sina'
688683,,,,module 'akshare' has no attribute 'stock_profile_sina'
688685,,,,module 'akshare' has no attribute 'stock_profile_sina'
688686,,,,module 'akshare' has no attribute 'stock_profile_sina'
688687,,,,module 'akshare' has no attribute 'stock_profile_sina'
688689,,,,module 'akshare' has no attribute 'stock_profile_sina'
688690,,,,module 'akshare' has no attribute 'stock_profile_sina'
688691,,,,module 'akshare' has no attribute 'stock_profile_sina'
688692,,,,module 'akshare' has no attribute 'stock_profile_sina'
688693,,,,module 'akshare' has no attribute 'stock_profile_sina'
688695,,,,module 'akshare' has no attribute 'stock_profile_sina'
688696,,,,module 'akshare' has no attribute 'stock_profile_sina'
688697,,,,module 'akshare' has no attribute 'stock_profile_sina'
688698,,,,module 'akshare' has no attribute 'stock_profile_sina'
688699,,,,module 'akshare' has no attribute 'stock_profile_sina'
688700,,,,module 'akshare' has no attribute 'stock_profile_sina'
688701,,,,module 'akshare' has no attribute 'stock_profile_sina'
688702,,,,module 'akshare' has no attribute 'stock_profile_sina'
688707,,,,module 'akshare' has no attribute 'stock_profile_sina'
688708,,,,module 'akshare' has no attribute 'stock_profile_sina'
688709,,,,module 'akshare' has no attribute 'stock_profile_sina'
688710,,,,module 'akshare' has no attribute 'stock_profile_sina'
688711,,,,module 'akshare' has no attribute 'stock_profile_sina'
688712,,,,module 'akshare' has no attribute 'stock_profile_sina'
688716,,,,module 'akshare' has no attribute 'stock_profile_sina'
688717,,,,module 'akshare' has no attribute 'stock_profile_sina'
688718,,,,module 'akshare' has no attribute 'stock_profile_sina'
688719,,,,module 'akshare' has no attribute 'stock_profile_sina'
688720,,,,module 'akshare' has no attribute 'stock_profile_sina'
688721,,,,module 'akshare' has no attribute 'stock_profile_sina'
688722,,,,module 'akshare' has no attribute 'stock_profile_sina'
688726,,,,module 'akshare' has no attribute 'stock_profile_sina'
688727,,,,module 'akshare' has no attribute 'stock_profile_sina'
688728,,,,module 'akshare' has no attribute 'stock_profile_sina'
688729,,,,module 'akshare' has no attribute 'stock_profile_sina'
688733,,,,module 'akshare' has no attribute 'stock_profile_sina'
688737,,,,module 'akshare' has no attribute 'stock_profile_sina'
688739,,,,module 'akshare' has no attribute 'stock_profile_sina'
688750,,,,module 'akshare' has no attribute 'stock_profile_sina'
688755,,,,module 'akshare' has no attribute 'stock_profile_sina'
688757,,,,module 'akshare' has no attribute 'stock_profile_sina'
688758,,,,module 'akshare' has no attribute 'stock_profile_sina'
688759,,,,module 'akshare' has no attribute 'stock_profile_sina'
688765,,,,module 'akshare' has no attribute 'stock_profile_sina'
688766,,,,module 'akshare' has no attribute 'stock_profile_sina'
688767,,,,module 'akshare' has no attribute 'stock_profile_sina'
688768,,,,module 'akshare' has no attribute 'stock_profile_sina'
688772,,,,module 'akshare' has no attribute 'stock_profile_sina'
688775,,,,module 'akshare' has no attribute 'stock_profile_sina'
688776,,,,module 'akshare' has no attribute 'stock_profile_sina'
688777,,,,module 'akshare' has no attribute 'stock_profile_sina'
688778,,,,module 'akshare' has no attribute 'stock_profile_sina'
688779,,,,module 'akshare' has no attribute 'stock_profile_sina'
688781,,,,module 'akshare' has no attribute 'stock_profile_sina'
688783,,,,module 'akshare' has no attribute 'stock_profile_sina'
688785,,,,module 'akshare' has no attribute 'stock_profile_sina'
688786,,,,module 'akshare' has no attribute 'stock_profile_sina'
688787,,,,module 'akshare' has no attribute 'stock_profile_sina'
688788,,,,module 'akshare' has no attribute 'stock_profile_sina'
688789,,,,module 'akshare' has no attribute 'stock_profile_sina'
688790,,,,module 'akshare' has no attribute 'stock_profile_sina'
688793,,,,module 'akshare' has no attribute 'stock_profile_sina'
688795,,,,module 'akshare' has no attribute 'stock_profile_sina'
688796,,,,module 'akshare' has no attribute 'stock_profile_sina'
688798,,,,module 'akshare' has no attribute 'stock_profile_sina'
688799,,,,module 'akshare' has no attribute 'stock_profile_sina'
688800,,,,module 'akshare' has no attribute 'stock_profile_sina'
688802,,,,module 'akshare' has no attribute 'stock_profile_sina'
688805,,,,module 'akshare' has no attribute 'stock_profile_sina'
688807,,,,module 'akshare' has no attribute 'stock_profile_sina'
688809,,,,module 'akshare' has no attribute 'stock_profile_sina'
688813,,,,module 'akshare' has no attribute 'stock_profile_sina'
688816,,,,module 'akshare' has no attribute 'stock_profile_sina'
688818,,,,module 'akshare' has no attribute 'stock_profile_sina'
688819,,,,module 'akshare' has no attribute 'stock_profile_sina'
688981,,,,module 'akshare' has no attribute 'stock_profile_sina'
689009,,,,module 'akshare' has no attribute 'stock_profile_sina'
920000,,,,module 'akshare' has no attribute 'stock_profile_sina'
920001,,,,module 'akshare' has no attribute 'stock_profile_sina'
920002,,,,module 'akshare' has no attribute 'stock_profile_sina'
920003,,,,module 'akshare' has no attribute 'stock_profile_sina'
920005,,,,module 'akshare' has no attribute 'stock_profile_sina'
920006,,,,module 'akshare' has no attribute 'stock_profile_sina'
920007,,,,module 'akshare' has no attribute 'stock_profile_sina'
920008,,,,module 'akshare' has no attribute 'stock_profile_sina'
920009,,,,module 'akshare' has no attribute 'stock_profile_sina'
920010,,,,module 'akshare' has no attribute 'stock_profile_sina'
920014,,,,module 'akshare' has no attribute 'stock_profile_sina'
920015,,,,module 'akshare' has no attribute 'stock_profile_sina'
920016,,,,module 'akshare' has no attribute 'stock_profile_sina'
920017,,,,module 'akshare' has no attribute 'stock_profile_sina'
920018,,,,module 'akshare' has no attribute 'stock_profile_sina'
920019,,,,module 'akshare' has no attribute 'stock_profile_sina'
920020,,,,module 'akshare' has no attribute 'stock_profile_sina'
920021,,,,module 'akshare' has no attribute 'stock_profile_sina'
920022,,,,module 'akshare' has no attribute 'stock_profile_sina'
920023,,,,module 'akshare' has no attribute 'stock_profile_sina'
920026,,,,module 'akshare' has no attribute 'stock_profile_sina'
920027,,,,module 'akshare' has no attribute 'stock_profile_sina'
920028,,,,module 'akshare' has no attribute 'stock_profile_sina'
920029,,,,module 'akshare' has no attribute 'stock_profile_sina'
920030,,,,module 'akshare' has no attribute 'stock_profile_sina'
920033,,,,module 'akshare' has no attribute 'stock_profile_sina'
920035,,,,module 'akshare' has no attribute 'stock_profile_sina'
920036,,,,module 'akshare' has no attribute 'stock_profile_sina'
920037,,,,module 'akshare' has no attribute 'stock_profile_sina'
920039,,,,module 'akshare' has no attribute 'stock_profile_sina'
920045,,,,module 'akshare' has no attribute 'stock_profile_sina'
920046,,,,module 'akshare' has no attribute 'stock_profile_sina'
920047,,,,module 'akshare' has no attribute 'stock_profile_sina'
920050,,,,module 'akshare' has no attribute 'stock_profile_sina'
920055,,,,module 'akshare' has no attribute 'stock_profile_sina'
920056,,,,module 'akshare' has no attribute 'stock_profile_sina'
920057,,,,module 'akshare' has no attribute 'stock_profile_sina'
920058,,,,module 'akshare' has no attribute 'stock_profile_sina'
920060,,,,module 'akshare' has no attribute 'stock_profile_sina'
920061,,,,module 'akshare' has no attribute 'stock_profile_sina'
920062,,,,module 'akshare' has no attribute 'stock_profile_sina'
920066,,,,module 'akshare' has no attribute 'stock_profile_sina'
920068,,,,module 'akshare' has no attribute 'stock_profile_sina'
920069,,,,module 'akshare' has no attribute 'stock_profile_sina'
920075,,,,module 'akshare' has no attribute 'stock_profile_sina'
920076,,,,module 'akshare' has no attribute 'stock_profile_sina'
920077,,,,module 'akshare' has no attribute 'stock_profile_sina'
920078,,,,module 'akshare' has no attribute 'stock_profile_sina'
920080,,,,module 'akshare' has no attribute 'stock_profile_sina'
920082,,,,module 'akshare' has no attribute 'stock_profile_sina'
920086,,,,module 'akshare' has no attribute 'stock_profile_sina'
920087,,,,module 'akshare' has no attribute 'stock_profile_sina'
920088,,,,module 'akshare' has no attribute 'stock_profile_sina'
920089,,,,module 'akshare' has no attribute 'stock_profile_sina'
920090,,,,module 'akshare' has no attribute 'stock_profile_sina'
920091,,,,module 'akshare' has no attribute 'stock_profile_sina'
920092,,,,module 'akshare' has no attribute 'stock_profile_sina'
920098,,,,module 'akshare' has no attribute 'stock_profile_sina'
920099,,,,module 'akshare' has no attribute 'stock_profile_sina'
920100,,,,module 'akshare' has no attribute 'stock_profile_sina'
920101,,,,module 'akshare' has no attribute 'stock_profile_sina'
920106,,,,module 'akshare' has no attribute 'stock_profile_sina'
920108,,,,module 'akshare' has no attribute 'stock_profile_sina'
920110,,,,module 'akshare' has no attribute 'stock_profile_sina'
920111,,,,module 'akshare' has no attribute 'stock_profile_sina'
920112,,,,module 'akshare' has no attribute 'stock_profile_sina'
920116,,,,module 'akshare' has no attribute 'stock_profile_sina'
920118,,,,module 'akshare' has no attribute 'stock_profile_sina'
920119,,,,module 'akshare' has no attribute 'stock_profile_sina'
920121,,,,module 'akshare' has no attribute 'stock_profile_sina'
920122,,,,module 'akshare' has no attribute 'stock_profile_sina'
920123,,,,module 'akshare' has no attribute 'stock_profile_sina'
920124,,,,module 'akshare' has no attribute 'stock_profile_sina'
920128,,,,module 'akshare' has no attribute 'stock_profile_sina'
920130,,,,module 'akshare' has no attribute 'stock_profile_sina'
920132,,,,module 'akshare' has no attribute 'stock_profile_sina'
920139,,,,module 'akshare' has no attribute 'stock_profile_sina'
920145,,,,module 'akshare' has no attribute 'stock_profile_sina'
920146,,,,module 'akshare' has no attribute 'stock_profile_sina'
920149,,,,module 'akshare' has no attribute 'stock_profile_sina'
920152,,,,module 'akshare' has no attribute 'stock_profile_sina'
920158,,,,module 'akshare' has no attribute 'stock_profile_sina'
920159,,,,module 'akshare' has no attribute 'stock_profile_sina'
920160,,,,module 'akshare' has no attribute 'stock_profile_sina'
920163,,,,module 'akshare' has no attribute 'stock_profile_sina'
920166,,,,module 'akshare' has no attribute 'stock_profile_sina'
920167,,,,module 'akshare' has no attribute 'stock_profile_sina'
920168,,,,module 'akshare' has no attribute 'stock_profile_sina'
920169,,,,module 'akshare' has no attribute 'stock_profile_sina'
920171,,,,module 'akshare' has no attribute 'stock_profile_sina'
920174,,,,module 'akshare' has no attribute 'stock_profile_sina'
920175,,,,module 'akshare' has no attribute 'stock_profile_sina'
920179,,,,module 'akshare' has no attribute 'stock_profile_sina'
920180,,,,module 'akshare' has no attribute 'stock_profile_sina'
920183,,,,module 'akshare' has no attribute 'stock_profile_sina'
920184,,,,module 'akshare' has no attribute 'stock_profile_sina'
920185,,,,module 'akshare' has no attribute 'stock_profile_sina'
920187,,,,module 'akshare' has no attribute 'stock_profile_sina'
920188,,,,module 'akshare' has no attribute 'stock_profile_sina'
920190,,,,module 'akshare' has no attribute 'stock_profile_sina'
920195,,,,module 'akshare' has no attribute 'stock_profile_sina'
920198,,,,module 'akshare' has no attribute 'stock_profile_sina'
920199,,,,module 'akshare' has no attribute 'stock_profile_sina'
920204,,,,module 'akshare' has no attribute 'stock_profile_sina'
920207,,,,module 'akshare' has no attribute 'stock_profile_sina'
920208,,,,module 'akshare' has no attribute 'stock_profile_sina'
920212,,,,module 'akshare' has no attribute 'stock_profile_sina'
920221,,,,module 'akshare' has no attribute 'stock_profile_sina'
920223,,,,module 'akshare' has no attribute 'stock_profile_sina'
920225,,,,module 'akshare' has no attribute 'stock_profile_sina'
920227,,,,module 'akshare' has no attribute 'stock_profile_sina'
920230,,,,module 'akshare' has no attribute 'stock_profile_sina'
920237,,,,module 'akshare' has no attribute 'stock_profile_sina'
920239,,,,module 'akshare' has no attribute 'stock_profile_sina'
920242,,,,module 'akshare' has no attribute 'stock_profile_sina'
920245,,,,module 'akshare' has no attribute 'stock_profile_sina'
920247,,,,module 'akshare' has no attribute 'stock_profile_sina'
920249,,,,module 'akshare' has no attribute 'stock_profile_sina'
920252,,,,module 'akshare' has no attribute 'stock_profile_sina'
920260,,,,module 'akshare' has no attribute 'stock_profile_sina'
920261,,,,module 'akshare' has no attribute 'stock_profile_sina'
920262,,,,module 'akshare' has no attribute 'stock_profile_sina'
920263,,,,module 'akshare' has no attribute 'stock_profile_sina'
920266,,,,module 'akshare' has no attribute 'stock_profile_sina'
920267,,,,module 'akshare' has no attribute 'stock_profile_sina'
920270,,,,module 'akshare' has no attribute 'stock_profile_sina'
920271,,,,module 'akshare' has no attribute 'stock_profile_sina'
920273,,,,module 'akshare' has no attribute 'stock_profile_sina'
920274,,,,module 'akshare' has no attribute 'stock_profile_sina'
920275,,,,module 'akshare' has no attribute 'stock_profile_sina'
920278,,,,module 'akshare' has no attribute 'stock_profile_sina'
920284,,,,module 'akshare' has no attribute 'stock_profile_sina'
920299,,,,module 'akshare' has no attribute 'stock_profile_sina'
920300,,,,module 'akshare' has no attribute 'stock_profile_sina'
920304,,,,module 'akshare' has no attribute 'stock_profile_sina'
920305,,,,module 'akshare' has no attribute 'stock_profile_sina'
920339,,,,module 'akshare' has no attribute 'stock_profile_sina'
920344,,,,module 'akshare' has no attribute 'stock_profile_sina'
920346,,,,module 'akshare' has no attribute 'stock_profile_sina'
920351,,,,module 'akshare' has no attribute 'stock_profile_sina'
920357,,,,module 'akshare' has no attribute 'stock_profile_sina'
920363,,,,module 'akshare' has no attribute 'stock_profile_sina'
920367,,,,module 'akshare' has no attribute 'stock_profile_sina'
920368,,,,module 'akshare' has no attribute 'stock_profile_sina'
920370,,,,module 'akshare' has no attribute 'stock_profile_sina'
920371,,,,module 'akshare' has no attribute 'stock_profile_sina'
920374,,,,module 'akshare' has no attribute 'stock_profile_sina'
920375,,,,module 'akshare' has no attribute 'stock_profile_sina'
920378,,,,module 'akshare' has no attribute 'stock_profile_sina'
920392,,,,module 'akshare' has no attribute 'stock_profile_sina'
920394,,,,module 'akshare' has no attribute 'stock_profile_sina'
920395,,,,module 'akshare' has no attribute 'stock_profile_sina'
920396,,,,module 'akshare' has no attribute 'stock_profile_sina'
920402,,,,module 'akshare' has no attribute 'stock_profile_sina'
920403,,,,module 'akshare' has no attribute 'stock_profile_sina'
920405,,,,module 'akshare' has no attribute 'stock_profile_sina'
920407,,,,module 'akshare' has no attribute 'stock_profile_sina'
920414,,,,module 'akshare' has no attribute 'stock_profile_sina'
920415,,,,module 'akshare' has no attribute 'stock_profile_sina'
920418,,,,module 'akshare' has no attribute 'stock_profile_sina'
920419,,,,module 'akshare' has no attribute 'stock_profile_sina'
920422,,,,module 'akshare' has no attribute 'stock_profile_sina'
920425,,,,module 'akshare' has no attribute 'stock_profile_sina'
920427,,,,module 'akshare' has no attribute 'stock_profile_sina'
920429,,,,module 'akshare' has no attribute 'stock_profile_sina'
920433,,,,module 'akshare' has no attribute 'stock_profile_sina'
920436,,,,module 'akshare' has no attribute 'stock_profile_sina'
920438,,,,module 'akshare' has no attribute 'stock_profile_sina'
920445,,,,module 'akshare' has no attribute 'stock_profile_sina'
920454,,,,module 'akshare' has no attribute 'stock_profile_sina'
920455,,,,module 'akshare' has no attribute 'stock_profile_sina'
920469,,,,module 'akshare' has no attribute 'stock_profile_sina'
920471,,,,module 'akshare' has no attribute 'stock_profile_sina'
920475,,,,module 'akshare' has no attribute 'stock_profile_sina'
920476,,,,module 'akshare' has no attribute 'stock_profile_sina'
920478,,,,module 'akshare' has no attribute 'stock_profile_sina'
920489,,,,module 'akshare' has no attribute 'stock_profile_sina'
920491,,,,module 'akshare' has no attribute 'stock_profile_sina'
920493,,,,module 'akshare' has no attribute 'stock_profile_sina'
920496,,,,module 'akshare' has no attribute 'stock_profile_sina'
920504,,,,module 'akshare' has no attribute 'stock_profile_sina'
920505,,,,module 'akshare' has no attribute 'stock_profile_sina'
920508,,,,module 'akshare' has no attribute 'stock_profile_sina'
920509,,,,module 'akshare' has no attribute 'stock_profile_sina'
920510,,,,module 'akshare' has no attribute 'stock_profile_sina'
920519,,,,module 'akshare' has no attribute 'stock_profile_sina'
920522,,,,module 'akshare' has no attribute 'stock_profile_sina'
920523,,,,module 'akshare' has no attribute 'stock_profile_sina'
920526,,,,module 'akshare' has no attribute 'stock_profile_sina'
920527,,,,module 'akshare' has no attribute 'stock_profile_sina'
920533,,,,module 'akshare' has no attribute 'stock_profile_sina'
920541,,,,module 'akshare' has no attribute 'stock_profile_sina'
920547,,,,module 'akshare' has no attribute 'stock_profile_sina'
920553,,,,module 'akshare' has no attribute 'stock_profile_sina'
920556,,,,module 'akshare' has no attribute 'stock_profile_sina'
920564,,,,module 'akshare' has no attribute 'stock_profile_sina'
920566,,,,module 'akshare' has no attribute 'stock_profile_sina'
920570,,,,module 'akshare' has no attribute 'stock_profile_sina'
920571,,,,module 'akshare' has no attribute 'stock_profile_sina'
920575,,,,module 'akshare' has no attribute 'stock_profile_sina'
920576,,,,module 'akshare' has no attribute 'stock_profile_sina'
920578,,,,module 'akshare' has no attribute 'stock_profile_sina'
920579,,,,module 'akshare' has no attribute 'stock_profile_sina'
920580,,,,module 'akshare' has no attribute 'stock_profile_sina'
920592,,,,module 'akshare' has no attribute 'stock_profile_sina'
920593,,,,module 'akshare' has no attribute 'stock_profile_sina'
920599,,,,module 'akshare' has no attribute 'stock_profile_sina'
920608,,,,module 'akshare' has no attribute 'stock_profile_sina'
920627,,,,module 'akshare' has no attribute 'stock_profile_sina'
920634,,,,module 'akshare' has no attribute 'stock_profile_sina'
920639,,,,module 'akshare' has no attribute 'stock_profile_sina'
920640,,,,module 'akshare' has no attribute 'stock_profile_sina'
920641,,,,module 'akshare' has no attribute 'stock_profile_sina'
920642,,,,module 'akshare' has no attribute 'stock_profile_sina'
920651,,,,module 'akshare' has no attribute 'stock_profile_sina'
920656,,,,module 'akshare' has no attribute 'stock_profile_sina'
920662,,,,module 'akshare' has no attribute 'stock_profile_sina'
920663,,,,module 'akshare' has no attribute 'stock_profile_sina'
920665,,,,module 'akshare' has no attribute 'stock_profile_sina'
920670,,,,module 'akshare' has no attribute 'stock_profile_sina'
920675,,,,module 'akshare' has no attribute 'stock_profile_sina'
920679,,,,module 'akshare' has no attribute 'stock_profile_sina'
920682,,,,module 'akshare' has no attribute 'stock_profile_sina'
920685,,,,module 'akshare' has no attribute 'stock_profile_sina'
920689,,,,module 'akshare' has no attribute 'stock_profile_sina'
920690,,,,module 'akshare' has no attribute 'stock_profile_sina'
920693,,,,module 'akshare' has no attribute 'stock_profile_sina'
920694,,,,module 'akshare' has no attribute 'stock_profile_sina'
920699,,,,module 'akshare' has no attribute 'stock_profile_sina'
920701,,,,module 'akshare' has no attribute 'stock_profile_sina'
920703,,,,module 'akshare' has no attribute 'stock_profile_sina'
920706,,,,module 'akshare' has no attribute 'stock_profile_sina'
920717,,,,module 'akshare' has no attribute 'stock_profile_sina'
920718,,,,module 'akshare' has no attribute 'stock_profile_sina'
920719,,,,module 'akshare' has no attribute 'stock_profile_sina'
920720,,,,module 'akshare' has no attribute 'stock_profile_sina'
920725,,,,module 'akshare' has no attribute 'stock_profile_sina'
920726,,,,module 'akshare' has no attribute 'stock_profile_sina'
920729,,,,module 'akshare' has no attribute 'stock_profile_sina'
920735,,,,module 'akshare' has no attribute 'stock_profile_sina'
920748,,,,module 'akshare' has no attribute 'stock_profile_sina'
920751,,,,module 'akshare' has no attribute 'stock_profile_sina'
920753,,,,module 'akshare' has no attribute 'stock_profile_sina'
920765,,,,module 'akshare' has no attribute 'stock_profile_sina'
920768,,,,module 'akshare' has no attribute 'stock_profile_sina'
920770,,,,module 'akshare' has no attribute 'stock_profile_sina'
920779,,,,module 'akshare' has no attribute 'stock_profile_sina'
920781,,,,module 'akshare' has no attribute 'stock_profile_sina'
920786,,,,module 'akshare' has no attribute 'stock_profile_sina'
920790,,,,module 'akshare' has no attribute 'stock_profile_sina'
920792,,,,module 'akshare' has no attribute 'stock_profile_sina'
920799,,,,module 'akshare' has no attribute 'stock_profile_sina'
920802,,,,module 'akshare' has no attribute 'stock_profile_sina'
920806,,,,module 'akshare' has no attribute 'stock_profile_sina'
920807,,,,module 'akshare' has no attribute 'stock_profile_sina'
920808,,,,module 'akshare' has no attribute 'stock_profile_sina'
920809,,,,module 'akshare' has no attribute 'stock_profile_sina'
920810,,,,module 'akshare' has no attribute 'stock_profile_sina'
920819,,,,module 'akshare' has no attribute 'stock_profile_sina'
920821,,,,module 'akshare' has no attribute 'stock_profile_sina'
920826,,,,module 'akshare' has no attribute 'stock_profile_sina'
920832,,,,module 'akshare' has no attribute 'stock_profile_sina'
920833,,,,module 'akshare' has no attribute 'stock_profile_sina'
920834,,,,module 'akshare' has no attribute 'stock_profile_sina'
920837,,,,module 'akshare' has no attribute 'stock_profile_sina'
920839,,,,module 'akshare' has no attribute 'stock_profile_sina'
920855,,,,module 'akshare' has no attribute 'stock_profile_sina'
920856,,,,module 'akshare' has no attribute 'stock_profile_sina'
920857,,,,module 'akshare' has no attribute 'stock_profile_sina'
920866,,,,module 'akshare' has no attribute 'stock_profile_sina'
920870,,,,module 'akshare' has no attribute 'stock_profile_sina'
920871,,,,module 'akshare' has no attribute 'stock_profile_sina'
920873,,,,module 'akshare' has no attribute 'stock_profile_sina'
920876,,,,module 'akshare' has no attribute 'stock_profile_sina'
920879,,,,module 'akshare' has no attribute 'stock_profile_sina'
920885,,,,module 'akshare' has no attribute 'stock_profile_sina'
920892,,,,module 'akshare' has no attribute 'stock_profile_sina'
920895,,,,module 'akshare' has no attribute 'stock_profile_sina'
920896,,,,module 'akshare' has no attribute 'stock_profile_sina'
920906,,,,module 'akshare' has no attribute 'stock_profile_sina'
920914,,,,module 'akshare' has no attribute 'stock_profile_sina'
920924,,,,module 'akshare' has no attribute 'stock_profile_sina'
920925,,,,module 'akshare' has no attribute 'stock_profile_sina'
920926,,,,module 'akshare' has no attribute 'stock_profile_sina'
920931,,,,module 'akshare' has no attribute 'stock_profile_sina'
920932,,,,module 'akshare' has no attribute 'stock_profile_sina'
920942,,,,module 'akshare' has no attribute 'stock_profile_sina'
920943,,,,module 'akshare' has no attribute 'stock_profile_sina'
920946,,,,module 'akshare' has no attribute 'stock_profile_sina'
920950,,,,module 'akshare' has no attribute 'stock_profile_sina'
920953,,,,module 'akshare' has no attribute 'stock_profile_sina'
920957,,,,module 'akshare' has no attribute 'stock_profile_sina'
920961,,,,module 'akshare' has no attribute 'stock_profile_sina'
920964,,,,module 'akshare' has no attribute 'stock_profile_sina'
920970,,,,module 'akshare' has no attribute 'stock_profile_sina'
920971,,,,module 'akshare' has no attribute 'stock_profile_sina'
920974,,,,module 'akshare' has no attribute 'stock_profile_sina'
920976,,,,module 'akshare' has no attribute 'stock_profile_sina'
920978,,,,module 'akshare' has no attribute 'stock_profile_sina'
920981,,,,module 'akshare' has no attribute 'stock_profile_sina'
920982,,,,module 'akshare' has no attribute 'stock_profile_sina'
920985,,,,module 'akshare' has no attribute 'stock_profile_sina'
920992,,,,module 'akshare' has no attribute 'stock_profile_sina'
