number,value,datetime_start,datetime_complete,duration,params_bias_entry_limit,params_enable_partial_exit,params_ma_long,params_ma_mid,params_ma_short,params_partial_exit_min_profit,params_partial_exit_pct,params_profit_tier1,params_stop_loss_pct,params_trailing_stop_pct,params_trailing_tier1,params_unit_size,state
0,0.002537679453977353,2026-03-11 12:19:23.220321,2026-03-11 12:19:24.588187,0 days 00:00:01.367866,1.19,True,110,49,6,0.2,0.6,0.15,0.06,0.28,0.19,0.33,COMPLETE
1,-100.0,2026-03-11 12:19:24.588187,2026-03-11 12:19:26.036364,0 days 00:00:01.448177,1.06,False,90,23,5,,,0.2,0.04,0.16999999999999998,0.2,0.2,COMPLETE
2,0.02743601436633084,2026-03-11 12:19:26.036364,2026-03-11 12:19:27.647486,0 days 00:00:01.611122,1.25,True,80,18,9,0.05,0.3,0.30000000000000004,0.05,0.24,0.19,0.33,COMPLETE
3,0.017889255322449397,2026-03-11 12:19:27.647486,2026-03-11 12:19:29.242014,0 days 00:00:01.594528,1.1800000000000002,True,140,24,10,0.2,0.4,0.25,0.07,0.3,0.2,0.25,COMPLETE
4,-100.0,2026-03-11 12:19:29.242014,2026-03-11 12:19:30.662421,0 days 00:00:01.420407,1.1800000000000002,True,90,44,8,0.1,0.5,0.4,0.04,0.33999999999999997,0.13,0.33,COMPLETE
5,-100.0,2026-03-11 12:19:30.662421,2026-03-11 12:19:32.362198,0 days 00:00:01.699777,1.1,False,50,10,9,,,0.45,0.04,0.31,0.15000000000000002,0.2,COMPLETE
6,-100.0,2026-03-11 12:19:32.363185,2026-03-11 12:19:33.943281,0 days 00:00:01.580096,1.22,False,120,15,7,,,0.35,0.07,0.22,0.11,0.33,COMPLETE
7,-100.0,2026-03-11 12:19:33.943281,2026-03-11 12:19:35.397492,0 days 00:00:01.454211,1.1300000000000001,True,150,38,9,0.15000000000000002,0.5,0.30000000000000004,0.05,0.25,0.1,0.25,COMPLETE
8,0.014146899040262062,2026-03-11 12:19:35.397492,2026-03-11 12:19:36.953310,0 days 00:00:01.555818,1.1,True,70,17,5,0.05,0.5,0.45,0.04,0.35,0.13,0.2,COMPLETE
9,-100.0,2026-03-11 12:19:36.953310,2026-03-11 12:19:38.208462,0 days 00:00:01.255152,1.19,False,60,49,8,,,0.35,0.03,0.27,0.15000000000000002,0.33,COMPLETE
10,,2026-03-11 12:19:38.208462,2026-03-11 12:19:38.210975,0 days 00:00:00.002513,,,30,33,3,,,,,,,,PRUNED
11,0.021088029675186276,2026-03-11 12:19:38.210975,2026-03-11 12:19:39.867255,0 days 00:00:01.656280,1.25,True,140,25,10,0.05,0.3,0.25,0.08,0.21,0.18,0.25,COMPLETE
12,0.048125091014124294,2026-03-11 12:19:39.867255,2026-03-11 12:19:41.569694,0 days 00:00:01.702439,1.25,True,120,26,10,0.05,0.3,0.25,0.08,0.2,0.18,0.25,COMPLETE
13,0.027893133811336818,2026-03-11 12:19:41.569694,2026-03-11 12:19:43.387554,0 days 00:00:01.817860,1.25,True,110,30,10,0.05,0.3,0.25,0.06,0.15,0.17,0.25,COMPLETE
14,0.032152794551926094,2026-03-11 12:19:43.387554,2026-03-11 12:19:44.961675,0 days 00:00:01.574121,1.22,True,110,34,10,0.1,0.3,0.2,0.08,0.15,0.17,0.25,COMPLETE
15,0.04555875519503763,2026-03-11 12:19:44.961675,2026-03-11 12:19:46.758517,0 days 00:00:01.796842,1.22,True,120,33,8,0.1,0.4,0.15,0.08,0.18,0.16,0.25,COMPLETE
16,0.006954561177408707,2026-03-11 12:19:46.758517,2026-03-11 12:19:48.381201,0 days 00:00:01.622684,1.21,True,130,40,7,0.1,0.4,0.15,0.07,0.2,0.16,0.25,COMPLETE
17,0.0262812563278377,2026-03-11 12:19:48.381201,2026-03-11 12:19:50.111960,0 days 00:00:01.730759,1.1500000000000001,True,100,28,8,0.15000000000000002,0.4,0.2,0.08,0.18,0.14,0.25,COMPLETE
18,0.04415376788960879,2026-03-11 12:19:50.111960,2026-03-11 12:19:51.750792,0 days 00:00:01.638832,1.23,True,130,36,3,0.1,0.4,0.15,0.07,0.19,0.16,0.25,COMPLETE
19,-100.0,2026-03-11 12:19:51.750792,2026-03-11 12:19:53.526759,0 days 00:00:01.775967,1.1500000000000001,False,150,41,6,,,0.2,0.08,0.22999999999999998,0.18,0.25,COMPLETE
20,0.04012137736800976,2026-03-11 12:19:53.526759,2026-03-11 12:19:55.732870,0 days 00:00:02.206111,1.2,True,120,21,9,0.15000000000000002,0.3,0.25,0.06,0.16999999999999998,0.17,0.25,COMPLETE
21,0.0437889740734459,2026-03-11 12:19:55.732870,2026-03-11 12:19:57.411554,0 days 00:00:01.678684,1.23,True,130,35,3,0.1,0.4,0.15,0.07,0.19,0.16,0.25,COMPLETE
22,0.04705577249706324,2026-03-11 12:19:57.411554,2026-03-11 12:19:59.242920,0 days 00:00:01.831366,1.23,True,130,28,4,0.1,0.4,0.15,0.08,0.2,0.16,0.25,COMPLETE
23,0.03625718871305034,2026-03-11 12:19:59.242920,2026-03-11 12:20:00.916623,0 days 00:00:01.673703,1.24,True,100,28,4,0.05,0.4,0.2,0.08,0.21,0.14,0.25,COMPLETE
24,0.05902980969337425,2026-03-11 12:20:00.916623,2026-03-11 12:20:02.733240,0 days 00:00:01.816617,1.21,True,120,30,5,0.1,0.6,0.15,0.08,0.16999999999999998,0.18,0.25,COMPLETE
25,-100.0,2026-03-11 12:20:02.733240,2026-03-11 12:20:04.490735,0 days 00:00:01.757495,1.17,True,100,30,4,0.15000000000000002,0.6,0.35,0.07,0.25,0.18,0.2,COMPLETE
26,0.046913993331094,2026-03-11 12:20:04.490735,2026-03-11 12:20:06.270842,0 days 00:00:01.780107,1.21,True,140,26,5,0.05,0.6,0.2,0.08,0.15,0.19,0.25,COMPLETE
27,-100.0,2026-03-11 12:20:06.270842,2026-03-11 12:20:08.142077,0 days 00:00:01.871235,1.24,False,120,21,4,,,0.30000000000000004,0.07,0.22,0.18,0.25,COMPLETE
28,0.03240292763810182,2026-03-11 12:20:08.142077,2026-03-11 12:20:09.907501,0 days 00:00:01.765424,1.17,True,130,31,6,0.1,0.5,0.15,0.08,0.16999999999999998,0.17,0.25,COMPLETE
29,0.02682210589272177,2026-03-11 12:20:09.907501,2026-03-11 12:20:11.694974,0 days 00:00:01.787473,1.23,True,110,27,5,0.1,0.6,0.25,0.06,0.2,0.19,0.2,COMPLETE
30,0.028845775646092284,2026-03-11 12:20:11.694974,2026-03-11 12:20:13.359859,0 days 00:00:01.664885,1.19,True,80,21,6,0.05,0.5,0.15,0.08,0.26,0.19,0.25,COMPLETE
31,0.04887665413408664,2026-03-11 12:20:13.359859,2026-03-11 12:20:15.046887,0 days 00:00:01.687028,1.21,True,140,26,5,0.05,0.6,0.2,0.08,0.16,0.19,0.25,COMPLETE
32,0.01932560315210753,2026-03-11 12:20:15.046887,2026-03-11 12:20:16.863750,0 days 00:00:01.816863,1.2,True,150,23,4,0.05,0.6,0.2,0.08,0.16,0.2,0.25,COMPLETE
33,0.028589880929830187,2026-03-11 12:20:16.863750,2026-03-11 12:20:18.627479,0 days 00:00:01.763729,1.21,True,140,30,5,0.05,0.6,0.15,0.07,0.18,0.18,0.25,COMPLETE
34,0.020961807355969767,2026-03-11 12:20:18.627479,2026-03-11 12:20:20.472875,0 days 00:00:01.845396,1.24,True,130,19,4,0.1,0.5,0.2,0.08,0.16,0.19,0.33,COMPLETE
35,0.026525237593970977,2026-03-11 12:20:20.472875,2026-03-11 12:20:22.324997,0 days 00:00:01.852122,1.25,True,140,25,5,0.05,0.6,0.25,0.07,0.2,0.2,0.25,COMPLETE
36,-100.0,2026-03-11 12:20:22.324997,2026-03-11 12:20:23.988132,0 days 00:00:01.663135,1.06,True,110,32,6,0.1,0.3,0.2,0.05,0.22999999999999998,0.17,0.25,COMPLETE
37,-100.0,2026-03-11 12:20:23.988132,2026-03-11 12:20:26.067887,0 days 00:00:02.079755,1.2,False,120,12,7,,,0.15,0.03,0.16999999999999998,0.2,0.2,COMPLETE
38,0.03302173490692773,2026-03-11 12:20:26.067887,2026-03-11 12:20:27.770068,0 days 00:00:01.702181,1.17,True,150,28,5,0.15000000000000002,0.6,0.25,0.08,0.19,0.18,0.33,COMPLETE
39,-100.0,2026-03-11 12:20:27.770068,2026-03-11 12:20:29.314338,0 days 00:00:01.544270,1.1300000000000001,False,90,44,4,,,0.2,0.07,0.16,0.19,0.25,COMPLETE
40,0.009603497707162487,2026-03-11 12:20:29.314338,2026-03-11 12:20:31.212316,0 days 00:00:01.897978,1.22,True,140,23,3,0.05,0.5,0.30000000000000004,0.07,0.31,0.14,0.25,COMPLETE
41,0.04887665413408664,2026-03-11 12:20:31.212316,2026-03-11 12:20:32.952010,0 days 00:00:01.739694,1.21,True,140,26,5,0.05,0.6,0.2,0.08,0.16,0.19,0.25,COMPLETE
42,0.053410406028549434,2026-03-11 12:20:32.952010,2026-03-11 12:20:34.781080,0 days 00:00:01.829070,1.23,True,130,26,5,0.05,0.6,0.15,0.08,0.18,0.2,0.25,COMPLETE
43,0.0178102566411935,2026-03-11 12:20:34.781080,2026-03-11 12:20:36.716823,0 days 00:00:01.935743,1.19,True,140,18,6,0.05,0.6,0.2,0.08,0.16,0.2,0.25,COMPLETE
44,0.042923288448635875,2026-03-11 12:20:36.716823,2026-03-11 12:20:38.504852,0 days 00:00:01.788029,1.24,True,150,25,5,0.05,0.6,0.15,0.08,0.18,0.19,0.33,COMPLETE
45,0.01577836860439726,2026-03-11 12:20:38.504852,2026-03-11 12:20:40.453340,0 days 00:00:01.948488,1.1800000000000002,True,120,16,7,0.2,0.6,0.25,0.08,0.16999999999999998,0.2,0.25,COMPLETE
46,0.034766875043598995,2026-03-11 12:20:40.453340,2026-03-11 12:20:41.976561,0 days 00:00:01.523221,1.21,True,30,20,6,0.05,0.6,0.2,0.06,0.16,0.19,0.2,COMPLETE
47,0.037679642398909634,2026-03-11 12:20:41.976561,2026-03-11 12:20:43.891231,0 days 00:00:01.914670,1.25,True,140,23,5,0.05,0.6,0.30000000000000004,0.08,0.15,0.11,0.25,COMPLETE
48,0.014230194810468012,2026-03-11 12:20:43.891231,2026-03-11 12:20:45.514833,0 days 00:00:01.623602,1.05,False,120,26,5,,,0.2,0.07,0.19,0.2,0.25,COMPLETE
49,0.02189627653638692,2026-03-11 12:20:45.514833,2026-03-11 12:20:47.301964,0 days 00:00:01.787131,1.22,True,100,14,7,0.05,0.6,0.25,0.08,0.18,0.18,0.33,COMPLETE
50,-100.0,2026-03-11 12:20:47.301964,2026-03-11 12:20:48.876550,0 days 00:00:01.574586,1.2,True,110,36,6,0.05,0.5,0.4,0.05,0.29000000000000004,0.19,0.25,COMPLETE
51,0.03540671366227336,2026-03-11 12:20:48.876550,2026-03-11 12:20:50.640837,0 days 00:00:01.764287,1.23,True,130,29,4,0.05,0.3,0.15,0.08,0.21,0.15000000000000002,0.25,COMPLETE
52,0.04710723132356263,2026-03-11 12:20:50.640837,2026-03-11 12:20:52.443489,0 days 00:00:01.802652,1.23,True,130,27,5,0.1,0.6,0.15,0.08,0.2,0.17,0.25,COMPLETE
53,0.03382180889861785,2026-03-11 12:20:52.443489,2026-03-11 12:20:54.421090,0 days 00:00:01.977601,1.22,True,130,32,5,0.1,0.6,0.15,0.08,0.22,0.18,0.25,COMPLETE
54,0.031076584200337234,2026-03-11 12:20:54.421090,2026-03-11 12:20:56.362606,0 days 00:00:01.941516,1.24,True,150,24,9,0.05,0.6,0.15,0.08,0.16999999999999998,0.17,0.25,COMPLETE
55,0.029777663317677044,2026-03-11 12:20:56.362606,2026-03-11 12:20:58.105238,0 days 00:00:01.742632,1.25,True,130,27,5,0.2,0.6,0.2,0.07,0.15,0.18,0.25,COMPLETE
56,0.04739396076088979,2026-03-11 12:20:58.105238,2026-03-11 12:21:00.023455,0 days 00:00:01.918217,1.21,True,120,26,5,0.1,0.6,0.15,0.08,0.19,0.19,0.25,COMPLETE
57,0.03692718186192327,2026-03-11 12:21:00.023455,2026-03-11 12:21:02.036846,0 days 00:00:02.013391,1.21,True,80,24,6,0.05,0.5,0.15,0.07,0.19,0.2,0.25,COMPLETE
58,0.056091922636449285,2026-03-11 12:21:02.036846,2026-03-11 12:21:03.900015,0 days 00:00:01.863169,1.1600000000000001,True,120,22,9,0.1,0.6,0.2,0.08,0.18,0.19,0.25,COMPLETE
59,-100.0,2026-03-11 12:21:03.900015,2026-03-11 12:21:05.582206,0 days 00:00:01.682191,1.11,False,50,22,10,,,0.2,0.04,0.16999999999999998,0.2,0.2,COMPLETE
60,0.013830373109903447,2026-03-11 12:21:05.583194,2026-03-11 12:21:07.308268,0 days 00:00:01.725074,1.1600000000000001,True,120,19,10,0.05,0.5,0.25,0.08,0.32999999999999996,0.18,0.25,COMPLETE
61,0.057370486877769765,2026-03-11 12:21:07.308268,2026-03-11 12:21:09.355950,0 days 00:00:02.047682,1.19,True,120,26,9,0.1,0.6,0.2,0.08,0.18,0.19,0.25,COMPLETE
62,0.032061182353109466,2026-03-11 12:21:09.355950,2026-03-11 12:21:11.132582,0 days 00:00:01.776632,1.19,True,140,29,9,0.1,0.6,0.2,0.08,0.18,0.19,0.25,COMPLETE
63,0.02190600561596429,2026-03-11 12:21:11.132582,2026-03-11 12:21:12.789656,0 days 00:00:01.657074,1.1400000000000001,True,110,31,9,0.15000000000000002,0.6,0.25,0.08,0.16,0.19,0.25,COMPLETE
64,0.044808087325014,2026-03-11 12:21:12.789656,2026-03-11 12:21:14.714829,0 days 00:00:01.925173,1.1800000000000002,True,110,22,8,0.1,0.6,0.2,0.08,0.15,0.19,0.25,COMPLETE
65,0.02887262428825701,2026-03-11 12:21:14.714829,2026-03-11 12:21:16.385266,0 days 00:00:01.670437,1.1600000000000001,True,120,25,8,0.1,0.6,0.2,0.07,0.16999999999999998,0.2,0.25,COMPLETE
66,0.0594231178195235,2026-03-11 12:21:16.385266,2026-03-11 12:21:18.044330,0 days 00:00:01.659064,1.2,True,100,29,10,0.05,0.6,0.2,0.08,0.21,0.18,0.25,COMPLETE
67,0.05601208724104864,2026-03-11 12:21:18.044330,2026-03-11 12:21:19.787565,0 days 00:00:01.743235,1.2,True,100,29,10,0.05,0.6,0.2,0.08,0.18,0.18,0.25,COMPLETE
68,0.023743606777980097,2026-03-11 12:21:19.787565,2026-03-11 12:21:21.437572,0 days 00:00:01.650007,1.19,True,90,33,10,0.1,0.6,0.2,0.08,0.18,0.18,0.25,COMPLETE
69,0.05870029784033399,2026-03-11 12:21:21.437572,2026-03-11 12:21:23.185857,0 days 00:00:01.748285,1.2,True,100,29,10,0.15000000000000002,0.6,0.15,0.07,0.21,0.17,0.25,COMPLETE
70,0.029383455759735177,2026-03-11 12:21:23.185857,2026-03-11 12:21:24.791841,0 days 00:00:01.605984,1.1800000000000002,True,100,35,10,0.15000000000000002,0.6,0.15,0.07,0.21,0.17,0.33,COMPLETE
71,0.025693382467319614,2026-03-11 12:21:24.791841,2026-03-11 12:21:26.530579,0 days 00:00:01.738738,1.2,True,100,31,10,0.15000000000000002,0.6,0.15,0.08,0.22999999999999998,0.18,0.25,COMPLETE
72,0.03513639139180367,2026-03-11 12:21:26.530579,2026-03-11 12:21:28.197710,0 days 00:00:01.667131,1.2,True,90,29,9,0.15000000000000002,0.6,0.15,0.08,0.24,0.17,0.25,COMPLETE
73,0.04620579328804336,2026-03-11 12:21:28.197710,2026-03-11 12:21:29.866693,0 days 00:00:01.668983,1.19,True,110,30,9,0.15000000000000002,0.6,0.2,0.08,0.18,0.16,0.25,COMPLETE
74,0.033268963490844135,2026-03-11 12:21:29.866693,2026-03-11 12:21:31.608220,0 days 00:00:01.741527,1.22,True,110,28,10,0.1,0.6,0.35,0.07,0.21,0.18,0.25,COMPLETE
75,0.02344886528211954,2026-03-11 12:21:31.608220,2026-03-11 12:21:33.266319,0 days 00:00:01.658099,1.1600000000000001,True,70,32,9,0.05,0.6,0.4,0.08,0.27,0.18,0.25,COMPLETE
76,0.02922885009442,2026-03-11 12:21:33.266319,2026-03-11 12:21:34.838308,0 days 00:00:01.571989,1.17,False,100,27,10,,,0.15,0.08,0.19,0.19,0.25,COMPLETE
77,0.03173365774681456,2026-03-11 12:21:34.838308,2026-03-11 12:21:36.561417,0 days 00:00:01.723109,1.2,True,90,24,9,0.05,0.6,0.2,0.07,0.2,0.12000000000000001,0.2,COMPLETE
78,0.025178760066904848,2026-03-11 12:21:36.561417,2026-03-11 12:21:38.358474,0 days 00:00:01.797057,1.1800000000000002,True,100,29,10,0.1,0.6,0.25,0.08,0.24,0.19,0.25,COMPLETE
79,0.022452382515838438,2026-03-11 12:21:38.359473,2026-03-11 12:21:40.014585,0 days 00:00:01.655112,1.22,True,100,33,9,0.15000000000000002,0.6,0.15,0.06,0.18,0.2,0.25,COMPLETE
80,0.025264719023817068,2026-03-11 12:21:40.014585,2026-03-11 12:21:41.692417,0 days 00:00:01.677832,1.19,True,80,22,10,0.05,0.5,0.45,0.08,0.22,0.17,0.25,COMPLETE
81,0.0325517800950048,2026-03-11 12:21:41.692417,2026-03-11 12:21:43.479685,0 days 00:00:01.787268,1.21,True,140,26,10,0.05,0.6,0.2,0.08,0.16,0.19,0.25,COMPLETE
82,0.05682791501734247,2026-03-11 12:21:43.479685,2026-03-11 12:21:45.286346,0 days 00:00:01.806661,1.21,True,130,27,10,0.05,0.6,0.2,0.08,0.16999999999999998,0.18,0.25,COMPLETE
83,0.06115200902801216,2026-03-11 12:21:45.286346,2026-03-11 12:21:47.107172,0 days 00:00:01.820826,1.2,True,130,28,10,0.05,0.6,0.2,0.08,0.16999999999999998,0.18,0.25,COMPLETE
84,0.07663100046782283,2026-03-11 12:21:47.107172,2026-03-11 12:21:48.747979,0 days 00:00:01.640807,1.2,True,130,30,10,0.05,0.6,0.2,0.08,0.18,0.18,0.25,COMPLETE
85,0.06679790164878141,2026-03-11 12:21:48.747979,2026-03-11 12:21:50.473367,0 days 00:00:01.725388,1.2,True,120,30,10,0.05,0.6,0.2,0.08,0.16999999999999998,0.18,0.25,COMPLETE
86,0.05516888254193823,2026-03-11 12:21:50.473367,2026-03-11 12:21:52.195508,0 days 00:00:01.722141,1.21,True,120,31,10,0.05,0.6,0.2,0.07,0.16999999999999998,0.18,0.25,COMPLETE
87,0.07237753934429268,2026-03-11 12:21:52.195508,2026-03-11 12:21:54.181125,0 days 00:00:01.985617,1.2,True,120,30,10,0.05,0.6,0.25,0.08,0.19,0.17,0.25,COMPLETE
88,0.020846804233102194,2026-03-11 12:21:54.181125,2026-03-11 12:21:56.034516,0 days 00:00:01.853391,1.19,False,130,34,10,,,0.25,0.08,0.2,0.16,0.33,COMPLETE
89,0.06913148636663798,2026-03-11 12:21:56.034516,2026-03-11 12:21:57.502387,0 days 00:00:01.467871,1.2,True,110,30,10,0.05,0.6,0.25,0.08,0.19,0.17,0.25,COMPLETE
90,0.008838193465715537,2026-03-11 12:21:57.502387,2026-03-11 12:21:58.934063,0 days 00:00:01.431676,1.1800000000000002,True,110,50,10,0.05,0.6,0.30000000000000004,0.08,0.19,0.17,0.25,COMPLETE
91,0.07225495883606568,2026-03-11 12:21:58.934063,2026-03-11 12:22:00.472845,0 days 00:00:01.538782,1.2,True,120,30,10,0.05,0.6,0.25,0.08,0.2,0.17,0.25,COMPLETE
92,0.06154150334503638,2026-03-11 12:22:00.472845,2026-03-11 12:22:02.042121,0 days 00:00:01.569276,1.2,True,120,30,10,0.05,0.6,0.25,0.08,0.21,0.16,0.25,COMPLETE
93,0.03866099844557434,2026-03-11 12:22:02.042121,2026-03-11 12:22:03.533448,0 days 00:00:01.491327,1.2,True,110,31,10,0.05,0.6,0.25,0.08,0.21,0.16,0.25,COMPLETE
94,0.03134380868013651,2026-03-11 12:22:03.533448,2026-03-11 12:22:05.012721,0 days 00:00:01.479273,1.2,True,110,32,10,0.05,0.6,0.25,0.08,0.22,0.17,0.25,COMPLETE
95,0.039639582921547484,2026-03-11 12:22:05.012721,2026-03-11 12:22:06.500196,0 days 00:00:01.487475,1.2,True,120,34,10,0.05,0.6,0.30000000000000004,0.08,0.2,0.17,0.25,COMPLETE
96,0.042828509929890006,2026-03-11 12:22:06.500196,2026-03-11 12:22:07.998305,0 days 00:00:01.498109,1.22,True,110,30,10,0.05,0.6,0.25,0.08,0.22,0.16,0.2,COMPLETE
97,0.01125172871121584,2026-03-11 12:22:07.998305,2026-03-11 12:22:09.464937,0 days 00:00:01.466632,1.1800000000000002,True,130,38,10,0.05,0.6,0.30000000000000004,0.08,0.19,0.15000000000000002,0.25,COMPLETE
98,0.023584118362365628,2026-03-11 12:22:09.464937,2026-03-11 12:22:11.076155,0 days 00:00:01.611218,1.21,True,120,30,10,0.05,0.6,0.25,0.04,0.21,0.17,0.25,COMPLETE
99,0.04721072080183641,2026-03-11 12:22:11.076155,2026-03-11 12:22:12.658627,0 days 00:00:01.582472,1.19,True,120,28,10,0.05,0.6,0.25,0.07,0.19,0.17,0.25,COMPLETE
100,0.06644988017509436,2026-03-11 12:22:12.658627,2026-03-11 12:22:14.179942,0 days 00:00:01.521315,1.2,True,130,32,10,0.05,0.6,0.25,0.08,0.2,0.16,0.25,COMPLETE
101,0.06644988017509436,2026-03-11 12:22:14.179942,2026-03-11 12:22:15.748191,0 days 00:00:01.568249,1.2,True,130,32,10,0.05,0.6,0.25,0.08,0.2,0.16,0.25,COMPLETE
102,0.06458509631031704,2026-03-11 12:22:15.748191,2026-03-11 12:22:17.237937,0 days 00:00:01.489746,1.2,True,130,32,10,0.05,0.6,0.25,0.08,0.2,0.15000000000000002,0.25,COMPLETE
103,0.03395432502999953,2026-03-11 12:22:17.237937,2026-03-11 12:22:18.695740,0 days 00:00:01.457803,1.19,True,130,36,10,0.05,0.6,0.25,0.08,0.2,0.15000000000000002,0.25,COMPLETE
104,0.03820270274677516,2026-03-11 12:22:18.695740,2026-03-11 12:22:20.374288,0 days 00:00:01.678548,1.2,True,130,34,10,0.05,0.6,0.25,0.08,0.2,0.15000000000000002,0.25,COMPLETE
105,0.05637750723179774,2026-03-11 12:22:20.374288,2026-03-11 12:22:21.852431,0 days 00:00:01.478143,1.21,True,130,32,10,0.05,0.6,0.25,0.08,0.19,0.16,0.25,COMPLETE
106,0.010549501645982047,2026-03-11 12:22:21.852431,2026-03-11 12:22:23.287705,0 days 00:00:01.435274,1.08,True,130,33,9,0.05,0.6,0.25,0.08,0.22999999999999998,0.14,0.25,COMPLETE
107,-100.0,2026-03-11 12:22:23.287705,2026-03-11 12:22:24.907558,0 days 00:00:01.619853,1.19,True,120,33,10,0.05,0.6,0.25,0.03,0.2,0.16,0.25,COMPLETE
108,0.019938575247936383,2026-03-11 12:22:24.907558,2026-03-11 12:22:26.477638,0 days 00:00:01.570080,1.22,False,130,35,10,,,0.30000000000000004,0.08,0.19,0.16,0.33,COMPLETE
109,0.037359970117350635,2026-03-11 12:22:26.477638,2026-03-11 12:22:28.036407,0 days 00:00:01.558769,1.2,True,120,31,9,0.05,0.6,0.25,0.08,0.21,0.16,0.25,COMPLETE
110,0.018574956721099278,2026-03-11 12:22:28.036407,2026-03-11 12:22:29.498490,0 days 00:00:01.462083,1.21,True,140,38,10,0.05,0.6,0.25,0.08,0.2,0.15000000000000002,0.25,COMPLETE
111,0.05800811109699102,2026-03-11 12:22:29.498490,2026-03-11 12:22:30.956404,0 days 00:00:01.457914,1.2,True,120,28,10,0.05,0.6,0.25,0.08,0.16999999999999998,0.18,0.25,COMPLETE
112,0.07142412793628154,2026-03-11 12:22:30.956404,2026-03-11 12:22:32.441628,0 days 00:00:01.485224,1.21,True,120,30,10,0.05,0.6,0.25,0.08,0.19,0.17,0.25,COMPLETE
113,0.08134071830504702,2026-03-11 12:22:32.441628,2026-03-11 12:22:33.933803,0 days 00:00:01.492175,1.21,True,130,30,10,0.05,0.6,0.30000000000000004,0.08,0.19,0.17,0.25,COMPLETE
114,0.07464845716087266,2026-03-11 12:22:33.933803,2026-03-11 12:22:35.516510,0 days 00:00:01.582707,1.22,True,130,30,10,0.05,0.6,0.30000000000000004,0.08,0.19,0.17,0.25,COMPLETE
115,0.061918963717032184,2026-03-11 12:22:35.516510,2026-03-11 12:22:37.041880,0 days 00:00:01.525370,1.22,True,120,30,10,0.05,0.6,0.30000000000000004,0.08,0.19,0.17,0.25,COMPLETE
116,0.07182740308513519,2026-03-11 12:22:37.041880,2026-03-11 12:22:38.555207,0 days 00:00:01.513327,1.22,True,130,32,10,0.05,0.6,0.30000000000000004,0.08,0.19,0.17,0.25,COMPLETE
117,0.032176531493948224,2026-03-11 12:22:38.555207,2026-03-11 12:22:40.081574,0 days 00:00:01.526367,1.23,True,140,32,9,0.05,0.6,0.30000000000000004,0.05,0.18,0.17,0.25,COMPLETE
118,0.05117048231640011,2026-03-11 12:22:40.082575,2026-03-11 12:22:41.580002,0 days 00:00:01.497427,1.22,True,130,31,10,0.05,0.6,0.30000000000000004,0.08,0.19,0.17,0.2,COMPLETE
119,0.07142035526824639,2026-03-11 12:22:41.580002,2026-03-11 12:22:43.170185,0 days 00:00:01.590183,1.23,True,130,32,10,0.05,0.6,0.35,0.08,0.2,0.16,0.25,COMPLETE
120,0.0427622743290304,2026-03-11 12:22:43.170185,2026-03-11 12:22:45.042842,0 days 00:00:01.872657,1.24,True,140,34,9,0.05,0.4,0.35,0.08,0.18,0.16,0.25,COMPLETE
121,0.07161721302394647,2026-03-11 12:22:45.042842,2026-03-11 12:22:46.651306,0 days 00:00:01.608464,1.23,True,130,32,10,0.05,0.6,0.30000000000000004,0.08,0.2,0.16,0.25,COMPLETE
122,0.03841002571513615,2026-03-11 12:22:46.651306,2026-03-11 12:22:48.221868,0 days 00:00:01.570562,1.23,True,130,35,10,0.05,0.6,0.30000000000000004,0.08,0.2,0.16,0.25,COMPLETE
123,0.07098125684488718,2026-03-11 12:22:48.221868,2026-03-11 12:22:49.865406,0 days 00:00:01.643538,1.23,True,130,32,10,0.05,0.6,0.35,0.08,0.19,0.17,0.25,COMPLETE
124,0.00837568757194974,2026-03-11 12:22:49.865406,2026-03-11 12:22:51.363706,0 days 00:00:01.498300,1.23,True,140,46,10,0.05,0.6,0.35,0.08,0.19,0.17,0.25,COMPLETE
125,0.04776097117340308,2026-03-11 12:22:51.363706,2026-03-11 12:22:52.984698,0 days 00:00:01.620992,1.24,True,130,31,10,0.05,0.6,0.35,0.08,0.19,0.17,0.25,COMPLETE
126,0.051181745939084346,2026-03-11 12:22:52.984698,2026-03-11 12:22:54.678512,0 days 00:00:01.693814,1.22,True,120,29,10,0.05,0.6,0.35,0.08,0.18,0.17,0.25,COMPLETE
127,0.04833846014888098,2026-03-11 12:22:54.678512,2026-03-11 12:22:56.201593,0 days 00:00:01.523081,1.23,True,130,33,10,0.05,0.6,0.4,0.08,0.19,0.17,0.25,COMPLETE
128,0.015781262192756728,2026-03-11 12:22:56.201593,2026-03-11 12:22:57.794358,0 days 00:00:01.592765,1.24,False,140,33,10,,,0.30000000000000004,0.08,0.18,0.17,0.25,COMPLETE
129,0.06244166417515591,2026-03-11 12:22:57.794358,2026-03-11 12:22:59.390761,0 days 00:00:01.596403,1.22,True,130,30,9,0.05,0.5,0.30000000000000004,0.08,0.19,0.17,0.25,COMPLETE
130,0.03633996177272619,2026-03-11 12:22:59.390761,2026-03-11 12:23:00.912797,0 days 00:00:01.522036,1.22,True,120,37,10,0.05,0.6,0.30000000000000004,0.08,0.2,0.16,0.33,COMPLETE
131,0.057492452508464326,2026-03-11 12:23:00.912797,2026-03-11 12:23:02.440077,0 days 00:00:01.527280,1.21,True,130,32,10,0.05,0.6,0.30000000000000004,0.08,0.2,0.16,0.25,COMPLETE
132,0.05622521024175752,2026-03-11 12:23:02.440077,2026-03-11 12:23:03.929949,0 days 00:00:01.489872,1.21,True,130,31,10,0.05,0.6,0.35,0.08,0.19,0.16,0.25,COMPLETE
133,0.0615907539458263,2026-03-11 12:23:03.929949,2026-03-11 12:23:05.491872,0 days 00:00:01.561923,1.23,True,130,29,10,0.05,0.6,0.30000000000000004,0.08,0.2,0.17,0.25,COMPLETE
134,0.050471276506068245,2026-03-11 12:23:05.491872,2026-03-11 12:23:06.987333,0 days 00:00:01.495461,1.22,True,120,30,10,0.05,0.6,0.35,0.08,0.21,0.17,0.25,COMPLETE
135,0.030527981123475302,2026-03-11 12:23:06.987333,2026-03-11 12:23:08.559769,0 days 00:00:01.572436,1.21,True,140,31,10,0.05,0.6,0.35,0.08,0.18,0.16,0.25,COMPLETE
136,0.05801306734558685,2026-03-11 12:23:08.559769,2026-03-11 12:23:10.095112,0 days 00:00:01.535343,1.21,True,130,32,10,0.05,0.6,0.30000000000000004,0.08,0.19,0.1,0.25,COMPLETE
137,0.05589026241373143,2026-03-11 12:23:10.095112,2026-03-11 12:23:11.655910,0 days 00:00:01.560798,1.23,True,120,34,10,0.05,0.6,0.30000000000000004,0.08,0.2,0.17,0.25,COMPLETE
138,0.05663011157109522,2026-03-11 12:23:11.655910,2026-03-11 12:23:13.278163,0 days 00:00:01.622253,1.22,True,130,28,10,0.05,0.6,0.4,0.08,0.18,0.16,0.25,COMPLETE
139,0.037913310037576795,2026-03-11 12:23:13.278163,2026-03-11 12:23:14.792083,0 days 00:00:01.513920,1.25,True,120,31,10,0.05,0.6,0.30000000000000004,0.08,0.19,0.17,0.25,COMPLETE
140,0.024815744487495225,2026-03-11 12:23:14.792083,2026-03-11 12:23:16.467538,0 days 00:00:01.675455,1.24,True,140,29,9,0.05,0.6,0.25,0.08,0.21,0.16,0.2,COMPLETE
141,0.05765315966148775,2026-03-11 12:23:16.467538,2026-03-11 12:23:17.924815,0 days 00:00:01.457277,1.21,True,130,32,10,0.05,0.6,0.25,0.08,0.2,0.15000000000000002,0.25,COMPLETE
142,0.05761494850947983,2026-03-11 12:23:17.924815,2026-03-11 12:23:19.411777,0 days 00:00:01.486962,1.19,True,130,32,10,0.05,0.6,0.25,0.08,0.2,0.15000000000000002,0.25,COMPLETE
143,0.042499033927457214,2026-03-11 12:23:19.411777,2026-03-11 12:23:20.928145,0 days 00:00:01.516368,1.2,True,130,33,10,0.05,0.6,0.25,0.08,0.19,0.17,0.25,COMPLETE
144,0.07814143941238773,2026-03-11 12:23:20.928145,2026-03-11 12:23:22.569583,0 days 00:00:01.641438,1.2,True,130,30,10,0.05,0.6,0.25,0.08,0.2,0.14,0.25,COMPLETE
145,0.04100542731048193,2026-03-11 12:23:22.569583,2026-03-11 12:23:24.123283,0 days 00:00:01.553700,1.22,True,130,30,10,0.05,0.6,0.25,0.08,0.35,0.14,0.25,COMPLETE
146,0.06109445888510839,2026-03-11 12:23:24.123283,2026-03-11 12:23:25.668710,0 days 00:00:01.545427,1.19,True,120,29,10,0.05,0.6,0.35,0.08,0.19,0.14,0.25,COMPLETE
147,0.07048982014307845,2026-03-11 12:23:25.668710,2026-03-11 12:23:27.187253,0 days 00:00:01.518543,1.21,True,120,30,10,0.05,0.6,0.25,0.08,0.2,0.18,0.25,COMPLETE
148,0.020629876812229102,2026-03-11 12:23:27.187253,2026-03-11 12:23:28.662720,0 days 00:00:01.475467,1.12,True,120,27,10,0.05,0.6,0.4,0.08,0.18,0.13,0.25,COMPLETE
149,0.048814622025325195,2026-03-11 12:23:28.662720,2026-03-11 12:23:30.176602,0 days 00:00:01.513882,1.23,True,120,30,10,0.05,0.6,0.25,0.08,0.21,0.18,0.25,COMPLETE
150,0.024703569193946326,2026-03-11 12:23:30.176602,2026-03-11 12:23:31.702112,0 days 00:00:01.525510,1.21,False,120,31,10,,,0.25,0.08,0.2,0.13,0.25,COMPLETE
151,0.04878448843373016,2026-03-11 12:23:31.702112,2026-03-11 12:23:33.284842,0 days 00:00:01.582730,1.2,True,130,31,10,0.05,0.6,0.25,0.08,0.2,0.18,0.25,COMPLETE
152,0.030623529243069655,2026-03-11 12:23:33.284842,2026-03-11 12:23:34.913177,0 days 00:00:01.628335,1.21,True,140,29,10,0.05,0.6,0.25,0.08,0.2,0.18,0.25,COMPLETE
153,0.041687233992085786,2026-03-11 12:23:34.913177,2026-03-11 12:23:36.434995,0 days 00:00:01.521818,1.2,True,130,33,10,0.05,0.6,0.30000000000000004,0.08,0.19,0.17,0.25,COMPLETE
154,0.06810807545735031,2026-03-11 12:23:36.434995,2026-03-11 12:23:37.943655,0 days 00:00:01.508660,1.21,True,130,30,10,0.05,0.6,0.25,0.08,0.21,0.18,0.25,COMPLETE
155,0.05192865925198966,2026-03-11 12:23:37.943655,2026-03-11 12:23:39.437940,0 days 00:00:01.494285,1.22,True,120,30,10,0.05,0.6,0.25,0.08,0.21,0.18,0.25,COMPLETE
156,0.056202472772751,2026-03-11 12:23:39.437940,2026-03-11 12:23:40.948930,0 days 00:00:01.510990,1.21,True,110,28,10,0.05,0.6,0.30000000000000004,0.08,0.18,0.18,0.25,COMPLETE
157,0.07576062431029357,2026-03-11 12:23:40.948930,2026-03-11 12:23:42.436275,0 days 00:00:01.487345,1.22,True,130,30,10,0.05,0.6,0.25,0.08,0.19,0.18,0.25,COMPLETE
158,0.031242847233249656,2026-03-11 12:23:42.436275,2026-03-11 12:23:44.017227,0 days 00:00:01.580952,1.23,True,140,28,9,0.05,0.6,0.30000000000000004,0.08,0.19,0.18,0.25,COMPLETE
159,0.08983639530445159,2026-03-11 12:23:44.017227,2026-03-11 12:23:45.605119,0 days 00:00:01.587892,1.22,True,130,30,10,0.2,0.6,0.25,0.08,0.16999999999999998,0.18,0.33,COMPLETE
160,0.06255449894782006,2026-03-11 12:23:45.605119,2026-03-11 12:23:47.234277,0 days 00:00:01.629158,1.22,True,130,27,10,0.2,0.6,0.25,0.08,0.18,0.18,0.33,COMPLETE
161,0.08553355686496542,2026-03-11 12:23:47.234277,2026-03-11 12:23:48.784592,0 days 00:00:01.550315,1.23,True,130,30,10,0.2,0.6,0.25,0.08,0.16999999999999998,0.18,0.33,COMPLETE
162,0.08553355686496542,2026-03-11 12:23:48.784592,2026-03-11 12:23:50.291497,0 days 00:00:01.506905,1.23,True,130,30,10,0.2,0.6,0.25,0.08,0.16999999999999998,0.18,0.33,COMPLETE
163,0.0650392006787769,2026-03-11 12:23:50.291497,2026-03-11 12:23:51.800563,0 days 00:00:01.509066,1.24,True,130,29,10,0.2,0.6,0.25,0.08,0.16999999999999998,0.18,0.33,COMPLETE
164,0.07823191093008357,2026-03-11 12:23:51.800563,2026-03-11 12:23:53.382797,0 days 00:00:01.582234,1.23,True,130,31,10,0.2,0.6,0.25,0.08,0.16,0.17,0.33,COMPLETE
165,0.07823191093008357,2026-03-11 12:23:53.382797,2026-03-11 12:23:55.036435,0 days 00:00:01.653638,1.23,True,130,31,10,0.2,0.6,0.25,0.08,0.16,0.18,0.33,COMPLETE
166,0.040267255100033504,2026-03-11 12:23:55.036435,2026-03-11 12:23:56.687223,0 days 00:00:01.650788,1.23,True,140,31,10,0.2,0.6,0.25,0.08,0.16,0.17,0.33,COMPLETE
167,0.05824921602009575,2026-03-11 12:23:56.687223,2026-03-11 12:23:58.285987,0 days 00:00:01.598764,1.24,True,130,29,10,0.2,0.6,0.25,0.08,0.15,0.17,0.33,COMPLETE
168,0.07829504995201891,2026-03-11 12:23:58.285987,2026-03-11 12:23:59.579073,0 days 00:00:01.293086,1.23,True,40,31,10,0.2,0.6,0.25,0.08,0.16,0.18,0.33,COMPLETE
169,0.03693485070061252,2026-03-11 12:23:59.579073,2026-03-11 12:24:00.929532,0 days 00:00:01.350459,1.24,True,50,31,7,0.2,0.4,0.25,0.08,0.16,0.18,0.33,COMPLETE
170,0.031177743771776796,2026-03-11 12:24:00.929532,2026-03-11 12:24:02.328013,0 days 00:00:01.398481,1.23,True,60,33,10,0.2,0.6,0.25,0.08,0.15,0.18,0.33,COMPLETE
171,0.07603792203243766,2026-03-11 12:24:02.328013,2026-03-11 12:24:03.845542,0 days 00:00:01.517529,1.23,True,130,31,10,0.2,0.6,0.30000000000000004,0.08,0.16,0.18,0.33,COMPLETE
172,,2026-03-11 12:24:03.845542,2026-03-11 12:24:03.850934,0 days 00:00:00.005392,,,30,31,10,,,,,,,,PRUNED
173,,2026-03-11 12:24:03.850934,2026-03-11 12:24:03.854012,0 days 00:00:00.003078,,,130,10,10,,,,,,,,PRUNED
174,0.07476694504049002,2026-03-11 12:24:03.854012,2026-03-11 12:24:05.440064,0 days 00:00:01.586052,1.23,True,130,29,10,0.2,0.6,0.30000000000000004,0.08,0.16,0.18,0.33,COMPLETE
175,0.059979827561320594,2026-03-11 12:24:05.440064,2026-03-11 12:24:06.912855,0 days 00:00:01.472791,1.22,True,70,28,10,0.2,0.6,0.30000000000000004,0.08,0.16,0.18,0.33,COMPLETE
176,0.03186693296596909,2026-03-11 12:24:06.912855,2026-03-11 12:24:08.494494,0 days 00:00:01.581639,1.23,True,140,29,10,0.2,0.6,0.30000000000000004,0.08,0.16,0.18,0.33,COMPLETE
177,0.07833196642223404,2026-03-11 12:24:08.494494,2026-03-11 12:24:10.057418,0 days 00:00:01.562924,1.24,True,130,30,10,0.2,0.6,0.30000000000000004,0.08,0.16999999999999998,0.18,0.33,COMPLETE
178,0.05856395841159502,2026-03-11 12:24:10.057418,2026-03-11 12:24:11.704836,0 days 00:00:01.647418,1.24,True,130,28,10,0.2,0.6,0.30000000000000004,0.08,0.16999999999999998,0.18,0.33,COMPLETE
179,0.06791870805132134,2026-03-11 12:24:11.704836,2026-03-11 12:24:13.251497,0 days 00:00:01.546661,1.25,True,130,31,10,0.2,0.6,0.30000000000000004,0.08,0.16,0.18,0.33,COMPLETE
180,0.036011414404005765,2026-03-11 12:24:13.252496,2026-03-11 12:24:14.528863,0 days 00:00:01.276367,1.24,True,40,29,10,0.2,0.6,0.30000000000000004,0.08,0.15,0.18,0.33,COMPLETE
181,0.08497425041781317,2026-03-11 12:24:14.528863,2026-03-11 12:24:16.023688,0 days 00:00:01.494825,1.23,True,130,30,10,0.2,0.6,0.30000000000000004,0.08,0.16999999999999998,0.18,0.33,COMPLETE
182,0.08497425041781317,2026-03-11 12:24:16.023688,2026-03-11 12:24:17.523816,0 days 00:00:01.500128,1.23,True,130,30,10,0.2,0.6,0.30000000000000004,0.08,0.16999999999999998,0.18,0.33,COMPLETE
183,0.08497425041781317,2026-03-11 12:24:17.523816,2026-03-11 12:24:19.098786,0 days 00:00:01.574970,1.23,True,130,30,10,0.2,0.6,0.30000000000000004,0.08,0.16999999999999998,0.18,0.33,COMPLETE
184,0.03653982111578693,2026-03-11 12:24:19.098786,2026-03-11 12:24:20.679083,0 days 00:00:01.580297,1.23,True,140,30,10,0.2,0.6,0.30000000000000004,0.08,0.16999999999999998,0.18,0.33,COMPLETE
185,0.05841616251501966,2026-03-11 12:24:20.679083,2026-03-11 12:24:22.272725,0 days 00:00:01.593642,1.24,True,130,29,10,0.2,0.6,0.30000000000000004,0.06,0.16999999999999998,0.19,0.33,COMPLETE
186,0.0978720640494758,2026-03-11 12:24:22.272725,2026-03-11 12:24:23.782229,0 days 00:00:01.509504,1.23,True,130,30,10,0.2,0.3,0.30000000000000004,0.08,0.16,0.18,0.33,COMPLETE
187,0.053925714153476405,2026-03-11 12:24:23.782229,2026-03-11 12:24:25.318983,0 days 00:00:01.536754,1.23,True,130,28,10,0.2,0.3,0.30000000000000004,0.08,0.16,0.18,0.33,COMPLETE
188,0.017118351822168486,2026-03-11 12:24:25.318983,2026-03-11 12:24:26.845038,0 days 00:00:01.526055,1.23,False,140,30,10,,,0.30000000000000004,0.08,0.16,0.18,0.33,COMPLETE
189,0.061042351613477513,2026-03-11 12:24:26.845038,2026-03-11 12:24:28.367185,0 days 00:00:01.522147,1.24,True,130,31,10,0.2,0.4,0.30000000000000004,0.08,0.16999999999999998,0.18,0.33,COMPLETE
190,0.053850750593977245,2026-03-11 12:24:28.367185,2026-03-11 12:24:29.929314,0 days 00:00:01.562129,1.23,True,130,30,10,0.2,0.3,0.30000000000000004,0.08,0.15,0.19,0.33,COMPLETE
191,0.0892526061506635,2026-03-11 12:24:29.929314,2026-03-11 12:24:31.502897,0 days 00:00:01.573583,1.22,True,130,30,10,0.2,0.6,0.30000000000000004,0.08,0.16999999999999998,0.18,0.33,COMPLETE
192,0.06400091860190302,2026-03-11 12:24:31.502897,2026-03-11 12:24:33.081155,0 days 00:00:01.578258,1.22,True,130,29,10,0.2,0.3,0.30000000000000004,0.08,0.16999999999999998,0.18,0.33,COMPLETE
193,0.08497425041781317,2026-03-11 12:24:33.081155,2026-03-11 12:24:34.660420,0 days 00:00:01.579265,1.23,True,130,30,10,0.2,0.6,0.30000000000000004,0.08,0.16999999999999998,0.18,0.33,COMPLETE
194,0.06070560062046866,2026-03-11 12:24:34.660420,2026-03-11 12:24:36.209545,0 days 00:00:01.549125,1.23,True,130,31,10,0.2,0.6,0.30000000000000004,0.08,0.16999999999999998,0.18,0.33,COMPLETE
195,0.09378051746903322,2026-03-11 12:24:36.209545,2026-03-11 12:24:37.713859,0 days 00:00:01.504314,1.24,True,130,30,10,0.2,0.6,0.30000000000000004,0.08,0.16,0.18,0.33,COMPLETE
196,0.07469104099194974,2026-03-11 12:24:37.713859,2026-03-11 12:24:39.261726,0 days 00:00:01.547867,1.24,True,130,29,10,0.2,0.6,0.30000000000000004,0.08,0.16,0.18,0.33,COMPLETE
197,0.07463200752325239,2026-03-11 12:24:39.261726,2026-03-11 12:24:40.884237,0 days 00:00:01.622511,1.25,True,130,27,10,0.2,0.5,0.30000000000000004,0.08,0.16999999999999998,0.19,0.33,COMPLETE
198,0.07773486604186579,2026-03-11 12:24:40.884237,2026-03-11 12:24:42.428206,0 days 00:00:01.543969,1.24,True,130,31,10,0.2,0.6,0.30000000000000004,0.08,0.16,0.18,0.33,COMPLETE
199,0.07773486604186579,2026-03-11 12:24:42.428206,2026-03-11 12:24:43.981266,0 days 00:00:01.553060,1.24,True,130,31,10,0.2,0.6,0.30000000000000004,0.08,0.16,0.18,0.33,COMPLETE
200,0.04054901818731584,2026-03-11 12:24:43.981266,2026-03-11 12:24:45.587574,0 days 00:00:01.606308,1.24,True,140,31,10,0.2,0.6,0.30000000000000004,0.08,0.16,0.18,0.33,COMPLETE
201,0.04331406242459633,2026-03-11 12:24:45.587574,2026-03-11 12:24:47.156960,0 days 00:00:01.569386,1.24,True,130,31,10,0.2,0.6,0.30000000000000004,0.08,0.15,0.18,0.33,COMPLETE
202,0.07598315143869847,2026-03-11 12:24:47.156960,2026-03-11 12:24:48.682720,0 days 00:00:01.525760,1.25,True,130,30,10,0.2,0.6,0.30000000000000004,0.08,0.16999999999999998,0.18,0.33,COMPLETE
203,0.056468276945106165,2026-03-11 12:24:48.682720,2026-03-11 12:24:50.195477,0 days 00:00:01.512757,1.25,True,130,31,10,0.2,0.6,0.30000000000000004,0.08,0.16999999999999998,0.18,0.33,COMPLETE
204,0.09378051746903322,2026-03-11 12:24:50.195477,2026-03-11 12:24:51.818723,0 days 00:00:01.623246,1.24,True,130,30,10,0.2,0.6,0.30000000000000004,0.08,0.16,0.18,0.33,COMPLETE
205,0.07557369016649898,2026-03-11 12:24:51.818723,2026-03-11 12:24:53.427825,0 days 00:00:01.609102,1.24,True,130,32,10,0.2,0.6,0.30000000000000004,0.08,0.16,0.18,0.33,COMPLETE
206,0.07773486604186579,2026-03-11 12:24:53.427825,2026-03-11 12:24:55.003720,0 days 00:00:01.575895,1.24,True,130,31,10,0.2,0.6,0.30000000000000004,0.08,0.16,0.18,0.33,COMPLETE
207,0.05770861365433908,2026-03-11 12:24:55.003720,2026-03-11 12:24:56.569517,0 days 00:00:01.565797,1.24,True,130,30,10,0.2,0.6,0.30000000000000004,0.08,0.15,0.19,0.33,COMPLETE
208,0.03432475021449071,2026-03-11 12:24:56.570515,2026-03-11 12:24:58.176158,0 days 00:00:01.605643,1.25,True,140,29,10,0.2,0.6,0.30000000000000004,0.08,0.16,0.18,0.33,COMPLETE
209,0.04939827493935251,2026-03-11 12:24:58.176158,2026-03-11 12:24:59.670548,0 days 00:00:01.494390,1.24,True,130,32,10,0.2,0.6,0.30000000000000004,0.05,0.16999999999999998,0.18,0.33,COMPLETE
210,0.09378051746903322,2026-03-11 12:24:59.670548,2026-03-11 12:25:01.204747,0 days 00:00:01.534199,1.24,True,130,30,10,0.2,0.6,0.30000000000000004,0.08,0.16,0.18,0.33,COMPLETE
211,0.09378051746903322,2026-03-11 12:25:01.204747,2026-03-11 12:25:02.759018,0 days 00:00:01.554271,1.24,True,130,30,10,0.2,0.6,0.30000000000000004,0.08,0.16,0.18,0.33,COMPLETE
212,0.09378051746903322,2026-03-11 12:25:02.759018,2026-03-11 12:25:04.308152,0 days 00:00:01.549134,1.24,True,130,30,10,0.2,0.6,0.30000000000000004,0.08,0.16,0.18,0.33,COMPLETE
213,0.05770861365433908,2026-03-11 12:25:04.308152,2026-03-11 12:25:05.873023,0 days 00:00:01.564871,1.24,True,130,30,10,0.2,0.6,0.30000000000000004,0.08,0.15,0.18,0.33,COMPLETE
214,0.058691613595020745,2026-03-11 12:25:05.873023,2026-03-11 12:25:07.497260,0 days 00:00:01.624237,1.25,True,130,28,10,0.2,0.6,0.30000000000000004,0.08,0.16,0.18,0.33,COMPLETE
215,0.05741771898601014,2026-03-11 12:25:07.497260,2026-03-11 12:25:08.954859,0 days 00:00:01.457599,1.23,True,60,29,10,0.2,0.6,0.30000000000000004,0.08,0.16999999999999998,0.18,0.33,COMPLETE
216,0.09378051746903322,2026-03-11 12:25:08.954859,2026-03-11 12:25:10.531934,0 days 00:00:01.577075,1.24,True,130,30,10,0.2,0.6,0.30000000000000004,0.08,0.16,0.18,0.33,COMPLETE
217,0.03653982111578693,2026-03-11 12:25:10.531934,2026-03-11 12:25:12.051206,0 days 00:00:01.519272,1.23,True,140,30,10,0.2,0.6,0.30000000000000004,0.08,0.16999999999999998,0.19,0.33,COMPLETE
218,0.057280895181110764,2026-03-11 12:25:12.051206,2026-03-11 12:25:13.720800,0 days 00:00:01.669594,1.24,True,130,29,10,0.2,0.6,0.30000000000000004,0.08,0.15,0.18,0.33,COMPLETE
219,0.05627544783328947,2026-03-11 12:25:13.720800,2026-03-11 12:25:15.304247,0 days 00:00:01.583447,1.23,True,130,28,10,0.2,0.6,0.30000000000000004,0.08,0.16,0.18,0.33,COMPLETE
220,0.07558886509836042,2026-03-11 12:25:15.304247,2026-03-11 12:25:16.877198,0 days 00:00:01.572951,1.25,True,130,30,10,0.2,0.6,0.30000000000000004,0.08,0.16999999999999998,0.19,0.33,COMPLETE
221,0.07773486604186579,2026-03-11 12:25:16.877198,2026-03-11 12:25:18.470204,0 days 00:00:01.593006,1.24,True,130,31,10,0.2,0.6,0.30000000000000004,0.08,0.16,0.18,0.33,COMPLETE
222,0.09378051746903322,2026-03-11 12:25:18.470204,2026-03-11 12:25:19.982020,0 days 00:00:01.511816,1.24,True,130,30,10,0.2,0.6,0.30000000000000004,0.08,0.16,0.18,0.33,COMPLETE
223,0.06489702587310557,2026-03-11 12:25:19.982020,2026-03-11 12:25:21.540000,0 days 00:00:01.557980,1.23,True,130,29,10,0.2,0.6,0.30000000000000004,0.08,0.16999999999999998,0.18,0.33,COMPLETE
224,0.09378051746903322,2026-03-11 12:25:21.540000,2026-03-11 12:25:23.103278,0 days 00:00:01.563278,1.24,True,130,30,10,0.2,0.6,0.30000000000000004,0.08,0.16,0.18,0.33,COMPLETE
225,0.060257522980909604,2026-03-11 12:25:23.103278,2026-03-11 12:25:24.660177,0 days 00:00:01.556899,1.23,True,130,30,10,0.2,0.6,0.30000000000000004,0.08,0.15,0.18,0.33,COMPLETE
226,0.039736549690228336,2026-03-11 12:25:24.660177,2026-03-11 12:25:26.197997,0 days 00:00:01.537820,1.24,False,130,29,10,,,0.30000000000000004,0.08,0.16999999999999998,0.18,0.33,COMPLETE
227,0.04222509303984335,2026-03-11 12:25:26.197997,2026-03-11 12:25:27.768026,0 days 00:00:01.570029,1.23,True,140,30,10,0.2,0.6,0.30000000000000004,0.08,0.16,0.18,0.33,COMPLETE
228,0.09075634535991428,2026-03-11 12:25:27.768026,2026-03-11 12:25:29.441459,0 days 00:00:01.673433,1.25,True,130,30,10,0.2,0.6,0.30000000000000004,0.08,0.16,0.18,0.33,COMPLETE
229,0.024915437962552148,2026-03-11 12:25:29.441459,2026-03-11 12:25:31.073576,0 days 00:00:01.632117,1.25,True,130,32,10,0.2,0.6,0.30000000000000004,0.03,0.16,0.18,0.33,COMPLETE
230,0.057439897083172806,2026-03-11 12:25:31.073576,2026-03-11 12:25:32.685746,0 days 00:00:01.612170,1.25,True,130,29,10,0.2,0.6,0.30000000000000004,0.08,0.15,0.18,0.33,COMPLETE
231,0.09378051746903322,2026-03-11 12:25:32.685746,2026-03-11 12:25:34.294518,0 days 00:00:01.608772,1.24,True,130,30,10,0.2,0.6,0.30000000000000004,0.08,0.16,0.18,0.33,COMPLETE
232,0.09378051746903322,2026-03-11 12:25:34.294518,2026-03-11 12:25:35.860276,0 days 00:00:01.565758,1.24,True,130,30,10,0.2,0.6,0.30000000000000004,0.08,0.16,0.18,0.33,COMPLETE
233,0.09378051746903322,2026-03-11 12:25:35.860276,2026-03-11 12:25:37.426997,0 days 00:00:01.566721,1.24,True,130,30,10,0.2,0.6,0.30000000000000004,0.08,0.16,0.18,0.33,COMPLETE
234,0.058693339827073567,2026-03-11 12:25:37.426997,2026-03-11 12:25:38.994896,0 days 00:00:01.567899,1.24,True,130,28,10,0.2,0.6,0.30000000000000004,0.08,0.16,0.18,0.33,COMPLETE
235,0.06480748710661184,2026-03-11 12:25:38.994896,2026-03-11 12:25:40.589742,0 days 00:00:01.594846,1.25,True,130,29,10,0.2,0.6,0.30000000000000004,0.08,0.16999999999999998,0.18,0.33,COMPLETE
236,0.09378051746903322,2026-03-11 12:25:40.589742,2026-03-11 12:25:42.185389,0 days 00:00:01.595647,1.24,True,130,30,10,0.2,0.6,0.30000000000000004,0.08,0.16,0.18,0.33,COMPLETE
237,0.05770861365433908,2026-03-11 12:25:42.185389,2026-03-11 12:25:43.795413,0 days 00:00:01.610024,1.24,True,130,30,10,0.2,0.6,0.30000000000000004,0.08,0.15,0.18,0.33,COMPLETE
238,0.05856395841159502,2026-03-11 12:25:43.795413,2026-03-11 12:25:45.429266,0 days 00:00:01.633853,1.24,True,130,28,10,0.2,0.6,0.30000000000000004,0.08,0.16999999999999998,0.18,0.33,COMPLETE
239,0.09075634535991428,2026-03-11 12:25:45.429266,2026-03-11 12:25:47.036597,0 days 00:00:01.607331,1.25,True,130,30,10,0.2,0.6,0.30000000000000004,0.08,0.16,0.18,0.33,COMPLETE
240,0.07483054805478402,2026-03-11 12:25:47.036597,2026-03-11 12:25:48.632978,0 days 00:00:01.596381,1.25,True,130,29,10,0.2,0.6,0.30000000000000004,0.08,0.16,0.18,0.33,COMPLETE
241,0.09075634535991428,2026-03-11 12:25:48.632978,2026-03-11 12:25:50.204918,0 days 00:00:01.571940,1.25,True,130,30,10,0.2,0.6,0.30000000000000004,0.08,0.16,0.18,0.33,COMPLETE
242,0.09075634535991428,2026-03-11 12:25:50.204918,2026-03-11 12:25:51.733717,0 days 00:00:01.528799,1.25,True,130,30,10,0.2,0.6,0.30000000000000004,0.08,0.16,0.18,0.33,COMPLETE
243,0.09075634535991428,2026-03-11 12:25:51.733717,2026-03-11 12:25:53.344266,0 days 00:00:01.610549,1.25,True,130,30,10,0.2,0.6,0.30000000000000004,0.08,0.16,0.18,0.33,COMPLETE
244,0.07483054805478402,2026-03-11 12:25:53.344266,2026-03-11 12:25:55.056445,0 days 00:00:01.712179,1.25,True,130,29,10,0.2,0.6,0.30000000000000004,0.08,0.16,0.18,0.33,COMPLETE
245,0.05553146564172907,2026-03-11 12:25:55.056445,2026-03-11 12:25:56.709763,0 days 00:00:01.653318,1.25,True,130,30,10,0.2,0.6,0.30000000000000004,0.08,0.15,0.18,0.33,COMPLETE
246,0.09075634535991428,2026-03-11 12:25:56.709763,2026-03-11 12:25:58.241760,0 days 00:00:01.531997,1.25,True,130,30,10,0.2,0.6,0.30000000000000004,0.08,0.16,0.18,0.33,COMPLETE
247,0.07483054805478402,2026-03-11 12:25:58.241760,2026-03-11 12:25:59.746242,0 days 00:00:01.504482,1.25,True,130,29,10,0.2,0.6,0.30000000000000004,0.08,0.16,0.18,0.33,COMPLETE
248,0.038006222212810935,2026-03-11 12:25:59.746242,2026-03-11 12:26:01.359320,0 days 00:00:01.613078,1.25,True,140,28,10,0.2,0.6,0.30000000000000004,0.08,0.16,0.18,0.33,COMPLETE
249,0.05553146564172907,2026-03-11 12:26:01.359320,2026-03-11 12:26:02.890755,0 days 00:00:01.531435,1.25,True,130,30,10,0.2,0.6,0.30000000000000004,0.08,0.15,0.18,0.33,COMPLETE
250,0.06878684614993948,2026-03-11 12:26:02.890755,2026-03-11 12:26:04.482861,0 days 00:00:01.592106,1.25,True,130,31,8,0.2,0.6,0.30000000000000004,0.08,0.16,0.18,0.33,COMPLETE
251,0.07031106920401331,2026-03-11 12:26:04.482861,2026-03-11 12:26:06.052305,0 days 00:00:01.569444,1.25,True,130,29,10,0.2,0.4,0.30000000000000004,0.08,0.16,0.18,0.33,COMPLETE
252,0.0253510976025892,2026-03-11 12:26:06.052305,2026-03-11 12:26:07.637973,0 days 00:00:01.585668,1.24,True,140,30,10,0.2,0.6,0.30000000000000004,0.08,0.3,0.18,0.33,COMPLETE
253,0.039438082688457055,2026-03-11 12:26:07.637973,2026-03-11 12:26:09.168627,0 days 00:00:01.530654,1.25,True,130,31,10,0.2,0.5,0.30000000000000004,0.08,0.15,0.18,0.33,COMPLETE
254,0.0932841722127808,2026-03-11 12:26:09.168627,2026-03-11 12:26:10.676109,0 days 00:00:01.507482,1.24,True,130,30,10,0.2,0.6,0.30000000000000004,0.08,0.16,0.19,0.33,COMPLETE
255,0.058693339827073567,2026-03-11 12:26:10.676109,2026-03-11 12:26:12.187981,0 days 00:00:01.511872,1.24,True,130,28,10,0.2,0.6,0.30000000000000004,0.08,0.16,0.19,0.33,COMPLETE
256,0.06890771044473519,2026-03-11 12:26:12.187981,2026-03-11 12:26:13.761500,0 days 00:00:01.573519,1.25,True,130,29,10,0.2,0.3,0.30000000000000004,0.08,0.16,0.19,0.33,COMPLETE
257,0.00793487111016787,2026-03-11 12:26:13.761500,2026-03-11 12:26:15.240336,0 days 00:00:01.478836,1.24,False,140,31,10,,,0.30000000000000004,0.08,0.32999999999999996,0.18,0.33,COMPLETE
258,0.05770861365433908,2026-03-11 12:26:15.240336,2026-03-11 12:26:16.819448,0 days 00:00:01.579112,1.24,True,130,30,10,0.2,0.6,0.30000000000000004,0.08,0.15,0.19,0.33,COMPLETE
259,0.06387632470029521,2026-03-11 12:26:16.819448,2026-03-11 12:26:18.365612,0 days 00:00:01.546164,1.25,True,120,32,10,0.2,0.6,0.30000000000000004,0.08,0.16,0.18,0.33,COMPLETE
260,0.07469104099194974,2026-03-11 12:26:18.365612,2026-03-11 12:26:19.953947,0 days 00:00:01.588335,1.24,True,130,29,10,0.2,0.6,0.30000000000000004,0.08,0.16,0.18,0.33,COMPLETE
261,0.0410130601122503,2026-03-11 12:26:19.953947,2026-03-11 12:26:21.543005,0 days 00:00:01.589058,1.25,True,130,31,10,0.2,0.6,0.30000000000000004,0.08,0.15,0.18,0.33,COMPLETE
262,0.03574714178320103,2026-03-11 12:26:21.543005,2026-03-11 12:26:23.008491,0 days 00:00:01.465486,1.24,True,130,30,10,0.2,0.6,0.30000000000000004,0.08,0.26,0.18,0.33,COMPLETE
263,0.038006222212810935,2026-03-11 12:26:23.008491,2026-03-11 12:26:24.592344,0 days 00:00:01.583853,1.25,True,140,28,10,0.2,0.6,0.30000000000000004,0.08,0.16,0.18,0.33,COMPLETE
264,0.04331406242459633,2026-03-11 12:26:24.592344,2026-03-11 12:26:26.144653,0 days 00:00:01.552309,1.24,True,130,31,10,0.2,0.6,0.30000000000000004,0.08,0.15,0.18,0.33,COMPLETE
265,0.05591445566204497,2026-03-11 12:26:26.144653,2026-03-11 12:26:27.733433,0 days 00:00:01.588780,1.24,True,120,30,9,0.2,0.6,0.30000000000000004,0.08,0.16,0.19,0.33,COMPLETE
266,0.027508497308471665,2026-03-11 12:26:27.733433,2026-03-11 12:26:29.178144,0 days 00:00:01.444711,1.08,True,130,29,10,0.2,0.6,0.30000000000000004,0.08,0.16,0.18,0.33,COMPLETE
267,0.06967114911352405,2026-03-11 12:26:29.178144,2026-03-11 12:26:30.707925,0 days 00:00:01.529781,1.25,True,130,32,10,0.2,0.6,0.30000000000000004,0.08,0.16,0.18,0.33,COMPLETE
268,0.016478628368785685,2026-03-11 12:26:30.707925,2026-03-11 12:26:32.215780,0 days 00:00:01.507855,1.24,True,130,41,10,0.2,0.6,0.30000000000000004,0.06,0.16999999999999998,0.19,0.2,COMPLETE
269,0.05553146564172907,2026-03-11 12:26:32.215780,2026-03-11 12:26:33.787363,0 days 00:00:01.571583,1.25,True,130,30,10,0.2,0.6,0.30000000000000004,0.08,0.15,0.18,0.33,COMPLETE
270,0.04054901818731584,2026-03-11 12:26:33.787363,2026-03-11 12:26:35.375040,0 days 00:00:01.587677,1.24,True,140,31,10,0.2,0.6,0.30000000000000004,0.08,0.16,0.18,0.33,COMPLETE
271,0.06615860045796004,2026-03-11 12:26:35.375040,2026-03-11 12:26:36.916836,0 days 00:00:01.541796,1.25,True,120,27,10,0.2,0.6,0.30000000000000004,0.08,0.16999999999999998,0.18,0.33,COMPLETE
272,0.07469104099194974,2026-03-11 12:26:36.916836,2026-03-11 12:26:38.477942,0 days 00:00:01.561106,1.24,True,130,29,10,0.2,0.6,0.30000000000000004,0.08,0.16,0.18,0.33,COMPLETE
273,0.05553146564172907,2026-03-11 12:26:38.477942,2026-03-11 12:26:40.078105,0 days 00:00:01.600163,1.25,True,130,30,10,0.2,0.6,0.30000000000000004,0.08,0.15,0.18,0.33,COMPLETE
274,0.04184392639596639,2026-03-11 12:26:40.078105,2026-03-11 12:26:41.737381,0 days 00:00:01.659276,1.24,True,130,31,3,0.2,0.6,0.30000000000000004,0.08,0.16,0.18,0.33,COMPLETE
275,0.064293066954875,2026-03-11 12:26:41.737381,2026-03-11 12:26:43.316366,0 days 00:00:01.578985,1.24,True,130,29,10,0.2,0.6,0.30000000000000004,0.08,0.16999999999999998,0.19,0.33,COMPLETE
276,0.034599453016084664,2026-03-11 12:26:43.316366,2026-03-11 12:26:44.845813,0 days 00:00:01.529447,1.25,False,120,32,10,,,0.30000000000000004,0.08,0.16,0.18,0.33,COMPLETE
277,0.06675580460694394,2026-03-11 12:26:44.845813,2026-03-11 12:26:46.418089,0 days 00:00:01.572276,1.24,True,130,28,9,0.2,0.6,0.30000000000000004,0.08,0.16999999999999998,0.18,0.33,COMPLETE
278,0.05553146564172907,2026-03-11 12:26:46.418089,2026-03-11 12:26:47.960388,0 days 00:00:01.542299,1.25,True,130,30,10,0.2,0.6,0.30000000000000004,0.08,0.15,0.18,0.33,COMPLETE
279,0.04054901818731584,2026-03-11 12:26:47.961493,2026-03-11 12:26:49.568280,0 days 00:00:01.606787,1.24,True,140,31,10,0.2,0.6,0.30000000000000004,0.08,0.16,0.18,0.33,COMPLETE
280,0.07469104099194974,2026-03-11 12:26:49.568280,2026-03-11 12:26:51.117691,0 days 00:00:01.549411,1.24,True,130,29,10,0.2,0.6,0.30000000000000004,0.08,0.16,0.18,0.33,COMPLETE
281,0.0651546545396025,2026-03-11 12:26:51.117691,2026-03-11 12:26:52.639669,0 days 00:00:01.521978,1.1500000000000001,True,120,30,10,0.2,0.6,0.30000000000000004,0.08,0.16,0.19,0.33,COMPLETE
282,0.02379502412307518,2026-03-11 12:26:52.639669,2026-03-11 12:26:54.155290,0 days 00:00:01.515621,1.1400000000000001,True,130,32,10,0.2,0.5,0.30000000000000004,0.08,0.16999999999999998,0.18,0.33,COMPLETE
283,0.05136169162408539,2026-03-11 12:26:54.155290,2026-03-11 12:26:55.841966,0 days 00:00:01.686676,1.25,True,130,28,10,0.2,0.6,0.30000000000000004,0.08,0.15,0.18,0.33,COMPLETE
284,0.07000376929713256,2026-03-11 12:26:55.841966,2026-03-11 12:26:57.443492,0 days 00:00:01.601526,1.24,True,130,27,10,0.2,0.6,0.30000000000000004,0.08,0.16,0.18,0.33,COMPLETE
285,0.03275039753497942,2026-03-11 12:26:57.443492,2026-03-11 12:26:59.009822,0 days 00:00:01.566330,1.25,True,130,30,10,0.2,0.6,0.30000000000000004,0.04,0.16999999999999998,0.18,0.33,COMPLETE
286,0.04054901818731584,2026-03-11 12:26:59.009822,2026-03-11 12:27:00.582710,0 days 00:00:01.572888,1.24,True,140,31,10,0.2,0.6,0.30000000000000004,0.08,0.16,0.18,0.33,COMPLETE
287,0.03444849087903277,2026-03-11 12:27:00.583708,2026-03-11 12:27:02.125002,0 days 00:00:01.541294,1.25,True,120,29,10,0.2,0.6,0.30000000000000004,0.08,0.15,0.18,0.33,COMPLETE
288,0.02685324205694008,2026-03-11 12:27:02.125002,2026-03-11 12:27:03.711741,0 days 00:00:01.586739,1.24,True,130,31,10,0.2,0.6,0.30000000000000004,0.04,0.16999999999999998,0.11,0.2,COMPLETE
289,0.09378051746903322,2026-03-11 12:27:03.711741,2026-03-11 12:27:05.314803,0 days 00:00:01.603062,1.24,True,130,30,10,0.2,0.6,0.30000000000000004,0.08,0.16,0.18,0.33,COMPLETE
290,0.07483054805478402,2026-03-11 12:27:05.314803,2026-03-11 12:27:06.993836,0 days 00:00:01.679033,1.25,True,130,29,10,0.2,0.6,0.30000000000000004,0.08,0.16,0.18,0.33,COMPLETE
291,0.05770861365433908,2026-03-11 12:27:06.993836,2026-03-11 12:27:08.662640,0 days 00:00:01.668804,1.24,True,130,30,10,0.2,0.6,0.30000000000000004,0.08,0.15,0.18,0.33,COMPLETE
292,0.06387632470029521,2026-03-11 12:27:08.662640,2026-03-11 12:27:10.240613,0 days 00:00:01.577973,1.25,True,120,32,10,0.2,0.6,0.30000000000000004,0.08,0.16,0.19,0.33,COMPLETE
293,0.027824056840127655,2026-03-11 12:27:10.240613,2026-03-11 12:27:11.860496,0 days 00:00:01.619883,1.24,True,150,28,9,0.2,0.3,0.30000000000000004,0.05,0.16,0.18,0.33,COMPLETE
294,0.028088705168261764,2026-03-11 12:27:11.860496,2026-03-11 12:27:13.501184,0 days 00:00:01.640688,1.24,True,140,29,10,0.2,0.6,0.30000000000000004,0.08,0.16,0.12000000000000001,0.33,COMPLETE
295,0.004739203073105338,2026-03-11 12:27:13.501184,2026-03-11 12:27:15.021732,0 days 00:00:01.520548,1.25,False,130,45,10,,,0.30000000000000004,0.08,0.15,0.18,0.33,COMPLETE
296,0.04331406242459633,2026-03-11 12:27:15.021732,2026-03-11 12:27:16.670645,0 days 00:00:01.648913,1.24,True,130,31,10,0.2,0.6,0.30000000000000004,0.08,0.15,0.18,0.33,COMPLETE
297,0.04049553356222258,2026-03-11 12:27:16.670645,2026-03-11 12:27:18.305066,0 days 00:00:01.634421,1.25,True,140,30,10,0.2,0.6,0.45,0.08,0.16,0.19,0.33,COMPLETE
298,0.07364056111428167,2026-03-11 12:27:18.305066,2026-03-11 12:27:19.895989,0 days 00:00:01.590923,1.24,True,130,31,10,0.2,0.4,0.30000000000000004,0.08,0.16,0.18,0.33,COMPLETE
299,0.06260269648758937,2026-03-11 12:27:19.895989,2026-03-11 12:27:21.416842,0 days 00:00:01.520853,1.23,True,130,30,8,0.2,0.6,0.30000000000000004,0.08,0.16999999999999998,0.18,0.33,COMPLETE
300,0.07483054805478402,2026-03-11 12:27:21.416842,2026-03-11 12:27:22.989015,0 days 00:00:01.572173,1.25,True,130,29,10,0.2,0.6,0.30000000000000004,0.08,0.16,0.18,0.33,COMPLETE
301,0.02415730655199172,2026-03-11 12:27:22.989015,2026-03-11 12:27:24.813624,0 days 00:00:01.824609,1.24,True,130,13,10,0.2,0.6,0.30000000000000004,0.08,0.16,0.2,0.33,COMPLETE
302,0.05388885994867276,2026-03-11 12:27:24.813624,2026-03-11 12:27:26.391779,0 days 00:00:01.578155,1.23,True,120,33,10,0.2,0.6,0.30000000000000004,0.08,0.16999999999999998,0.18,0.33,COMPLETE
303,0.04331406242459633,2026-03-11 12:27:26.391779,2026-03-11 12:27:28.022661,0 days 00:00:01.630882,1.24,True,130,31,10,0.2,0.6,0.30000000000000004,0.08,0.15,0.18,0.33,COMPLETE
304,0.058691613595020745,2026-03-11 12:27:28.022661,2026-03-11 12:27:29.672519,0 days 00:00:01.649858,1.25,True,130,28,10,0.2,0.6,0.30000000000000004,0.08,0.16,0.19,0.33,COMPLETE
305,0.0626405828321559,2026-03-11 12:27:29.672519,2026-03-11 12:27:31.340571,0 days 00:00:01.668052,1.24,True,130,30,6,0.2,0.6,0.30000000000000004,0.08,0.16,0.18,0.33,COMPLETE
306,0.04520015280173609,2026-03-11 12:27:31.340571,2026-03-11 12:27:32.906894,0 days 00:00:01.566323,1.23,True,120,32,7,0.2,0.6,0.30000000000000004,0.08,0.16999999999999998,0.18,0.33,COMPLETE
307,0.09075634535991428,2026-03-11 12:27:32.906894,2026-03-11 12:27:34.441056,0 days 00:00:01.534162,1.25,True,130,30,10,0.2,0.6,0.30000000000000004,0.08,0.16,0.18,0.33,COMPLETE
308,0.057439897083172806,2026-03-11 12:27:34.441056,2026-03-11 12:27:36.058569,0 days 00:00:01.617513,1.25,True,130,29,10,0.2,0.6,0.30000000000000004,0.08,0.15,0.18,0.33,COMPLETE
309,0.058378368217719336,2026-03-11 12:27:36.058569,2026-03-11 12:27:37.793560,0 days 00:00:01.734991,1.25,True,130,27,10,0.2,0.6,0.30000000000000004,0.07,0.16,0.19,0.33,COMPLETE
310,0.05139848903457004,2026-03-11 12:27:37.793560,2026-03-11 12:27:39.415978,0 days 00:00:01.622418,1.25,True,130,30,10,0.2,0.6,0.30000000000000004,0.08,0.15,0.18,0.2,COMPLETE
311,0.04054901818731584,2026-03-11 12:27:39.415978,2026-03-11 12:27:41.041098,0 days 00:00:01.625120,1.24,True,140,31,10,0.2,0.6,0.30000000000000004,0.08,0.16,0.18,0.33,COMPLETE
312,0.03432475021449071,2026-03-11 12:27:41.041098,2026-03-11 12:27:42.758628,0 days 00:00:01.717530,1.25,True,140,29,10,0.2,0.6,0.30000000000000004,0.08,0.16,0.18,0.33,COMPLETE
313,0.05347016146912902,2026-03-11 12:27:42.758628,2026-03-11 12:27:44.400840,0 days 00:00:01.642212,1.24,True,130,30,10,0.2,0.4,0.30000000000000004,0.08,0.15,0.18,0.33,COMPLETE
314,0.06967114911352405,2026-03-11 12:27:44.400840,2026-03-11 12:27:46.040110,0 days 00:00:01.639270,1.25,True,130,32,10,0.2,0.6,0.30000000000000004,0.08,0.16,0.18,0.33,COMPLETE
315,0.03566611635883996,2026-03-11 12:27:46.040110,2026-03-11 12:27:47.586988,0 days 00:00:01.546878,1.24,False,120,29,10,,,0.30000000000000004,0.08,0.16,0.18,0.33,COMPLETE
316,0.056468276945106165,2026-03-11 12:27:47.586988,2026-03-11 12:27:49.142981,0 days 00:00:01.555993,1.25,True,130,31,10,0.2,0.6,0.35,0.08,0.16999999999999998,0.17,0.33,COMPLETE
317,0.05937607548657739,2026-03-11 12:27:49.142981,2026-03-11 12:27:50.829318,0 days 00:00:01.686337,1.24,True,120,28,10,0.2,0.6,0.30000000000000004,0.08,0.16,0.18,0.33,COMPLETE
318,0.042148142391887265,2026-03-11 12:27:50.829318,2026-03-11 12:27:52.525347,0 days 00:00:01.696029,1.25,True,130,32,10,0.2,0.6,0.30000000000000004,0.08,0.15,0.18,0.33,COMPLETE
319,0.03816550060326191,2026-03-11 12:27:52.525347,2026-03-11 12:27:54.267770,0 days 00:00:01.742423,1.24,True,140,30,10,0.2,0.6,0.30000000000000004,0.08,0.16999999999999998,0.19,0.33,COMPLETE
320,0.03540005822538383,2026-03-11 12:27:54.267770,2026-03-11 12:27:55.875452,0 days 00:00:01.607682,1.25,True,130,29,10,0.2,0.6,0.30000000000000004,0.08,0.28,0.18,0.33,COMPLETE
321,0.07773486604186579,2026-03-11 12:27:55.875452,2026-03-11 12:27:57.437821,0 days 00:00:01.562369,1.24,True,130,31,10,0.2,0.6,0.30000000000000004,0.08,0.16,0.18,0.33,COMPLETE
322,0.05292978762569913,2026-03-11 12:27:57.437821,2026-03-11 12:27:58.958844,0 days 00:00:01.521023,1.25,True,90,30,10,0.2,0.6,0.30000000000000004,0.08,0.16,0.18,0.33,COMPLETE
323,0.0531553039118861,2026-03-11 12:27:58.958844,2026-03-11 12:28:00.554069,0 days 00:00:01.595225,1.24,True,130,28,10,0.2,0.6,0.30000000000000004,0.08,0.15,0.17,0.33,COMPLETE
324,0.07833196642223404,2026-03-11 12:28:00.554069,2026-03-11 12:28:02.104902,0 days 00:00:01.550833,1.24,True,130,30,10,0.2,0.6,0.30000000000000004,0.08,0.16999999999999998,0.18,0.33,COMPLETE
325,0.058621662542469116,2026-03-11 12:28:02.104902,2026-03-11 12:28:03.742481,0 days 00:00:01.637579,1.23,True,120,31,10,0.2,0.6,0.30000000000000004,0.08,0.16,0.18,0.33,COMPLETE
326,0.03584751359365613,2026-03-11 12:28:03.742481,2026-03-11 12:28:05.526644,0 days 00:00:01.784163,1.09,True,130,16,4,0.15000000000000002,0.6,0.30000000000000004,0.08,0.16,0.19,0.33,COMPLETE
327,0.03489976859280772,2026-03-11 12:28:05.526644,2026-03-11 12:28:07.165986,0 days 00:00:01.639342,1.25,True,130,33,10,0.2,0.6,0.30000000000000004,0.08,0.15,0.18,0.33,COMPLETE
328,0.027641828006318776,2026-03-11 12:28:07.165986,2026-03-11 12:28:08.795549,0 days 00:00:01.629563,1.24,True,140,29,10,0.2,0.6,0.30000000000000004,0.08,0.16999999999999998,0.18,0.33,COMPLETE
329,0.07376420389904428,2026-03-11 12:28:08.795549,2026-03-11 12:28:10.342111,0 days 00:00:01.546562,1.23,True,130,29,9,0.2,0.6,0.30000000000000004,0.08,0.16,0.18,0.33,COMPLETE
330,0.06791870805132134,2026-03-11 12:28:10.342111,2026-03-11 12:28:11.883732,0 days 00:00:01.541621,1.25,True,130,31,10,0.2,0.6,0.30000000000000004,0.08,0.16,0.18,0.33,COMPLETE
331,0.053217738041119865,2026-03-11 12:28:11.883732,2026-03-11 12:28:13.544317,0 days 00:00:01.660585,1.24,True,130,30,10,0.2,0.6,0.30000000000000004,0.08,0.15,0.17,0.2,COMPLETE
332,0.060369178300590194,2026-03-11 12:28:13.544317,2026-03-11 12:28:15.088823,0 days 00:00:01.544506,1.24,True,80,29,10,0.2,0.6,0.30000000000000004,0.07,0.16,0.19,0.33,COMPLETE
333,0.07312492880255875,2026-03-11 12:28:15.088823,2026-03-11 12:28:16.694231,0 days 00:00:01.605408,1.25,True,130,32,10,0.2,0.6,0.35,0.08,0.16999999999999998,0.18,0.33,COMPLETE
334,0.025050792673632298,2026-03-11 12:28:16.694231,2026-03-11 12:28:18.299021,0 days 00:00:01.604790,1.23,False,120,31,10,,,0.30000000000000004,0.08,0.16999999999999998,0.18,0.33,COMPLETE
335,0.09378051746903322,2026-03-11 12:28:18.299021,2026-03-11 12:28:19.840765,0 days 00:00:01.541744,1.24,True,130,30,10,0.2,0.6,0.30000000000000004,0.08,0.16,0.18,0.33,COMPLETE
336,0.033408734089182504,2026-03-11 12:28:19.840765,2026-03-11 12:28:21.437810,0 days 00:00:01.597045,1.24,True,140,30,10,0.2,0.5,0.30000000000000004,0.08,0.15,0.18,0.33,COMPLETE
337,0.05851090258902158,2026-03-11 12:28:21.437810,2026-03-11 12:28:23.089374,0 days 00:00:01.651564,1.25,True,130,28,9,0.2,0.6,0.30000000000000004,0.08,0.16,0.1,0.33,COMPLETE
338,0.07483054805478402,2026-03-11 12:28:23.089374,2026-03-11 12:28:24.653800,0 days 00:00:01.564426,1.25,True,130,29,10,0.2,0.6,0.30000000000000004,0.08,0.16,0.18,0.33,COMPLETE
339,0.025785864080066487,2026-03-11 12:28:24.653800,2026-03-11 12:28:26.265856,0 days 00:00:01.612056,1.24,True,130,31,10,0.2,0.6,0.30000000000000004,0.08,0.25,0.2,0.33,COMPLETE
340,0.05937607548657739,2026-03-11 12:28:26.265856,2026-03-11 12:28:27.845063,0 days 00:00:01.579207,1.24,True,120,28,10,0.2,0.6,0.30000000000000004,0.08,0.16,0.17,0.33,COMPLETE
341,0.02197620013827279,2026-03-11 12:28:27.845063,2026-03-11 12:28:29.552278,0 days 00:00:01.707215,1.25,True,130,30,10,0.2,0.6,0.30000000000000004,0.03,0.15,0.18,0.33,COMPLETE
342,0.07557369016649898,2026-03-11 12:28:29.552278,2026-03-11 12:28:31.121899,0 days 00:00:01.569621,1.24,True,130,32,10,0.2,0.6,0.30000000000000004,0.08,0.16,0.18,0.33,COMPLETE
343,0.042251887479855,2026-03-11 12:28:31.121899,2026-03-11 12:28:32.704007,0 days 00:00:01.582108,1.24,True,140,30,10,0.2,0.6,0.30000000000000004,0.08,0.16,0.18,0.33,COMPLETE
344,0.05376389901144587,2026-03-11 12:28:32.704007,2026-03-11 12:28:34.308157,0 days 00:00:01.604150,1.25,True,130,29,10,0.2,0.4,0.30000000000000004,0.08,0.15,0.18,0.33,COMPLETE
345,0.07000376929713256,2026-03-11 12:28:34.308157,2026-03-11 12:28:35.910762,0 days 00:00:01.602605,1.24,True,130,27,10,0.2,0.6,0.30000000000000004,0.08,0.16,0.19,0.33,COMPLETE
346,0.06337565979748837,2026-03-11 12:28:35.910762,2026-03-11 12:28:37.553626,0 days 00:00:01.642864,1.25,True,130,31,10,0.15000000000000002,0.6,0.30000000000000004,0.08,0.16,0.18,0.33,COMPLETE
347,0.04979814055950115,2026-03-11 12:28:37.553626,2026-03-11 12:28:39.118872,0 days 00:00:01.565246,1.23,True,120,30,10,0.2,0.6,0.30000000000000004,0.08,0.15,0.18,0.33,COMPLETE
348,0.062410055233625215,2026-03-11 12:28:39.118872,2026-03-11 12:28:40.725105,0 days 00:00:01.606233,1.25,True,130,33,10,0.2,0.6,0.30000000000000004,0.08,0.16,0.17,0.33,COMPLETE
349,0.03585529250606193,2026-03-11 12:28:40.725105,2026-03-11 12:28:42.360993,0 days 00:00:01.635888,1.24,True,140,30,10,0.2,0.3,0.35,0.06,0.16999999999999998,0.18,0.33,COMPLETE
350,0.04331406242459633,2026-03-11 12:28:42.360993,2026-03-11 12:28:43.956186,0 days 00:00:01.595193,1.24,True,130,31,10,0.2,0.6,0.30000000000000004,0.08,0.15,0.19,0.33,COMPLETE
351,0.07476694504049002,2026-03-11 12:28:43.956186,2026-03-11 12:28:45.558937,0 days 00:00:01.602751,1.23,True,130,29,10,0.2,0.6,0.30000000000000004,0.08,0.16,0.18,0.33,COMPLETE
352,0.05676888387055407,2026-03-11 12:28:45.558937,2026-03-11 12:28:47.100756,0 days 00:00:01.541819,1.25,True,130,32,9,0.2,0.6,0.30000000000000004,0.08,0.16,0.18,0.2,COMPLETE
353,0.05264726588026946,2026-03-11 12:28:47.100756,2026-03-11 12:28:48.687252,0 days 00:00:01.586496,1.24,True,120,30,10,0.2,0.6,0.30000000000000004,0.08,0.16999999999999998,0.18,0.33,COMPLETE
354,0.012849350373447564,2026-03-11 12:28:48.687252,2026-03-11 12:28:50.192237,0 days 00:00:01.504985,1.12,False,130,28,10,,,0.30000000000000004,0.08,0.16,0.18,0.33,COMPLETE
355,0.05472267879469365,2026-03-11 12:28:50.192237,2026-03-11 12:28:51.847840,0 days 00:00:01.655603,1.25,True,130,31,8,0.2,0.6,0.30000000000000004,0.08,0.15,0.18,0.33,COMPLETE
356,0.025091246016253517,2026-03-11 12:28:51.847840,2026-03-11 12:28:53.536639,0 days 00:00:01.688799,1.17,True,140,29,10,0.2,0.6,0.30000000000000004,0.08,0.16,0.18,0.33,COMPLETE
357,0.08454604874386423,2026-03-11 12:28:53.536639,2026-03-11 12:28:55.172158,0 days 00:00:01.635519,1.23,True,130,30,10,0.2,0.6,0.30000000000000004,0.08,0.16999999999999998,0.19,0.33,COMPLETE
358,0.05625206237808447,2026-03-11 12:28:55.172158,2026-03-11 12:28:56.573082,0 days 00:00:01.400924,1.05,True,130,29,10,0.2,0.5,0.30000000000000004,0.08,0.16,0.18,0.33,COMPLETE
359,0.014719440138093929,2026-03-11 12:28:56.573082,2026-03-11 12:28:58.027515,0 days 00:00:01.454433,1.24,True,120,47,10,0.2,0.6,0.30000000000000004,0.08,0.15,0.17,0.33,COMPLETE
360,0.056468276945106165,2026-03-11 12:28:58.027515,2026-03-11 12:28:59.633624,0 days 00:00:01.606109,1.25,True,130,31,10,0.2,0.6,0.30000000000000004,0.08,0.16999999999999998,0.18,0.33,COMPLETE
361,0.058693339827073567,2026-03-11 12:28:59.633624,2026-03-11 12:29:01.271000,0 days 00:00:01.637376,1.24,True,130,28,10,0.2,0.6,0.30000000000000004,0.08,0.16,0.18,0.33,COMPLETE
362,0.04023866311161358,2026-03-11 12:29:01.271000,2026-03-11 12:29:02.910656,0 days 00:00:01.639656,1.24,True,140,31,10,0.2,0.6,0.30000000000000004,0.08,0.16,0.19,0.33,COMPLETE
363,0.08857094367873775,2026-03-11 12:29:02.910656,2026-03-11 12:29:04.539834,0 days 00:00:01.629178,1.23,True,130,32,10,0.2,0.6,0.30000000000000004,0.08,0.16999999999999998,0.18,0.33,COMPLETE
364,0.05553146564172907,2026-03-11 12:29:04.539834,2026-03-11 12:29:06.126473,0 days 00:00:01.586639,1.25,True,130,30,10,0.2,0.6,0.30000000000000004,0.08,0.15,0.18,0.33,COMPLETE
365,0.07469104099194974,2026-03-11 12:29:06.126473,2026-03-11 12:29:07.743024,0 days 00:00:01.616551,1.24,True,130,29,10,0.2,0.6,0.30000000000000004,0.08,0.16,0.18,0.33,COMPLETE
366,0.07598315143869847,2026-03-11 12:29:07.743024,2026-03-11 12:29:09.247421,0 days 00:00:01.504397,1.25,True,130,30,10,0.2,0.6,0.30000000000000004,0.08,0.16999999999999998,0.17,0.33,COMPLETE
367,0.038841575857434564,2026-03-11 12:29:09.247421,2026-03-11 12:29:10.801757,0 days 00:00:01.554336,1.23,True,120,31,10,0.2,0.6,0.30000000000000004,0.08,0.15,0.18,0.33,COMPLETE
368,0.06042109457511229,2026-03-11 12:29:10.801757,2026-03-11 12:29:12.402596,0 days 00:00:01.600839,1.24,True,130,28,9,0.2,0.6,0.30000000000000004,0.08,0.16,0.18,0.33,COMPLETE
369,0.04112720799738716,2026-03-11 12:29:12.402596,2026-03-11 12:29:14.050257,0 days 00:00:01.647661,1.25,True,140,30,10,0.2,0.6,0.30000000000000004,0.08,0.16,0.18,0.33,COMPLETE
370,0.0568904152150823,2026-03-11 12:29:14.050257,2026-03-11 12:29:15.601381,0 days 00:00:01.551124,1.24,True,130,29,10,0.2,0.6,0.30000000000000004,0.08,0.15,0.19,0.33,COMPLETE
371,0.06967114911352405,2026-03-11 12:29:15.601381,2026-03-11 12:29:17.193976,0 days 00:00:01.592595,1.25,True,130,32,10,0.2,0.6,0.30000000000000004,0.08,0.16,0.18,0.33,COMPLETE
372,0.05820206112425169,2026-03-11 12:29:17.193976,2026-03-11 12:29:18.738571,0 days 00:00:01.544595,1.23,True,120,27,10,0.2,0.6,0.30000000000000004,0.08,0.16999999999999998,0.18,0.33,COMPLETE
373,0.017006050963521528,2026-03-11 12:29:18.738571,2026-03-11 12:29:20.212148,0 days 00:00:01.473577,1.24,False,130,30,10,,,0.30000000000000004,0.08,0.31,0.18,0.33,COMPLETE
374,0.06380800641922692,2026-03-11 12:29:20.212148,2026-03-11 12:29:21.739545,0 days 00:00:01.527397,1.25,True,130,29,10,0.2,0.6,0.30000000000000004,0.08,0.16,0.17,0.2,COMPLETE
375,0.06176329845893425,2026-03-11 12:29:21.739545,2026-03-11 12:29:23.381827,0 days 00:00:01.642282,1.24,True,130,31,10,0.2,0.6,0.30000000000000004,0.08,0.16999999999999998,0.18,0.33,COMPLETE
376,0.0402567358380752,2026-03-11 12:29:23.381827,2026-03-11 12:29:25.021600,0 days 00:00:01.639773,1.24,True,140,31,10,0.2,0.4,0.30000000000000004,0.08,0.16,0.18,0.33,COMPLETE
377,0.05922201757016455,2026-03-11 12:29:25.021600,2026-03-11 12:29:26.608863,0 days 00:00:01.587263,1.25,True,70,29,10,0.2,0.6,0.30000000000000004,0.08,0.15,0.18,0.33,COMPLETE
378,0.09378051746903322,2026-03-11 12:29:26.608863,2026-03-11 12:29:28.189806,0 days 00:00:01.580943,1.24,True,130,30,10,0.2,0.6,0.30000000000000004,0.08,0.16,0.18,0.33,COMPLETE
379,0.03687275090947782,2026-03-11 12:29:28.189806,2026-03-11 12:29:29.763003,0 days 00:00:01.573197,1.24,True,140,32,10,0.2,0.6,0.35,0.07,0.15,0.19,0.33,COMPLETE
380,0.06698307125936181,2026-03-11 12:29:29.763003,2026-03-11 12:29:31.311189,0 days 00:00:01.548186,1.24,True,130,33,10,0.2,0.6,0.30000000000000004,0.08,0.16,0.18,0.33,COMPLETE
381,0.07165138627251615,2026-03-11 12:29:31.311189,2026-03-11 12:29:32.865282,0 days 00:00:01.554093,1.25,True,120,30,10,0.2,0.6,0.30000000000000004,0.08,0.16,0.18,0.33,COMPLETE
382,0.06875808806304214,2026-03-11 12:29:32.865282,2026-03-11 12:29:34.422406,0 days 00:00:01.557124,1.24,True,130,29,10,0.2,0.3,0.30000000000000004,0.08,0.16,0.17,0.33,COMPLETE
383,0.03929965112218671,2026-03-11 12:29:34.422406,2026-03-11 12:29:36.033074,0 days 00:00:01.610668,1.25,True,130,31,10,0.2,0.6,0.30000000000000004,0.08,0.15,0.12000000000000001,0.33,COMPLETE
384,0.05903293030581879,2026-03-11 12:29:36.034074,2026-03-11 12:29:37.660532,0 days 00:00:01.626458,1.23,True,130,27,9,0.2,0.6,0.30000000000000004,0.08,0.16,0.18,0.33,COMPLETE
385,0.042251887479855,2026-03-11 12:29:37.660532,2026-03-11 12:29:39.282172,0 days 00:00:01.621640,1.24,True,140,30,10,0.2,0.6,0.30000000000000004,0.08,0.16,0.18,0.33,COMPLETE
386,0.02946921106251216,2026-03-11 12:29:39.282172,2026-03-11 12:29:40.918061,0 days 00:00:01.635889,1.23,True,120,28,7,0.2,0.6,0.30000000000000004,0.05,0.15,0.18,0.33,COMPLETE
387,0.06791870805132134,2026-03-11 12:29:40.918061,2026-03-11 12:29:42.430559,0 days 00:00:01.512498,1.25,True,130,31,10,0.2,0.6,0.30000000000000004,0.08,0.16,0.18,0.33,COMPLETE
388,0.07557369016649898,2026-03-11 12:29:42.431557,2026-03-11 12:29:43.974443,0 days 00:00:01.542886,1.24,True,130,32,10,0.2,0.6,0.30000000000000004,0.08,0.16,0.2,0.33,COMPLETE
389,0.06461715651143699,2026-03-11 12:29:43.974443,2026-03-11 12:29:45.523394,0 days 00:00:01.548951,1.24,True,130,29,10,0.2,0.6,0.30000000000000004,0.08,0.16999999999999998,0.18,0.33,COMPLETE
390,0.039006294923967205,2026-03-11 12:29:45.523394,2026-03-11 12:29:47.072685,0 days 00:00:01.549291,1.25,True,130,30,10,0.2,0.6,0.30000000000000004,0.08,0.33999999999999997,0.19,0.33,COMPLETE
391,0.058693339827073567,2026-03-11 12:29:47.072685,2026-03-11 12:29:48.656511,0 days 00:00:01.583826,1.24,True,130,28,10,0.2,0.6,0.30000000000000004,0.08,0.16,0.18,0.33,COMPLETE
392,0.03680589085731516,2026-03-11 12:29:48.656511,2026-03-11 12:29:50.222959,0 days 00:00:01.566448,1.23,False,130,29,10,,,0.30000000000000004,0.08,0.15,0.17,0.33,COMPLETE
393,0.05414591672641123,2026-03-11 12:29:50.222959,2026-03-11 12:29:51.796157,0 days 00:00:01.573198,1.25,True,120,31,10,0.2,0.6,0.30000000000000004,0.08,0.16,0.18,0.33,COMPLETE
394,0.04086812869396402,2026-03-11 12:29:51.796157,2026-03-11 12:29:53.336194,0 days 00:00:01.540037,1.1400000000000001,True,130,30,10,0.2,0.6,0.30000000000000004,0.08,0.16999999999999998,0.18,0.33,COMPLETE
395,0.007365291327762107,2026-03-11 12:29:53.336194,2026-03-11 12:29:54.777674,0 days 00:00:01.441480,1.06,True,140,30,10,0.2,0.6,0.30000000000000004,0.08,0.15,0.18,0.2,COMPLETE
396,0.07773486604186579,2026-03-11 12:29:54.777674,2026-03-11 12:29:56.333500,0 days 00:00:01.555826,1.24,True,130,31,10,0.2,0.6,0.35,0.08,0.16,0.18,0.33,COMPLETE
397,0.015146594060069955,2026-03-11 12:29:56.333500,2026-03-11 12:29:57.936660,0 days 00:00:01.603160,1.25,True,130,29,6,0.2,0.6,0.30000000000000004,0.04,0.32,0.17,0.33,COMPLETE
398,0.05673470442307638,2026-03-11 12:29:57.936660,2026-03-11 12:29:59.497940,0 days 00:00:01.561280,1.24,True,120,32,10,0.2,0.6,0.30000000000000004,0.08,0.16999999999999998,0.18,0.33,COMPLETE
399,0.05627544783328947,2026-03-11 12:29:59.497940,2026-03-11 12:30:01.103317,0 days 00:00:01.605377,1.23,True,130,28,10,0.2,0.6,0.30000000000000004,0.08,0.16,0.18,0.33,COMPLETE
400,0.06660941440233348,2026-03-11 12:30:01.103317,2026-03-11 12:30:02.675686,0 days 00:00:01.572369,1.25,True,130,30,10,0.1,0.6,0.30000000000000004,0.08,0.16,0.18,0.33,COMPLETE
401,0.03846151713772284,2026-03-11 12:30:02.675686,2026-03-11 12:30:04.272340,0 days 00:00:01.596654,1.24,True,130,30,10,0.2,0.6,0.30000000000000004,0.08,0.24,0.19,0.33,COMPLETE
402,0.07483054805478402,2026-03-11 12:30:04.272340,2026-03-11 12:30:05.845626,0 days 00:00:01.573286,1.25,True,130,29,10,0.2,0.6,0.30000000000000004,0.08,0.16,0.18,0.33,COMPLETE
403,0.04331406242459633,2026-03-11 12:30:05.845626,2026-03-11 12:30:07.387154,0 days 00:00:01.541528,1.24,True,130,31,10,0.2,0.6,0.30000000000000004,0.08,0.15,0.19,0.33,COMPLETE
404,0.03507326938851376,2026-03-11 12:30:07.387154,2026-03-11 12:30:08.878682,0 days 00:00:01.491528,1.23,True,130,30,8,0.2,0.4,0.30000000000000004,0.08,0.22999999999999998,0.18,0.33,COMPLETE
405,0.04622247292746849,2026-03-11 12:30:08.878682,2026-03-11 12:30:10.396190,0 days 00:00:01.517508,1.25,True,120,29,10,0.2,0.6,0.30000000000000004,0.08,0.16999999999999998,0.18,0.33,COMPLETE
406,0.013003262936308688,2026-03-11 12:30:10.396190,2026-03-11 12:30:11.960311,0 days 00:00:01.564121,1.1600000000000001,True,140,31,10,0.2,0.6,0.30000000000000004,0.08,0.15,0.18,0.33,COMPLETE
407,0.047375292358214,2026-03-11 12:30:11.960311,2026-03-11 12:30:13.558977,0 days 00:00:01.598666,1.24,True,140,33,10,0.2,0.6,0.30000000000000004,0.08,0.16999999999999998,0.18,0.33,COMPLETE
408,0.058693339827073567,2026-03-11 12:30:13.558977,2026-03-11 12:30:15.137285,0 days 00:00:01.578308,1.24,True,130,28,10,0.2,0.6,0.30000000000000004,0.08,0.16,0.18,0.33,COMPLETE
409,0.02860192400222359,2026-03-11 12:30:15.137285,2026-03-11 12:30:16.755877,0 days 00:00:01.618592,1.25,True,150,31,10,0.2,0.5,0.30000000000000004,0.08,0.16,0.17,0.33,COMPLETE
410,0.04611686953449908,2026-03-11 12:30:16.755877,2026-03-11 12:30:18.285490,0 days 00:00:01.529613,1.24,True,130,32,10,0.2,0.6,0.30000000000000004,0.08,0.15,0.18,0.33,COMPLETE
411,0.06542156513633147,2026-03-11 12:30:18.285490,2026-03-11 12:30:19.740526,0 days 00:00:01.455036,1.23,True,80,30,10,0.15000000000000002,0.6,0.30000000000000004,0.08,0.16,0.19,0.33,COMPLETE
412,0.024563682148794227,2026-03-11 12:30:19.740526,2026-03-11 12:30:21.317993,0 days 00:00:01.577467,1.25,False,130,26,10,,,0.30000000000000004,0.06,0.16999999999999998,0.17,0.33,COMPLETE
413,0.07469104099194974,2026-03-11 12:30:21.317993,2026-03-11 12:30:22.913806,0 days 00:00:01.595813,1.24,True,130,29,10,0.2,0.6,0.30000000000000004,0.08,0.16,0.18,0.33,COMPLETE
414,0.05113216832836062,2026-03-11 12:30:22.913806,2026-03-11 12:30:24.493435,0 days 00:00:01.579629,1.25,True,120,30,10,0.2,0.6,0.30000000000000004,0.08,0.16999999999999998,0.18,0.33,COMPLETE
415,0.07773486604186579,2026-03-11 12:30:24.493435,2026-03-11 12:30:26.049638,0 days 00:00:01.556203,1.24,True,130,31,10,0.2,0.6,0.30000000000000004,0.08,0.16,0.18,0.33,COMPLETE
416,0.02857583339955109,2026-03-11 12:30:26.049638,2026-03-11 12:30:27.673764,0 days 00:00:01.624126,1.23,True,140,30,9,0.2,0.3,0.30000000000000004,0.08,0.16,0.18,0.2,COMPLETE
417,0.057280895181110764,2026-03-11 12:30:27.673764,2026-03-11 12:30:29.254291,0 days 00:00:01.580527,1.24,True,130,29,10,0.2,0.6,0.30000000000000004,0.08,0.15,0.18,0.33,COMPLETE
418,0.07229607694914507,2026-03-11 12:30:29.254291,2026-03-11 12:30:30.770112,0 days 00:00:01.515821,1.25,True,130,32,10,0.2,0.6,0.30000000000000004,0.07,0.16999999999999998,0.2,0.33,COMPLETE
419,0.024314310829866043,2026-03-11 12:30:30.770112,2026-03-11 12:30:32.269386,0 days 00:00:01.499274,1.24,True,120,29,10,0.2,0.6,0.30000000000000004,0.08,0.27,0.18,0.33,COMPLETE
420,0.03233529161090557,2026-03-11 12:30:32.269386,2026-03-11 12:30:33.921449,0 days 00:00:01.652063,1.25,True,130,28,3,0.2,0.6,0.30000000000000004,0.08,0.15,0.18,0.33,COMPLETE
421,0.07552521816150344,2026-03-11 12:30:33.921449,2026-03-11 12:30:35.508338,0 days 00:00:01.586889,1.24,True,130,32,10,0.2,0.5,0.4,0.08,0.16,0.18,0.33,COMPLETE
422,0.10452319976091247,2026-03-11 12:30:35.508338,2026-03-11 12:30:37.099782,0 days 00:00:01.591444,1.23,True,130,30,10,0.2,0.6,0.30000000000000004,0.08,0.16,0.17,0.33,COMPLETE
423,0.10452319976091247,2026-03-11 12:30:37.099782,2026-03-11 12:30:38.661335,0 days 00:00:01.561553,1.23,True,130,30,10,0.2,0.6,0.30000000000000004,0.08,0.16,0.17,0.33,COMPLETE
424,0.07603792203243766,2026-03-11 12:30:38.661335,2026-03-11 12:30:40.265157,0 days 00:00:01.603822,1.23,True,130,31,10,0.2,0.6,0.30000000000000004,0.08,0.16,0.17,0.33,COMPLETE
425,0.07603792203243766,2026-03-11 12:30:40.265157,2026-03-11 12:30:41.790459,0 days 00:00:01.525302,1.23,True,130,31,10,0.2,0.6,0.30000000000000004,0.08,0.16,0.17,0.33,COMPLETE
426,0.01151614646563528,2026-03-11 12:30:41.790459,2026-03-11 12:30:43.200044,0 days 00:00:01.409585,1.1,True,140,29,10,0.2,0.6,0.30000000000000004,0.08,0.16,0.17,0.33,COMPLETE
427,0.03659741772771976,2026-03-11 12:30:43.200044,2026-03-11 12:30:44.761912,0 days 00:00:01.561868,1.23,True,120,30,9,0.15000000000000002,0.6,0.30000000000000004,0.08,0.15,0.17,0.33,COMPLETE
428,0.07059667549684293,2026-03-11 12:30:44.761912,2026-03-11 12:30:46.019606,0 days 00:00:01.257694,1.23,True,40,31,10,0.2,0.6,0.30000000000000004,0.08,0.16999999999999998,0.19,0.33,COMPLETE
429,0.05627544783328947,2026-03-11 12:30:46.019606,2026-03-11 12:30:47.664228,0 days 00:00:01.644622,1.23,True,130,28,10,0.2,0.6,0.30000000000000004,0.08,0.16,0.19,0.33,COMPLETE
430,0.06698307125936181,2026-03-11 12:30:47.664228,2026-03-11 12:30:49.293429,0 days 00:00:01.629201,1.24,True,130,33,10,0.2,0.6,0.30000000000000004,0.08,0.16,0.17,0.33,COMPLETE
431,0.009500024975907392,2026-03-11 12:30:49.293429,2026-03-11 12:30:50.839357,0 days 00:00:01.545928,1.24,False,130,39,10,,,0.30000000000000004,0.08,0.15,0.19,0.33,COMPLETE
432,0.04131297905292699,2026-03-11 12:30:50.839357,2026-03-11 12:30:52.465709,0 days 00:00:01.626352,1.23,True,140,30,10,0.2,0.6,0.30000000000000004,0.08,0.16,0.11,0.33,COMPLETE
433,0.05699974277315683,2026-03-11 12:30:52.465709,2026-03-11 12:30:54.132062,0 days 00:00:01.666353,1.22,True,130,29,10,0.2,0.6,0.30000000000000004,0.08,0.15,0.17,0.33,COMPLETE
434,0.0739693378368716,2026-03-11 12:30:54.132062,2026-03-11 12:30:55.842205,0 days 00:00:01.710143,1.24,True,120,30,10,0.2,0.6,0.30000000000000004,0.08,0.16,0.19,0.33,COMPLETE
435,0.06176329845893425,2026-03-11 12:30:55.842205,2026-03-11 12:30:57.475279,0 days 00:00:01.633074,1.24,True,130,31,10,0.2,0.6,0.30000000000000004,0.08,0.16999999999999998,0.18,0.33,COMPLETE
436,0.07000376929713256,2026-03-11 12:30:57.475279,2026-03-11 12:30:59.130274,0 days 00:00:01.654995,1.24,True,130,27,10,0.2,0.6,0.30000000000000004,0.08,0.16,0.18,0.33,COMPLETE
437,0.05575723445089361,2026-03-11 12:30:59.130274,2026-03-11 12:31:00.748043,0 days 00:00:01.617769,1.23,True,130,28,10,0.2,0.6,0.30000000000000004,0.08,0.16999999999999998,0.18,0.33,COMPLETE
438,0.04694803286275207,2026-03-11 12:31:00.748043,2026-03-11 12:31:02.415662,0 days 00:00:01.667619,1.24,True,130,29,10,0.2,0.6,0.30000000000000004,0.08,0.15,0.18,0.2,COMPLETE
439,0.06599366519291604,2026-03-11 12:31:02.415662,2026-03-11 12:31:04.025434,0 days 00:00:01.609772,1.24,True,120,32,10,0.2,0.6,0.30000000000000004,0.08,0.16,0.18,0.33,COMPLETE
440,0.0892526061506635,2026-03-11 12:31:04.025434,2026-03-11 12:31:05.662130,0 days 00:00:01.636696,1.22,True,130,30,10,0.2,0.6,0.30000000000000004,0.08,0.16999999999999998,0.17,0.33,COMPLETE
441,0.03844292887766936,2026-03-11 12:31:05.662130,2026-03-11 12:31:07.291607,0 days 00:00:01.629477,1.25,True,140,31,10,0.2,0.6,0.30000000000000004,0.08,0.16,0.18,0.33,COMPLETE
442,0.012799886662500549,2026-03-11 12:31:07.291607,2026-03-11 12:31:08.772963,0 days 00:00:01.481356,1.25,True,140,42,9,0.2,0.6,0.30000000000000004,0.08,0.29000000000000004,0.18,0.33,COMPLETE
443,0.07476694504049002,2026-03-11 12:31:08.772963,2026-03-11 12:31:10.388486,0 days 00:00:01.615523,1.23,True,130,29,10,0.2,0.6,0.30000000000000004,0.08,0.16,0.18,0.33,COMPLETE
444,0.07293753955225789,2026-03-11 12:31:10.388486,2026-03-11 12:31:11.979793,0 days 00:00:01.591307,1.24,True,130,32,10,0.2,0.6,0.30000000000000004,0.07,0.18,0.19,0.33,COMPLETE
445,0.05770861365433908,2026-03-11 12:31:11.979793,2026-03-11 12:31:13.645059,0 days 00:00:01.665266,1.24,True,130,30,10,0.2,0.6,0.30000000000000004,0.08,0.15,0.18,0.33,COMPLETE
446,0.015571100793545452,2026-03-11 12:31:13.645059,2026-03-11 12:31:15.488283,0 days 00:00:01.843224,1.23,True,130,11,10,0.2,0.6,0.30000000000000004,0.08,0.16,0.18,0.33,COMPLETE
447,0.04321979247879994,2026-03-11 12:31:15.488283,2026-03-11 12:31:17.097778,0 days 00:00:01.609495,1.25,True,120,30,10,0.2,0.6,0.45,0.08,0.15,0.18,0.33,COMPLETE
448,0.025649263096195304,2026-03-11 12:31:17.097778,2026-03-11 12:31:18.658913,0 days 00:00:01.561135,1.24,True,140,29,10,0.2,0.6,0.30000000000000004,0.08,0.16999999999999998,0.15000000000000002,0.33,COMPLETE
449,0.06791870805132134,2026-03-11 12:31:18.658913,2026-03-11 12:31:20.224724,0 days 00:00:01.565811,1.25,True,130,31,10,0.2,0.6,0.30000000000000004,0.08,0.16,0.18,0.33,COMPLETE
450,0.04012524482778239,2026-03-11 12:31:20.224724,2026-03-11 12:31:21.891887,0 days 00:00:01.667163,1.24,False,130,28,10,,,0.30000000000000004,0.08,0.16,0.18,0.33,COMPLETE
451,0.060042371149806865,2026-03-11 12:31:21.891887,2026-03-11 12:31:23.487688,0 days 00:00:01.595801,1.23,True,130,31,10,0.2,0.4,0.30000000000000004,0.08,0.16999999999999998,0.18,0.33,COMPLETE
452,0.05715163379902099,2026-03-11 12:31:23.487688,2026-03-11 12:31:25.099960,0 days 00:00:01.612272,1.24,True,130,29,10,0.2,0.6,0.30000000000000004,0.08,0.15,0.17,0.33,COMPLETE
453,0.07558886509836042,2026-03-11 12:31:25.099960,2026-03-11 12:31:26.702646,0 days 00:00:01.602686,1.25,True,130,30,10,0.2,0.6,0.30000000000000004,0.08,0.16999999999999998,0.19,0.33,COMPLETE
454,0.03672657113980728,2026-03-11 12:31:26.702646,2026-03-11 12:31:28.221302,0 days 00:00:01.518656,1.24,True,120,34,10,0.2,0.6,0.30000000000000004,0.08,0.26,0.13,0.33,COMPLETE
455,0.023046834559221054,2026-03-11 12:31:28.221302,2026-03-11 12:31:29.724327,0 days 00:00:01.503025,1.25,True,130,31,10,0.2,0.6,0.30000000000000004,0.08,0.25,0.19,0.33,COMPLETE
456,0.0446876979631618,2026-03-11 12:31:29.724327,2026-03-11 12:31:31.391649,0 days 00:00:01.667322,1.23,True,130,20,10,0.2,0.6,0.30000000000000004,0.08,0.16,0.18,0.33,COMPLETE
457,0.03163673152293772,2026-03-11 12:31:31.391649,2026-03-11 12:31:32.996863,0 days 00:00:01.605214,1.24,True,140,29,10,0.2,0.6,0.30000000000000004,0.08,0.16,0.18,0.33,COMPLETE
458,0.05534644685819546,2026-03-11 12:31:32.996863,2026-03-11 12:31:34.604261,0 days 00:00:01.607398,1.25,True,130,30,10,0.2,0.6,0.30000000000000004,0.08,0.15,0.17,0.33,COMPLETE
459,0.022306919028742357,2026-03-11 12:31:34.605262,2026-03-11 12:31:36.132251,0 days 00:00:01.526989,1.1300000000000001,True,130,28,10,0.2,0.3,0.30000000000000004,0.05,0.16,0.18,0.2,COMPLETE
460,0.05673470442307638,2026-03-11 12:31:36.132251,2026-03-11 12:31:37.723170,0 days 00:00:01.590919,1.24,True,120,32,10,0.2,0.6,0.30000000000000004,0.08,0.16999999999999998,0.18,0.33,COMPLETE
461,0.06691426029969534,2026-03-11 12:31:37.723170,2026-03-11 12:31:39.401871,0 days 00:00:01.678701,1.23,True,130,27,10,0.2,0.6,0.30000000000000004,0.08,0.16,0.18,0.33,COMPLETE
462,0.047667651762031873,2026-03-11 12:31:39.401871,2026-03-11 12:31:41.060620,0 days 00:00:01.658749,1.25,True,130,30,6,0.2,0.6,0.30000000000000004,0.08,0.15,0.18,0.33,COMPLETE
463,0.07640407228233312,2026-03-11 12:31:41.060620,2026-03-11 12:31:42.658365,0 days 00:00:01.597745,1.24,True,130,29,9,0.2,0.6,0.30000000000000004,0.08,0.16,0.17,0.33,COMPLETE
464,0.052909601941831357,2026-03-11 12:31:42.659351,2026-03-11 12:31:44.271918,0 days 00:00:01.612567,1.24,True,130,31,4,0.2,0.6,0.30000000000000004,0.08,0.16999999999999998,0.18,0.33,COMPLETE
465,0.04112720799738716,2026-03-11 12:31:44.271918,2026-03-11 12:31:45.912597,0 days 00:00:01.640679,1.25,True,140,30,10,0.2,0.6,0.30000000000000004,0.08,0.16,0.18,0.33,COMPLETE
466,0.10452319976091247,2026-03-11 12:31:45.912597,2026-03-11 12:31:47.577728,0 days 00:00:01.665131,1.23,True,130,30,10,0.2,0.6,0.30000000000000004,0.08,0.16,0.18,0.33,COMPLETE
467,0.04599654578299671,2026-03-11 12:31:47.577728,2026-03-11 12:31:49.174476,0 days 00:00:01.596748,1.22,True,120,31,10,0.1,0.6,0.30000000000000004,0.08,0.15,0.2,0.33,COMPLETE
468,0.059425536746171306,2026-03-11 12:31:49.174476,2026-03-11 12:31:50.777678,0 days 00:00:01.603202,1.23,True,130,33,10,0.2,0.6,0.30000000000000004,0.06,0.16,0.18,0.33,COMPLETE
469,0.07476694504049002,2026-03-11 12:31:50.777678,2026-03-11 12:31:52.343172,0 days 00:00:01.565494,1.23,True,130,29,10,0.2,0.6,0.30000000000000004,0.08,0.16,0.18,0.33,COMPLETE
470,0.053559815487259334,2026-03-11 12:31:52.343172,2026-03-11 12:31:53.993040,0 days 00:00:01.649868,1.22,False,130,30,10,,,0.30000000000000004,0.08,0.15,0.17,0.33,COMPLETE
471,0.07325966555939548,2026-03-11 12:31:53.993040,2026-03-11 12:31:55.659138,0 days 00:00:01.666098,1.23,True,130,32,9,0.2,0.6,0.30000000000000004,0.08,0.16999999999999998,0.19,0.33,COMPLETE
472,0.07476694504049002,2026-03-11 12:31:55.659138,2026-03-11 12:31:57.316393,0 days 00:00:01.657255,1.23,True,130,29,10,0.2,0.6,0.30000000000000004,0.08,0.16,0.18,0.33,COMPLETE
473,0.03412236435184886,2026-03-11 12:31:57.316393,2026-03-11 12:31:58.928598,0 days 00:00:01.612205,1.22,True,140,31,10,0.2,0.6,0.30000000000000004,0.08,0.16999999999999998,0.18,0.33,COMPLETE
474,0.06738839645499589,2026-03-11 12:31:58.928598,2026-03-11 12:32:00.518881,0 days 00:00:01.590283,1.23,True,120,32,10,0.2,0.6,0.30000000000000004,0.08,0.16,0.18,0.33,COMPLETE
475,0.0531553039118861,2026-03-11 12:32:00.518881,2026-03-11 12:32:02.172185,0 days 00:00:01.653304,1.24,True,130,28,10,0.2,0.6,0.30000000000000004,0.08,0.15,0.17,0.33,COMPLETE
476,0.04222509303984335,2026-03-11 12:32:02.172185,2026-03-11 12:32:03.833065,0 days 00:00:01.660880,1.23,True,140,30,10,0.2,0.6,0.30000000000000004,0.08,0.16,0.18,0.33,COMPLETE
477,0.07430045490686721,2026-03-11 12:32:03.833065,2026-03-11 12:32:05.462057,0 days 00:00:01.628992,1.24,True,130,29,10,0.2,0.6,0.30000000000000004,0.08,0.16,0.19,0.33,COMPLETE
478,0.060133276201663935,2026-03-11 12:32:05.462057,2026-03-11 12:32:07.028330,0 days 00:00:01.566273,1.23,True,130,31,10,0.2,0.5,0.30000000000000004,0.08,0.16999999999999998,0.18,0.33,COMPLETE
479,0.07028418212953433,2026-03-11 12:32:07.028330,2026-03-11 12:32:08.632419,0 days 00:00:01.604089,1.24,True,130,30,10,0.2,0.6,0.30000000000000004,0.08,0.18,0.18,0.33,COMPLETE
480,0.03014275500666078,2026-03-11 12:32:08.632419,2026-03-11 12:32:10.346072,0 days 00:00:01.713653,1.24,True,120,28,10,0.2,0.6,0.30000000000000004,0.04,0.16,0.18,0.2,COMPLETE
481,0.10452319976091247,2026-03-11 12:32:10.346072,2026-03-11 12:32:12.051244,0 days 00:00:01.705172,1.23,True,130,30,10,0.2,0.6,0.30000000000000004,0.08,0.16,0.18,0.33,COMPLETE
482,0.05700365688593556,2026-03-11 12:32:12.051244,2026-03-11 12:32:13.721644,0 days 00:00:01.670400,1.23,True,130,29,10,0.2,0.6,0.30000000000000004,0.08,0.15,0.19,0.33,COMPLETE
483,0.08204639456716185,2026-03-11 12:32:13.721644,2026-03-11 12:32:15.268010,0 days 00:00:01.546366,1.22,True,130,31,10,0.2,0.6,0.30000000000000004,0.08,0.16,0.18,0.33,COMPLETE
484,0.08317238380116417,2026-03-11 12:32:15.268010,2026-03-11 12:32:16.833817,0 days 00:00:01.565807,1.23,True,130,32,10,0.2,0.4,0.30000000000000004,0.08,0.16999999999999998,0.18,0.33,COMPLETE
485,0.03009889514268009,2026-03-11 12:32:16.833817,2026-03-11 12:32:18.438510,0 days 00:00:01.604693,1.23,True,140,29,10,0.2,0.6,0.30000000000000004,0.08,0.15,0.17,0.33,COMPLETE
486,0.04871230056258211,2026-03-11 12:32:18.438510,2026-03-11 12:32:20.040797,0 days 00:00:01.602287,1.23,True,90,30,5,0.2,0.6,0.30000000000000004,0.08,0.16,0.18,0.33,COMPLETE
487,0.02293619007755059,2026-03-11 12:32:20.040797,2026-03-11 12:32:21.690644,0 days 00:00:01.649847,1.22,True,130,28,10,0.2,0.6,0.30000000000000004,0.03,0.16999999999999998,0.18,0.33,COMPLETE
488,0.028151922533457132,2026-03-11 12:32:21.691650,2026-03-11 12:32:23.326544,0 days 00:00:01.634894,1.24,True,120,30,10,0.2,0.6,0.30000000000000004,0.08,0.22,0.18,0.33,COMPLETE
489,0.10452319976091247,2026-03-11 12:32:23.326544,2026-03-11 12:32:24.930478,0 days 00:00:01.603934,1.23,True,130,30,10,0.2,0.6,0.30000000000000004,0.08,0.16,0.18,0.33,COMPLETE
490,0.040891389565595467,2026-03-11 12:32:24.930478,2026-03-11 12:32:26.484796,0 days 00:00:01.554318,1.22,False,130,31,10,,,0.30000000000000004,0.08,0.15,0.19,0.33,COMPLETE
491,0.042770261068667915,2026-03-11 12:32:26.484796,2026-03-11 12:32:28.078424,0 days 00:00:01.593628,1.23,True,140,27,10,0.2,0.6,0.30000000000000004,0.08,0.16,0.17,0.33,COMPLETE
492,0.07603792203243766,2026-03-11 12:32:28.078424,2026-03-11 12:32:29.629468,0 days 00:00:01.551044,1.23,True,130,31,10,0.2,0.6,0.30000000000000004,0.08,0.16,0.18,0.33,COMPLETE
493,0.05726169566072529,2026-03-11 12:32:29.629468,2026-03-11 12:32:31.259539,0 days 00:00:01.630071,1.23,True,130,29,10,0.2,0.6,0.30000000000000004,0.08,0.15,0.16,0.33,COMPLETE
494,0.03540319145558909,2026-03-11 12:32:31.259539,2026-03-11 12:32:32.836175,0 days 00:00:01.576636,1.23,True,90,31,10,0.2,0.5,0.30000000000000004,0.08,0.16999999999999998,0.18,0.33,COMPLETE
495,0.005386442880695108,2026-03-11 12:32:32.836175,2026-03-11 12:32:34.363057,0 days 00:00:01.526882,1.22,True,130,50,10,0.2,0.6,0.30000000000000004,0.07,0.16,0.18,0.33,COMPLETE
496,0.05406495466693193,2026-03-11 12:32:34.363057,2026-03-11 12:32:36.008873,0 days 00:00:01.645816,1.23,True,120,30,7,0.2,0.6,0.30000000000000004,0.08,0.16,0.18,0.33,COMPLETE
497,0.057696662300852075,2026-03-11 12:32:36.008873,2026-03-11 12:32:37.610659,0 days 00:00:01.601786,1.24,True,130,29,10,0.2,0.6,0.35,0.07,0.16999999999999998,0.18,0.33,COMPLETE
498,0.10452319976091247,2026-03-11 12:32:37.610659,2026-03-11 12:32:39.162988,0 days 00:00:01.552329,1.23,True,130,30,10,0.2,0.6,0.30000000000000004,0.08,0.16,0.18,0.33,COMPLETE
499,0.05395805272776098,2026-03-11 12:32:39.162988,2026-03-11 12:32:40.802972,0 days 00:00:01.639984,1.22,True,130,28,10,0.2,0.6,0.30000000000000004,0.08,0.15,0.17,0.33,COMPLETE
500,0.0433106561670213,2026-03-11 12:32:40.802972,2026-03-11 12:32:42.192414,0 days 00:00:01.389442,1.23,True,50,33,10,0.2,0.6,0.30000000000000004,0.08,0.16999999999999998,0.18,0.33,COMPLETE
501,0.07936684134360279,2026-03-11 12:32:42.192414,2026-03-11 12:32:43.839639,0 days 00:00:01.647225,1.23,True,130,32,10,0.2,0.6,0.30000000000000004,0.08,0.16,0.18,0.33,COMPLETE
502,0.03958333148696023,2026-03-11 12:32:43.839639,2026-03-11 12:32:45.497002,0 days 00:00:01.657363,1.23,True,140,30,10,0.15000000000000002,0.6,0.30000000000000004,0.08,0.16,0.19,0.33,COMPLETE
503,0.03415796450954028,2026-03-11 12:32:45.497002,2026-03-11 12:32:47.176284,0 days 00:00:01.679282,1.22,True,120,31,9,0.2,0.6,0.30000000000000004,0.08,0.15,0.18,0.2,COMPLETE
504,0.07476694504049002,2026-03-11 12:32:47.176284,2026-03-11 12:32:48.820283,0 days 00:00:01.643999,1.23,True,130,29,10,0.2,0.6,0.30000000000000004,0.08,0.16,0.18,0.33,COMPLETE
505,0.08454604874386423,2026-03-11 12:32:48.820283,2026-03-11 12:32:50.391531,0 days 00:00:01.571248,1.23,True,130,30,10,0.2,0.6,0.30000000000000004,0.08,0.16999999999999998,0.19,0.33,COMPLETE
506,0.06729729647710263,2026-03-11 12:32:50.391531,2026-03-11 12:32:51.968282,0 days 00:00:01.576751,1.24,True,130,32,9,0.2,0.6,0.30000000000000004,0.08,0.16,0.18,0.33,COMPLETE
507,0.03432561748894774,2026-03-11 12:32:51.968282,2026-03-11 12:32:53.633819,0 days 00:00:01.665537,1.24,True,140,30,10,0.2,0.6,0.30000000000000004,0.08,0.15,0.18,0.33,COMPLETE
508,0.07440717655866742,2026-03-11 12:32:53.633819,2026-03-11 12:32:55.321039,0 days 00:00:01.687220,1.22,True,130,31,10,0.2,0.3,0.35,0.08,0.16,0.16,0.33,COMPLETE
509,0.026444368131024767,2026-03-11 12:32:55.321039,2026-03-11 12:32:56.895033,0 days 00:00:01.573994,1.23,False,120,29,10,,,0.30000000000000004,0.08,0.16999999999999998,0.18,0.33,COMPLETE
510,0.0908076619436091,2026-03-11 12:32:56.895033,2026-03-11 12:32:58.609357,0 days 00:00:01.714324,1.24,True,130,30,10,0.2,0.6,0.30000000000000004,0.08,0.16,0.15000000000000002,0.33,COMPLETE
511,0.0591086627550433,2026-03-11 12:32:58.609357,2026-03-11 12:33:00.258562,0 days 00:00:01.649205,1.24,True,130,28,10,0.2,0.6,0.30000000000000004,0.08,0.16,0.15000000000000002,0.33,COMPLETE
512,0.06070560062046866,2026-03-11 12:33:00.258562,2026-03-11 12:33:01.817778,0 days 00:00:01.559216,1.23,True,130,31,10,0.2,0.6,0.30000000000000004,0.08,0.16999999999999998,0.17,0.33,COMPLETE
513,0.020894983556264523,2026-03-11 12:33:01.817778,2026-03-11 12:33:03.415468,0 days 00:00:01.597690,1.23,True,150,29,10,0.2,0.6,0.30000000000000004,0.08,0.16,0.15000000000000002,0.33,COMPLETE
514,0.03565090096725283,2026-03-11 12:33:03.415468,2026-03-11 12:33:04.999174,0 days 00:00:01.583706,1.24,True,130,26,10,0.2,0.6,0.30000000000000004,0.08,0.15,0.18,0.33,COMPLETE
515,0.10171492258685932,2026-03-11 12:33:04.999174,2026-03-11 12:33:06.579393,0 days 00:00:01.580219,1.23,True,130,30,10,0.2,0.6,0.30000000000000004,0.08,0.16,0.14,0.33,COMPLETE
516,0.059075243965414574,2026-03-11 12:33:06.579393,2026-03-11 12:33:08.230729,0 days 00:00:01.651336,1.22,True,130,28,10,0.2,0.6,0.30000000000000004,0.08,0.16,0.14,0.33,COMPLETE
517,0.031798076515414844,2026-03-11 12:33:08.230729,2026-03-11 12:33:09.863715,0 days 00:00:01.632986,1.23,True,140,32,10,0.2,0.6,0.30000000000000004,0.08,0.15,0.13,0.33,COMPLETE
518,0.06046087092011972,2026-03-11 12:33:09.863715,2026-03-11 12:33:11.478624,0 days 00:00:01.614909,1.22,True,120,31,10,0.2,0.6,0.30000000000000004,0.08,0.16,0.15000000000000002,0.33,COMPLETE
519,0.06365699124522975,2026-03-11 12:33:11.478624,2026-03-11 12:33:13.047411,0 days 00:00:01.568787,1.23,True,130,29,10,0.2,0.6,0.30000000000000004,0.08,0.16999999999999998,0.14,0.33,COMPLETE
520,0.05540476060285455,2026-03-11 12:33:13.047411,2026-03-11 12:33:14.587555,0 days 00:00:01.540144,1.23,True,130,30,9,0.2,0.6,0.30000000000000004,0.08,0.18,0.14,0.33,COMPLETE
521,0.10171492258685932,2026-03-11 12:33:14.587555,2026-03-11 12:33:16.169921,0 days 00:00:01.582366,1.23,True,130,30,10,0.2,0.6,0.30000000000000004,0.08,0.16,0.14,0.33,COMPLETE
522,0.036053895428758025,2026-03-11 12:33:16.170922,2026-03-11 12:33:17.729831,0 days 00:00:01.558909,1.23,True,100,29,10,0.1,0.4,0.30000000000000004,0.08,0.16999999999999998,0.14,0.33,COMPLETE
523,0.06316209786568977,2026-03-11 12:33:17.729831,2026-03-11 12:33:19.370746,0 days 00:00:01.640915,1.22,True,130,30,10,0.2,0.6,0.30000000000000004,0.08,0.15,0.14,0.33,COMPLETE
524,0.07905799695789967,2026-03-11 12:33:19.370746,2026-03-11 12:33:20.965383,0 days 00:00:01.594637,1.22,True,130,31,10,0.2,0.6,0.30000000000000004,0.08,0.16,0.13,0.33,COMPLETE
525,0.0286767459215249,2026-03-11 12:33:20.965383,2026-03-11 12:33:22.619181,0 days 00:00:01.653798,1.23,True,140,33,10,0.2,0.6,0.30000000000000004,0.08,0.15,0.14,0.2,COMPLETE
526,0.06704057526164135,2026-03-11 12:33:22.619181,2026-03-11 12:33:24.238766,0 days 00:00:01.619585,1.23,True,120,27,10,0.2,0.3,0.30000000000000004,0.08,0.16,0.14,0.33,COMPLETE
527,0.07299386782337647,2026-03-11 12:33:24.238766,2026-03-11 12:33:25.774280,0 days 00:00:01.535514,1.23,True,130,31,10,0.2,0.6,0.30000000000000004,0.08,0.16,0.14,0.33,COMPLETE
528,0.02621302938162822,2026-03-11 12:33:25.774280,2026-03-11 12:33:27.242037,0 days 00:00:01.467757,1.11,True,130,29,10,0.2,0.6,0.30000000000000004,0.08,0.16999999999999998,0.17,0.33,COMPLETE
529,0.048627480078709054,2026-03-11 12:33:27.242037,2026-03-11 12:33:29.306929,0 days 00:00:02.064892,1.22,True,130,28,10,0.2,0.6,0.30000000000000004,0.05,0.16,0.14,0.33,COMPLETE
530,0.020480069606074337,2026-03-11 12:33:29.306929,2026-03-11 12:33:33.866984,0 days 00:00:04.560055,1.23,True,130,18,10,0.2,0.6,0.30000000000000004,0.08,0.15,0.13,0.33,COMPLETE
531,0.03512690085631963,2026-03-11 12:33:33.866984,2026-03-11 12:33:37.812122,0 days 00:00:03.945138,1.23,False,130,32,7,,,0.30000000000000004,0.08,0.16999999999999998,0.14,0.33,COMPLETE
532,0.09100196677013286,2026-03-11 12:33:37.812122,2026-03-11 12:33:41.619586,0 days 00:00:03.807464,1.24,True,130,30,10,0.2,0.6,0.30000000000000004,0.08,0.16,0.14,0.33,COMPLETE
533,0.04174556209023999,2026-03-11 12:33:41.620581,2026-03-11 12:33:45.273019,0 days 00:00:03.652438,1.24,True,140,30,10,0.2,0.6,0.30000000000000004,0.08,0.16,0.13,0.33,COMPLETE
534,0.02963953443991285,2026-03-11 12:33:45.273019,2026-03-11 12:33:48.938126,0 days 00:00:03.665107,1.23,True,130,31,10,0.2,0.6,0.30000000000000004,0.08,0.35,0.14,0.33,COMPLETE
535,0.04393589032616212,2026-03-11 12:33:48.938126,2026-03-11 12:33:52.878434,0 days 00:00:03.940308,1.24,True,120,29,10,0.2,0.6,0.30000000000000004,0.08,0.16999999999999998,0.2,0.33,COMPLETE
536,0.06316209786568977,2026-03-11 12:33:52.878434,2026-03-11 12:33:56.700465,0 days 00:00:03.822031,1.22,True,130,30,10,0.2,0.6,0.30000000000000004,0.08,0.15,0.14,0.33,COMPLETE
537,0.05003787809695932,2026-03-11 12:33:56.700465,2026-03-11 12:34:00.634512,0 days 00:00:03.934047,1.1800000000000002,True,130,32,10,0.2,0.6,0.30000000000000004,0.08,0.18,0.19,0.33,COMPLETE
538,0.03163673152293772,2026-03-11 12:34:00.634512,2026-03-11 12:34:04.524807,0 days 00:00:03.890295,1.24,True,140,29,10,0.2,0.6,0.30000000000000004,0.08,0.16,0.18,0.33,COMPLETE
539,0.07603792203243766,2026-03-11 12:34:04.524807,2026-03-11 12:34:08.055454,0 days 00:00:03.530647,1.23,True,130,31,10,0.2,0.6,0.30000000000000004,0.08,0.16,0.17,0.33,COMPLETE
540,0.03614185212579485,2026-03-11 12:34:08.055454,2026-03-11 12:34:11.943106,0 days 00:00:03.887652,1.24,True,130,28,10,0.2,0.6,0.30000000000000004,0.08,0.24,0.18,0.33,COMPLETE
541,0.05046666265774458,2026-03-11 12:34:11.943106,2026-03-11 12:34:15.449671,0 days 00:00:03.506565,1.24,True,120,30,10,0.2,0.6,0.30000000000000004,0.08,0.16999999999999998,0.12000000000000001,0.33,COMPLETE
542,0.07603792203243766,2026-03-11 12:34:15.449671,2026-03-11 12:34:19.112159,0 days 00:00:03.662488,1.23,True,130,31,10,0.2,0.6,0.30000000000000004,0.08,0.16,0.18,0.33,COMPLETE
543,0.03676279726112648,2026-03-11 12:34:19.112159,2026-03-11 12:34:23.008555,0 days 00:00:03.896396,1.24,True,130,29,3,0.2,0.6,0.35,0.08,0.15,0.18,0.33,COMPLETE
544,0.07557369016649898,2026-03-11 12:34:23.008555,2026-03-11 12:34:26.609390,0 days 00:00:03.600835,1.24,True,130,32,10,0.2,0.6,0.30000000000000004,0.08,0.16,0.19,0.33,COMPLETE
545,0.03846525638034798,2026-03-11 12:34:26.609390,2026-03-11 12:34:30.117301,0 days 00:00:03.507911,1.23,True,140,30,10,0.2,0.6,0.30000000000000004,0.06,0.16999999999999998,0.18,0.33,COMPLETE
546,0.1002000011851455,2026-03-11 12:34:30.117301,2026-03-11 12:34:33.893326,0 days 00:00:03.776025,1.23,True,130,30,10,0.15000000000000002,0.6,0.30000000000000004,0.08,0.16,0.18,0.33,COMPLETE
547,0.046827906413554166,2026-03-11 12:34:33.893326,2026-03-11 12:34:37.271348,0 days 00:00:03.378022,1.22,True,130,29,10,0.2,0.6,0.30000000000000004,0.08,0.3,0.18,0.33,COMPLETE
548,0.053665784542305625,2026-03-11 12:34:37.271348,2026-03-11 12:34:40.898626,0 days 00:00:03.627278,1.22,True,120,31,10,0.1,0.6,0.30000000000000004,0.08,0.16,0.18,0.2,COMPLETE
549,0.029364287234410442,2026-03-11 12:34:40.898626,2026-03-11 12:34:44.372585,0 days 00:00:03.473959,1.23,False,130,33,10,,,0.30000000000000004,0.08,0.15,0.18,0.33,COMPLETE
550,0.05305403221416022,2026-03-11 12:34:44.372585,2026-03-11 12:34:47.982097,0 days 00:00:03.609512,1.23,True,130,28,10,0.15000000000000002,0.6,0.30000000000000004,0.08,0.16,0.18,0.33,COMPLETE
551,0.039243480266556365,2026-03-11 12:34:47.982097,2026-03-11 12:34:51.212387,0 days 00:00:03.230290,1.23,True,60,30,8,0.2,0.6,0.30000000000000004,0.08,0.15,0.18,0.33,COMPLETE
552,0.03718575235941597,2026-03-11 12:34:51.212387,2026-03-11 12:34:54.871291,0 days 00:00:03.658904,1.17,True,120,29,10,0.2,0.6,0.30000000000000004,0.08,0.16999999999999998,0.18,0.33,COMPLETE
553,0.1002000011851455,2026-03-11 12:34:54.871291,2026-03-11 12:34:58.340040,0 days 00:00:03.468749,1.23,True,130,30,10,0.15000000000000002,0.6,0.30000000000000004,0.08,0.16,0.18,0.33,COMPLETE
554,0.01783132891454303,2026-03-11 12:34:58.340040,2026-03-11 12:35:01.706417,0 days 00:00:03.366377,1.22,True,140,34,10,0.15000000000000002,0.6,0.30000000000000004,0.08,0.28,0.18,0.33,COMPLETE
555,0.03869808599812254,2026-03-11 12:35:01.706417,2026-03-11 12:35:05.009072,0 days 00:00:03.302655,1.07,True,130,31,10,0.15000000000000002,0.4,0.30000000000000004,0.08,0.15,0.18,0.33,COMPLETE
556,0.07039311094633303,2026-03-11 12:35:05.009072,2026-03-11 12:35:08.662797,0 days 00:00:03.653725,1.23,True,130,30,9,0.15000000000000002,0.6,0.30000000000000004,0.08,0.16,0.14,0.33,COMPLETE
557,0.0513560968230443,2026-03-11 12:35:08.662797,2026-03-11 12:35:12.093838,0 days 00:00:03.431041,1.22,True,130,28,10,0.15000000000000002,0.6,0.30000000000000004,0.08,0.16999999999999998,0.18,0.33,COMPLETE
558,0.07897020418900341,2026-03-11 12:35:12.093838,2026-03-11 12:35:15.726907,0 days 00:00:03.633069,1.23,True,130,30,10,0.1,0.6,0.30000000000000004,0.08,0.16,0.18,0.33,COMPLETE
559,0.06031001321133893,2026-03-11 12:35:15.726907,2026-03-11 12:35:19.210705,0 days 00:00:03.483798,1.22,True,120,27,10,0.15000000000000002,0.5,0.30000000000000004,0.07,0.16,0.18,0.33,COMPLETE
560,0.05332820213661152,2026-03-11 12:35:19.210705,2026-03-11 12:35:22.836772,0 days 00:00:03.626067,1.23,True,130,32,10,0.15000000000000002,0.6,0.30000000000000004,0.08,0.15,0.18,0.33,COMPLETE
561,0.04292350701246966,2026-03-11 12:35:22.836772,2026-03-11 12:35:26.423165,0 days 00:00:03.586393,1.23,True,110,29,10,0.15000000000000002,0.6,0.30000000000000004,0.08,0.16999999999999998,0.18,0.33,COMPLETE
562,0.018259944753437233,2026-03-11 12:35:26.423165,2026-03-11 12:35:30.026562,0 days 00:00:03.603397,1.1600000000000001,True,140,31,10,0.2,0.6,0.30000000000000004,0.08,0.16,0.18,0.33,COMPLETE
563,0.0673520026434502,2026-03-11 12:35:30.026562,2026-03-11 12:35:33.642407,0 days 00:00:03.615845,1.23,True,130,29,10,0.15000000000000002,0.6,0.30000000000000004,0.08,0.16,0.15000000000000002,0.33,COMPLETE
564,0.1002000011851455,2026-03-11 12:35:33.642407,2026-03-11 12:35:37.284801,0 days 00:00:03.642394,1.23,True,130,30,10,0.15000000000000002,0.6,0.30000000000000004,0.08,0.16,0.18,0.33,COMPLETE
565,0.06811293004659037,2026-03-11 12:35:37.284801,2026-03-11 12:35:40.643227,0 days 00:00:03.358426,1.22,True,70,31,10,0.15000000000000002,0.6,0.30000000000000004,0.08,0.16999999999999998,0.17,0.33,COMPLETE
566,0.03725299790130831,2026-03-11 12:35:40.643227,2026-03-11 12:35:44.099546,0 days 00:00:03.456319,1.22,True,140,32,10,0.1,0.6,0.30000000000000004,0.08,0.15,0.18,0.33,COMPLETE
567,0.1002000011851455,2026-03-11 12:35:44.099546,2026-03-11 12:35:47.484818,0 days 00:00:03.385272,1.23,True,130,30,10,0.15000000000000002,0.6,0.30000000000000004,0.08,0.16,0.18,0.33,COMPLETE
568,0.07213026569269242,2026-03-11 12:35:47.485825,2026-03-11 12:35:51.123288,0 days 00:00:03.637463,1.23,True,130,31,10,0.15000000000000002,0.6,0.30000000000000004,0.08,0.16,0.18,0.33,COMPLETE
569,0.059034776192998725,2026-03-11 12:35:51.123288,2026-03-11 12:35:55.036272,0 days 00:00:03.912984,1.22,True,130,29,10,0.15000000000000002,0.6,0.30000000000000004,0.08,0.15,0.18,0.33,COMPLETE
570,0.053065691977204205,2026-03-11 12:35:55.036272,2026-03-11 12:35:58.683127,0 days 00:00:03.646855,1.23,True,120,30,9,0.15000000000000002,0.6,0.30000000000000004,0.08,0.16,0.18,0.2,COMPLETE
571,-100.0,2026-03-11 12:35:58.683127,2026-03-11 12:36:01.303097,0 days 00:00:02.619970,1.23,True,30,29,10,0.15000000000000002,0.6,0.30000000000000004,0.08,0.16999999999999998,0.17,0.33,COMPLETE
572,0.038513408291453985,2026-03-11 12:36:01.303097,2026-03-11 12:36:04.701795,0 days 00:00:03.398698,1.22,False,130,31,10,,,0.30000000000000004,0.08,0.16,0.18,0.33,COMPLETE
573,0.03750114485802179,2026-03-11 12:36:04.701795,2026-03-11 12:36:08.363517,0 days 00:00:03.661722,1.23,True,140,28,10,0.15000000000000002,0.6,0.35,0.08,0.15,0.18,0.33,COMPLETE
574,0.08221178686686179,2026-03-11 12:36:08.363517,2026-03-11 12:36:11.910772,0 days 00:00:03.547255,1.23,True,130,32,10,0.15000000000000002,0.6,0.30000000000000004,0.08,0.16,0.14,0.33,COMPLETE
575,0.05713551422352572,2026-03-11 12:36:11.910772,2026-03-11 12:36:15.573855,0 days 00:00:03.663083,1.22,True,130,30,4,0.15000000000000002,0.6,0.30000000000000004,0.07,0.16999999999999998,0.16,0.33,COMPLETE
576,0.05305403221416022,2026-03-11 12:36:15.573855,2026-03-11 12:36:19.248473,0 days 00:00:03.674618,1.23,True,130,28,10,0.15000000000000002,0.6,0.30000000000000004,0.08,0.16,0.18,0.33,COMPLETE
577,0.06492289485612548,2026-03-11 12:36:19.248473,2026-03-11 12:36:22.738378,0 days 00:00:03.489905,1.23,True,130,30,10,0.15000000000000002,0.6,0.30000000000000004,0.08,0.15,0.18,0.33,COMPLETE
578,0.103860667075669,2026-03-11 12:36:22.738378,2026-03-11 12:36:26.304973,0 days 00:00:03.566595,1.22,True,130,30,10,0.15000000000000002,0.6,0.30000000000000004,0.08,0.16,0.18,0.33,COMPLETE
579,0.07007201730183575,2026-03-11 12:36:26.304973,2026-03-11 12:36:29.804502,0 days 00:00:03.499529,1.22,True,130,31,10,0.15000000000000002,0.6,0.30000000000000004,0.08,0.16999999999999998,0.18,0.33,COMPLETE
580,0.013556812275758981,2026-03-11 12:36:29.804502,2026-03-11 12:36:33.107364,0 days 00:00:03.302862,1.22,True,120,48,10,0.15000000000000002,0.3,0.30000000000000004,0.08,0.16,0.18,0.33,COMPLETE
581,0.0652523823065843,2026-03-11 12:36:33.107364,2026-03-11 12:36:36.411817,0 days 00:00:03.304453,1.23,True,130,29,10,0.15000000000000002,0.6,0.30000000000000004,0.08,0.16999999999999998,0.17,0.33,COMPLETE
582,0.029307581721881158,2026-03-11 12:36:36.411817,2026-03-11 12:36:39.645567,0 days 00:00:03.233750,1.23,True,130,31,10,0.15000000000000002,0.6,0.30000000000000004,0.08,0.33999999999999997,0.18,0.33,COMPLETE
583,0.07718591804700413,2026-03-11 12:36:39.645567,2026-03-11 12:36:43.303817,0 days 00:00:03.658250,1.23,True,130,30,10,0.15000000000000002,0.6,0.30000000000000004,0.08,0.18,0.18,0.33,COMPLETE
584,0.06115784009325211,2026-03-11 12:36:43.303817,2026-03-11 12:36:46.718055,0 days 00:00:03.414238,1.22,True,120,27,9,0.15000000000000002,0.6,0.30000000000000004,0.08,0.16,0.18,0.33,COMPLETE
585,0.037216437132042215,2026-03-11 12:36:46.718055,2026-03-11 12:36:50.166463,0 days 00:00:03.448408,1.23,True,130,33,10,0.15000000000000002,0.6,0.30000000000000004,0.08,0.15,0.18,0.33,COMPLETE
586,0.029012616690489976,2026-03-11 12:36:50.166463,2026-03-11 12:36:53.906127,0 days 00:00:03.739664,1.23,True,140,29,10,0.15000000000000002,0.6,0.30000000000000004,0.08,0.16,0.17,0.33,COMPLETE
587,0.029723223458075917,2026-03-11 12:36:53.906127,2026-03-11 12:36:57.617564,0 days 00:00:03.711437,1.22,True,130,31,10,0.15000000000000002,0.6,0.30000000000000004,0.08,0.27,0.18,0.33,COMPLETE
588,0.09874526835123053,2026-03-11 12:36:57.617564,2026-03-11 12:37:01.174954,0 days 00:00:03.557390,1.21,True,130,30,10,0.15000000000000002,0.4,0.30000000000000004,0.08,0.16,0.18,0.33,COMPLETE
589,-100.0,2026-03-11 12:37:01.174954,2026-03-11 12:37:04.836187,0 days 00:00:03.661233,1.22,False,130,29,10,,,0.30000000000000004,0.04,0.15,0.18,0.33,COMPLETE
590,0.07135695190003627,2026-03-11 12:37:04.836187,2026-03-11 12:37:08.369066,0 days 00:00:03.532879,1.21,True,130,32,10,0.15000000000000002,0.4,0.30000000000000004,0.08,0.16999999999999998,0.18,0.33,COMPLETE
591,0.04437324607672235,2026-03-11 12:37:08.369066,2026-03-11 12:37:11.729370,0 days 00:00:03.360304,1.22,True,120,28,10,0.15000000000000002,0.3,0.30000000000000004,0.08,0.16,0.18,0.2,COMPLETE
592,0.030063488075573054,2026-03-11 12:37:11.729370,2026-03-11 12:37:15.462607,0 days 00:00:03.733237,1.21,True,140,30,6,0.15000000000000002,0.4,0.30000000000000004,0.08,0.16,0.18,0.33,COMPLETE
593,0.02214457474800448,2026-03-11 12:37:15.463852,2026-03-11 12:37:19.596627,0 days 00:00:04.132775,1.21,True,130,15,10,0.15000000000000002,0.3,0.30000000000000004,0.08,0.16,0.15000000000000002,0.33,COMPLETE
594,0.06492289485612548,2026-03-11 12:37:19.596627,2026-03-11 12:37:22.976191,0 days 00:00:03.379564,1.23,True,130,30,10,0.15000000000000002,0.6,0.30000000000000004,0.08,0.15,0.18,0.33,COMPLETE
595,0.032581975501888565,2026-03-11 12:37:22.976191,2026-03-11 12:37:26.666901,0 days 00:00:03.690710,1.22,True,140,31,10,0.15000000000000002,0.4,0.30000000000000004,0.08,0.16999999999999998,0.18,0.33,COMPLETE
596,0.0704694968322841,2026-03-11 12:37:26.666901,2026-03-11 12:37:30.382987,0 days 00:00:03.716086,1.22,True,130,29,10,0.15000000000000002,0.5,0.30000000000000004,0.08,0.16,0.17,0.33,COMPLETE
597,0.09239275242712892,2026-03-11 12:37:30.382987,2026-03-11 12:37:34.201853,0 days 00:00:03.818866,1.23,True,130,30,10,0.15000000000000002,0.4,0.30000000000000004,0.08,0.16,0.18,0.33,COMPLETE
598,0.02266361067148342,2026-03-11 12:37:34.201853,2026-03-11 12:37:37.653421,0 days 00:00:03.451568,1.12,True,130,29,10,0.15000000000000002,0.5,0.30000000000000004,0.08,0.15,0.18,0.33,COMPLETE
599,0.02857750725540115,2026-03-11 12:37:37.653421,2026-03-11 12:37:41.203754,0 days 00:00:03.550333,1.23,True,130,31,10,0.15000000000000002,0.3,0.30000000000000004,0.08,0.32,0.14,0.33,COMPLETE
600,0.07451743269407342,2026-03-11 12:37:41.203754,2026-03-11 12:37:44.559922,0 days 00:00:03.356168,1.21,True,120,25,10,0.15000000000000002,0.3,0.30000000000000004,0.08,0.16999999999999998,0.18,0.33,COMPLETE
601,0.007005208847496084,2026-03-11 12:37:44.559922,2026-03-11 12:37:47.884667,0 days 00:00:03.324745,1.23,True,130,43,10,0.15000000000000002,0.4,0.30000000000000004,0.08,0.16,0.18,0.33,COMPLETE
602,0.053634258134485205,2026-03-11 12:37:47.884667,2026-03-11 12:37:51.402575,0 days 00:00:03.517908,1.22,True,130,28,10,0.15000000000000002,0.5,0.30000000000000004,0.08,0.16,0.17,0.33,COMPLETE
603,0.048841298643386884,2026-03-11 12:37:51.402575,2026-03-11 12:37:55.167657,0 days 00:00:03.765082,1.23,True,80,32,10,0.15000000000000002,0.3,0.30000000000000004,0.08,0.15,0.18,0.33,COMPLETE
604,0.027843004327887548,2026-03-11 12:37:55.167657,2026-03-11 12:37:58.710335,0 days 00:00:03.542678,1.23,True,140,29,10,0.15000000000000002,0.6,0.30000000000000004,0.08,0.16999999999999998,0.19,0.33,COMPLETE
605,0.03254006992155436,2026-03-11 12:37:58.710335,2026-03-11 12:38:02.451858,0 days 00:00:03.741523,1.23,True,120,30,9,0.15000000000000002,0.6,0.35,0.06,0.16,0.18,0.33,COMPLETE
606,0.02779975245009788,2026-03-11 12:38:02.451858,2026-03-11 12:38:05.835059,0 days 00:00:03.383201,1.09,True,130,32,10,0.15000000000000002,0.6,0.30000000000000004,0.08,0.16999999999999998,0.17,0.33,COMPLETE
607,0.07678542250303641,2026-03-11 12:38:05.835059,2026-03-11 12:38:09.522477,0 days 00:00:03.687418,1.22,True,130,31,10,0.15000000000000002,0.6,0.30000000000000004,0.08,0.16,0.18,0.33,COMPLETE
608,0.042189923794442245,2026-03-11 12:38:09.522477,2026-03-11 12:38:13.016192,0 days 00:00:03.493715,1.22,False,130,30,10,,,0.30000000000000004,0.08,0.18,0.18,0.33,COMPLETE
609,0.02638225213668986,2026-03-11 12:38:13.016192,2026-03-11 12:38:16.648525,0 days 00:00:03.632333,1.23,True,130,30,5,0.15000000000000002,0.6,0.30000000000000004,0.08,0.22,0.18,0.33,COMPLETE
610,0.0263215000293881,2026-03-11 12:38:16.648525,2026-03-11 12:38:20.489712,0 days 00:00:03.841187,1.23,True,130,31,10,0.15000000000000002,0.6,0.30000000000000004,0.03,0.15,0.18,0.33,COMPLETE
611,0.050157091705508965,2026-03-11 12:38:20.489712,2026-03-11 12:38:24.074955,0 days 00:00:03.585243,1.23,True,130,28,10,0.15000000000000002,0.4,0.30000000000000004,0.08,0.16,0.18,0.33,COMPLETE
612,0.054854879295740996,2026-03-11 12:38:24.074955,2026-03-11 12:38:27.687420,0 days 00:00:03.612465,1.23,True,130,27,10,0.15000000000000002,0.6,0.30000000000000004,0.08,0.16,0.19,0.2,COMPLETE
613,0.06493092358361334,2026-03-11 12:38:27.688931,2026-03-11 12:38:31.294973,0 days 00:00:03.606042,1.22,True,130,29,10,0.15000000000000002,0.6,0.30000000000000004,0.08,0.16999999999999998,0.18,0.33,COMPLETE
614,0.033897311051266976,2026-03-11 12:38:31.294973,2026-03-11 12:38:34.965880,0 days 00:00:03.670907,1.24,True,140,30,10,0.15000000000000002,0.5,0.30000000000000004,0.08,0.15,0.13,0.33,COMPLETE
615,0.057439075823260674,2026-03-11 12:38:34.965880,2026-03-11 12:38:38.685165,0 days 00:00:03.719285,1.23,True,120,31,10,0.15000000000000002,0.6,0.30000000000000004,0.08,0.16,0.14,0.33,COMPLETE
616,0.016865558683584123,2026-03-11 12:38:38.686327,2026-03-11 12:38:42.159989,0 days 00:00:03.473662,1.1800000000000002,True,140,29,10,0.1,0.6,0.30000000000000004,0.08,0.29000000000000004,0.18,0.33,COMPLETE
617,0.0697399905753432,2026-03-11 12:38:42.159989,2026-03-11 12:38:45.699859,0 days 00:00:03.539870,1.24,True,130,29,10,0.15000000000000002,0.6,0.4,0.08,0.16,0.18,0.33,COMPLETE
618,0.06472128017863424,2026-03-11 12:38:45.699859,2026-03-11 12:38:49.121973,0 days 00:00:03.422114,1.22,True,120,32,10,0.15000000000000002,0.6,0.30000000000000004,0.08,0.16,0.17,0.33,COMPLETE
619,0.08556674187223916,2026-03-11 12:38:49.121973,2026-03-11 12:38:52.707019,0 days 00:00:03.585046,1.23,True,130,30,10,0.15000000000000002,0.6,0.30000000000000004,0.08,0.16999999999999998,0.16,0.33,COMPLETE
620,0.057140482172060136,2026-03-11 12:38:52.707019,2026-03-11 12:38:56.471217,0 days 00:00:03.764198,1.24,True,130,31,9,0.15000000000000002,0.6,0.30000000000000004,0.08,0.15,0.18,0.33,COMPLETE
621,0.049429432388572336,2026-03-11 12:38:56.471217,2026-03-11 12:39:00.141627,0 days 00:00:03.670410,1.23,True,130,28,10,0.15000000000000002,0.6,0.30000000000000004,0.08,0.16999999999999998,0.19,0.33,COMPLETE
622,0.05590439636732952,2026-03-11 12:39:00.141627,2026-03-11 12:39:03.839631,0 days 00:00:03.698004,1.24,True,130,33,10,0.1,0.6,0.30000000000000004,0.08,0.16,0.18,0.33,COMPLETE
623,0.032631955734295906,2026-03-11 12:39:03.839631,2026-03-11 12:39:07.342312,0 days 00:00:03.502681,1.23,True,140,30,7,0.15000000000000002,0.6,0.30000000000000004,0.05,0.16,0.18,0.33,COMPLETE
624,-0.0048879774450974476,2026-03-11 12:39:07.342312,2026-03-11 12:39:10.159054,0 days 00:00:02.816742,1.1500000000000001,True,40,32,10,0.2,0.6,0.30000000000000004,0.08,0.15,0.12000000000000001,0.33,COMPLETE
625,0.039776683237747065,2026-03-11 12:39:10.159054,2026-03-11 12:39:13.606723,0 days 00:00:03.447669,1.24,True,120,31,10,0.2,0.6,0.30000000000000004,0.08,0.15,0.18,0.33,COMPLETE
626,0.06489702587310557,2026-03-11 12:39:13.606723,2026-03-11 12:39:17.111422,0 days 00:00:03.504699,1.23,True,130,29,10,0.2,0.6,0.30000000000000004,0.08,0.16999999999999998,0.18,0.33,COMPLETE
627,0.03761892323144057,2026-03-11 12:39:17.111422,2026-03-11 12:39:20.686087,0 days 00:00:03.574665,1.22,False,130,28,10,,,0.30000000000000004,0.08,0.16,0.18,0.33,COMPLETE
628,0.08878888647456036,2026-03-11 12:39:20.686087,2026-03-11 12:39:24.138552,0 days 00:00:03.452465,1.24,True,130,30,10,0.2,0.4,0.30000000000000004,0.08,0.16,0.18,0.33,COMPLETE
629,0.07213026569269242,2026-03-11 12:39:24.138552,2026-03-11 12:39:27.779114,0 days 00:00:03.640562,1.23,True,130,31,10,0.15000000000000002,0.6,0.30000000000000004,0.08,0.16,0.17,0.33,COMPLETE
630,0.035242746254348194,2026-03-11 12:39:27.779114,2026-03-11 12:39:31.584429,0 days 00:00:03.805315,1.23,True,140,29,8,0.2,0.6,0.30000000000000004,0.08,0.16999999999999998,0.18,0.33,COMPLETE
631,0.05770861365433908,2026-03-11 12:39:31.584429,2026-03-11 12:39:35.225437,0 days 00:00:03.641008,1.24,True,130,30,10,0.2,0.6,0.30000000000000004,0.08,0.15,0.19,0.33,COMPLETE
632,0.06399891170579915,2026-03-11 12:39:35.225437,2026-03-11 12:39:37.947120,0 days 00:00:02.721683,1.24,True,120,32,10,0.2,0.6,0.30000000000000004,0.08,0.16,0.15000000000000002,0.33,COMPLETE
633,0.05908190432919276,2026-03-11 12:39:37.947120,2026-03-11 12:39:39.975671,0 days 00:00:02.028551,1.23,True,130,29,10,0.2,0.6,0.30000000000000004,0.08,0.16999999999999998,0.18,0.2,COMPLETE
634,0.07678542250303641,2026-03-11 12:39:39.975671,2026-03-11 12:39:41.759167,0 days 00:00:01.783496,1.22,True,130,31,10,0.15000000000000002,0.6,0.30000000000000004,0.08,0.16,0.18,0.33,COMPLETE
635,0.06072804823260072,2026-03-11 12:39:41.759167,2026-03-11 12:39:43.562400,0 days 00:00:01.803233,1.21,True,130,30,9,0.2,0.6,0.30000000000000004,0.08,0.15,0.14,0.33,COMPLETE
636,0.05616439468458728,2026-03-11 12:39:43.562400,2026-03-11 12:39:45.231994,0 days 00:00:01.669594,1.24,True,130,28,10,0.2,0.3,0.30000000000000004,0.08,0.16,0.18,0.33,COMPLETE
637,0.03653982111578693,2026-03-11 12:39:45.231994,2026-03-11 12:39:46.988293,0 days 00:00:01.756299,1.23,True,140,30,10,0.2,0.6,0.30000000000000004,0.08,0.16999999999999998,0.18,0.33,COMPLETE
638,0.028772495212723893,2026-03-11 12:39:46.988293,2026-03-11 12:39:48.637351,0 days 00:00:01.649058,1.17,True,130,30,10,0.2,0.6,0.30000000000000004,0.08,0.15,0.18,0.33,COMPLETE
639,0.044884222208442334,2026-03-11 12:39:48.637351,2026-03-11 12:39:50.320120,0 days 00:00:01.682769,1.22,True,130,29,10,0.15000000000000002,0.6,0.35,0.08,0.22999999999999998,0.18,0.33,COMPLETE
640,0.06703877918099109,2026-03-11 12:39:50.320120,2026-03-11 12:39:52.032223,0 days 00:00:01.712103,1.24,True,130,33,10,0.2,0.6,0.30000000000000004,0.07,0.16,0.1,0.33,COMPLETE
641,0.042770261068667915,2026-03-11 12:39:52.032223,2026-03-11 12:39:53.868818,0 days 00:00:01.836595,1.23,True,140,27,10,0.2,0.6,0.30000000000000004,0.08,0.16,0.17,0.33,COMPLETE
642,0.029000960068254932,2026-03-11 12:39:53.868818,2026-03-11 12:39:55.717975,0 days 00:00:01.849157,1.23,True,150,31,10,0.2,0.6,0.30000000000000004,0.08,0.16,0.19,0.33,COMPLETE
643,0.0622648276238897,2026-03-11 12:39:55.717975,2026-03-11 12:39:57.330973,0 days 00:00:01.612998,1.24,True,130,31,10,0.15000000000000002,0.6,0.30000000000000004,0.08,0.16999999999999998,0.18,0.33,COMPLETE
644,0.021472039549440183,2026-03-11 12:39:57.330973,2026-03-11 12:39:58.892818,0 days 00:00:01.561845,1.11,True,120,32,10,0.2,0.6,0.30000000000000004,0.08,0.15,0.17,0.33,COMPLETE
645,0.06359586165404277,2026-03-11 12:39:58.892818,2026-03-11 12:40:00.618204,0 days 00:00:01.725386,1.23,True,130,29,10,0.2,0.6,0.30000000000000004,0.08,0.18,0.18,0.33,COMPLETE
646,0.11000215638945993,2026-03-11 12:40:00.618204,2026-03-11 12:40:02.325470,0 days 00:00:01.707266,1.22,True,130,30,10,0.2,0.6,0.30000000000000004,0.08,0.16,0.18,0.33,COMPLETE
647,0.04788676642793508,2026-03-11 12:40:02.325470,2026-03-11 12:40:03.970513,0 days 00:00:01.645043,1.22,False,120,30,10,,,0.30000000000000004,0.08,0.16,0.18,0.33,COMPLETE
648,0.08380115282383344,2026-03-11 12:40:03.970513,2026-03-11 12:40:05.591733,0 days 00:00:01.621220,1.21,True,130,29,10,0.15000000000000002,0.6,0.30000000000000004,0.08,0.16,0.19,0.33,COMPLETE
649,0.03715241006909321,2026-03-11 12:40:05.591733,2026-03-11 12:40:07.242250,0 days 00:00:01.650517,1.21,True,130,31,10,0.2,0.3,0.30000000000000004,0.08,0.15,0.18,0.33,COMPLETE
650,0.05815517181540433,2026-03-11 12:40:07.242250,2026-03-11 12:40:08.867117,0 days 00:00:01.624867,1.22,True,130,28,10,0.2,0.6,0.30000000000000004,0.08,0.16,0.13,0.33,COMPLETE
651,0.036544679850588756,2026-03-11 12:40:08.867117,2026-03-11 12:40:10.617377,0 days 00:00:01.750260,1.22,True,140,30,10,0.2,0.6,0.30000000000000004,0.08,0.16999999999999998,0.18,0.33,COMPLETE
652,0.07375709547858626,2026-03-11 12:40:10.617377,2026-03-11 12:40:12.270452,0 days 00:00:01.653075,1.22,True,130,29,10,0.2,0.4,0.30000000000000004,0.08,0.16,0.18,0.33,COMPLETE
653,0.053394068504222646,2026-03-11 12:40:12.270452,2026-03-11 12:40:13.930149,0 days 00:00:01.659697,1.22,True,130,32,10,0.15000000000000002,0.5,0.30000000000000004,0.07,0.15,0.17,0.33,COMPLETE
654,0.05725476895543581,2026-03-11 12:40:13.930149,2026-03-11 12:40:15.525727,0 days 00:00:01.595578,1.23,True,120,30,10,0.2,0.6,0.45,0.08,0.16999999999999998,0.18,0.33,COMPLETE
655,0.06626112690931432,2026-03-11 12:40:15.525727,2026-03-11 12:40:17.160819,0 days 00:00:01.635092,1.21,True,100,30,10,0.2,0.6,0.30000000000000004,0.08,0.16,0.18,0.2,COMPLETE
656,0.07603792203243766,2026-03-11 12:40:17.160819,2026-03-11 12:40:18.833328,0 days 00:00:01.672509,1.23,True,130,31,10,0.2,0.6,0.30000000000000004,0.08,0.16,0.18,0.33,COMPLETE
657,0.04514971339826009,2026-03-11 12:40:18.833328,2026-03-11 12:40:20.461810,0 days 00:00:01.628482,1.22,True,130,37,10,0.15000000000000002,0.6,0.30000000000000004,0.08,0.16999999999999998,0.18,0.33,COMPLETE
658,0.05700365688593556,2026-03-11 12:40:20.461810,2026-03-11 12:40:22.203241,0 days 00:00:01.741431,1.23,True,130,29,10,0.2,0.6,0.30000000000000004,0.08,0.15,0.19,0.33,COMPLETE
659,0.08204639456716185,2026-03-11 12:40:22.203241,2026-03-11 12:40:23.896278,0 days 00:00:01.693037,1.22,True,130,31,10,0.2,0.6,0.30000000000000004,0.08,0.16,0.18,0.33,COMPLETE
660,0.05533769423164756,2026-03-11 12:40:23.896278,2026-03-11 12:40:25.609287,0 days 00:00:01.713009,1.23,True,130,28,10,0.2,0.6,0.30000000000000004,0.08,0.16,0.14,0.33,COMPLETE
661,0.09759770705542244,2026-03-11 12:40:25.609287,2026-03-11 12:40:27.261415,0 days 00:00:01.652128,1.21,True,130,30,10,0.2,0.6,0.30000000000000004,0.08,0.16999999999999998,0.17,0.33,COMPLETE
662,0.04713897400182144,2026-03-11 12:40:27.262401,2026-03-11 12:40:28.922391,0 days 00:00:01.659990,1.21,True,140,27,10,0.2,0.6,0.30000000000000004,0.08,0.16999999999999998,0.17,0.33,COMPLETE
663,0.055516518844589524,2026-03-11 12:40:28.922391,2026-03-11 12:40:30.555803,0 days 00:00:01.633412,1.22,True,120,29,8,0.15000000000000002,0.6,0.30000000000000004,0.08,0.18,0.17,0.33,COMPLETE
664,0.03395597702230925,2026-03-11 12:40:30.555803,2026-03-11 12:40:32.240655,0 days 00:00:01.684852,1.21,True,130,33,9,0.2,0.6,0.30000000000000004,0.08,0.15,0.17,0.33,COMPLETE
665,0.06969709549893538,2026-03-11 12:40:32.240655,2026-03-11 12:40:33.879907,0 days 00:00:01.639252,1.21,True,130,31,10,0.2,0.6,0.30000000000000004,0.08,0.16999999999999998,0.16,0.33,COMPLETE
666,0.01937787711374529,2026-03-11 12:40:33.879907,2026-03-11 12:40:35.524772,0 days 00:00:01.644865,1.21,False,140,30,10,,,0.30000000000000004,0.08,0.16,0.17,0.33,COMPLETE
667,0.0611671199447939,2026-03-11 12:40:35.525772,2026-03-11 12:40:37.138102,0 days 00:00:01.612330,1.2,True,130,32,9,0.2,0.6,0.30000000000000004,0.08,0.16,0.16,0.33,COMPLETE
668,0.06344790400630199,2026-03-11 12:40:37.138102,2026-03-11 12:40:38.935017,0 days 00:00:01.796915,1.21,True,130,30,10,0.1,0.5,0.30000000000000004,0.08,0.15,0.17,0.33,COMPLETE
669,0.05060824245802295,2026-03-11 12:40:38.935017,2026-03-11 12:40:40.642129,0 days 00:00:01.707112,1.22,True,130,26,10,0.15000000000000002,0.6,0.35,0.08,0.16999999999999998,0.17,0.33,COMPLETE
670,0.06932645646922685,2026-03-11 12:40:40.642129,2026-03-11 12:40:42.282850,0 days 00:00:01.640721,1.19,True,120,29,10,0.2,0.6,0.30000000000000004,0.08,0.16,0.17,0.33,COMPLETE
671,0.030391422755488763,2026-03-11 12:40:42.282850,2026-03-11 12:40:44.006400,0 days 00:00:01.723550,1.22,True,140,31,10,0.2,0.6,0.30000000000000004,0.08,0.15,0.17,0.33,COMPLETE
672,0.10687421376385384,2026-03-11 12:40:44.006400,2026-03-11 12:40:45.683998,0 days 00:00:01.677598,1.22,True,130,30,10,0.2,0.6,0.30000000000000004,0.08,0.16,0.15000000000000002,0.33,COMPLETE
673,0.06536277451478775,2026-03-11 12:40:45.683998,2026-03-11 12:40:47.366481,0 days 00:00:01.682483,1.21,True,130,28,10,0.2,0.6,0.30000000000000004,0.08,0.16,0.14,0.33,COMPLETE
674,0.061578823868601223,2026-03-11 12:40:47.366481,2026-03-11 12:40:49.098278,0 days 00:00:01.731797,1.22,True,130,29,10,0.15000000000000002,0.6,0.30000000000000004,0.06,0.16,0.15000000000000002,0.33,COMPLETE
675,0.06942056225842003,2026-03-11 12:40:49.098278,2026-03-11 12:40:50.749205,0 days 00:00:01.650927,1.22,True,130,31,10,0.2,0.6,0.30000000000000004,0.08,0.16999999999999998,0.16,0.33,COMPLETE
676,0.057327461341256804,2026-03-11 12:40:50.749205,2026-03-11 12:40:52.361721,0 days 00:00:01.612516,1.2,True,130,30,10,0.2,0.6,0.30000000000000004,0.08,0.15,0.15000000000000002,0.33,COMPLETE
677,0.06063917315545912,2026-03-11 12:40:52.362840,2026-03-11 12:40:54.637625,0 days 00:00:02.274785,1.21,True,130,32,10,0.2,0.6,0.30000000000000004,0.08,0.16,0.15000000000000002,0.33,COMPLETE
678,0.046405960129602984,2026-03-11 12:40:54.637625,2026-03-11 12:40:56.802007,0 days 00:00:02.164382,1.22,True,120,28,10,0.15000000000000002,0.4,0.30000000000000004,0.08,0.16,0.15000000000000002,0.2,COMPLETE
679,0.06562834268956941,2026-03-11 12:40:56.802007,2026-03-11 12:40:58.670637,0 days 00:00:01.868630,1.22,True,130,30,10,0.2,0.6,0.30000000000000004,0.08,0.15,0.16,0.33,COMPLETE
680,0.03190360418890664,2026-03-11 12:40:58.670637,2026-03-11 12:41:00.515484,0 days 00:00:01.844847,1.21,True,140,31,10,0.2,0.6,0.30000000000000004,0.08,0.16999999999999998,0.16,0.33,COMPLETE
681,0.0632825906960633,2026-03-11 12:41:00.515484,2026-03-11 12:41:02.454515,0 days 00:00:01.939031,1.22,True,130,29,10,0.2,0.6,0.30000000000000004,0.08,0.16999999999999998,0.14,0.33,COMPLETE
682,0.05317224991948694,2026-03-11 12:41:02.454515,2026-03-11 12:41:04.328598,0 days 00:00:01.874083,1.22,True,130,34,10,0.15000000000000002,0.6,0.30000000000000004,0.08,0.16,0.15000000000000002,0.33,COMPLETE
683,0.055763579440273596,2026-03-11 12:41:04.328598,2026-03-11 12:41:06.177247,0 days 00:00:01.848649,1.2,True,130,30,10,0.2,0.6,0.30000000000000004,0.08,0.15,0.13,0.33,COMPLETE
684,0.03942950093624982,2026-03-11 12:41:06.177247,2026-03-11 12:41:08.036716,0 days 00:00:01.859469,1.1400000000000001,True,130,30,10,0.2,0.6,0.30000000000000004,0.08,0.16,0.17,0.33,COMPLETE
685,0.04363048471968891,2026-03-11 12:41:08.036716,2026-03-11 12:41:09.907618,0 days 00:00:01.870902,1.23,True,120,31,10,0.2,0.6,0.30000000000000004,0.08,0.16999999999999998,0.14,0.33,COMPLETE
686,0.03401850304759207,2026-03-11 12:41:09.907618,2026-03-11 12:41:11.774040,0 days 00:00:01.866422,1.23,False,120,29,10,,,0.30000000000000004,0.08,0.16,0.17,0.33,COMPLETE
687,0.04146473442302142,2026-03-11 12:41:11.774040,2026-03-11 12:41:13.595703,0 days 00:00:01.821663,1.23,True,140,32,10,0.2,0.3,0.30000000000000004,0.08,0.16,0.17,0.33,COMPLETE
688,0.07213026569269242,2026-03-11 12:41:13.595703,2026-03-11 12:41:15.442125,0 days 00:00:01.846422,1.23,True,130,31,10,0.15000000000000002,0.6,0.30000000000000004,0.08,0.16,0.16,0.33,COMPLETE
689,0.03894896585583307,2026-03-11 12:41:15.442125,2026-03-11 12:41:17.294575,0 days 00:00:01.852450,1.22,True,110,29,10,0.2,0.6,0.30000000000000004,0.08,0.15,0.13,0.33,COMPLETE
690,0.05764004360006946,2026-03-11 12:41:17.294575,2026-03-11 12:41:19.077416,0 days 00:00:01.782841,1.22,True,130,28,10,0.2,0.6,0.30000000000000004,0.08,0.16999999999999998,0.18,0.33,COMPLETE
691,0.040768508871468045,2026-03-11 12:41:19.077416,2026-03-11 12:41:20.792168,0 days 00:00:01.714752,1.23,True,130,30,10,0.2,0.6,0.30000000000000004,0.08,0.25,0.14,0.33,COMPLETE
692,0.09720493656053115,2026-03-11 12:41:20.792168,2026-03-11 12:41:22.522783,0 days 00:00:01.730615,1.23,True,130,30,10,0.15000000000000002,0.6,0.30000000000000004,0.08,0.16,0.15000000000000002,0.33,COMPLETE
693,0.03590945983619637,2026-03-11 12:41:22.522783,2026-03-11 12:41:24.413942,0 days 00:00:01.891159,1.21,True,130,31,10,0.15000000000000002,0.6,0.30000000000000004,0.07,0.26,0.15000000000000002,0.33,COMPLETE
694,0.06805920971166053,2026-03-11 12:41:24.413942,2026-03-11 12:41:26.409331,0 days 00:00:01.995389,1.22,True,130,30,10,0.15000000000000002,0.6,0.30000000000000004,0.08,0.15,0.15000000000000002,0.33,COMPLETE
695,0.027008981769395785,2026-03-11 12:41:26.409331,2026-03-11 12:41:28.257257,0 days 00:00:01.847926,1.23,True,140,29,10,0.15000000000000002,0.4,0.30000000000000004,0.08,0.16,0.16,0.33,COMPLETE
696,0.061936500857002266,2026-03-11 12:41:28.257257,2026-03-11 12:41:30.055230,0 days 00:00:01.797973,1.23,True,120,33,9,0.15000000000000002,0.6,0.30000000000000004,0.08,0.16,0.15000000000000002,0.33,COMPLETE
697,0.052173097846078646,2026-03-11 12:41:30.055230,2026-03-11 12:41:31.870319,0 days 00:00:01.815089,1.23,True,130,28,10,0.15000000000000002,0.6,0.30000000000000004,0.08,0.16,0.14,0.33,COMPLETE
698,0.05927018020350921,2026-03-11 12:41:31.870319,2026-03-11 12:41:33.668452,0 days 00:00:01.798133,1.22,True,130,31,10,0.15000000000000002,0.6,0.35,0.08,0.18,0.14,0.2,COMPLETE
699,0.05895203188799703,2026-03-11 12:41:33.668452,2026-03-11 12:41:35.505656,0 days 00:00:01.837204,1.23,True,130,29,10,0.15000000000000002,0.6,0.30000000000000004,0.08,0.15,0.15000000000000002,0.33,COMPLETE
700,0.0924790615909723,2026-03-11 12:41:35.505656,2026-03-11 12:41:37.213942,0 days 00:00:01.708286,1.22,True,130,32,10,0.15000000000000002,0.6,0.25,0.08,0.16999999999999998,0.15000000000000002,0.33,COMPLETE
701,0.03981802908372425,2026-03-11 12:41:37.213942,2026-03-11 12:41:39.234169,0 days 00:00:02.020227,1.22,True,140,30,10,0.15000000000000002,0.6,0.30000000000000004,0.08,0.16,0.15000000000000002,0.33,COMPLETE
702,0.0599412895181811,2026-03-11 12:41:39.234169,2026-03-11 12:41:41.025919,0 days 00:00:01.791750,1.23,True,130,31,10,0.15000000000000002,0.6,0.30000000000000004,0.08,0.16999999999999998,0.15000000000000002,0.33,COMPLETE
703,0.029910106143460777,2026-03-11 12:41:41.025919,2026-03-11 12:41:42.862787,0 days 00:00:01.836868,1.23,True,120,30,10,0.15000000000000002,0.6,0.30000000000000004,0.04,0.16,0.15000000000000002,0.33,COMPLETE
704,0.030787362413494654,2026-03-11 12:41:42.862787,2026-03-11 12:41:44.861127,0 days 00:00:01.998340,1.2,True,130,32,10,0.15000000000000002,0.6,0.30000000000000004,0.05,0.15,0.15000000000000002,0.33,COMPLETE
705,0.06593804736345737,2026-03-11 12:41:44.861127,2026-03-11 12:41:46.701155,0 days 00:00:01.840028,1.23,True,130,27,10,0.15000000000000002,0.6,0.30000000000000004,0.08,0.16,0.15000000000000002,0.33,COMPLETE
706,0.037493267096225996,2026-03-11 12:41:46.701155,2026-03-11 12:41:48.421137,0 days 00:00:01.719982,1.23,False,130,29,9,,,0.30000000000000004,0.08,0.16,0.16,0.33,COMPLETE
707,0.054317159780839064,2026-03-11 12:41:48.421137,2026-03-11 12:41:50.213694,0 days 00:00:01.792557,1.22,True,130,29,10,0.1,0.6,0.30000000000000004,0.08,0.16999999999999998,0.15000000000000002,0.33,COMPLETE
708,0.0533028939851042,2026-03-11 12:41:50.213694,2026-03-11 12:41:51.861587,0 days 00:00:01.647893,1.22,True,70,30,6,0.15000000000000002,0.6,0.30000000000000004,0.08,0.16,0.15000000000000002,0.33,COMPLETE
709,0.060234108275556676,2026-03-11 12:41:51.861587,2026-03-11 12:41:54.120333,0 days 00:00:02.258746,1.21,True,130,28,10,0.15000000000000002,0.6,0.30000000000000004,0.08,0.15,0.17,0.33,COMPLETE
710,0.03808291708143259,2026-03-11 12:41:54.120333,2026-03-11 12:41:56.076261,0 days 00:00:01.955928,1.23,True,140,30,10,0.15000000000000002,0.6,0.30000000000000004,0.08,0.16999999999999998,0.17,0.33,COMPLETE
711,0.050047642804391924,2026-03-11 12:41:56.076261,2026-03-11 12:41:57.889259,0 days 00:00:01.812998,1.22,True,130,31,10,0.15000000000000002,0.6,0.30000000000000004,0.08,0.15,0.14,0.33,COMPLETE
712,0.04880269589576295,2026-03-11 12:41:57.889259,2026-03-11 12:41:59.823960,0 days 00:00:01.934701,1.23,True,130,32,4,0.2,0.6,0.30000000000000004,0.08,0.16,0.16,0.33,COMPLETE
713,0.07792103393562598,2026-03-11 12:41:59.823960,2026-03-11 12:42:01.764293,0 days 00:00:01.940333,1.22,True,120,30,10,0.15000000000000002,0.6,0.25,0.08,0.16,0.19,0.33,COMPLETE
714,0.01768378567372367,2026-03-11 12:42:01.765292,2026-03-11 12:42:03.435645,0 days 00:00:01.670353,1.1300000000000001,True,130,31,10,0.2,0.3,0.30000000000000004,0.08,0.18,0.18,0.33,COMPLETE
715,0.04360948520890078,2026-03-11 12:42:03.435645,2026-03-11 12:42:05.433707,0 days 00:00:01.998062,1.23,True,140,23,10,0.2,0.6,0.30000000000000004,0.08,0.16999999999999998,0.15000000000000002,0.33,COMPLETE
716,0.023043628190762413,2026-03-11 12:42:05.433707,2026-03-11 12:42:07.401355,0 days 00:00:01.967648,1.23,True,120,29,3,0.2,0.4,0.30000000000000004,0.08,0.15,0.17,0.33,COMPLETE
717,0.06890922543692163,2026-03-11 12:42:07.401355,2026-03-11 12:42:09.122412,0 days 00:00:01.721057,1.21,True,90,28,10,0.2,0.6,0.30000000000000004,0.08,0.16,0.18,0.33,COMPLETE
718,0.058384387347483115,2026-03-11 12:42:09.122412,2026-03-11 12:42:10.969571,0 days 00:00:01.847159,1.23,True,130,31,10,0.2,0.6,0.30000000000000004,0.08,0.16999999999999998,0.14,0.33,COMPLETE
719,0.07335214210920374,2026-03-11 12:42:10.969571,2026-03-11 12:42:12.769032,0 days 00:00:01.799461,1.22,True,130,29,10,0.15000000000000002,0.6,0.30000000000000004,0.08,0.16,0.19,0.33,COMPLETE
720,0.05702059441066513,2026-03-11 12:42:12.769032,2026-03-11 12:42:14.692342,0 days 00:00:01.923310,1.23,True,130,30,10,0.2,0.6,0.30000000000000004,0.08,0.15,0.18,0.2,COMPLETE
721,0.08497425041781317,2026-03-11 12:42:14.692342,2026-03-11 12:42:16.511229,0 days 00:00:01.818887,1.23,True,130,30,10,0.2,0.6,0.30000000000000004,0.08,0.16999999999999998,0.18,0.33,COMPLETE
722,0.042690242957183384,2026-03-11 12:42:16.511229,2026-03-11 12:42:18.401314,0 days 00:00:01.890085,1.22,True,140,32,10,0.15000000000000002,0.6,0.30000000000000004,0.08,0.16,0.18,0.33,COMPLETE
723,0.07244326823938889,2026-03-11 12:42:18.401314,2026-03-11 12:42:20.140049,0 days 00:00:01.738735,1.23,True,130,29,10,0.2,0.5,0.30000000000000004,0.08,0.16,0.18,0.33,COMPLETE
724,0.035138030523505254,2026-03-11 12:42:20.140049,2026-03-11 12:42:21.948570,0 days 00:00:01.808521,1.23,False,130,31,10,,,0.30000000000000004,0.08,0.16,0.17,0.33,COMPLETE
725,0.05690226597717683,2026-03-11 12:42:21.948570,2026-03-11 12:42:23.946606,0 days 00:00:01.998036,1.22,True,130,28,10,0.2,0.6,0.15,0.08,0.15,0.18,0.33,COMPLETE
726,0.09378051746903322,2026-03-11 12:42:23.946606,2026-03-11 12:42:25.789258,0 days 00:00:01.842652,1.24,True,130,30,10,0.2,0.6,0.30000000000000004,0.08,0.16,0.18,0.33,COMPLETE
727,0.02472018795806993,2026-03-11 12:42:25.789258,2026-03-11 12:42:27.676326,0 days 00:00:01.887068,1.19,True,120,27,10,0.1,0.6,0.30000000000000004,0.03,0.16999999999999998,0.18,0.33,COMPLETE
728,0.054563433463503216,2026-03-11 12:42:27.676326,2026-03-11 12:42:29.301848,0 days 00:00:01.625522,1.23,True,50,31,10,0.15000000000000002,0.6,0.30000000000000004,0.08,0.16,0.18,0.33,COMPLETE
729,0.046581987285902814,2026-03-11 12:42:29.301848,2026-03-11 12:42:31.129789,0 days 00:00:01.827941,1.21,True,130,29,9,0.2,0.6,0.30000000000000004,0.08,0.31,0.18,0.33,COMPLETE
730,0.05750119866599601,2026-03-11 12:42:31.130784,2026-03-11 12:42:33.080377,0 days 00:00:01.949593,1.24,True,130,30,10,0.2,0.6,0.30000000000000004,0.08,0.15,0.17,0.33,COMPLETE
731,0.07476694504049002,2026-03-11 12:42:33.080377,2026-03-11 12:42:34.934789,0 days 00:00:01.854412,1.23,True,130,29,10,0.2,0.6,0.30000000000000004,0.08,0.16,0.18,0.33,COMPLETE
732,0.03981802908372425,2026-03-11 12:42:34.934789,2026-03-11 12:42:36.829277,0 days 00:00:01.894488,1.22,True,140,30,10,0.15000000000000002,0.6,0.30000000000000004,0.08,0.16,0.15000000000000002,0.33,COMPLETE
733,0.06056849645623842,2026-03-11 12:42:36.829277,2026-03-11 12:42:38.717951,0 days 00:00:01.888674,1.23,True,130,32,5,0.2,0.6,0.35,0.08,0.16999999999999998,0.19,0.33,COMPLETE
734,0.039776683237747065,2026-03-11 12:42:38.717951,2026-03-11 12:42:40.562208,0 days 00:00:01.844257,1.24,True,120,31,10,0.2,0.6,0.30000000000000004,0.08,0.15,0.18,0.33,COMPLETE
735,0.11000215638945993,2026-03-11 12:42:40.562208,2026-03-11 12:42:42.434905,0 days 00:00:01.872697,1.22,True,130,30,10,0.2,0.6,0.30000000000000004,0.08,0.16,0.18,0.33,COMPLETE
736,0.08194924860295047,2026-03-11 12:42:42.434905,2026-03-11 12:42:44.330346,0 days 00:00:01.895441,1.21,True,130,29,10,0.15000000000000002,0.6,0.30000000000000004,0.08,0.16,0.14,0.33,COMPLETE
737,0.04192380040144591,2026-03-11 12:42:44.330346,2026-03-11 12:42:46.085158,0 days 00:00:01.754812,1.22,True,80,31,10,0.2,0.3,0.30000000000000004,0.07,0.16999999999999998,0.17,0.33,COMPLETE
738,0.02621660923442873,2026-03-11 12:42:46.085158,2026-03-11 12:42:47.851675,0 days 00:00:01.766517,1.21,True,120,33,10,0.2,0.6,0.30000000000000004,0.08,0.15,0.18,0.33,COMPLETE
739,0.03127459325687981,2026-03-11 12:42:47.851675,2026-03-11 12:42:49.833929,0 days 00:00:01.982254,1.22,True,150,30,10,0.2,0.5,0.30000000000000004,0.08,0.16,0.18,0.33,COMPLETE
740,0.0513560968230443,2026-03-11 12:42:49.833929,2026-03-11 12:42:51.714897,0 days 00:00:01.880968,1.22,True,130,28,10,0.15000000000000002,0.6,0.30000000000000004,0.08,0.16999999999999998,0.18,0.33,COMPLETE
741,0.020781803631133546,2026-03-11 12:42:51.714897,2026-03-11 12:42:53.714727,0 days 00:00:01.999830,1.1600000000000001,True,140,29,10,0.2,0.6,0.30000000000000004,0.08,0.16,0.15000000000000002,0.2,COMPLETE
742,0.06810039457029901,2026-03-11 12:42:53.714727,2026-03-11 12:42:55.610943,0 days 00:00:01.896216,1.22,True,130,31,7,0.2,0.6,0.30000000000000004,0.08,0.16,0.19,0.33,COMPLETE
743,0.05942039148840286,2026-03-11 12:42:55.610943,2026-03-11 12:42:57.371328,0 days 00:00:01.760385,1.22,True,130,30,10,0.2,0.6,0.30000000000000004,0.06,0.15,0.11,0.33,COMPLETE
744,0.042018751351354994,2026-03-11 12:42:57.371328,2026-03-11 12:42:59.212227,0 days 00:00:01.840899,1.21,False,130,28,10,,,0.30000000000000004,0.08,0.16,0.18,0.33,COMPLETE
745,0.11476417990255756,2026-03-11 12:42:59.212227,2026-03-11 12:43:00.841408,0 days 00:00:01.629181,1.21,True,130,30,10,0.2,0.6,0.30000000000000004,0.08,0.16,0.17,0.33,COMPLETE
746,0.025208315228724094,2026-03-11 12:43:00.841408,2026-03-11 12:43:02.726219,0 days 00:00:01.884811,1.21,True,140,32,10,0.15000000000000002,0.6,0.30000000000000004,0.08,0.16999999999999998,0.17,0.33,COMPLETE
747,0.04787791054804666,2026-03-11 12:43:02.726219,2026-03-11 12:43:04.694520,0 days 00:00:01.968301,1.2,True,120,21,10,0.2,0.4,0.30000000000000004,0.08,0.15,0.17,0.33,COMPLETE
748,0.006857728669401484,2026-03-11 12:43:04.694520,2026-03-11 12:43:06.339341,0 days 00:00:01.644821,1.21,True,130,45,10,0.2,0.6,0.30000000000000004,0.08,0.16999999999999998,0.17,0.33,COMPLETE
749,0.08401780853170902,2026-03-11 12:43:06.339341,2026-03-11 12:43:08.084138,0 days 00:00:01.744797,1.21,True,130,31,10,0.2,0.6,0.25,0.08,0.16,0.17,0.33,COMPLETE
750,0.09506047391675243,2026-03-11 12:43:08.084138,2026-03-11 12:43:09.794019,0 days 00:00:01.709881,1.21,True,130,30,10,0.15000000000000002,0.6,0.30000000000000004,0.08,0.16,0.16,0.25,COMPLETE
751,0.08031768329823827,2026-03-11 12:43:09.795026,2026-03-11 12:43:11.592569,0 days 00:00:01.797543,1.2,True,130,29,10,0.15000000000000002,0.6,0.30000000000000004,0.08,0.16,0.16,0.25,COMPLETE
752,0.05202392159016226,2026-03-11 12:43:11.592569,2026-03-11 12:43:13.406225,0 days 00:00:01.813656,1.21,True,100,26,10,0.15000000000000002,0.6,0.30000000000000004,0.08,0.15,0.16,0.25,COMPLETE
753,0.09657243162393446,2026-03-11 12:43:13.407225,2026-03-11 12:43:15.178416,0 days 00:00:01.771191,1.2,True,130,30,10,0.15000000000000002,0.6,0.30000000000000004,0.08,0.16,0.16,0.25,COMPLETE
754,0.08031768329823827,2026-03-11 12:43:15.178416,2026-03-11 12:43:17.035555,0 days 00:00:01.857139,1.2,True,130,29,10,0.15000000000000002,0.6,0.35,0.08,0.16,0.16,0.25,COMPLETE
755,0.03731869046720046,2026-03-11 12:43:17.035555,2026-03-11 12:43:18.802292,0 days 00:00:01.766737,1.2,True,140,30,10,0.15000000000000002,0.6,0.30000000000000004,0.08,0.16,0.16,0.25,COMPLETE
756,0.07228742411110088,2026-03-11 12:43:18.802292,2026-03-11 12:43:20.599355,0 days 00:00:01.797063,1.21,True,130,31,10,0.15000000000000002,0.6,0.30000000000000004,0.08,0.16999999999999998,0.16,0.25,COMPLETE
757,0.09506047391675243,2026-03-11 12:43:20.599355,2026-03-11 12:43:22.418437,0 days 00:00:01.819082,1.21,True,130,30,10,0.15000000000000002,0.6,0.30000000000000004,0.08,0.16,0.17,0.25,COMPLETE
758,0.02550604912168467,2026-03-11 12:43:22.418437,2026-03-11 12:43:24.303514,0 days 00:00:01.885077,1.2,True,130,33,10,0.15000000000000002,0.6,0.30000000000000004,0.08,0.15,0.16,0.25,COMPLETE
759,0.08931522573078508,2026-03-11 12:43:24.303514,2026-03-11 12:43:26.170654,0 days 00:00:01.867140,1.2,True,130,30,10,0.15000000000000002,0.3,0.30000000000000004,0.08,0.16999999999999998,0.16,0.25,COMPLETE
760,0.0622420853770728,2026-03-11 12:43:26.170654,2026-03-11 12:43:27.854649,0 days 00:00:01.683995,1.21,True,120,31,9,0.15000000000000002,0.6,0.30000000000000004,0.08,0.16,0.17,0.25,COMPLETE
761,0.05728840222421628,2026-03-11 12:43:27.854649,2026-03-11 12:43:29.619387,0 days 00:00:01.764738,1.21,True,130,29,9,0.15000000000000002,0.6,0.30000000000000004,0.08,0.15,0.17,0.25,COMPLETE
762,0.05333647466348612,2026-03-11 12:43:29.619387,2026-03-11 12:43:31.415201,0 days 00:00:01.795814,1.21,True,130,32,10,0.15000000000000002,0.6,0.30000000000000004,0.08,0.16,0.17,0.25,COMPLETE
763,0.05739789803695319,2026-03-11 12:43:31.415201,2026-03-11 12:43:33.253108,0 days 00:00:01.837907,1.21,True,130,27,10,0.15000000000000002,0.6,0.30000000000000004,0.08,0.16,0.17,0.25,COMPLETE
764,0.029845493787239292,2026-03-11 12:43:33.253108,2026-03-11 12:43:35.082818,0 days 00:00:01.829710,1.2,True,140,28,10,0.15000000000000002,0.6,0.30000000000000004,0.08,0.16999999999999998,0.16,0.25,COMPLETE
765,0.05529619507160992,2026-03-11 12:43:35.082818,2026-03-11 12:43:36.741081,0 days 00:00:01.658263,1.21,True,120,32,10,0.15000000000000002,0.6,0.30000000000000004,0.08,0.18,0.16,0.25,COMPLETE
766,0.0784520951775713,2026-03-11 12:43:36.741081,2026-03-11 12:43:38.597091,0 days 00:00:01.856010,1.21,True,130,30,10,0.15000000000000002,0.6,0.30000000000000004,0.08,0.15,0.17,0.25,COMPLETE
767,0.03850922937664825,2026-03-11 12:43:38.597091,2026-03-11 12:43:40.353619,0 days 00:00:01.756528,1.2,True,130,29,10,0.15000000000000002,0.6,0.30000000000000004,0.08,0.24,0.17,0.2,COMPLETE
768,0.012245044081199868,2026-03-11 12:43:40.353619,2026-03-11 12:43:42.057726,0 days 00:00:01.704107,1.21,False,130,30,10,,,0.30000000000000004,0.08,0.28,0.16,0.25,COMPLETE
769,0.06631257174124353,2026-03-11 12:43:42.057726,2026-03-11 12:43:43.907583,0 days 00:00:01.849857,1.21,True,130,31,10,0.15000000000000002,0.6,0.4,0.08,0.18,0.17,0.25,COMPLETE
770,0.055576180746412636,2026-03-11 12:43:43.907583,2026-03-11 12:43:45.686961,0 days 00:00:01.779378,1.21,True,130,28,10,0.15000000000000002,0.4,0.25,0.08,0.16,0.17,0.25,COMPLETE
771,0.041213792536369385,2026-03-11 12:43:45.686961,2026-03-11 12:43:47.639153,0 days 00:00:01.952192,1.21,True,140,30,10,0.15000000000000002,0.6,0.30000000000000004,0.08,0.16,0.16,0.25,COMPLETE
772,0.07579037262944582,2026-03-11 12:43:47.639153,2026-03-11 12:43:49.534298,0 days 00:00:01.895145,1.21,True,130,31,10,0.15000000000000002,0.6,0.30000000000000004,0.07,0.16,0.17,0.25,COMPLETE
773,0.06489927922116893,2026-03-11 12:43:49.534298,2026-03-11 12:43:51.312345,0 days 00:00:01.778047,1.2,True,120,29,10,0.15000000000000002,0.6,0.30000000000000004,0.08,0.16999999999999998,0.17,0.25,COMPLETE
774,0.03431579485477526,2026-03-11 12:43:51.312345,2026-03-11 12:43:53.333380,0 days 00:00:02.021035,1.21,True,130,32,10,0.15000000000000002,0.6,0.30000000000000004,0.08,0.15,0.17,0.25,COMPLETE
775,0.05723432461925355,2026-03-11 12:43:53.333895,2026-03-11 12:43:55.305065,0 days 00:00:01.971170,1.21,True,60,29,10,0.15000000000000002,0.6,0.30000000000000004,0.08,0.16,0.16,0.25,COMPLETE
776,0.060308250854921565,2026-03-11 12:43:55.305065,2026-03-11 12:43:57.138275,0 days 00:00:01.833210,1.19,True,120,30,10,0.15000000000000002,0.6,0.30000000000000004,0.08,0.16999999999999998,0.15000000000000002,0.25,COMPLETE
777,0.09208230501570461,2026-03-11 12:43:57.138275,2026-03-11 12:43:58.957070,0 days 00:00:01.818795,1.22,True,130,30,10,0.15000000000000002,0.6,0.30000000000000004,0.08,0.16,0.17,0.25,COMPLETE
778,0.05449517213571979,2026-03-11 12:43:58.957070,2026-03-11 12:44:00.628933,0 days 00:00:01.671863,1.22,True,130,31,10,0.15000000000000002,0.6,0.30000000000000004,0.08,0.15,0.17,0.25,COMPLETE
779,0.04725347529909848,2026-03-11 12:44:00.628933,2026-03-11 12:44:02.494919,0 days 00:00:01.865986,1.2,True,130,29,10,0.15000000000000002,0.6,0.30000000000000004,0.05,0.16999999999999998,0.17,0.25,COMPLETE
780,0.014985060170531084,2026-03-11 12:44:02.494919,2026-03-11 12:44:04.193945,0 days 00:00:01.699026,1.21,True,140,31,10,0.15000000000000002,0.5,0.30000000000000004,0.08,0.22,0.15000000000000002,0.25,COMPLETE
781,0.03224443988421258,2026-03-11 12:44:04.193945,2026-03-11 12:44:05.912396,0 days 00:00:01.718451,1.22,True,110,28,10,0.15000000000000002,0.6,0.30000000000000004,0.08,0.32999999999999996,0.15000000000000002,0.25,COMPLETE
782,0.09208230501570461,2026-03-11 12:44:05.912396,2026-03-11 12:44:07.712991,0 days 00:00:01.800595,1.22,True,130,30,10,0.15000000000000002,0.6,0.30000000000000004,0.08,0.16,0.17,0.25,COMPLETE
783,0.07447818867242365,2026-03-11 12:44:07.712991,2026-03-11 12:44:09.495983,0 days 00:00:01.782992,1.22,True,130,31,10,0.15000000000000002,0.6,0.30000000000000004,0.08,0.16,0.16,0.25,COMPLETE
784,0.007269825799556707,2026-03-11 12:44:09.495983,2026-03-11 12:44:11.474573,0 days 00:00:01.978590,1.2,True,120,13,10,0.15000000000000002,0.3,0.30000000000000004,0.08,0.15,0.17,0.25,COMPLETE
785,0.039854021329231874,2026-03-11 12:44:11.474573,2026-03-11 12:44:13.234619,0 days 00:00:01.760046,1.21,False,130,29,10,,,0.30000000000000004,0.08,0.16999999999999998,0.17,0.25,COMPLETE
786,0.05317411632112438,2026-03-11 12:44:13.234619,2026-03-11 12:44:15.025601,0 days 00:00:01.790982,1.22,True,130,28,10,0.15000000000000002,0.6,0.30000000000000004,0.08,0.16,0.17,0.25,COMPLETE
787,0.03766437470444137,2026-03-11 12:44:15.025601,2026-03-11 12:44:16.984886,0 days 00:00:01.959285,1.22,True,140,32,10,0.15000000000000002,0.6,0.30000000000000004,0.08,0.16,0.16,0.25,COMPLETE
788,0.0784520951775713,2026-03-11 12:44:16.984886,2026-03-11 12:44:18.811353,0 days 00:00:01.826467,1.21,True,130,30,10,0.15000000000000002,0.6,0.30000000000000004,0.08,0.15,0.17,0.25,COMPLETE
789,0.07497517455690016,2026-03-11 12:44:18.811353,2026-03-11 12:44:20.583577,0 days 00:00:01.772224,1.22,True,130,31,10,0.15000000000000002,0.5,0.30000000000000004,0.08,0.16,0.15000000000000002,0.25,COMPLETE
790,0.032618807467237276,2026-03-11 12:44:20.583577,2026-03-11 12:44:22.438719,0 days 00:00:01.855142,1.21,True,140,29,10,0.15000000000000002,0.6,0.30000000000000004,0.08,0.16999999999999998,0.16,0.25,COMPLETE
791,0.017845291491552073,2026-03-11 12:44:22.438719,2026-03-11 12:44:24.485702,0 days 00:00:02.046983,1.22,True,120,10,9,0.15000000000000002,0.6,0.30000000000000004,0.08,0.16,0.17,0.2,COMPLETE
792,0.04692096033633573,2026-03-11 12:44:24.485702,2026-03-11 12:44:26.375726,0 days 00:00:01.890024,1.2,True,130,30,9,0.15000000000000002,0.6,0.30000000000000004,0.08,0.15,0.14,0.25,COMPLETE
793,0.06506907333288972,2026-03-11 12:44:26.375726,2026-03-11 12:44:28.150060,0 days 00:00:01.774334,1.22,True,130,30,8,0.15000000000000002,0.6,0.30000000000000004,0.08,0.16,0.17,0.25,COMPLETE
794,0.08654193688137646,2026-03-11 12:44:28.150060,2026-03-11 12:44:29.973796,0 days 00:00:01.823736,1.22,True,130,30,10,0.15000000000000002,0.6,0.35,0.08,0.16999999999999998,0.15000000000000002,0.25,COMPLETE
795,0.04278882778010883,2026-03-11 12:44:29.973796,2026-03-11 12:44:32.006303,0 days 00:00:02.032507,1.22,True,130,35,10,0.15000000000000002,0.6,0.30000000000000004,0.08,0.16,0.14,0.25,COMPLETE
796,0.03431579485477526,2026-03-11 12:44:32.006303,2026-03-11 12:44:33.710933,0 days 00:00:01.704630,1.21,True,130,32,10,0.15000000000000002,0.6,0.30000000000000004,0.08,0.15,0.15000000000000002,0.25,COMPLETE
797,0.06549268194068283,2026-03-11 12:44:33.710933,2026-03-11 12:44:35.462593,0 days 00:00:01.751660,1.22,True,130,29,10,0.1,0.6,0.30000000000000004,0.08,0.16999999999999998,0.17,0.25,COMPLETE
798,0.06277132965921527,2026-03-11 12:44:35.462593,2026-03-11 12:44:37.233565,0 days 00:00:01.770972,1.2,True,130,27,10,0.15000000000000002,0.6,0.30000000000000004,0.08,0.16,0.16,0.25,COMPLETE
799,0.0354192758794613,2026-03-11 12:44:37.233565,2026-03-11 12:44:39.202730,0 days 00:00:01.969165,1.21,True,140,31,10,0.15000000000000002,0.6,0.30000000000000004,0.08,0.16,0.17,0.25,COMPLETE
800,0.06141306881593624,2026-03-11 12:44:39.202730,2026-03-11 12:44:41.087048,0 days 00:00:01.884318,1.22,True,130,29,10,0.15000000000000002,0.6,0.30000000000000004,0.08,0.15,0.17,0.33,COMPLETE
801,0.041153267694442865,2026-03-11 12:44:41.087048,2026-03-11 12:44:42.749790,0 days 00:00:01.662742,1.22,True,120,33,10,0.15000000000000002,0.4,0.30000000000000004,0.08,0.16,0.17,0.33,COMPLETE
802,0.05746338075765388,2026-03-11 12:44:42.749790,2026-03-11 12:44:44.611314,0 days 00:00:01.861524,1.19,True,130,28,10,0.15000000000000002,0.6,0.30000000000000004,0.08,0.32,0.16,0.33,COMPLETE
803,0.009342353364643284,2026-03-11 12:44:44.611314,2026-03-11 12:44:46.351336,0 days 00:00:01.740022,1.21,True,140,40,10,0.15000000000000002,0.6,0.30000000000000004,0.08,0.22999999999999998,0.14,0.33,COMPLETE
804,0.03770863593968882,2026-03-11 12:44:46.351336,2026-03-11 12:44:48.097688,0 days 00:00:01.746352,1.22,False,130,31,10,,,0.30000000000000004,0.08,0.16999999999999998,0.15000000000000002,0.33,COMPLETE
805,0.03548062296794419,2026-03-11 12:44:48.097688,2026-03-11 12:44:49.849282,0 days 00:00:01.751594,1.22,True,130,29,10,0.15000000000000002,0.6,0.30000000000000004,0.08,0.27,0.17,0.33,COMPLETE
806,0.07632392969708411,2026-03-11 12:44:49.849282,2026-03-11 12:44:51.467423,0 days 00:00:01.618141,1.21,True,120,31,10,0.15000000000000002,0.6,0.30000000000000004,0.08,0.16,0.17,0.25,COMPLETE
807,0.06150993503856987,2026-03-11 12:44:51.467423,2026-03-11 12:44:53.335468,0 days 00:00:01.868045,1.22,True,130,30,10,0.15000000000000002,0.3,0.45,0.08,0.15,0.15000000000000002,0.33,COMPLETE
808,0.04616722048814794,2026-03-11 12:44:53.335468,2026-03-11 12:44:55.583775,0 days 00:00:02.248307,1.21,True,130,32,10,0.15000000000000002,0.6,0.30000000000000004,0.08,0.3,0.13,0.33,COMPLETE
809,0.07697609518223976,2026-03-11 12:44:55.583775,2026-03-11 12:44:57.523633,0 days 00:00:01.939858,1.21,True,130,31,10,0.15000000000000002,0.6,0.30000000000000004,0.08,0.16,0.17,0.33,COMPLETE
810,0.0357185040011787,2026-03-11 12:44:57.523633,2026-03-11 12:44:59.371166,0 days 00:00:01.847533,1.2,True,140,30,10,0.15000000000000002,0.6,0.25,0.08,0.16999999999999998,0.14,0.33,COMPLETE
811,0.08192224221538995,2026-03-11 12:44:59.371166,2026-03-11 12:45:01.179121,0 days 00:00:01.807955,1.22,True,130,30,10,0.1,0.6,0.30000000000000004,0.08,0.16,0.16,0.33,COMPLETE
812,0.029357385266278194,2026-03-11 12:45:01.179121,2026-03-11 12:45:03.145370,0 days 00:00:01.966249,1.22,True,120,29,10,0.15000000000000002,0.6,0.30000000000000004,0.07,0.15,0.17,0.2,COMPLETE
813,0.04964257354150273,2026-03-11 12:45:03.145370,2026-03-11 12:45:04.990750,0 days 00:00:01.845380,1.23,True,130,32,10,0.15000000000000002,0.6,0.30000000000000004,0.08,0.29000000000000004,0.12000000000000001,0.33,COMPLETE
814,0.06980799960164616,2026-03-11 12:45:04.990750,2026-03-11 12:45:07.011868,0 days 00:00:02.021118,1.23,True,130,29,10,0.15000000000000002,0.6,0.30000000000000004,0.08,0.16,0.16,0.33,COMPLETE
815,0.05596411251821712,2026-03-11 12:45:07.011868,2026-03-11 12:45:08.899290,0 days 00:00:01.887422,1.22,True,130,27,10,0.15000000000000002,0.6,0.30000000000000004,0.08,0.16,0.17,0.25,COMPLETE
816,0.02585675986305011,2026-03-11 12:45:08.899290,2026-03-11 12:45:10.914209,0 days 00:00:02.014919,1.23,True,140,28,10,0.15000000000000002,0.6,0.30000000000000004,0.08,0.16999999999999998,0.15000000000000002,0.33,COMPLETE
817,0.0630292411818613,2026-03-11 12:45:10.914209,2026-03-11 12:45:12.889467,0 days 00:00:01.975258,1.21,True,130,30,6,0.15000000000000002,0.6,0.30000000000000004,0.08,0.16999999999999998,0.17,0.33,COMPLETE
818,0.07071342910718395,2026-03-11 12:45:12.889467,2026-03-11 12:45:14.690459,0 days 00:00:01.800992,1.22,True,130,30,10,0.15000000000000002,0.6,0.30000000000000004,0.08,0.15,0.17,0.33,COMPLETE
819,0.07213026569269242,2026-03-11 12:45:14.690459,2026-03-11 12:45:16.573681,0 days 00:00:01.883222,1.23,True,130,31,10,0.15000000000000002,0.6,0.30000000000000004,0.08,0.16,0.17,0.33,COMPLETE
820,0.06980799960164616,2026-03-11 12:45:16.573681,2026-03-11 12:45:18.522019,0 days 00:00:01.948338,1.23,True,130,29,10,0.15000000000000002,0.6,0.25,0.08,0.16,0.16,0.33,COMPLETE
821,0.04570009144230914,2026-03-11 12:45:18.522019,2026-03-11 12:45:20.413094,0 days 00:00:01.891075,1.22,True,120,31,10,0.2,0.6,0.30000000000000004,0.08,0.15,0.15000000000000002,0.25,COMPLETE
822,0.06426584261015444,2026-03-11 12:45:20.413094,2026-03-11 12:45:22.296264,0 days 00:00:01.883170,1.17,True,130,28,4,0.2,0.6,0.30000000000000004,0.08,0.16999999999999998,0.14,0.33,COMPLETE
823,0.04638788304276771,2026-03-11 12:45:22.296264,2026-03-11 12:45:24.316498,0 days 00:00:02.020234,1.23,False,120,30,10,,,0.30000000000000004,0.08,0.16,0.17,0.33,COMPLETE
824,0.0803597820005711,2026-03-11 12:45:24.316498,2026-03-11 12:45:26.296883,0 days 00:00:01.980385,1.2,True,130,30,9,0.15000000000000002,0.6,0.30000000000000004,0.08,0.16,0.16,0.33,COMPLETE
825,0.020550508071311712,2026-03-11 12:45:26.296883,2026-03-11 12:45:28.160651,0 days 00:00:01.863768,1.21,True,130,33,10,0.2,0.4,0.30000000000000004,0.04,0.16999999999999998,0.14,0.33,COMPLETE
826,0.030007691726667843,2026-03-11 12:45:28.160651,2026-03-11 12:45:30.185304,0 days 00:00:02.024653,1.22,True,140,29,10,0.2,0.6,0.30000000000000004,0.08,0.15,0.17,0.33,COMPLETE
827,0.07795203982338221,2026-03-11 12:45:30.185304,2026-03-11 12:45:32.063472,0 days 00:00:01.878168,1.23,True,130,32,10,0.2,0.5,0.30000000000000004,0.08,0.16,0.13,0.33,COMPLETE
828,0.03370172984481506,2026-03-11 12:45:32.063472,2026-03-11 12:45:33.935585,0 days 00:00:01.872113,1.22,True,140,31,10,0.1,0.6,0.30000000000000004,0.08,0.15,0.15000000000000002,0.33,COMPLETE
829,0.05705288150516033,2026-03-11 12:45:33.935585,2026-03-11 12:45:35.865329,0 days 00:00:01.929744,1.21,True,130,28,9,0.15000000000000002,0.6,0.30000000000000004,0.08,0.16999999999999998,0.17,0.25,COMPLETE
830,,2026-03-11 12:45:35.865329,2026-03-11 12:45:35.871836,0 days 00:00:00.006507,,,30,31,10,,,,,,,,PRUNED
831,0.05352775329030153,2026-03-11 12:45:35.871836,2026-03-11 12:45:37.661622,0 days 00:00:01.789786,1.23,True,120,29,10,0.2,0.6,0.30000000000000004,0.08,0.16,0.16,0.33,COMPLETE
832,0.08534407447467944,2026-03-11 12:45:37.661622,2026-03-11 12:45:39.441859,0 days 00:00:01.780237,1.1800000000000002,True,130,30,10,0.15000000000000002,0.6,0.30000000000000004,0.08,0.16,0.17,0.33,COMPLETE
833,0.06047860323089599,2026-03-11 12:45:39.441859,2026-03-11 12:45:41.170905,0 days 00:00:01.729046,1.23,True,130,31,10,0.2,0.6,0.30000000000000004,0.08,0.16,0.14,0.2,COMPLETE
834,0.08497425041781317,2026-03-11 12:45:41.170905,2026-03-11 12:45:42.899410,0 days 00:00:01.728505,1.23,True,130,30,10,0.2,0.6,0.30000000000000004,0.08,0.16999999999999998,0.17,0.33,COMPLETE
835,0.06996443522303451,2026-03-11 12:45:42.899410,2026-03-11 12:45:44.886027,0 days 00:00:01.986617,1.21,True,130,29,10,0.15000000000000002,0.6,0.30000000000000004,0.08,0.15,0.15000000000000002,0.33,COMPLETE
836,0.07138450429229481,2026-03-11 12:45:44.886027,2026-03-11 12:45:46.834178,0 days 00:00:01.948151,1.22,True,130,31,10,0.2,0.6,0.30000000000000004,0.08,0.16,0.18,0.25,COMPLETE
837,0.05823841043610834,2026-03-11 12:45:46.834178,2026-03-11 12:45:48.671112,0 days 00:00:01.836934,1.19,True,120,29,10,0.2,0.3,0.35,0.08,0.18,0.18,0.33,COMPLETE
838,0.008323165837967,2026-03-11 12:45:48.671112,2026-03-11 12:45:50.564316,0 days 00:00:01.893204,1.22,True,140,49,10,0.15000000000000002,0.6,0.30000000000000004,0.06,0.18,0.18,0.33,COMPLETE
839,0.034766593052639426,2026-03-11 12:45:50.564316,2026-03-11 12:45:52.186201,0 days 00:00:01.621885,1.06,True,130,30,10,0.2,0.6,0.30000000000000004,0.08,0.16,0.17,0.33,COMPLETE
840,0.09366918755450368,2026-03-11 12:45:52.186201,2026-03-11 12:45:54.215773,0 days 00:00:02.029572,1.23,True,130,32,10,0.15000000000000002,0.6,0.30000000000000004,0.08,0.16999999999999998,0.18,0.33,COMPLETE
841,0.060257522980909604,2026-03-11 12:45:54.215773,2026-03-11 12:45:56.210561,0 days 00:00:01.994788,1.23,True,130,30,10,0.2,0.6,0.30000000000000004,0.08,0.15,0.18,0.33,COMPLETE
842,0.062433420508701105,2026-03-11 12:45:56.210561,2026-03-11 12:45:58.111101,0 days 00:00:01.900540,1.21,True,130,28,10,0.2,0.6,0.30000000000000004,0.08,0.16,0.11,0.25,COMPLETE
843,0.02240528840176871,2026-03-11 12:45:58.111101,2026-03-11 12:45:59.972165,0 days 00:00:01.861064,1.22,False,130,34,10,,,0.30000000000000004,0.05,0.16,0.15000000000000002,0.33,COMPLETE
844,0.0633814293015618,2026-03-11 12:45:59.972165,2026-03-11 12:46:01.897956,0 days 00:00:01.925791,1.22,True,130,30,10,0.2,0.6,0.30000000000000004,0.08,0.15,0.18,0.33,COMPLETE
845,0.043462842305714074,2026-03-11 12:46:01.897956,2026-03-11 12:46:03.804580,0 days 00:00:01.906624,1.23,True,140,29,5,0.15000000000000002,0.6,0.30000000000000004,0.08,0.16999999999999998,0.16,0.33,COMPLETE
846,0.05799426035212982,2026-03-11 12:46:03.805578,2026-03-11 12:46:05.774168,0 days 00:00:01.968590,1.22,True,100,32,10,0.2,0.4,0.30000000000000004,0.08,0.16,0.18,0.33,COMPLETE
847,0.06855163220662604,2026-03-11 12:46:05.774168,2026-03-11 12:46:07.599991,0 days 00:00:01.825823,1.2,True,70,28,10,0.15000000000000002,0.6,0.30000000000000004,0.08,0.16,0.17,0.33,COMPLETE
848,0.030735605731889857,2026-03-11 12:46:07.599991,2026-03-11 12:46:09.508455,0 days 00:00:01.908464,1.23,True,150,31,7,0.2,0.6,0.30000000000000004,0.08,0.16,0.18,0.33,COMPLETE
849,0.05465780324950569,2026-03-11 12:46:09.508455,2026-03-11 12:46:11.448691,0 days 00:00:01.940236,1.21,True,120,30,10,0.2,0.6,0.30000000000000004,0.08,0.15,0.1,0.25,COMPLETE
850,0.07213026569269242,2026-03-11 12:46:11.448691,2026-03-11 12:46:13.389508,0 days 00:00:01.940817,1.23,True,130,31,10,0.15000000000000002,0.6,0.30000000000000004,0.08,0.16,0.19,0.33,COMPLETE
851,0.06277888811582899,2026-03-11 12:46:13.389508,2026-03-11 12:46:15.208328,0 days 00:00:01.818820,1.23,True,130,29,10,0.2,0.3,0.30000000000000004,0.08,0.16999999999999998,0.18,0.33,COMPLETE
852,0.051810606676619526,2026-03-11 12:46:15.208328,2026-03-11 12:46:17.175436,0 days 00:00:01.967108,1.22,True,130,29,10,0.15000000000000002,0.6,0.30000000000000004,0.07,0.15,0.17,0.33,COMPLETE
853,0.02893295885793826,2026-03-11 12:46:17.175436,2026-03-11 12:46:18.944925,0 days 00:00:01.769489,1.1500000000000001,True,130,31,10,0.2,0.6,0.30000000000000004,0.08,0.16,0.15000000000000002,0.33,COMPLETE
854,0.07284257866341654,2026-03-11 12:46:18.944925,2026-03-11 12:46:20.823558,0 days 00:00:01.878633,1.23,True,130,30,9,0.15000000000000002,0.6,0.30000000000000004,0.08,0.16,0.17,0.33,COMPLETE
855,0.052404777478033966,2026-03-11 12:46:20.823558,2026-03-11 12:46:22.454941,0 days 00:00:01.631383,1.2,True,50,32,10,0.2,0.6,0.30000000000000004,0.08,0.16999999999999998,0.18,0.2,COMPLETE
856,0.02893836798367297,2026-03-11 12:46:22.454941,2026-03-11 12:46:24.421543,0 days 00:00:01.966602,1.22,True,140,33,10,0.2,0.6,0.30000000000000004,0.08,0.16,0.16,0.25,COMPLETE
857,0.058867235986698505,2026-03-11 12:46:24.421543,2026-03-11 12:46:26.341317,0 days 00:00:01.919774,1.21,True,120,30,10,0.15000000000000002,0.6,0.30000000000000004,0.08,0.15,0.18,0.33,COMPLETE
858,0.046366086850424315,2026-03-11 12:46:26.341317,2026-03-11 12:46:28.241299,0 days 00:00:01.899982,1.23,True,140,27,10,0.2,0.6,0.30000000000000004,0.08,0.16999999999999998,0.18,0.33,COMPLETE
859,0.07374427220351519,2026-03-11 12:46:28.241299,2026-03-11 12:46:30.057899,0 days 00:00:01.816600,1.22,True,130,29,10,0.15000000000000002,0.6,0.30000000000000004,0.08,0.16,0.17,0.33,COMPLETE
860,0.027610520715282322,2026-03-11 12:46:30.057899,2026-03-11 12:46:31.946316,0 days 00:00:01.888417,1.09,True,130,28,10,0.2,0.5,0.30000000000000004,0.08,0.15,0.18,0.33,COMPLETE
861,0.04666783959106214,2026-03-11 12:46:31.946316,2026-03-11 12:46:33.756278,0 days 00:00:01.809962,1.23,False,130,30,10,,,0.35,0.08,0.16,0.14,0.33,COMPLETE
862,0.06211584226069185,2026-03-11 12:46:33.756278,2026-03-11 12:46:35.660858,0 days 00:00:01.904580,1.22,True,120,31,10,0.2,0.6,0.30000000000000004,0.08,0.16,0.18,0.33,COMPLETE
863,0.06842206327862098,2026-03-11 12:46:35.660858,2026-03-11 12:46:37.426033,0 days 00:00:01.765175,1.21,True,130,31,10,0.2,0.6,0.30000000000000004,0.08,0.16999999999999998,0.19,0.25,COMPLETE
864,0.06312177676701555,2026-03-11 12:46:37.426033,2026-03-11 12:46:39.221141,0 days 00:00:01.795108,1.23,True,130,32,10,0.15000000000000002,0.6,0.30000000000000004,0.08,0.21,0.14,0.33,COMPLETE
865,0.07427037561715624,2026-03-11 12:46:39.221141,2026-03-11 12:46:40.983304,0 days 00:00:01.762163,1.2,True,130,28,10,0.2,0.6,0.30000000000000004,0.08,0.16,0.18,0.33,COMPLETE
866,0.03477453160557882,2026-03-11 12:46:40.983304,2026-03-11 12:46:42.926479,0 days 00:00:01.943175,1.22,True,120,29,10,0.2,0.6,0.30000000000000004,0.08,0.15,0.13,0.33,COMPLETE
867,0.08023306010169247,2026-03-11 12:46:42.926479,2026-03-11 12:46:44.772594,0 days 00:00:01.846115,1.23,True,130,30,10,0.15000000000000002,0.4,0.30000000000000004,0.07,0.16999999999999998,0.17,0.33,COMPLETE
868,0.02515696742841969,2026-03-11 12:46:44.772594,2026-03-11 12:46:46.736131,0 days 00:00:01.963537,1.21,True,130,29,10,0.15000000000000002,0.6,0.30000000000000004,0.03,0.16,0.15000000000000002,0.33,COMPLETE
869,0.037170093424068594,2026-03-11 12:46:46.736131,2026-03-11 12:46:48.523040,0 days 00:00:01.786909,1.22,True,140,31,10,0.2,0.6,0.30000000000000004,0.08,0.16,0.18,0.25,COMPLETE
870,0.056049977802865865,2026-03-11 12:46:48.523040,2026-03-11 12:46:50.547101,0 days 00:00:02.024061,1.23,True,130,30,9,0.2,0.6,0.30000000000000004,0.08,0.15,0.17,0.33,COMPLETE
871,0.012897566950833883,2026-03-11 12:46:50.547101,2026-03-11 12:46:52.555909,0 days 00:00:02.008808,1.23,True,130,17,10,0.15000000000000002,0.6,0.30000000000000004,0.08,0.16999999999999998,0.18,0.33,COMPLETE
872,0.08227204577862977,2026-03-11 12:46:52.555909,2026-03-11 12:46:54.688842,0 days 00:00:02.132933,1.21,True,130,31,10,0.2,0.6,0.30000000000000004,0.08,0.16,0.17,0.33,COMPLETE
873,0.03455593494274681,2026-03-11 12:46:54.688842,2026-03-11 12:46:56.607365,0 days 00:00:01.918523,1.23,True,140,30,10,0.15000000000000002,0.6,0.30000000000000004,0.08,0.15,0.18,0.33,COMPLETE
874,0.0430347263005344,2026-03-11 12:46:56.607365,2026-03-11 12:46:58.442557,0 days 00:00:01.835192,1.22,True,120,28,10,0.2,0.6,0.25,0.08,0.16999999999999998,0.16,0.33,COMPLETE
875,0.06761896783039732,2026-03-11 12:46:58.442557,2026-03-11 12:47:00.289664,0 days 00:00:01.847107,1.23,True,130,32,10,0.15000000000000002,0.5,0.30000000000000004,0.08,0.16,0.18,0.25,COMPLETE
876,0.07881809171099952,2026-03-11 12:47:00.289664,2026-03-11 12:47:02.246014,0 days 00:00:01.956350,1.22,True,130,29,10,0.2,0.6,0.30000000000000004,0.08,0.16,0.18,0.33,COMPLETE
877,0.08934000022748416,2026-03-11 12:47:02.246014,2026-03-11 12:47:04.129609,0 days 00:00:01.883595,1.21,True,130,30,10,0.2,0.6,0.30000000000000004,0.08,0.16,0.15000000000000002,0.2,COMPLETE
878,0.06085165703730789,2026-03-11 12:47:04.129609,2026-03-11 12:47:05.665488,0 days 00:00:01.535879,1.05,True,130,29,10,0.1,0.6,0.30000000000000004,0.08,0.15,0.18,0.33,COMPLETE
879,0.08104631929442731,2026-03-11 12:47:05.665488,2026-03-11 12:47:07.445524,0 days 00:00:01.780036,1.22,True,130,31,10,0.15000000000000002,0.6,0.30000000000000004,0.06,0.16999999999999998,0.17,0.33,COMPLETE
880,0.027593213870739732,2026-03-11 12:47:07.445524,2026-03-11 12:47:09.468693,0 days 00:00:02.023169,1.23,False,130,26,10,,,0.30000000000000004,0.08,0.16,0.18,0.33,COMPLETE
881,0.03653982111578693,2026-03-11 12:47:09.468693,2026-03-11 12:47:11.437636,0 days 00:00:01.968943,1.23,True,140,30,10,0.2,0.6,0.30000000000000004,0.08,0.16999999999999998,0.19,0.33,COMPLETE
882,0.05770143603808609,2026-03-11 12:47:11.437636,2026-03-11 12:47:13.226728,0 days 00:00:01.789092,1.22,True,120,29,10,0.2,0.6,0.30000000000000004,0.08,0.16,0.16,0.33,COMPLETE
883,0.04563442659714573,2026-03-11 12:47:13.226728,2026-03-11 12:47:15.288241,0 days 00:00:02.061513,1.21,True,130,27,10,0.2,0.6,0.25,0.08,0.15,0.18,0.25,COMPLETE
884,0.031891523542081045,2026-03-11 12:47:15.288241,2026-03-11 12:47:16.915383,0 days 00:00:01.627142,1.07,True,130,32,10,0.15000000000000002,0.6,0.30000000000000004,0.08,0.16,0.18,0.33,COMPLETE
885,0.09740834471594215,2026-03-11 12:47:16.915383,2026-03-11 12:47:18.749160,0 days 00:00:01.833777,1.23,True,130,30,10,0.15000000000000002,0.6,0.30000000000000004,0.08,0.16,0.14,0.33,COMPLETE
886,0.05114708404467936,2026-03-11 12:47:18.749160,2026-03-11 12:47:20.709381,0 days 00:00:01.960221,1.23,True,130,31,10,0.15000000000000002,0.6,0.30000000000000004,0.08,0.18,0.14,0.33,COMPLETE
887,0.09740834471594215,2026-03-11 12:47:20.709381,2026-03-11 12:47:22.556488,0 days 00:00:01.847107,1.23,True,130,30,10,0.15000000000000002,0.6,0.30000000000000004,0.08,0.16,0.14,0.33,COMPLETE
888,0.037673275854489735,2026-03-11 12:47:22.556488,2026-03-11 12:47:24.529090,0 days 00:00:01.972602,1.23,True,130,28,8,0.15000000000000002,0.4,0.30000000000000004,0.08,0.15,0.14,0.33,COMPLETE
889,0.05919983845355709,2026-03-11 12:47:24.529090,2026-03-11 12:47:26.453901,0 days 00:00:01.924811,1.23,True,120,30,10,0.15000000000000002,0.3,0.30000000000000004,0.08,0.16999999999999998,0.14,0.33,COMPLETE
890,0.07029406260867412,2026-03-11 12:47:26.453901,2026-03-11 12:47:28.209901,0 days 00:00:01.756000,1.23,True,130,29,9,0.15000000000000002,0.6,0.30000000000000004,0.08,0.16,0.14,0.33,COMPLETE
891,0.04117826637890708,2026-03-11 12:47:28.209901,2026-03-11 12:47:30.159033,0 days 00:00:01.949132,1.23,True,140,32,10,0.15000000000000002,0.6,0.30000000000000004,0.08,0.16,0.14,0.33,COMPLETE
892,0.06469012605328625,2026-03-11 12:47:30.159033,2026-03-11 12:47:31.961089,0 days 00:00:01.802056,1.23,True,130,30,10,0.15000000000000002,0.6,0.35,0.08,0.15,0.15000000000000002,0.33,COMPLETE
893,0.038879541256667094,2026-03-11 12:47:31.961089,2026-03-11 12:47:33.902748,0 days 00:00:01.941659,1.23,True,140,33,10,0.15000000000000002,0.6,0.30000000000000004,0.08,0.16999999999999998,0.14,0.33,COMPLETE
894,0.06777453164310487,2026-03-11 12:47:33.902748,2026-03-11 12:47:35.667406,0 days 00:00:01.764658,1.23,True,130,29,10,0.15000000000000002,0.6,0.30000000000000004,0.08,0.16,0.14,0.33,COMPLETE
895,0.06917715696799719,2026-03-11 12:47:35.667406,2026-03-11 12:47:37.589126,0 days 00:00:01.921720,1.23,True,130,31,10,0.15000000000000002,0.6,0.30000000000000004,0.08,0.16,0.14,0.33,COMPLETE
896,0.04939001566188203,2026-03-11 12:47:37.589126,2026-03-11 12:47:39.415646,0 days 00:00:01.826520,1.22,True,120,31,10,0.15000000000000002,0.6,0.30000000000000004,0.08,0.16999999999999998,0.14,0.33,COMPLETE
897,0.05901648839154759,2026-03-11 12:47:39.415646,2026-03-11 12:47:41.379909,0 days 00:00:01.964263,1.23,True,130,29,10,0.15000000000000002,0.6,0.30000000000000004,0.08,0.15,0.14,0.33,COMPLETE
898,0.07597648202964696,2026-03-11 12:47:41.379909,2026-03-11 12:47:43.338370,0 days 00:00:01.958461,1.22,True,120,30,10,0.15000000000000002,0.6,0.30000000000000004,0.08,0.16,0.14,0.33,COMPLETE
899,0.06917715696799719,2026-03-11 12:47:43.338370,2026-03-11 12:47:45.270744,0 days 00:00:01.932374,1.23,True,130,31,10,0.15000000000000002,0.6,0.30000000000000004,0.08,0.16,0.14,0.33,COMPLETE
900,0.02028088995061673,2026-03-11 12:47:45.270744,2026-03-11 12:47:47.190125,0 days 00:00:01.919381,1.22,False,130,28,10,,,0.30000000000000004,0.08,0.26,0.14,0.33,COMPLETE
901,0.03349472896057379,2026-03-11 12:47:47.190125,2026-03-11 12:47:49.078469,0 days 00:00:01.888344,1.23,True,140,30,10,0.15000000000000002,0.6,0.30000000000000004,0.08,0.15,0.14,0.33,COMPLETE
902,0.09166240256741626,2026-03-11 12:47:49.078469,2026-03-11 12:47:50.932102,0 days 00:00:01.853633,1.23,True,130,32,10,0.15000000000000002,0.6,0.30000000000000004,0.08,0.16999999999999998,0.14,0.33,COMPLETE
903,0.06929223515542653,2026-03-11 12:47:50.932102,2026-03-11 12:47:52.748925,0 days 00:00:01.816823,1.22,True,80,29,10,0.15000000000000002,0.6,0.30000000000000004,0.08,0.16,0.13,0.33,COMPLETE
904,0.043887199258567024,2026-03-11 12:47:52.748925,2026-03-11 12:47:54.835831,0 days 00:00:02.086906,1.23,True,110,30,9,0.15000000000000002,0.6,0.30000000000000004,0.08,0.16,0.14,0.33,COMPLETE
905,0.04260385360257559,2026-03-11 12:47:54.835831,2026-03-11 12:47:56.633158,0 days 00:00:01.797327,1.23,True,130,31,10,0.15000000000000002,0.3,0.30000000000000004,0.08,0.15,0.13,0.33,COMPLETE
906,0.05698336338634618,2026-03-11 12:47:56.633158,2026-03-11 12:47:58.498550,0 days 00:00:01.865392,1.22,True,130,27,10,0.15000000000000002,0.4,0.30000000000000004,0.08,0.16999999999999998,0.14,0.33,COMPLETE
907,0.032819007005243095,2026-03-11 12:47:58.498550,2026-03-11 12:48:00.459446,0 days 00:00:01.960896,1.23,True,130,28,3,0.15000000000000002,0.6,0.30000000000000004,0.08,0.16,0.14,0.33,COMPLETE
908,0.03384752311967325,2026-03-11 12:48:00.459446,2026-03-11 12:48:02.290303,0 days 00:00:01.830857,1.22,True,140,30,10,0.15000000000000002,0.6,0.2,0.08,0.15,0.14,0.33,COMPLETE
909,0.04369614333662091,2026-03-11 12:48:02.290303,2026-03-11 12:48:04.148725,0 days 00:00:01.858422,1.23,True,120,32,7,0.15000000000000002,0.6,0.30000000000000004,0.08,0.16999999999999998,0.14,0.33,COMPLETE
910,0.06777453164310487,2026-03-11 12:48:04.148725,2026-03-11 12:48:06.045210,0 days 00:00:01.896485,1.23,True,130,29,10,0.15000000000000002,0.6,0.30000000000000004,0.08,0.16,0.14,0.33,COMPLETE
911,0.07397523176449564,2026-03-11 12:48:06.045210,2026-03-11 12:48:07.823173,0 days 00:00:01.777963,1.22,True,130,31,10,0.15000000000000002,0.6,0.30000000000000004,0.08,0.16,0.13,0.33,COMPLETE
912,0.023924250542289936,2026-03-11 12:48:07.823173,2026-03-11 12:48:09.616267,0 days 00:00:01.793094,1.1300000000000001,True,130,29,10,0.1,0.6,0.30000000000000004,0.08,0.16,0.14,0.33,COMPLETE
913,0.0644842941946924,2026-03-11 12:48:09.616267,2026-03-11 12:48:11.487982,0 days 00:00:01.871715,1.23,True,130,30,10,0.15000000000000002,0.6,0.30000000000000004,0.08,0.15,0.14,0.33,COMPLETE
914,0.03443544934535072,2026-03-11 12:48:11.487982,2026-03-11 12:48:13.115016,0 days 00:00:01.627034,1.22,True,60,31,10,0.15000000000000002,0.6,0.30000000000000004,0.08,0.16,0.14,0.2,COMPLETE
915,0.06330229256153654,2026-03-11 12:48:13.115016,2026-03-11 12:48:15.071476,0 days 00:00:01.956460,1.23,True,130,29,10,0.15000000000000002,0.6,0.30000000000000004,0.08,0.16999999999999998,0.15000000000000002,0.33,COMPLETE
916,0.021650039220070628,2026-03-11 12:48:15.071476,2026-03-11 12:48:16.993218,0 days 00:00:01.921742,1.23,True,140,30,10,0.2,0.6,0.30000000000000004,0.08,0.25,0.14,0.33,COMPLETE
917,0.05546758130440051,2026-03-11 12:48:16.993218,2026-03-11 12:48:18.869919,0 days 00:00:01.876701,1.23,True,120,31,10,0.15000000000000002,0.6,0.30000000000000004,0.08,0.16,0.15000000000000002,0.33,COMPLETE
918,0.0291515018178572,2026-03-11 12:48:18.869919,2026-03-11 12:48:20.723021,0 days 00:00:01.853102,1.1400000000000001,True,130,28,10,0.2,0.6,0.30000000000000004,0.08,0.15,0.15000000000000002,0.33,COMPLETE
919,0.013252511696049794,2026-03-11 12:48:20.723021,2026-03-11 12:48:22.469045,0 days 00:00:01.746024,1.22,False,130,33,10,,,0.35,0.08,0.24,0.14,0.33,COMPLETE
920,0.09938050145572196,2026-03-11 12:48:22.469045,2026-03-11 12:48:24.422458,0 days 00:00:01.953413,1.23,True,130,30,10,0.2,0.6,0.30000000000000004,0.08,0.16,0.13,0.33,COMPLETE
921,0.07886451887984083,2026-03-11 12:48:24.422458,2026-03-11 12:48:26.213839,0 days 00:00:01.791381,1.23,True,130,30,10,0.2,0.6,0.30000000000000004,0.08,0.16999999999999998,0.12000000000000001,0.33,COMPLETE
922,0.07539771624158434,2026-03-11 12:48:26.213839,2026-03-11 12:48:27.917109,0 days 00:00:01.703270,1.23,True,130,31,10,0.2,0.5,0.30000000000000004,0.07,0.16,0.13,0.33,COMPLETE
923,0.02038608049853931,2026-03-11 12:48:27.917109,2026-03-11 12:48:29.748453,0 days 00:00:01.831344,1.12,True,140,19,8,0.2,0.6,0.30000000000000004,0.08,0.16,0.15000000000000002,0.33,COMPLETE
924,0.06441717094248486,2026-03-11 12:48:29.748453,2026-03-11 12:48:31.719545,0 days 00:00:01.971092,1.23,True,120,32,10,0.2,0.6,0.30000000000000004,0.08,0.16999999999999998,0.12000000000000001,0.33,COMPLETE
925,0.0547562284834799,2026-03-11 12:48:31.719545,2026-03-11 12:48:33.539566,0 days 00:00:01.820021,1.23,True,130,29,10,0.2,0.6,0.30000000000000004,0.08,0.15,0.13,0.33,COMPLETE
926,0.05459142664038018,2026-03-11 12:48:33.539566,2026-03-11 12:48:35.366451,0 days 00:00:01.826885,1.23,True,130,28,10,0.2,0.6,0.30000000000000004,0.08,0.16,0.13,0.33,COMPLETE
927,0.058606363323776646,2026-03-11 12:48:35.367471,2026-03-11 12:48:37.182350,0 days 00:00:01.814879,1.23,True,130,30,10,0.2,0.6,0.30000000000000004,0.08,0.15,0.12000000000000001,0.33,COMPLETE
928,0.018100872870176865,2026-03-11 12:48:37.182350,2026-03-11 12:48:39.123551,0 days 00:00:01.941201,1.22,True,130,31,10,0.2,0.6,0.30000000000000004,0.04,0.22999999999999998,0.19,0.33,COMPLETE
929,0.06294872517029215,2026-03-11 12:48:39.123551,2026-03-11 12:48:40.965640,0 days 00:00:01.842089,1.23,True,130,29,10,0.2,0.6,0.30000000000000004,0.08,0.16999999999999998,0.15000000000000002,0.33,COMPLETE
930,0.056036805858008014,2026-03-11 12:48:40.965640,2026-03-11 12:48:42.876685,0 days 00:00:01.911045,1.22,True,120,29,10,0.2,0.6,0.30000000000000004,0.08,0.16,0.12000000000000001,0.33,COMPLETE
931,0.059535501346454016,2026-03-11 12:48:42.876685,2026-03-11 12:48:44.825707,0 days 00:00:01.949022,1.23,True,130,30,10,0.2,0.6,0.30000000000000004,0.08,0.15,0.13,0.33,COMPLETE
932,0.028308841463591135,2026-03-11 12:48:44.825707,2026-03-11 12:48:46.719205,0 days 00:00:01.893498,1.23,True,140,31,10,0.2,0.6,0.30000000000000004,0.08,0.18,0.13,0.33,COMPLETE
933,0.07627093996901159,2026-03-11 12:48:46.719205,2026-03-11 12:48:48.506661,0 days 00:00:01.787456,1.23,True,130,32,10,0.2,0.4,0.30000000000000004,0.08,0.16,0.15000000000000002,0.33,COMPLETE
934,0.010631283152267298,2026-03-11 12:48:48.506661,2026-03-11 12:48:50.255639,0 days 00:00:01.748978,1.1,True,130,28,6,0.2,0.6,0.30000000000000004,0.08,0.16999999999999998,0.14,0.33,COMPLETE
935,0.07437655466205585,2026-03-11 12:48:50.255639,2026-03-11 12:48:52.026572,0 days 00:00:01.770933,1.23,True,130,29,10,0.2,0.6,0.30000000000000004,0.08,0.16,0.19,0.33,COMPLETE
936,0.04885314165583757,2026-03-11 12:48:52.026572,2026-03-11 12:48:54.352429,0 days 00:00:02.325857,1.22,True,120,24,9,0.2,0.5,0.30000000000000004,0.06,0.16,0.13,0.33,COMPLETE
937,0.09938050145572196,2026-03-11 12:48:54.352429,2026-03-11 12:48:56.362135,0 days 00:00:02.009706,1.23,True,130,30,10,0.2,0.6,0.30000000000000004,0.08,0.16,0.13,0.33,COMPLETE
938,0.013694809930553345,2026-03-11 12:48:56.362135,2026-03-11 12:48:58.100712,0 days 00:00:01.738577,1.23,False,140,31,10,,,0.30000000000000004,0.08,0.16999999999999998,0.13,0.33,COMPLETE
939,0.0476227702851707,2026-03-11 12:48:58.100712,2026-03-11 12:49:00.059534,0 days 00:00:01.958822,1.23,True,130,29,9,0.2,0.3,0.30000000000000004,0.08,0.15,0.14,0.33,COMPLETE
940,0.07198733296564329,2026-03-11 12:49:00.059534,2026-03-11 12:49:01.867883,0 days 00:00:01.808349,1.24,True,130,32,10,0.2,0.6,0.30000000000000004,0.08,0.16,0.13,0.33,COMPLETE
941,0.08915344043111124,2026-03-11 12:49:01.867883,2026-03-11 12:49:03.817385,0 days 00:00:01.949502,1.24,True,130,30,10,0.2,0.6,0.30000000000000004,0.08,0.16,0.13,0.33,COMPLETE
942,0.030777449928312717,2026-03-11 12:49:03.817385,2026-03-11 12:49:05.649202,0 days 00:00:01.831817,1.24,True,120,30,10,0.2,0.6,0.15,0.08,0.33999999999999997,0.13,0.33,COMPLETE
943,0.0470410110630955,2026-03-11 12:49:05.649202,2026-03-11 12:49:07.537864,0 days 00:00:01.888662,1.23,True,130,28,10,0.2,0.6,0.30000000000000004,0.08,0.15,0.13,0.33,COMPLETE
944,0.01730947136435753,2026-03-11 12:49:07.537864,2026-03-11 12:49:09.364567,0 days 00:00:01.826703,1.11,True,130,31,10,0.2,0.6,0.25,0.08,0.16999999999999998,0.13,0.33,COMPLETE
945,0.03491802478546308,2026-03-11 12:49:09.364567,2026-03-11 12:49:10.919519,0 days 00:00:01.554952,1.23,True,40,31,10,0.2,0.6,0.30000000000000004,0.05,0.16999999999999998,0.13,0.33,COMPLETE
946,0.05760925339332165,2026-03-11 12:49:10.919519,2026-03-11 12:49:12.690596,0 days 00:00:01.771077,1.23,True,130,33,10,0.2,0.6,0.30000000000000004,0.08,0.16,0.13,0.33,COMPLETE
947,0.021075300089126284,2026-03-11 12:49:12.690596,2026-03-11 12:49:14.547830,0 days 00:00:01.857234,1.1600000000000001,True,140,29,10,0.2,0.6,0.30000000000000004,0.08,0.16,0.13,0.33,COMPLETE
948,0.09851209945025946,2026-03-11 12:49:14.547830,2026-03-11 12:49:16.311863,0 days 00:00:01.764033,1.23,True,130,30,10,0.2,0.6,0.30000000000000004,0.08,0.16,0.12000000000000001,0.33,COMPLETE
949,0.051624372399885134,2026-03-11 12:49:16.311863,2026-03-11 12:49:18.204955,0 days 00:00:01.893092,1.23,True,130,34,10,0.2,0.6,0.30000000000000004,0.08,0.15,0.12000000000000001,0.33,COMPLETE
950,0.041117562535640355,2026-03-11 12:49:18.204955,2026-03-11 12:49:20.138706,0 days 00:00:01.933751,1.24,True,140,30,10,0.2,0.6,0.30000000000000004,0.08,0.16,0.12000000000000001,0.33,COMPLETE
951,0.06106180911591253,2026-03-11 12:49:20.138706,2026-03-11 12:49:22.001580,0 days 00:00:01.862874,1.23,True,130,29,10,0.2,0.6,0.30000000000000004,0.08,0.16999999999999998,0.13,0.33,COMPLETE
952,0.05714371599555432,2026-03-11 12:49:22.001580,2026-03-11 12:49:23.988411,0 days 00:00:01.986831,1.22,True,130,32,9,0.2,0.3,0.35,0.08,0.16,0.12000000000000001,0.33,COMPLETE
953,0.04968314229720409,2026-03-11 12:49:23.988411,2026-03-11 12:49:25.850191,0 days 00:00:01.861780,1.24,True,120,27,10,0.2,0.6,0.30000000000000004,0.08,0.15,0.12000000000000001,0.33,COMPLETE
954,0.07259736544903686,2026-03-11 12:49:25.850191,2026-03-11 12:49:27.646737,0 days 00:00:01.796546,1.23,True,130,31,10,0.2,0.6,0.30000000000000004,0.08,0.16,0.12000000000000001,0.33,COMPLETE
955,0.05763400168476149,2026-03-11 12:49:27.646737,2026-03-11 12:49:29.508128,0 days 00:00:01.861391,1.22,True,130,28,10,0.2,0.6,0.30000000000000004,0.08,0.16,0.12000000000000001,0.33,COMPLETE
956,0.06925119879621437,2026-03-11 12:49:29.508128,2026-03-11 12:49:31.371365,0 days 00:00:01.863237,1.23,True,130,30,10,0.2,0.6,0.30000000000000004,0.08,0.18,0.12000000000000001,0.33,COMPLETE
957,0.05512367971627579,2026-03-11 12:49:31.372384,2026-03-11 12:49:33.172746,0 days 00:00:01.800362,1.22,True,130,29,10,0.2,0.6,0.30000000000000004,0.08,0.15,0.11,0.33,COMPLETE
958,0.015189402511075478,2026-03-11 12:49:33.172746,2026-03-11 12:49:35.152592,0 days 00:00:01.979846,1.24,False,140,30,10,,,0.30000000000000004,0.08,0.16999999999999998,0.11,0.33,COMPLETE
959,0.062084165592715436,2026-03-11 12:49:35.152592,2026-03-11 12:49:37.067436,0 days 00:00:01.914844,1.24,True,120,31,10,0.2,0.4,0.25,0.08,0.16,0.13,0.33,COMPLETE
960,0.041978464239955625,2026-03-11 12:49:37.067436,2026-03-11 12:49:38.801462,0 days 00:00:01.734026,1.23,True,130,31,10,0.2,0.6,0.30000000000000004,0.08,0.15,0.12000000000000001,0.33,COMPLETE
961,0.04015548202795561,2026-03-11 12:49:38.801462,2026-03-11 12:49:40.535694,0 days 00:00:01.734232,1.23,True,90,29,10,0.2,0.6,0.30000000000000004,0.08,0.16999999999999998,0.12000000000000001,0.33,COMPLETE
962,0.09938050145572196,2026-03-11 12:49:40.535694,2026-03-11 12:49:42.308243,0 days 00:00:01.772549,1.23,True,130,30,10,0.2,0.6,0.30000000000000004,0.08,0.16,0.13,0.33,COMPLETE
963,0.07625969560336804,2026-03-11 12:49:42.308243,2026-03-11 12:49:44.231913,0 days 00:00:01.923670,1.22,True,130,32,10,0.2,0.6,0.30000000000000004,0.08,0.16,0.13,0.33,COMPLETE
964,0.034672283725303656,2026-03-11 12:49:44.231913,2026-03-11 12:49:46.262025,0 days 00:00:02.030112,1.23,True,140,30,10,0.2,0.6,0.30000000000000004,0.08,0.16999999999999998,0.11,0.33,COMPLETE
965,0.03221960034560019,2026-03-11 12:49:46.262025,2026-03-11 12:49:48.074516,0 days 00:00:01.812491,1.24,True,130,29,10,0.2,0.6,0.4,0.08,0.28,0.13,0.33,COMPLETE
966,0.05815517181540433,2026-03-11 12:49:48.074516,2026-03-11 12:49:49.914895,0 days 00:00:01.840379,1.22,True,130,28,10,0.2,0.6,0.30000000000000004,0.08,0.16,0.13,0.33,COMPLETE
967,0.045713041361977784,2026-03-11 12:49:49.914895,2026-03-11 12:49:51.640758,0 days 00:00:01.725863,1.24,True,130,30,10,0.2,0.6,0.30000000000000004,0.08,0.15,0.13,0.2,COMPLETE
968,0.07636043508235087,2026-03-11 12:49:51.640758,2026-03-11 12:49:53.579451,0 days 00:00:01.938693,1.23,True,130,32,10,0.2,0.6,0.30000000000000004,0.08,0.16,0.11,0.33,COMPLETE
969,0.062273619267567824,2026-03-11 12:49:53.580463,2026-03-11 12:49:55.677302,0 days 00:00:02.096839,1.22,True,120,31,10,0.2,0.6,0.30000000000000004,0.08,0.16,0.13,0.33,COMPLETE
970,0.028075031657800717,2026-03-11 12:49:55.677302,2026-03-11 12:49:57.783805,0 days 00:00:02.106503,1.23,True,140,28,6,0.2,0.6,0.30000000000000004,0.07,0.16999999999999998,0.13,0.33,COMPLETE
971,0.03458430816930947,2026-03-11 12:49:57.783805,2026-03-11 12:49:59.861942,0 days 00:00:02.078137,1.22,True,120,29,10,0.2,0.6,0.30000000000000004,0.08,0.15,0.12000000000000001,0.33,COMPLETE
972,0.022628100756322586,2026-03-11 12:49:59.861942,2026-03-11 12:50:01.766936,0 days 00:00:01.904994,1.23,True,150,30,10,0.2,0.6,0.30000000000000004,0.08,0.16999999999999998,0.13,0.33,COMPLETE
973,0.07293279090777446,2026-03-11 12:50:01.766936,2026-03-11 12:50:03.791545,0 days 00:00:02.024609,1.23,True,130,31,10,0.2,0.6,0.30000000000000004,0.08,0.16,0.13,0.33,COMPLETE
974,0.05493675342705656,2026-03-11 12:50:03.791545,2026-03-11 12:50:05.746837,0 days 00:00:01.955292,1.23,True,130,30,10,0.2,0.6,0.30000000000000004,0.08,0.21,0.13,0.33,COMPLETE
975,0.0692661215800927,2026-03-11 12:50:05.746837,2026-03-11 12:50:07.569191,0 days 00:00:01.822354,1.24,True,130,29,10,0.2,0.6,0.30000000000000004,0.08,0.16,0.13,0.33,COMPLETE
976,0.03375423654329061,2026-03-11 12:50:07.569191,2026-03-11 12:50:09.419387,0 days 00:00:01.850196,1.22,False,130,31,8,,,0.25,0.08,0.15,0.11,0.33,COMPLETE
977,0.05763400168476149,2026-03-11 12:50:09.419387,2026-03-11 12:50:11.250053,0 days 00:00:01.830666,1.22,True,130,28,10,0.2,0.6,0.30000000000000004,0.08,0.16,0.12000000000000001,0.33,COMPLETE
978,0.05620415453164326,2026-03-11 12:50:11.250053,2026-03-11 12:50:13.196281,0 days 00:00:01.946228,1.23,True,130,30,10,0.2,0.4,0.30000000000000004,0.08,0.15,0.13,0.33,COMPLETE
979,0.06216022175063184,2026-03-11 12:50:13.196281,2026-03-11 12:50:15.020339,0 days 00:00:01.824058,1.22,True,120,31,10,0.2,0.6,0.30000000000000004,0.08,0.16,0.12000000000000001,0.33,COMPLETE
980,0.06503343389455274,2026-03-11 12:50:15.020339,2026-03-11 12:50:16.805031,0 days 00:00:01.784692,1.23,True,130,33,10,0.2,0.6,0.30000000000000004,0.08,0.16999999999999998,0.18,0.33,COMPLETE
981,0.028383061915872157,2026-03-11 12:50:16.805031,2026-03-11 12:50:18.691505,0 days 00:00:01.886474,1.24,True,140,29,10,0.2,0.6,0.30000000000000004,0.08,0.16,0.13,0.33,COMPLETE
982,0.10463932979716295,2026-03-11 12:50:18.691505,2026-03-11 12:50:20.589409,0 days 00:00:01.897904,1.22,True,130,30,10,0.2,0.6,0.30000000000000004,0.08,0.16,0.13,0.33,COMPLETE
983,0.026150082052066145,2026-03-11 12:50:20.589409,2026-03-11 12:50:22.578295,0 days 00:00:01.988886,1.22,True,120,27,4,0.2,0.5,0.30000000000000004,0.08,0.15,0.1,0.33,COMPLETE
984,0.08660542147537639,2026-03-11 12:50:22.578295,2026-03-11 12:50:24.519314,0 days 00:00:01.941019,1.22,True,130,32,10,0.2,0.6,0.30000000000000004,0.08,0.16999999999999998,0.13,0.33,COMPLETE
985,0.06616794623468392,2026-03-11 12:50:24.519314,2026-03-11 12:50:26.466439,0 days 00:00:01.947125,1.22,True,130,29,10,0.2,0.6,0.30000000000000004,0.07,0.16,0.13,0.33,COMPLETE
986,0.07905799695789967,2026-03-11 12:50:26.466439,2026-03-11 12:50:28.341544,0 days 00:00:01.875105,1.22,True,130,31,10,0.2,0.6,0.30000000000000004,0.08,0.16,0.13,0.33,COMPLETE
987,0.054992597754516544,2026-03-11 12:50:28.341544,2026-03-11 12:50:30.206060,0 days 00:00:01.864516,1.22,True,130,29,10,0.2,0.3,0.30000000000000004,0.08,0.16999999999999998,0.13,0.2,COMPLETE
988,0.03285164322675104,2026-03-11 12:50:30.206060,2026-03-11 12:50:32.064526,0 days 00:00:01.858466,1.22,True,140,32,10,0.2,0.6,0.30000000000000004,0.08,0.15,0.13,0.33,COMPLETE
989,0.10463932979716295,2026-03-11 12:50:32.064526,2026-03-11 12:50:34.011605,0 days 00:00:01.947079,1.22,True,130,30,10,0.2,0.6,0.30000000000000004,0.08,0.16,0.13,0.33,COMPLETE
990,0.05815517181540433,2026-03-11 12:50:34.011605,2026-03-11 12:50:36.111216,0 days 00:00:02.099611,1.22,True,130,28,10,0.2,0.6,0.30000000000000004,0.08,0.16,0.13,0.33,COMPLETE
991,0.06342084813731191,2026-03-11 12:50:36.111216,2026-03-11 12:50:38.048018,0 days 00:00:01.936802,1.22,True,80,31,9,0.2,0.6,0.30000000000000004,0.08,0.16,0.13,0.33,COMPLETE
992,0.05280302495713451,2026-03-11 12:50:38.048018,2026-03-11 12:50:39.871308,0 days 00:00:01.823290,1.22,True,130,30,10,0.2,0.6,0.35,0.08,0.31,0.13,0.33,COMPLETE
993,0.026040102440194054,2026-03-11 12:50:39.871308,2026-03-11 12:50:41.789455,0 days 00:00:01.918147,1.22,True,130,32,9,0.2,0.6,0.30000000000000004,0.03,0.16,0.13,0.33,COMPLETE
994,0.07741325720601912,2026-03-11 12:50:41.789455,2026-03-11 12:50:43.672218,0 days 00:00:01.882763,1.23,True,120,30,10,0.2,0.6,0.30000000000000004,0.08,0.16,0.13,0.33,COMPLETE
995,0.02169712737304006,2026-03-11 12:50:43.672218,2026-03-11 12:50:45.444124,0 days 00:00:01.771906,1.23,False,130,36,10,,,0.30000000000000004,0.08,0.15,0.13,0.33,COMPLETE
996,0.03538840635575779,2026-03-11 12:50:45.444124,2026-03-11 12:50:47.315265,0 days 00:00:01.871141,1.23,True,130,29,10,0.2,0.6,0.30000000000000004,0.04,0.16,0.13,0.33,COMPLETE
997,0.04200359170055193,2026-03-11 12:50:47.315265,2026-03-11 12:50:49.237384,0 days 00:00:01.922119,1.22,True,140,30,10,0.2,0.6,0.30000000000000004,0.08,0.16,0.13,0.33,COMPLETE
998,0.07259736544903686,2026-03-11 12:50:49.237384,2026-03-11 12:50:51.040006,0 days 00:00:01.802622,1.23,True,130,31,10,0.2,0.6,0.30000000000000004,0.08,0.16,0.12000000000000001,0.33,COMPLETE
999,0.02791866482357882,2026-03-11 12:50:51.040006,2026-03-11 12:50:53.125950,0 days 00:00:02.085944,1.22,True,140,29,10,0.2,0.5,0.30000000000000004,0.06,0.15,0.13,0.33,COMPLETE
