2026-03-13 09:29:09,991 - INFO - [config.py:47] - --------------------------------------------------------------------------------
2026-03-13 09:29:09,991 - INFO - [config.py:48] - ⚙️ 【策略参数装载与核对】 -> 依据: trials_20260311_165301.csv
2026-03-13 09:29:09,992 - INFO - [config.py:50] -    - 注入动态寻优参数 : bias_entry_limit: 1.25, ma_long: 70, ma_mid: 38, ma_short: 8, partial_exit_min_profit: 0.15, partial_exit_pct: 0.3, profit_tier1: 0.15, stop_loss_pct: 0.08, trailing_stop_pct: 0.34, trailing_tier1: 0.1, unit_size: 0.2
2026-03-13 09:29:09,993 - INFO - [config.py:51] - --------------------------------------------------------------------------------
2026-03-13 09:29:10,061 - INFO - [cloudakpd.py:36] - ============================================================
2026-03-13 09:29:10,062 - INFO - [cloudakpd.py:37] - 📊 [DataCenter] 数据内核启动审计...
2026-03-13 09:29:10,062 - INFO - [cloudakpd.py:38] -    ▫️ 存储模式 : ☁️  云端 (PostgreSQL)
2026-03-13 09:29:10,062 - INFO - [cloudakpd.py:39] -    ▫️ 连接节点 : ep-noisy-dust-a1zv7w56-pooler.ap-southeast-1.aws.neon.tech/neondb
2026-03-13 09:29:13,299 - INFO - [cloudakpd.py:85] - 📂 字段审计完成，当前支持: name, open, high, latest_price, symbol, trade_date, is_closed, low, volume, turnover_rate, updated_at, amount
2026-03-13 09:29:13,300 - INFO - [cloudakpd.py:42] - ============================================================
2026-03-13 09:29:14,137 - WARNING - [universe.py:42] - ⚠️ [UniverseManager] 云端快照为空，请检查数据同步。
2026-03-13 09:29:14,138 - INFO - [engine.py:24] - ================================================================================
2026-03-13 09:29:14,138 - INFO - [engine.py:25] -  🚀 启动量化交易实盘中心 (2026-03-13 09:29)
2026-03-13 09:29:14,139 - INFO - [engine.py:26] -    - 📒 人工比对账本 : D:\git\LongTrading\data\live_broker_account.json
2026-03-13 09:29:14,139 - INFO - [engine.py:27] -    - 💸 审计交易流水 : D:\git\LongTrading\data\live_trade_ledger.csv
2026-03-13 09:29:14,139 - INFO - [engine.py:28] - ================================================================================
2026-03-13 09:29:14,165 - WARNING - [ledger.py:64] - 🚨 【对账异常】 600498 系统应有 97200 与 真实持有 0不一致。系统已强制以人工为准重新校准！
2026-03-13 09:29:14,166 - WARNING - [ledger.py:64] - 🚨 【对账异常】 000547 系统应有 170400 与 真实持有 0不一致。系统已强制以人工为准重新校准！
2026-03-13 09:29:14,166 - WARNING - [ledger.py:64] - 🚨 【对账异常】 600938 系统应有 125600 与 真实持有 0不一致。系统已强制以人工为准重新校准！
2026-03-13 09:29:14,166 - WARNING - [ledger.py:64] - 🚨 【对账异常】 600703 系统应有 288300 与 真实持有 0不一致。系统已强制以人工为准重新校准！
2026-03-13 09:29:14,166 - INFO - [engine.py:36] - 📡 正在全盘扫描历史数据与近期快照，构建动态监控池...
2026-03-13 09:29:14,166 - INFO - [universe.py:145] - 📊 正在通过云端 SQL 审计近 20 个交易日的热点标的...
2026-03-13 09:29:14,671 - INFO - [universe.py:192] - ✅ [UniverseManager] 动态股票池已对齐云端，当前池规模: 37
2026-03-13 09:29:14,672 - INFO - [engine.py:38] - 🏦 会计部接管完毕: 可用现金 【1,000,000,000.00 元】，真实持仓 【5 只】，雷达标的 【37 只】。
2026-03-13 09:29:14,673 - INFO - [engine.py:39] - 🎯 监控池构建完毕: 汇聚近 20 日霸榜标的，实盘监控总数: 【37 只】。
2026-03-13 09:29:14,694 - INFO - [engine.py:67] - --------------------------------------------------------------------------------
2026-03-13 09:29:14,696 - INFO - [engine.py:68] - 【盘前资产风控评估 (Pre-Trade NAV Dashboard)】
2026-03-13 09:29:14,697 - INFO - [engine.py:69] -    - 可用现金 (Available Cash) : 1,000,000,000.00
2026-03-13 09:29:14,697 - INFO - [engine.py:70] -    - 持仓成本 (Total Cost)     : 42,702,445.20
2026-03-13 09:29:14,698 - INFO - [engine.py:71] -    - 持仓市值 (Market Value)   : 42,702,445.20
2026-03-13 09:29:14,698 - INFO - [engine.py:72] -    - 净 资 产 (Total Equity)   : 1,042,702,445.20
2026-03-13 09:29:14,699 - INFO - [engine.py:73] -    - 账面浮盈 (Floating PnL)   : 0.00 (0.00%)
2026-03-13 09:29:14,699 - INFO - [engine.py:74] - --------------------------------------------------------------------------------
2026-03-13 09:29:15,629 - DEBUG - [akshare_pd.py:78] - 👉 数据列名检查: ['date', 'open', 'high', 'low', 'close', 'volume', 'amount', 'outstanding_share', 'turnover']
2026-03-13 09:29:15,633 - DEBUG - [engine.py:104] - 
📊 [601179 601179] 最新 3 行切片检查:
             open   high    low  close       volume        amount  turnover                 updated_at
date                                                                                                  
2026-03-10  20.00  20.65  19.58  19.99  442844017.0  8.876727e+09  0.086394 2026-03-13 09:29:15.629550
2026-03-11  20.01  20.10  18.72  19.15  538764514.0  1.039706e+10  0.105107 2026-03-13 09:29:15.629550
2026-03-12  18.80  19.34  18.33  18.64  378945070.0  7.085936e+09  0.073928 2026-03-13 09:29:15.629550

2026-03-13 09:29:16,554 - DEBUG - [akshare_pd.py:78] - 👉 数据列名检查: ['date', 'open', 'high', 'low', 'close', 'volume', 'amount', 'outstanding_share', 'turnover']
2026-03-13 09:29:16,557 - DEBUG - [engine.py:104] - 
📊 [600089 600089] 最新 3 行切片检查:
             open   high    low  close       volume        amount  turnover                 updated_at
date                                                                                                  
2026-03-10  32.69  32.74  31.65  31.86  353286075.0  1.132871e+10  0.069919 2026-03-13 09:29:16.554639
2026-03-11  31.87  31.90  30.90  31.04  310469652.0  9.699245e+09  0.061445 2026-03-13 09:29:16.554639
2026-03-12  31.04  31.26  30.38  30.84  213173772.0  6.566340e+09  0.042189 2026-03-13 09:29:16.554639

2026-03-13 09:29:17,772 - DEBUG - [akshare_pd.py:78] - 👉 数据列名检查: ['date', 'open', 'high', 'low', 'close', 'volume', 'amount', 'outstanding_share', 'turnover']
2026-03-13 09:29:17,775 - DEBUG - [engine.py:104] - 
📊 [002202 002202] 最新 3 行切片检查:
             open  high    low  close       volume        amount  turnover                 updated_at
date                                                                                                 
2026-03-10  28.59  29.2  28.23  28.48  201005873.0  5.763493e+09  0.059761 2026-03-13 09:29:17.773167
2026-03-11  28.51  31.0  27.82  30.24  434392923.0  1.278988e+10  0.129149 2026-03-13 09:29:17.773167
2026-03-12  29.94  33.0  29.15  31.29  478142907.0  1.469073e+10  0.142156 2026-03-13 09:29:17.773167

2026-03-13 09:29:18,773 - DEBUG - [akshare_pd.py:78] - 👉 数据列名检查: ['date', 'open', 'high', 'low', 'close', 'volume', 'amount', 'outstanding_share', 'turnover']
2026-03-13 09:29:18,778 - DEBUG - [engine.py:104] - 
📊 [600522 600522] 最新 3 行切片检查:
             open   high    low  close       volume        amount  turnover                 updated_at
date                                                                                                  
2026-03-10  27.55  29.18  27.41  28.90  168544463.0  4.798302e+09  0.049384 2026-03-13 09:29:18.775148
2026-03-11  29.82  31.66  29.79  30.01  244824364.0  7.470581e+09  0.071734 2026-03-13 09:29:18.775148
2026-03-12  29.60  31.38  29.50  30.24  159929780.0  4.845046e+09  0.046860 2026-03-13 09:29:18.775148

2026-03-13 09:29:19,803 - DEBUG - [akshare_pd.py:78] - 👉 数据列名检查: ['date', 'open', 'high', 'low', 'close', 'volume', 'amount', 'outstanding_share', 'turnover']
2026-03-13 09:29:19,806 - DEBUG - [engine.py:104] - 
📊 [601939 601939] 最新 3 行切片检查:
            open  high   low  close      volume       amount  turnover                 updated_at
date                                                                                             
2026-03-10  9.01  9.04  8.93   8.94  83402353.0  747712625.0  0.008693 2026-03-13 09:29:19.803738
2026-03-11  8.94  9.05  8.89   9.05  86050618.0  773504210.0  0.008970 2026-03-13 09:29:19.803738
2026-03-12  9.04  9.14  9.00   9.10  92179992.0  838222096.0  0.009608 2026-03-13 09:29:19.803738

2026-03-13 09:29:20,630 - DEBUG - [akshare_pd.py:78] - 👉 数据列名检查: ['date', 'open', 'high', 'low', 'close', 'volume', 'amount', 'outstanding_share', 'turnover']
2026-03-13 09:29:20,633 - DEBUG - [engine.py:104] - 
📊 [300394 300394] 最新 3 行切片检查:
              open    high     low   close      volume        amount  turnover                 updated_at
date                                                                                                     
2026-03-10  329.00  341.88  325.01  340.48  38050810.0  1.274569e+10  0.049044 2026-03-13 09:29:20.632352
2026-03-11  342.69  344.44  329.30  331.00  26757383.0  8.972870e+09  0.034488 2026-03-13 09:29:20.632352
2026-03-12  331.00  336.80  314.61  334.04  35686105.0  1.161875e+10  0.045996 2026-03-13 09:29:20.632352

2026-03-13 09:29:21,480 - DEBUG - [akshare_pd.py:78] - 👉 数据列名检查: ['date', 'open', 'high', 'low', 'close', 'volume', 'amount', 'outstanding_share', 'turnover']
2026-03-13 09:29:21,484 - DEBUG - [engine.py:104] - 
📊 [600410 600410] 最新 3 行切片检查:
             open   high    low  close       volume        amount  turnover                 updated_at
date                                                                                                  
2026-03-10  30.51  32.57  29.68  31.83  370505276.0  1.156331e+10  0.337900 2026-03-13 09:29:21.481444
2026-03-11  31.20  34.31  31.19  32.68  413292958.0  1.370430e+10  0.376922 2026-03-13 09:29:21.481444
2026-03-12  32.45  33.50  30.59  31.77  353234227.0  1.118550e+10  0.322149 2026-03-13 09:29:21.481444

2026-03-13 09:29:22,399 - DEBUG - [akshare_pd.py:78] - 👉 数据列名检查: ['date', 'open', 'high', 'low', 'close', 'volume', 'amount', 'outstanding_share', 'turnover']
2026-03-13 09:29:22,402 - DEBUG - [engine.py:104] - 
📊 [300502 300502] 最新 3 行切片检查:
              open    high     low   close      volume        amount  turnover                 updated_at
date                                                                                                     
2026-03-10  394.75  401.00  382.59  397.33  42488136.0  1.669605e+10  0.047986 2026-03-13 09:29:22.399062
2026-03-11  400.01  408.00  392.20  393.23  33838170.0  1.350834e+10  0.038217 2026-03-13 09:29:22.399062
2026-03-12  400.01  404.85  375.67  378.77  34618693.0  1.330946e+10  0.039099 2026-03-13 09:29:22.399062

2026-03-13 09:29:23,341 - DEBUG - [akshare_pd.py:78] - 👉 数据列名检查: ['date', 'open', 'high', 'low', 'close', 'volume', 'amount', 'outstanding_share', 'turnover']
2026-03-13 09:29:23,344 - DEBUG - [engine.py:104] - 
📊 [000547 000547] 最新 3 行切片检查:
             open   high    low  close       volume        amount  turnover                 updated_at
date                                                                                                  
2026-03-10  32.51  34.30  32.12  33.66  364988789.0  1.220221e+10  0.229680 2026-03-13 09:29:23.342983
2026-03-11  34.00  34.00  32.80  33.31  297030040.0  9.915401e+09  0.186915 2026-03-13 09:29:23.342983
2026-03-12  33.00  33.31  31.09  31.47  257034557.0  8.229475e+09  0.161746 2026-03-13 09:29:23.342983

2026-03-13 09:29:24,221 - DEBUG - [akshare_pd.py:78] - 👉 数据列名检查: ['date', 'open', 'high', 'low', 'close', 'volume', 'amount', 'outstanding_share', 'turnover']
2026-03-13 09:29:24,224 - DEBUG - [engine.py:104] - 
📊 [300750 300750] 最新 3 行切片检查:
              open    high     low  close      volume        amount  turnover                 updated_at
date                                                                                                    
2026-03-10  375.00  379.77  366.50  376.3  50741728.0  1.904908e+10  0.011921 2026-03-13 09:29:24.222020
2026-03-11  379.58  403.55  378.98  396.8  57598685.0  2.264270e+10  0.013531 2026-03-13 09:29:24.222020
2026-03-12  400.00  400.90  392.70  395.5  29150375.0  1.153767e+10  0.006848 2026-03-13 09:29:24.222020

2026-03-13 09:29:25,100 - DEBUG - [akshare_pd.py:78] - 👉 数据列名检查: ['date', 'open', 'high', 'low', 'close', 'volume', 'amount', 'outstanding_share', 'turnover']
2026-03-13 09:29:25,103 - DEBUG - [engine.py:104] - 
📊 [300308 300308] 最新 3 行切片检查:
              open    high     low   close      volume        amount  turnover                 updated_at
date                                                                                                     
2026-03-10  540.00  548.98  530.02  547.00  28309414.0  1.534895e+10  0.025608 2026-03-13 09:29:25.101248
2026-03-11  557.00  568.90  553.00  554.68  23897170.0  1.341204e+10  0.021617 2026-03-13 09:29:25.101248
2026-03-12  557.25  563.58  528.50  534.80  23911726.0  1.290579e+10  0.021630 2026-03-13 09:29:25.101248

2026-03-13 09:29:26,049 - DEBUG - [akshare_pd.py:78] - 👉 数据列名检查: ['date', 'open', 'high', 'low', 'close', 'volume', 'amount', 'outstanding_share', 'turnover']
2026-03-13 09:29:26,052 - DEBUG - [engine.py:104] - 
📊 [002261 002261] 最新 3 行切片检查:
             open   high    low  close       volume        amount  turnover                 updated_at
date                                                                                                  
2026-03-10  42.15  44.06  40.72  41.76  313689541.0  1.320427e+10  0.273809 2026-03-13 09:29:26.050271
2026-03-11  41.51  43.89  41.03  41.08  272790380.0  1.151191e+10  0.238109 2026-03-13 09:29:26.050271
2026-03-12  40.82  42.50  39.39  39.72  223388492.0  9.071294e+09  0.194988 2026-03-13 09:29:26.050271

2026-03-13 09:29:26,891 - DEBUG - [akshare_pd.py:78] - 👉 数据列名检查: ['date', 'open', 'high', 'low', 'close', 'volume', 'amount', 'outstanding_share', 'turnover']
2026-03-13 09:29:26,895 - DEBUG - [engine.py:104] - 
📊 [000988 000988] 最新 3 行切片检查:
              open    high     low   close       volume        amount  turnover                 updated_at
date                                                                                                      
2026-03-10  119.49  124.00  116.55  123.51  113779973.0  1.363733e+10  0.113216 2026-03-13 09:29:26.892848
2026-03-11  122.99  135.69  122.90  134.88  125882525.0  1.641234e+10  0.125258 2026-03-13 09:29:26.892848
2026-03-12  133.74  141.41  123.50  127.90  209811572.0  2.773775e+10  0.208771 2026-03-13 09:29:26.892848

2026-03-13 09:29:27,876 - DEBUG - [akshare_pd.py:78] - 👉 数据列名检查: ['date', 'open', 'high', 'low', 'close', 'volume', 'amount', 'outstanding_share', 'turnover']
2026-03-13 09:29:27,879 - DEBUG - [engine.py:104] - 
📊 [300274 300274] 最新 3 行切片检查:
              open    high     low   close       volume        amount  turnover                 updated_at
date                                                                                                      
2026-03-10  157.99  158.69  153.20  156.10   59341753.0  9.259444e+09  0.037329 2026-03-13 09:29:27.877198
2026-03-11  156.42  175.66  156.39  170.92  144572766.0  2.431173e+10  0.090943 2026-03-13 09:29:27.877198
2026-03-12  171.54  173.77  168.40  173.10  102568722.0  1.758443e+10  0.064520 2026-03-13 09:29:27.877198

2026-03-13 09:29:28,708 - DEBUG - [akshare_pd.py:78] - 👉 数据列名检查: ['date', 'open', 'high', 'low', 'close', 'volume', 'amount', 'outstanding_share', 'turnover']
2026-03-13 09:29:28,710 - DEBUG - [engine.py:104] - 
📊 [300476 300476] 最新 3 行切片检查:
              open    high    low   close      volume        amount  turnover                 updated_at
date                                                                                                    
2026-03-10  278.00  289.99  276.5  289.00  39657754.0  1.130852e+10  0.046276 2026-03-13 09:29:28.708658
2026-03-11  288.99  290.55  283.8  284.80  26223427.0  7.503241e+09  0.030600 2026-03-13 09:29:28.708658
2026-03-12  282.99  285.80  273.4  280.49  28215827.0  7.861443e+09  0.032925 2026-03-13 09:29:28.708658

2026-03-13 09:29:29,560 - DEBUG - [akshare_pd.py:78] - 👉 数据列名检查: ['date', 'open', 'high', 'low', 'close', 'volume', 'amount', 'outstanding_share', 'turnover']
2026-03-13 09:29:29,562 - DEBUG - [engine.py:104] - 
📊 [300017 300017] 最新 3 行切片检查:
             open   high    low  close       volume        amount  turnover                 updated_at
date                                                                                                  
2026-03-10  20.65  21.48  19.40  20.39  568261968.0  1.155532e+10  0.246513 2026-03-13 09:29:29.560031
2026-03-11  20.20  20.38  19.36  19.38  384801124.0  7.598068e+09  0.166927 2026-03-13 09:29:29.560031
2026-03-12  19.28  20.50  19.00  19.08  401955519.0  7.910458e+09  0.174369 2026-03-13 09:29:29.560031

2026-03-13 09:29:30,328 - DEBUG - [akshare_pd.py:78] - 👉 数据列名检查: ['date', 'open', 'high', 'low', 'close', 'volume', 'amount', 'outstanding_share', 'turnover']
2026-03-13 09:29:30,331 - DEBUG - [engine.py:104] - 
📊 [002506 002506] 最新 3 行切片检查:
            open  high  low  close        volume        amount  turnover                 updated_at
date                                                                                               
2026-03-10  5.78  6.19  5.6   6.07  1.416593e+09  8.373467e+09  0.242383 2026-03-13 09:29:30.328698
2026-03-11  6.00  6.36  5.8   5.96  1.563213e+09  9.493189e+09  0.267471 2026-03-13 09:29:30.328698
2026-03-12  5.80  6.06  5.7   5.87  1.104367e+09  6.468292e+09  0.188961 2026-03-13 09:29:30.328698

2026-03-13 09:29:31,054 - DEBUG - [akshare_pd.py:78] - 👉 数据列名检查: ['date', 'open', 'high', 'low', 'close', 'volume', 'amount', 'outstanding_share', 'turnover']
2026-03-13 09:29:31,056 - DEBUG - [engine.py:104] - 
📊 [601868 601868] 最新 3 行切片检查:
            open  high   low  close        volume        amount  turnover                 updated_at
date                                                                                                
2026-03-10  2.98  3.23  2.87   3.14  3.231616e+09  9.989403e+09  0.099653 2026-03-13 09:29:31.054803
2026-03-11  3.15  3.45  3.09   3.45  1.892516e+09  6.294151e+09  0.058359 2026-03-13 09:29:31.054803
2026-03-12  3.52  3.80  3.50   3.80  4.784656e+09  1.745828e+10  0.147544 2026-03-13 09:29:31.054803

2026-03-13 09:29:31,953 - DEBUG - [akshare_pd.py:78] - 👉 数据列名检查: ['date', 'open', 'high', 'low', 'close', 'volume', 'amount', 'outstanding_share', 'turnover']
2026-03-13 09:29:31,957 - DEBUG - [engine.py:104] - 
📊 [600498 600498] 最新 3 行切片检查:
             open   high    low  close       volume        amount  turnover                 updated_at
date                                                                                                  
2026-03-10  53.00  57.20  52.71  57.20  144011656.0  8.010268e+09  0.113250 2026-03-13 09:29:31.953877
2026-03-11  58.60  61.78  56.66  57.03  183744064.0  1.086759e+10  0.144496 2026-03-13 09:29:31.953877
2026-03-12  57.02  59.59  55.00  55.50  103514093.0  5.904605e+09  0.081403 2026-03-13 09:29:31.953877

2026-03-13 09:29:32,741 - DEBUG - [akshare_pd.py:78] - 👉 数据列名检查: ['date', 'open', 'high', 'low', 'close', 'volume', 'amount', 'outstanding_share', 'turnover']
2026-03-13 09:29:32,743 - DEBUG - [engine.py:104] - 
📊 [601899 601899] 最新 3 行切片检查:
             open   high    low  close       volume        amount  turnover                 updated_at
date                                                                                                  
2026-03-10  36.98  37.54  36.80  37.13  201312398.0  7.475372e+09  0.009772 2026-03-13 09:29:32.741144
2026-03-11  37.50  37.64  37.04  37.24  148131269.0  5.525147e+09  0.007191 2026-03-13 09:29:32.741144
2026-03-12  36.79  37.16  36.35  36.75  189113008.0  6.945680e+09  0.009180 2026-03-13 09:29:32.741144

2026-03-13 09:29:33,561 - DEBUG - [akshare_pd.py:78] - 👉 数据列名检查: ['date', 'open', 'high', 'low', 'close', 'volume', 'amount', 'outstanding_share', 'turnover']
2026-03-13 09:29:33,565 - DEBUG - [engine.py:104] - 
📊 [600487 600487] 最新 3 行切片检查:
             open  high    low  close       volume        amount  turnover                 updated_at
date                                                                                                 
2026-03-10  46.72  50.2  46.72  49.99  153667766.0  7.447927e+09  0.062845 2026-03-13 09:29:33.562390
2026-03-11  51.00  54.3  50.63  50.80  168100591.0  8.775464e+09  0.068748 2026-03-13 09:29:33.562390
2026-03-12  49.90  54.3  49.90  51.42  150679865.0  7.829262e+09  0.061623 2026-03-13 09:29:33.562390

2026-03-13 09:29:34,356 - DEBUG - [akshare_pd.py:78] - 👉 数据列名检查: ['date', 'open', 'high', 'low', 'close', 'volume', 'amount', 'outstanding_share', 'turnover']
2026-03-13 09:29:34,359 - DEBUG - [engine.py:104] - 
📊 [002384 002384] 最新 3 行切片检查:
              open    high     low   close      volume        amount  turnover                 updated_at
date                                                                                                     
2026-03-10  102.00  108.06  101.20  108.06  91333198.0  9.599794e+09  0.065882 2026-03-13 09:29:34.357142
2026-03-11  109.33  111.65  103.71  104.80  91369094.0  9.735043e+09  0.065908 2026-03-13 09:29:34.357142
2026-03-12  106.09  109.30  101.20  109.30  79196476.0  8.286747e+09  0.057127 2026-03-13 09:29:34.357142

2026-03-13 09:29:35,192 - DEBUG - [akshare_pd.py:78] - 👉 数据列名检查: ['date', 'open', 'high', 'low', 'close', 'volume', 'amount', 'outstanding_share', 'turnover']
2026-03-13 09:29:35,195 - DEBUG - [engine.py:104] - 
📊 [600703 600703] 最新 3 行切片检查:
             open   high    low  close       volume        amount  turnover                 updated_at
date                                                                                                  
2026-03-10  16.50  16.50  15.90  16.11  190315789.0  3.072166e+09  0.038147 2026-03-13 09:29:35.193366
2026-03-11  16.15  17.42  16.05  17.04  327210971.0  5.518783e+09  0.065586 2026-03-13 09:29:35.193366
2026-03-12  17.05  18.74  17.00  18.74  435418844.0  7.968259e+09  0.087275 2026-03-13 09:29:35.193366

2026-03-13 09:29:36,060 - DEBUG - [akshare_pd.py:78] - 👉 数据列名检查: ['date', 'open', 'high', 'low', 'close', 'volume', 'amount', 'outstanding_share', 'turnover']
2026-03-13 09:29:36,063 - DEBUG - [engine.py:104] - 
📊 [002281 002281] 最新 3 行切片检查:
             open    high    low  close       volume        amount  turnover                 updated_at
date                                                                                                   
2026-03-10  78.99   86.16  78.99  86.16   55409530.0  4.557438e+09  0.071085 2026-03-13 09:29:36.061632
2026-03-11  90.68   93.08  89.00  91.49  102547496.0  9.369670e+09  0.131559 2026-03-13 09:29:36.061632
2026-03-12  91.54  100.64  91.54  98.82  114756842.0  1.122783e+10  0.147223 2026-03-13 09:29:36.061632

2026-03-13 09:29:36,958 - DEBUG - [akshare_pd.py:78] - 👉 数据列名检查: ['date', 'open', 'high', 'low', 'close', 'volume', 'amount', 'outstanding_share', 'turnover']
2026-03-13 09:29:36,960 - DEBUG - [engine.py:104] - 
📊 [002475 002475] 最新 3 行切片检查:
             open   high    low  close       volume        amount  turnover                 updated_at
date                                                                                                  
2026-03-10  47.20  49.70  47.20  49.39  181409372.0  8.875108e+09  0.024956 2026-03-13 09:29:36.958552
2026-03-11  49.45  50.88  49.28  50.17  168648425.0  8.476554e+09  0.023200 2026-03-13 09:29:36.958552
2026-03-12  49.90  50.43  49.28  49.70   86041581.0  4.282954e+09  0.011836 2026-03-13 09:29:36.958552

2026-03-13 09:29:37,899 - DEBUG - [akshare_pd.py:78] - 👉 数据列名检查: ['date', 'open', 'high', 'low', 'close', 'volume', 'amount', 'outstanding_share', 'turnover']
2026-03-13 09:29:37,901 - DEBUG - [engine.py:104] - 
📊 [600989 600989] 最新 3 行切片检查:
             open   high    low  close       volume        amount  turnover                 updated_at
date                                                                                                  
2026-03-10  27.58  29.88  27.58  28.95  246527995.0  7.083563e+09  0.033617 2026-03-13 09:29:37.899514
2026-03-11  28.35  31.85  28.35  31.85  219548593.0  6.627817e+09  0.029938 2026-03-13 09:29:37.899514
2026-03-12  33.30  34.60  32.20  33.73  251968203.0  8.435356e+09  0.034359 2026-03-13 09:29:37.899514

2026-03-13 09:29:38,791 - DEBUG - [akshare_pd.py:78] - 👉 数据列名检查: ['date', 'open', 'high', 'low', 'close', 'volume', 'amount', 'outstanding_share', 'turnover']
2026-03-13 09:29:38,794 - DEBUG - [engine.py:104] - 
📊 [600759 600759] 最新 3 行切片检查:
            open  high   low  close       volume        amount  turnover                 updated_at
date                                                                                               
2026-03-10  7.49  7.75  7.49   7.49  720039561.0  5.425945e+09  0.173768 2026-03-13 09:29:38.792117
2026-03-11  7.10  7.72  6.91   7.56  831634860.0  6.136074e+09  0.200699 2026-03-13 09:29:38.792117
2026-03-12  7.80  7.80  7.30   7.39  705263983.0  5.306373e+09  0.170202 2026-03-13 09:29:38.792117

2026-03-13 09:29:39,758 - DEBUG - [akshare_pd.py:78] - 👉 数据列名检查: ['date', 'open', 'high', 'low', 'close', 'volume', 'amount', 'outstanding_share', 'turnover']
2026-03-13 09:29:39,761 - DEBUG - [engine.py:104] - 
📊 [002594 002594] 最新 3 行切片检查:
             open    high    low  close      volume        amount  turnover                 updated_at
date                                                                                                  
2026-03-10  97.18   97.49  96.08  96.60  50746243.0  4.907397e+09  0.014552 2026-03-13 09:29:39.758709
2026-03-11  96.75  100.34  95.67  99.22  90374375.0  8.925094e+09  0.025916 2026-03-13 09:29:39.758709
2026-03-12  99.23  100.69  98.70  99.10  50252357.0  4.995016e+09  0.014410 2026-03-13 09:29:39.758709

2026-03-13 09:29:40,609 - DEBUG - [akshare_pd.py:78] - 👉 数据列名检查: ['date', 'open', 'high', 'low', 'close', 'volume', 'amount', 'outstanding_share', 'turnover']
2026-03-13 09:29:40,612 - DEBUG - [engine.py:104] - 
📊 [601138 601138] 最新 3 行切片检查:
             open   high    low  close       volume        amount  turnover                 updated_at
date                                                                                                  
2026-03-10  53.63  54.38  53.40  54.36  117385056.0  6.334071e+09  0.005911 2026-03-13 09:29:40.609869
2026-03-11  54.70  54.99  53.60  53.89  122007345.0  6.604833e+09  0.006144 2026-03-13 09:29:40.609869
2026-03-12  53.90  54.78  52.22  52.54  141006096.0  7.525159e+09  0.007101 2026-03-13 09:29:40.609869

2026-03-13 09:29:41,491 - DEBUG - [akshare_pd.py:78] - 👉 数据列名检查: ['date', 'open', 'high', 'low', 'close', 'volume', 'amount', 'outstanding_share', 'turnover']
2026-03-13 09:29:41,494 - DEBUG - [engine.py:104] - 
📊 [002015 002015] 最新 3 行切片检查:
             open   high    low  close       volume        amount  turnover                 updated_at
date                                                                                                  
2026-03-10  18.39  18.68  17.07  18.12  359976476.0  6.392891e+09  0.221753 2026-03-13 09:29:41.492029
2026-03-11  18.01  19.93  17.39  19.42  371346202.0  7.098510e+09  0.228757 2026-03-13 09:29:41.492029
2026-03-12  20.00  21.36  19.50  21.36  347572212.0  7.252101e+09  0.214111 2026-03-13 09:29:41.492029

2026-03-13 09:29:42,369 - DEBUG - [akshare_pd.py:78] - 👉 数据列名检查: ['date', 'open', 'high', 'low', 'close', 'volume', 'amount', 'outstanding_share', 'turnover']
2026-03-13 09:29:42,372 - DEBUG - [engine.py:104] - 
📊 [300475 300475] 最新 3 行切片检查:
              open    high     low   close      volume        amount  turnover                 updated_at
date                                                                                                     
2026-03-10  160.20  165.32  158.58  161.85  36564689.0  5.932588e+09  0.082098 2026-03-13 09:29:42.369677
2026-03-11  160.51  162.22  155.58  156.83  28241066.0  4.468852e+09  0.063409 2026-03-13 09:29:42.369677
2026-03-12  156.30  158.40  150.66  152.70  18807592.0  2.888075e+09  0.042228 2026-03-13 09:29:42.369677

2026-03-13 09:29:43,311 - DEBUG - [akshare_pd.py:78] - 👉 数据列名检查: ['date', 'open', 'high', 'low', 'close', 'volume', 'amount', 'outstanding_share', 'turnover']
2026-03-13 09:29:43,316 - DEBUG - [engine.py:104] - 
📊 [600875 600875] 最新 3 行切片检查:
             open   high    low  close       volume        amount  turnover                 updated_at
date                                                                                                  
2026-03-10  43.06  44.06  41.75  42.16  127077622.0  5.414091e+09  0.056145 2026-03-13 09:29:43.312926
2026-03-11  42.50  42.62  40.41  41.08  124544135.0  5.126705e+09  0.055026 2026-03-13 09:29:43.312926
2026-03-12  40.75  40.89  39.41  40.47  106043651.0  4.262634e+09  0.046852 2026-03-13 09:29:43.312926

2026-03-13 09:29:44,271 - DEBUG - [akshare_pd.py:78] - 👉 数据列名检查: ['date', 'open', 'high', 'low', 'close', 'volume', 'amount', 'outstanding_share', 'turnover']
2026-03-13 09:29:44,274 - DEBUG - [engine.py:104] - 
📊 [601857 601857] 最新 3 行切片检查:
             open   high    low  close       volume        amount  turnover                 updated_at
date                                                                                                  
2026-03-10  12.18  12.30  11.78  11.99  524362917.0  6.301324e+09  0.003238 2026-03-13 09:29:44.272126
2026-03-11  11.78  12.16  11.65  12.13  474054564.0  5.647612e+09  0.002928 2026-03-13 09:29:44.272126
2026-03-12  12.33  12.39  11.95  12.23  403531840.0  4.926789e+09  0.002492 2026-03-13 09:29:44.272126

2026-03-13 09:29:45,121 - DEBUG - [akshare_pd.py:78] - 👉 数据列名检查: ['date', 'open', 'high', 'low', 'close', 'volume', 'amount', 'outstanding_share', 'turnover']
2026-03-13 09:29:45,125 - DEBUG - [engine.py:104] - 
📊 [600938 600938] 最新 3 行切片检查:
             open   high    low  close       volume        amount  turnover                 updated_at
date                                                                                                  
2026-03-10  39.03  41.66  39.03  40.98  165158546.0  6.646851e+09  0.055237 2026-03-13 09:29:45.122303
2026-03-11  40.20  42.08  40.20  41.76  120809993.0  4.963745e+09  0.040405 2026-03-13 09:29:45.122303
2026-03-12  42.62  43.25  41.65  43.00  149555523.0  6.375294e+09  0.050019 2026-03-13 09:29:45.122303

2026-03-13 09:29:45,969 - DEBUG - [akshare_pd.py:78] - 👉 数据列名检查: ['date', 'open', 'high', 'low', 'close', 'volume', 'amount', 'outstanding_share', 'turnover']
2026-03-13 09:29:45,971 - DEBUG - [engine.py:104] - 
📊 [002195 002195] 最新 3 行切片检查:
             open   high    low  close       volume        amount  turnover                 updated_at
date                                                                                                  
2026-03-10  10.72  10.75  10.38  10.52  460576916.0  4.850971e+09  0.082227 2026-03-13 09:29:45.969815
2026-03-11  10.60  10.97  10.31  10.71  705692047.0  7.524519e+09  0.125988 2026-03-13 09:29:45.969815
2026-03-12  10.58  10.59  10.25  10.30  416171422.0  4.314162e+09  0.074300 2026-03-13 09:29:45.969815

2026-03-13 09:29:46,779 - DEBUG - [akshare_pd.py:78] - 👉 数据列名检查: ['date', 'open', 'high', 'low', 'close', 'volume', 'amount', 'outstanding_share', 'turnover']
2026-03-13 09:29:46,782 - DEBUG - [engine.py:104] - 
📊 [601669 601669] 最新 3 行切片检查:
            open  high   low  close        volume        amount  turnover                 updated_at
date                                                                                                
2026-03-10  5.90  6.19  5.84   6.03  6.860737e+08  4.143831e+09  0.052486 2026-03-13 09:29:46.779661
2026-03-11  6.04  6.54  5.93   6.38  1.245092e+09  7.840193e+09  0.095252 2026-03-13 09:29:46.779661
2026-03-12  6.48  6.65  6.25   6.54  1.475219e+09  9.487735e+09  0.112857 2026-03-13 09:29:46.779661

2026-03-13 09:29:47,739 - DEBUG - [akshare_pd.py:78] - 👉 数据列名检查: ['date', 'open', 'high', 'low', 'close', 'volume', 'amount', 'outstanding_share', 'turnover']
2026-03-13 09:29:47,742 - DEBUG - [engine.py:104] - 
📊 [300014 300014] 最新 3 行切片检查:
             open   high    low  close       volume        amount  turnover                 updated_at
date                                                                                                  
2026-03-10  62.71  63.85  62.50  62.98   40868830.0  2.583041e+09  0.020436 2026-03-13 09:29:47.740156
2026-03-11  62.76  69.67  62.70  67.97  125431380.0  8.429228e+09  0.062722 2026-03-13 09:29:47.740156
2026-03-12  68.57  69.18  67.31  69.09   81226243.0  5.554920e+09  0.040617 2026-03-13 09:29:47.740156

2026-03-13 09:29:47,905 - INFO - [cloudakpd.py:36] - ============================================================
2026-03-13 09:29:47,905 - INFO - [cloudakpd.py:37] - 📊 [DataCenter] 数据内核启动审计...
2026-03-13 09:29:47,906 - INFO - [cloudakpd.py:38] -    ▫️ 存储模式 : ☁️  云端 (PostgreSQL)
2026-03-13 09:29:47,906 - INFO - [cloudakpd.py:39] -    ▫️ 连接节点 : ep-noisy-dust-a1zv7w56-pooler.ap-southeast-1.aws.neon.tech/neondb
2026-03-13 09:29:50,346 - INFO - [cloudakpd.py:85] - 📂 字段审计完成，当前支持: name, open, high, latest_price, symbol, trade_date, is_closed, low, volume, turnover_rate, updated_at, amount
2026-03-13 09:29:50,347 - INFO - [cloudakpd.py:42] - ============================================================
2026-03-13 09:30:32,855 - INFO - [cloudakpd.py:204] - ---------------------------------------------
2026-03-13 09:30:32,856 - INFO - [cloudakpd.py:205] - 🔍 [审计] 同步完成: 2026-03-13
2026-03-13 09:30:32,856 - INFO - [cloudakpd.py:206] -    ▫️ 标的总数 : 5488 条
2026-03-13 09:30:32,857 - INFO - [cloudakpd.py:207] -    ▫️ 资金状态 : 盘中实时
2026-03-13 09:30:32,858 - INFO - [cloudakpd.py:208] -    ▫️ 存入时间 : 2026-03-13 09:30:31.298566
2026-03-13 09:30:32,862 - INFO - [cloudakpd.py:210] - 
symbol name  open  latest_price  high   low   volume    amount trade_date
920000 安徽凤凰  0.00          0.00  0.00  0.00      0.0       0.0 2026-03-13
920001 纬达光电 21.00         21.00 21.00 21.00 131221.0 2755641.0 2026-03-13
920002 万达轴承 92.41         92.41 92.41 92.41    100.0    9241.0 2026-03-13
2026-03-13 09:30:32,862 - INFO - [cloudakpd.py:211] - ---------------------------------------------
2026-03-13 09:30:34,058 - INFO - [cloudakpd.py:204] - ---------------------------------------------
2026-03-13 09:30:34,058 - INFO - [cloudakpd.py:205] - 🔍 [审计] 读取成功: 2026-03-13
2026-03-13 09:30:34,059 - INFO - [cloudakpd.py:206] -    ▫️ 标的总数 : 5488 条
2026-03-13 09:30:34,059 - INFO - [cloudakpd.py:207] -    ▫️ 资金状态 : 盘中实时
2026-03-13 09:30:34,059 - INFO - [cloudakpd.py:208] -    ▫️ 存入时间 : 2026-03-13 09:30:31.298566
2026-03-13 09:30:34,061 - INFO - [cloudakpd.py:210] - 
symbol  name  open  latest_price  high   low    volume     amount trade_date
000001  平安银行 10.93         10.93 10.93 10.93  668300.0  7304519.0 2026-03-13
000002  万 科Ａ  4.65          4.65  4.65  4.65  564400.0  2624460.0 2026-03-13
000004 *ST国华  5.88          5.88  5.88  5.88 4132500.0 24299100.0 2026-03-13
2026-03-13 09:30:34,061 - INFO - [cloudakpd.py:211] - ---------------------------------------------
2026-03-13 09:30:34,063 - INFO - [ledger.py:266] - ✅ 资产审计完成。当前净资产: 1042248327.87, 云端对齐已完成。
2026-03-13 09:30:34,065 - INFO - [engine.py:161] - ================================================================================
2026-03-13 09:30:34,065 - INFO - [engine.py:162] - 【操作审批纪要 (Execution Summary)】
2026-03-13 09:30:34,065 - INFO - [engine.py:164] - 🟢 000547 (000547) 建议买入 171700 股 | 预估价: 31.47 | 状态: 待老板确认 | 逻辑: 顺势金叉确认，首次建仓
2026-03-13 09:30:34,066 - INFO - [engine.py:164] - 🟢 600498 (600498) 建议买入 97300 股 | 预估价: 55.50 | 状态: 待老板确认 | 逻辑: 顺势金叉确认，首次建仓
2026-03-13 09:30:34,066 - INFO - [engine.py:164] - 🟢 600703 (600703) 建议买入 288300 股 | 预估价: 18.74 | 状态: 待老板确认 | 逻辑: 顺势金叉确认，首次建仓
2026-03-13 09:30:34,066 - INFO - [engine.py:164] - 🟢 600938 (600938) 建议买入 125600 股 | 预估价: 43.00 | 状态: 待老板确认 | 逻辑: 顺势金叉确认，首次建仓
2026-03-13 09:30:34,066 - INFO - [engine.py:168] - 
【持仓状态确认 (Positions Audit)】
2026-03-13 09:30:34,067 - INFO - [engine.py:170] - 🛡️ 601179 (601179) | 持仓 860000 股 | 现价: 18.64 | 浮盈: -2.82%
   └─ 买入日期: 2026-03-11 | 开仓逻辑: 顺势金叉确认，首次建仓
2026-03-13 09:30:34,067 - INFO - [engine.py:170] - 🛡️ 600089 (600089) | 持仓 529700 股 | 现价: 30.84 | 浮盈: -0.96%
   └─ 买入日期: 2026-03-11 | 开仓逻辑: 顺势金叉确认，首次建仓
2026-03-13 09:30:34,067 - INFO - [engine.py:170] - 🛡️ 002202 (002202) | 持仓 323300 股 | 现价: 31.29 | 浮盈: 4.27%
   └─ 买入日期: 2026-03-11 | 开仓逻辑: 顺势金叉确认，首次建仓
2026-03-13 09:30:34,067 - INFO - [engine.py:170] - 🛡️ 600522 (600522) | 持仓 300 股 | 现价: 30.24 | 浮盈: 2.74%
   └─ 买入日期: 历史遗留 | 开仓逻辑: 未知建仓逻辑
2026-03-13 09:30:34,068 - INFO - [engine.py:170] - 🛡️ 601939 (601939) | 持仓 200 股 | 现价: 9.10 | 浮盈: 5.57%
   └─ 买入日期: 历史遗留 | 开仓逻辑: 未知建仓逻辑
2026-03-13 09:30:34,068 - INFO - [engine.py:174] - ================================================================================
2026-03-13 09:30:34,068 - INFO - [engine.py:175] - 👀 【交易额最大动态监控池 (优胜劣汰拒绝名单)】
2026-03-13 09:30:34,069 - INFO - [engine.py:186] -    - 🚫 观望 300394 (300394): 未满足缩量回踩或放量突破
2026-03-13 09:30:34,069 - INFO - [engine.py:186] -    - 🚫 观望 600410 (600410): 乖离率偏高 (1.32)
2026-03-13 09:30:34,069 - INFO - [engine.py:186] -    - 🚫 观望 300502 (300502): 未形成多头排列
2026-03-13 09:30:34,070 - INFO - [engine.py:186] -    - 🚫 观望 300750 (300750): 未形成多头排列
2026-03-13 09:30:34,070 - INFO - [engine.py:186] -    - 🚫 观望 300308 (300308): 未形成多头排列
2026-03-13 09:30:34,070 - INFO - [engine.py:186] -    - 🚫 观望 002261 (002261): 未形成多头排列
2026-03-13 09:30:34,071 - INFO - [engine.py:186] -    - 🚫 观望 000988 (000988): 乖离率偏高 (1.46)
2026-03-13 09:30:34,071 - INFO - [engine.py:186] -    - 🚫 观望 300274 (300274): 未形成多头排列
2026-03-13 09:30:34,071 - INFO - [engine.py:186] -    - 🚫 观望 300476 (300476): 未形成多头排列
2026-03-13 09:30:34,072 - INFO - [engine.py:186] -    - 🚫 观望 300017 (300017): 未满足缩量回踩或放量突破
2026-03-13 09:30:34,072 - INFO - [engine.py:186] -    - 🚫 观望 002506 (002506): 乖离率偏高 (1.40)
2026-03-13 09:30:34,073 - INFO - [engine.py:186] -    - 🚫 观望 601868 (601868): 未形成多头排列
2026-03-13 09:30:34,073 - INFO - [engine.py:186] -    - 🚫 观望 601899 (601899): 未满足缩量回踩或放量突破
2026-03-13 09:30:34,073 - INFO - [engine.py:186] -    - 🚫 观望 600487 (600487): 乖离率偏高 (1.37)
2026-03-13 09:30:34,074 - INFO - [engine.py:186] -    - 🚫 观望 002384 (002384): 未形成多头排列
2026-03-13 09:30:34,074 - INFO - [engine.py:186] -    - 🚫 观望 002281 (002281): 乖离率偏高 (1.33)
2026-03-13 09:30:34,074 - INFO - [engine.py:186] -    - 🚫 观望 002475 (002475): 未形成多头排列
2026-03-13 09:30:34,075 - INFO - [engine.py:186] -    - 🚫 观望 600989 (600989): 乖离率偏高 (1.40)
2026-03-13 09:30:34,075 - INFO - [engine.py:186] -    - 🚫 观望 600759 (600759): 乖离率偏高 (1.35)
2026-03-13 09:30:34,076 - INFO - [engine.py:186] -    - 🚫 观望 002594 (002594): 未形成多头排列
2026-03-13 09:30:34,076 - INFO - [engine.py:186] -    - 🚫 观望 601138 (601138): 未形成多头排列
2026-03-13 09:30:34,077 - INFO - [engine.py:186] -    - 🚫 观望 002015 (002015): 乖离率偏高 (1.68)
2026-03-13 09:30:34,077 - INFO - [engine.py:186] -    - 🚫 观望 300475 (300475): 未形成多头排列
2026-03-13 09:30:34,077 - INFO - [engine.py:186] -    - 🚫 观望 600875 (600875): 乖离率偏高 (1.30)
2026-03-13 09:30:34,078 - INFO - [engine.py:186] -    - 🚫 观望 601857 (601857): 未形成多头排列
2026-03-13 09:30:34,078 - INFO - [engine.py:186] -    - 🚫 观望 002195 (002195): 未满足缩量回踩或放量突破
2026-03-13 09:30:34,078 - INFO - [engine.py:186] -    - 🚫 观望 601669 (601669): 未形成多头排列
2026-03-13 09:30:34,079 - INFO - [engine.py:186] -    - 🚫 观望 300014 (300014): 未形成多头排列
2026-03-13 09:33:34,961 - INFO - [config.py:47] - --------------------------------------------------------------------------------
2026-03-13 09:33:34,961 - INFO - [config.py:48] - ⚙️ 【策略参数装载与核对】 -> 依据: trials_20260311_165301.csv
2026-03-13 09:33:34,962 - INFO - [config.py:50] -    - 注入动态寻优参数 : bias_entry_limit: 1.25, ma_long: 70, ma_mid: 38, ma_short: 8, partial_exit_min_profit: 0.15, partial_exit_pct: 0.3, profit_tier1: 0.15, stop_loss_pct: 0.08, trailing_stop_pct: 0.34, trailing_tier1: 0.1, unit_size: 0.2
2026-03-13 09:33:34,962 - INFO - [config.py:51] - --------------------------------------------------------------------------------
2026-03-13 09:33:34,998 - INFO - [cloudakpd.py:36] - ============================================================
2026-03-13 09:33:34,998 - INFO - [cloudakpd.py:37] - 📊 [DataCenter] 数据内核启动审计...
2026-03-13 09:33:34,998 - INFO - [cloudakpd.py:38] -    ▫️ 存储模式 : ☁️  云端 (PostgreSQL)
2026-03-13 09:33:34,999 - INFO - [cloudakpd.py:39] -    ▫️ 连接节点 : ep-noisy-dust-a1zv7w56-pooler.ap-southeast-1.aws.neon.tech/neondb
2026-03-13 09:33:37,544 - INFO - [cloudakpd.py:85] - 📂 字段审计完成，当前支持: symbol, high, turnover_rate, trade_date, updated_at, open, is_closed, amount, volume, latest_price, low, name
2026-03-13 09:33:37,545 - INFO - [cloudakpd.py:42] - ============================================================
2026-03-13 09:33:38,695 - INFO - [cloudakpd.py:204] - ---------------------------------------------
2026-03-13 09:33:38,695 - INFO - [cloudakpd.py:205] - 🔍 [审计] 读取成功: 2026-03-13
2026-03-13 09:33:38,696 - INFO - [cloudakpd.py:206] -    ▫️ 标的总数 : 5488 条
2026-03-13 09:33:38,696 - INFO - [cloudakpd.py:207] -    ▫️ 资金状态 : 盘中实时
2026-03-13 09:33:38,696 - INFO - [cloudakpd.py:208] -    ▫️ 存入时间 : 2026-03-13 09:30:31.298566
2026-03-13 09:33:38,700 - INFO - [cloudakpd.py:210] - 
symbol name  open  latest_price  high   low   volume    amount trade_date
920000 安徽凤凰  0.00          0.00  0.00  0.00      0.0       0.0 2026-03-13
920001 纬达光电 21.00         21.00 21.00 21.00 131221.0 2755641.0 2026-03-13
920002 万达轴承 92.41         92.41 92.41 92.41    100.0    9241.0 2026-03-13
2026-03-13 09:33:38,700 - INFO - [cloudakpd.py:211] - ---------------------------------------------
2026-03-13 09:33:38,700 - INFO - [universe.py:40] - ✅ [UniverseManager] 云端全量快照加载成功，当前监控 5488 只标的。
2026-03-13 09:33:38,701 - INFO - [engine.py:24] - ================================================================================
2026-03-13 09:33:38,701 - INFO - [engine.py:25] -  🚀 启动量化交易实盘中心 (2026-03-13 09:33)
2026-03-13 09:33:38,701 - INFO - [engine.py:26] -    - 📒 人工比对账本 : D:\git\LongTrading\data\live_broker_account.json
2026-03-13 09:33:38,702 - INFO - [engine.py:27] -    - 💸 审计交易流水 : D:\git\LongTrading\data\live_trade_ledger.csv
2026-03-13 09:33:38,702 - INFO - [engine.py:28] - ================================================================================
2026-03-13 09:33:38,706 - WARNING - [ledger.py:64] - 🚨 【对账异常】 600703 系统应有 288300 与 真实持有 0不一致。系统已强制以人工为准重新校准！
2026-03-13 09:33:38,706 - WARNING - [ledger.py:64] - 🚨 【对账异常】 000547 系统应有 171700 与 真实持有 0不一致。系统已强制以人工为准重新校准！
2026-03-13 09:33:38,706 - WARNING - [ledger.py:64] - 🚨 【对账异常】 600498 系统应有 97300 与 真实持有 0不一致。系统已强制以人工为准重新校准！
2026-03-13 09:33:38,706 - WARNING - [ledger.py:64] - 🚨 【对账异常】 600938 系统应有 125600 与 真实持有 0不一致。系统已强制以人工为准重新校准！
2026-03-13 09:33:38,706 - INFO - [engine.py:36] - 📡 正在全盘扫描历史数据与近期快照，构建动态监控池...
2026-03-13 09:33:38,708 - INFO - [universe.py:145] - 📊 正在通过云端 SQL 审计近 20 个交易日的热点标的...
2026-03-13 09:33:39,084 - INFO - [universe.py:192] - ✅ [UniverseManager] 动态股票池已对齐云端，当前池规模: 43
2026-03-13 09:33:39,084 - INFO - [engine.py:38] - 🏦 会计部接管完毕: 可用现金 【1,000,000,000.00 元】，真实持仓 【5 只】，雷达标的 【43 只】。
2026-03-13 09:33:39,084 - INFO - [engine.py:39] - 🎯 监控池构建完毕: 汇聚近 20 日霸榜标的，实盘监控总数: 【43 只】。
2026-03-13 09:33:39,086 - INFO - [engine.py:67] - --------------------------------------------------------------------------------
2026-03-13 09:33:39,087 - INFO - [engine.py:68] - 【盘前资产风控评估 (Pre-Trade NAV Dashboard)】
2026-03-13 09:33:39,087 - INFO - [engine.py:69] -    - 可用现金 (Available Cash) : 1,000,000,000.00
2026-03-13 09:33:39,088 - INFO - [engine.py:70] -    - 持仓成本 (Total Cost)     : 42,702,445.20
2026-03-13 09:33:39,088 - INFO - [engine.py:71] -    - 持仓市值 (Market Value)   : 42,422,264.00
2026-03-13 09:33:39,088 - INFO - [engine.py:72] -    - 净 资 产 (Total Equity)   : 1,042,422,264.00
2026-03-13 09:33:39,089 - INFO - [engine.py:73] -    - 账面浮盈 (Floating PnL)   : -280,181.20 (-0.66%)
2026-03-13 09:33:39,089 - INFO - [engine.py:74] - --------------------------------------------------------------------------------
2026-03-13 09:33:39,912 - DEBUG - [akshare_pd.py:78] - 👉 数据列名检查: ['date', 'open', 'high', 'low', 'close', 'volume', 'amount', 'outstanding_share', 'turnover']
2026-03-13 09:33:39,915 - INFO - [engine.py:99] - ⚡ [601179 中国西电] 盘中数据注入成功！(跳动现价: 18.51)
2026-03-13 09:33:39,918 - DEBUG - [engine.py:104] - 
📊 [601179 中国西电] 最新 3 行切片检查:
             open   high    low  close       volume        amount  turnover                 updated_at
date                                                                                                  
2026-03-11  20.01  20.10  18.72  19.15  538764514.0  1.039706e+10  0.105107 2026-03-13 09:33:39.913630
2026-03-12  18.80  19.34  18.33  18.64  378945070.0  7.085936e+09  0.073928 2026-03-13 09:33:39.913630
2026-03-13  18.51  18.51  18.51  18.51    1614000.0           NaN  0.000000                        NaT

2026-03-13 09:33:40,776 - DEBUG - [akshare_pd.py:78] - 👉 数据列名检查: ['date', 'open', 'high', 'low', 'close', 'volume', 'amount', 'outstanding_share', 'turnover']
2026-03-13 09:33:40,780 - INFO - [engine.py:99] - ⚡ [600089 特变电工] 盘中数据注入成功！(跳动现价: 30.85)
2026-03-13 09:33:40,782 - DEBUG - [engine.py:104] - 
📊 [600089 特变电工] 最新 3 行切片检查:
             open   high    low  close       volume        amount  turnover                 updated_at
date                                                                                                  
2026-03-11  31.87  31.90  30.90  31.04  310469652.0  9.699245e+09  0.061445 2026-03-13 09:33:40.776601
2026-03-12  31.04  31.26  30.38  30.84  213173772.0  6.566340e+09  0.042189 2026-03-13 09:33:40.776601
2026-03-13  30.85  30.85  30.85  30.85     917430.0           NaN  0.000000                        NaT

2026-03-13 09:33:41,649 - DEBUG - [akshare_pd.py:78] - 👉 数据列名检查: ['date', 'open', 'high', 'low', 'close', 'volume', 'amount', 'outstanding_share', 'turnover']
2026-03-13 09:33:41,652 - INFO - [engine.py:99] - ⚡ [002202 金风科技] 盘中数据注入成功！(跳动现价: 31.4)
2026-03-13 09:33:41,654 - DEBUG - [engine.py:104] - 
📊 [002202 金风科技] 最新 3 行切片检查:
             open  high    low  close       volume        amount  turnover                 updated_at
date                                                                                                 
2026-03-11  28.51  31.0  27.82  30.24  434392923.0  1.278988e+10  0.129149 2026-03-13 09:33:41.650222
2026-03-12  29.94  33.0  29.15  31.29  478142907.0  1.469073e+10  0.142156 2026-03-13 09:33:41.650222
2026-03-13  31.35  31.6  31.35  31.40    8269583.0           NaN  0.000000                        NaT

2026-03-13 09:33:42,500 - DEBUG - [akshare_pd.py:78] - 👉 数据列名检查: ['date', 'open', 'high', 'low', 'close', 'volume', 'amount', 'outstanding_share', 'turnover']
2026-03-13 09:33:42,503 - INFO - [engine.py:99] - ⚡ [600522 中天科技] 盘中数据注入成功！(跳动现价: 29.93)
2026-03-13 09:33:42,505 - DEBUG - [engine.py:104] - 
📊 [600522 中天科技] 最新 3 行切片检查:
             open   high    low  close       volume        amount  turnover                 updated_at
date                                                                                                  
2026-03-11  29.82  31.66  29.79  30.01  244824364.0  7.470581e+09  0.071734 2026-03-13 09:33:42.500844
2026-03-12  29.60  31.38  29.50  30.24  159929780.0  4.845046e+09  0.046860 2026-03-13 09:33:42.500844
2026-03-13  29.93  29.93  29.93  29.93     705500.0           NaN  0.000000                        NaT

2026-03-13 09:33:43,467 - DEBUG - [akshare_pd.py:78] - 👉 数据列名检查: ['date', 'open', 'high', 'low', 'close', 'volume', 'amount', 'outstanding_share', 'turnover']
2026-03-13 09:33:43,469 - INFO - [engine.py:99] - ⚡ [601939 建设银行] 盘中数据注入成功！(跳动现价: 9.1)
2026-03-13 09:33:43,471 - DEBUG - [engine.py:104] - 
📊 [601939 建设银行] 最新 3 行切片检查:
            open  high   low  close      volume       amount  turnover                 updated_at
date                                                                                             
2026-03-11  8.94  9.05  8.89   9.05  86050618.0  773504210.0  0.008970 2026-03-13 09:33:43.467668
2026-03-12  9.04  9.14  9.00   9.10  92179992.0  838222096.0  0.009608 2026-03-13 09:33:43.467668
2026-03-13  9.10  9.10  9.10   9.10    204000.0          NaN  0.000000                        NaT

2026-03-13 09:33:44,362 - DEBUG - [akshare_pd.py:78] - 👉 数据列名检查: ['date', 'open', 'high', 'low', 'close', 'volume', 'amount', 'outstanding_share', 'turnover']
2026-03-13 09:33:44,366 - INFO - [engine.py:99] - ⚡ [000988 华工科技] 盘中数据注入成功！(跳动现价: 125.3)
2026-03-13 09:33:44,367 - DEBUG - [engine.py:104] - 
📊 [000988 华工科技] 最新 3 行切片检查:
              open    high     low   close       volume        amount  turnover                 updated_at
date                                                                                                      
2026-03-11  122.99  135.69  122.90  134.88  125882525.0  1.641234e+10  0.125258 2026-03-13 09:33:44.363136
2026-03-12  133.74  141.41  123.50  127.90  209811572.0  2.773775e+10  0.208771 2026-03-13 09:33:44.363136
2026-03-13  125.30  125.98  124.92  125.30    7170517.0           NaN  0.000000                        NaT

2026-03-13 09:33:45,156 - DEBUG - [akshare_pd.py:78] - 👉 数据列名检查: ['date', 'open', 'high', 'low', 'close', 'volume', 'amount', 'outstanding_share', 'turnover']
2026-03-13 09:33:45,159 - INFO - [engine.py:99] - ⚡ [300750 宁德时代] 盘中数据注入成功！(跳动现价: 396.19)
2026-03-13 09:33:45,162 - DEBUG - [engine.py:104] - 
📊 [300750 宁德时代] 最新 3 行切片检查:
              open    high     low   close      volume        amount  turnover                 updated_at
date                                                                                                     
2026-03-11  379.58  403.55  378.98  396.80  57598685.0  2.264270e+10  0.013531 2026-03-13 09:33:45.157381
2026-03-12  400.00  400.90  392.70  395.50  29150375.0  1.153767e+10  0.006848 2026-03-13 09:33:45.157381
2026-03-13  393.88  396.19  393.80  396.19    682156.0           NaN  0.000000                        NaT

2026-03-13 09:33:45,954 - DEBUG - [akshare_pd.py:78] - 👉 数据列名检查: ['date', 'open', 'high', 'low', 'close', 'volume', 'amount', 'outstanding_share', 'turnover']
2026-03-13 09:33:45,956 - INFO - [engine.py:99] - ⚡ [300308 中际旭创] 盘中数据注入成功！(跳动现价: 525.99)
2026-03-13 09:33:45,957 - DEBUG - [engine.py:104] - 
📊 [300308 中际旭创] 最新 3 行切片检查:
              open    high     low   close      volume        amount  turnover                 updated_at
date                                                                                                     
2026-03-11  557.00  568.90  553.00  554.68  23897170.0  1.341204e+10  0.021617 2026-03-13 09:33:45.954639
2026-03-12  557.25  563.58  528.50  534.80  23911726.0  1.290579e+10  0.021630 2026-03-13 09:33:45.954639
2026-03-13  526.50  527.98  525.01  525.99    514960.0           NaN  0.000000                        NaT

2026-03-13 09:33:46,749 - DEBUG - [akshare_pd.py:78] - 👉 数据列名检查: ['date', 'open', 'high', 'low', 'close', 'volume', 'amount', 'outstanding_share', 'turnover']
2026-03-13 09:33:46,751 - INFO - [engine.py:99] - ⚡ [300394 天孚通信] 盘中数据注入成功！(跳动现价: 324.79)
2026-03-13 09:33:46,752 - DEBUG - [engine.py:104] - 
📊 [300394 天孚通信] 最新 3 行切片检查:
              open    high     low   close      volume        amount  turnover                 updated_at
date                                                                                                     
2026-03-11  342.69  344.44  329.30  331.00  26757383.0  8.972870e+09  0.034488 2026-03-13 09:33:46.749700
2026-03-12  331.00  336.80  314.61  334.04  35686105.0  1.161875e+10  0.045996 2026-03-13 09:33:46.749700
2026-03-13  323.18  325.51  322.12  324.79    818202.0           NaN  0.000000                        NaT

2026-03-13 09:33:47,581 - DEBUG - [akshare_pd.py:78] - 👉 数据列名检查: ['date', 'open', 'high', 'low', 'close', 'volume', 'amount', 'outstanding_share', 'turnover']
2026-03-13 09:33:47,584 - INFO - [engine.py:99] - ⚡ [002261 拓维信息] 盘中数据注入成功！(跳动现价: 39.44)
2026-03-13 09:33:47,586 - DEBUG - [engine.py:104] - 
📊 [002261 拓维信息] 最新 3 行切片检查:
             open   high    low  close       volume        amount  turnover                 updated_at
date                                                                                                  
2026-03-11  41.51  43.89  41.03  41.08  272790380.0  1.151191e+10  0.238109 2026-03-13 09:33:47.582356
2026-03-12  40.82  42.50  39.39  39.72  223388492.0  9.071294e+09  0.194988 2026-03-13 09:33:47.582356
2026-03-13  39.00  39.49  39.00  39.44    5206200.0           NaN  0.000000                        NaT

2026-03-13 09:33:48,421 - DEBUG - [akshare_pd.py:78] - 👉 数据列名检查: ['date', 'open', 'high', 'low', 'close', 'volume', 'amount', 'outstanding_share', 'turnover']
2026-03-13 09:33:48,425 - INFO - [engine.py:99] - ⚡ [300502 新易盛] 盘中数据注入成功！(跳动现价: 373.01)
2026-03-13 09:33:48,426 - DEBUG - [engine.py:104] - 
📊 [300502 新易盛] 最新 3 行切片检查:
              open    high     low   close      volume        amount  turnover                 updated_at
date                                                                                                     
2026-03-11  400.01  408.00  392.20  393.23  33838170.0  1.350834e+10  0.038217 2026-03-13 09:33:48.422635
2026-03-12  400.01  404.85  375.67  378.77  34618693.0  1.330946e+10  0.039099 2026-03-13 09:33:48.422635
2026-03-13  373.18  374.88  373.00  373.01    636497.0           NaN  0.000000                        NaT

2026-03-13 09:33:49,185 - DEBUG - [akshare_pd.py:78] - 👉 数据列名检查: ['date', 'open', 'high', 'low', 'close', 'volume', 'amount', 'outstanding_share', 'turnover']
2026-03-13 09:33:49,189 - INFO - [engine.py:99] - ⚡ [600410 华胜天成] 盘中数据注入成功！(跳动现价: 31.0)
2026-03-13 09:33:49,191 - DEBUG - [engine.py:104] - 
📊 [600410 华胜天成] 最新 3 行切片检查:
             open   high    low  close       volume        amount  turnover                 updated_at
date                                                                                                  
2026-03-11  31.20  34.31  31.19  32.68  413292958.0  1.370430e+10  0.376922 2026-03-13 09:33:49.186584
2026-03-12  32.45  33.50  30.59  31.77  353234227.0  1.118550e+10  0.322149 2026-03-13 09:33:49.186584
2026-03-13  31.00  31.00  31.00  31.00    2161600.0           NaN  0.000000                        NaT

2026-03-13 09:33:50,020 - DEBUG - [akshare_pd.py:78] - 👉 数据列名检查: ['date', 'open', 'high', 'low', 'close', 'volume', 'amount', 'outstanding_share', 'turnover']
2026-03-13 09:33:50,024 - INFO - [engine.py:99] - ⚡ [300274 阳光电源] 盘中数据注入成功！(跳动现价: 176.5)
2026-03-13 09:33:50,026 - DEBUG - [engine.py:104] - 
📊 [300274 阳光电源] 最新 3 行切片检查:
              open    high     low   close       volume        amount  turnover                 updated_at
date                                                                                                      
2026-03-11  156.42  175.66  156.39  170.92  144572766.0  2.431173e+10  0.090943 2026-03-13 09:33:50.022237
2026-03-12  171.54  173.77  168.40  173.10  102568722.0  1.758443e+10  0.064520 2026-03-13 09:33:50.022237
2026-03-13  175.09  176.55  174.86  176.50    2378801.0           NaN  0.000000                        NaT

2026-03-13 09:33:50,888 - DEBUG - [akshare_pd.py:78] - 👉 数据列名检查: ['date', 'open', 'high', 'low', 'close', 'volume', 'amount', 'outstanding_share', 'turnover']
2026-03-13 09:33:50,892 - INFO - [engine.py:99] - ⚡ [000547 航天发展] 盘中数据注入成功！(跳动现价: 31.0)
2026-03-13 09:33:50,894 - DEBUG - [engine.py:104] - 
📊 [000547 航天发展] 最新 3 行切片检查:
            open   high    low  close       volume        amount  turnover                 updated_at
date                                                                                                 
2026-03-11  34.0  34.00  32.80  33.31  297030040.0  9.915401e+09  0.186915 2026-03-13 09:33:50.889415
2026-03-12  33.0  33.31  31.09  31.47  257034557.0  8.229475e+09  0.161746 2026-03-13 09:33:50.889415
2026-03-13  30.8  31.01  30.80  31.00    3824436.0           NaN  0.000000                        NaT

2026-03-13 09:33:51,702 - DEBUG - [akshare_pd.py:78] - 👉 数据列名检查: ['date', 'open', 'high', 'low', 'close', 'volume', 'amount', 'outstanding_share', 'turnover']
2026-03-13 09:33:51,704 - INFO - [engine.py:99] - ⚡ [601868 中国能建] 盘中数据注入成功！(跳动现价: 3.8)
2026-03-13 09:33:51,706 - DEBUG - [engine.py:104] - 
📊 [601868 中国能建] 最新 3 行切片检查:
            open  high   low  close        volume        amount  turnover                 updated_at
date                                                                                                
2026-03-11  3.15  3.45  3.09   3.45  1.892516e+09  6.294151e+09  0.058359 2026-03-13 09:33:51.702769
2026-03-12  3.52  3.80  3.50   3.80  4.784656e+09  1.745828e+10  0.147544 2026-03-13 09:33:51.702769
2026-03-13  3.80  3.80  3.80   3.80  9.186150e+07           NaN  0.000000                        NaT

2026-03-13 09:33:52,530 - DEBUG - [akshare_pd.py:78] - 👉 数据列名检查: ['date', 'open', 'high', 'low', 'close', 'volume', 'amount', 'outstanding_share', 'turnover']
2026-03-13 09:33:52,533 - INFO - [engine.py:99] - ⚡ [002384 东山精密] 盘中数据注入成功！(跳动现价: 114.75)
2026-03-13 09:33:52,535 - DEBUG - [engine.py:104] - 
📊 [002384 东山精密] 最新 3 行切片检查:
              open    high     low   close      volume        amount  turnover                 updated_at
date                                                                                                     
2026-03-11  109.33  111.65  103.71  104.80  91369094.0  9.735043e+09  0.065908 2026-03-13 09:33:52.531473
2026-03-12  106.09  109.30  101.20  109.30  79196476.0  8.286747e+09  0.057127 2026-03-13 09:33:52.531473
2026-03-13  111.10  115.00  111.00  114.75   4282740.0           NaN  0.000000                        NaT

2026-03-13 09:33:53,519 - DEBUG - [akshare_pd.py:78] - 👉 数据列名检查: ['date', 'open', 'high', 'low', 'close', 'volume', 'amount', 'outstanding_share', 'turnover']
2026-03-13 09:33:53,522 - INFO - [engine.py:99] - ⚡ [300017 网宿科技] 盘中数据注入成功！(跳动现价: 18.81)
2026-03-13 09:33:53,523 - DEBUG - [engine.py:104] - 
📊 [300017 网宿科技] 最新 3 行切片检查:
             open   high    low  close       volume        amount  turnover                 updated_at
date                                                                                                  
2026-03-11  20.20  20.38  19.36  19.38  384801124.0  7.598068e+09  0.166927 2026-03-13 09:33:53.519955
2026-03-12  19.28  20.50  19.00  19.08  401955519.0  7.910458e+09  0.174369 2026-03-13 09:33:53.519955
2026-03-13  18.89  19.00  18.71  18.81   11021868.0           NaN  0.000000                        NaT

2026-03-13 09:33:54,480 - DEBUG - [akshare_pd.py:78] - 👉 数据列名检查: ['date', 'open', 'high', 'low', 'close', 'volume', 'amount', 'outstanding_share', 'turnover']
2026-03-13 09:33:54,483 - INFO - [engine.py:99] - ⚡ [600498 烽火通信] 盘中数据注入成功！(跳动现价: 55.0)
2026-03-13 09:33:54,484 - DEBUG - [engine.py:104] - 
📊 [600498 烽火通信] 最新 3 行切片检查:
             open   high    low  close       volume        amount  turnover                 updated_at
date                                                                                                  
2026-03-11  58.60  61.78  56.66  57.03  183744064.0  1.086759e+10  0.144496 2026-03-13 09:33:54.480536
2026-03-12  57.02  59.59  55.00  55.50  103514093.0  5.904605e+09  0.081403 2026-03-13 09:33:54.480536
2026-03-13  55.00  55.00  55.00  55.00     871206.0           NaN  0.000000                        NaT

2026-03-13 09:33:55,411 - DEBUG - [akshare_pd.py:78] - 👉 数据列名检查: ['date', 'open', 'high', 'low', 'close', 'volume', 'amount', 'outstanding_share', 'turnover']
2026-03-13 09:33:55,413 - INFO - [engine.py:99] - ⚡ [002281 光迅科技] 盘中数据注入成功！(跳动现价: 93.75)
2026-03-13 09:33:55,414 - DEBUG - [engine.py:104] - 
📊 [002281 光迅科技] 最新 3 行切片检查:
             open    high    low  close       volume        amount  turnover                 updated_at
date                                                                                                   
2026-03-11  90.68   93.08  89.00  91.49  102547496.0  9.369670e+09  0.131559 2026-03-13 09:33:55.411881
2026-03-12  91.54  100.64  91.54  98.82  114756842.0  1.122783e+10  0.147223 2026-03-13 09:33:55.411881
2026-03-13  93.10   94.99  93.10  93.75    4296903.0           NaN  0.000000                        NaT

2026-03-13 09:33:56,458 - DEBUG - [akshare_pd.py:78] - 👉 数据列名检查: ['date', 'open', 'high', 'low', 'close', 'volume', 'amount', 'outstanding_share', 'turnover']
2026-03-13 09:33:56,461 - INFO - [engine.py:99] - ⚡ [300476 胜宏科技] 盘中数据注入成功！(跳动现价: 275.16)
2026-03-13 09:33:56,462 - DEBUG - [engine.py:104] - 
📊 [300476 胜宏科技] 最新 3 行切片检查:
              open    high    low   close      volume        amount  turnover                 updated_at
date                                                                                                    
2026-03-11  288.99  290.55  283.8  284.80  26223427.0  7.503241e+09  0.030600 2026-03-13 09:33:56.459312
2026-03-12  282.99  285.80  273.4  280.49  28215827.0  7.861443e+09  0.032925 2026-03-13 09:33:56.459312
2026-03-13  275.00  276.01  274.0  275.16    716666.0           NaN  0.000000                        NaT

2026-03-13 09:33:57,265 - DEBUG - [akshare_pd.py:78] - 👉 数据列名检查: ['date', 'open', 'high', 'low', 'close', 'volume', 'amount', 'outstanding_share', 'turnover']
2026-03-13 09:33:57,268 - INFO - [engine.py:99] - ⚡ [601899 紫金矿业] 盘中数据注入成功！(跳动现价: 36.2)
2026-03-13 09:33:57,269 - DEBUG - [engine.py:104] - 
📊 [601899 紫金矿业] 最新 3 行切片检查:
             open   high    low  close       volume        amount  turnover                 updated_at
date                                                                                                  
2026-03-11  37.50  37.64  37.04  37.24  148131269.0  5.525147e+09  0.007191 2026-03-13 09:33:57.265849
2026-03-12  36.79  37.16  36.35  36.75  189113008.0  6.945680e+09  0.009180 2026-03-13 09:33:57.265849
2026-03-13  36.20  36.20  36.20  36.20    2770997.0           NaN  0.000000                        NaT

2026-03-13 09:33:58,487 - DEBUG - [akshare_pd.py:78] - 👉 数据列名检查: ['date', 'open', 'high', 'low', 'close', 'volume', 'amount', 'outstanding_share', 'turnover']
2026-03-13 09:33:58,490 - INFO - [engine.py:99] - ⚡ [600487 亨通光电] 盘中数据注入成功！(跳动现价: 51.05)
2026-03-13 09:33:58,491 - DEBUG - [engine.py:104] - 
📊 [600487 亨通光电] 最新 3 行切片检查:
             open   high    low  close       volume        amount  turnover                 updated_at
date                                                                                                  
2026-03-11  51.00  54.30  50.63  50.80  168100591.0  8.775464e+09  0.068748 2026-03-13 09:33:58.487736
2026-03-12  49.90  54.30  49.90  51.42  150679865.0  7.829262e+09  0.061623 2026-03-13 09:33:58.487736
2026-03-13  51.05  51.05  51.05  51.05     706480.0           NaN  0.000000                        NaT

2026-03-13 09:33:59,566 - DEBUG - [akshare_pd.py:78] - 👉 数据列名检查: ['date', 'open', 'high', 'low', 'close', 'volume', 'amount', 'outstanding_share', 'turnover']
2026-03-13 09:33:59,568 - INFO - [engine.py:99] - ⚡ [002506 协鑫集成] 盘中数据注入成功！(跳动现价: 5.68)
2026-03-13 09:33:59,570 - DEBUG - [engine.py:104] - 
📊 [002506 协鑫集成] 最新 3 行切片检查:
            open  high   low  close        volume        amount  turnover                 updated_at
date                                                                                                
2026-03-11  6.00  6.36  5.80   5.96  1.563213e+09  9.493189e+09  0.267471 2026-03-13 09:33:59.566773
2026-03-12  5.80  6.06  5.70   5.87  1.104367e+09  6.468292e+09  0.188961 2026-03-13 09:33:59.566773
2026-03-13  5.77  5.78  5.67   5.68  1.523166e+07           NaN  0.000000                        NaT

2026-03-13 09:34:00,417 - DEBUG - [akshare_pd.py:78] - 👉 数据列名检查: ['date', 'open', 'high', 'low', 'close', 'volume', 'amount', 'outstanding_share', 'turnover']
2026-03-13 09:34:00,421 - INFO - [engine.py:99] - ⚡ [002594 比亚迪] 盘中数据注入成功！(跳动现价: 98.52)
2026-03-13 09:34:00,423 - DEBUG - [engine.py:104] - 
📊 [002594 比亚迪] 最新 3 行切片检查:
             open    high    low  close      volume        amount  turnover                 updated_at
date                                                                                                  
2026-03-11  96.75  100.34  95.67  99.22  90374375.0  8.925094e+09  0.025916 2026-03-13 09:34:00.417170
2026-03-12  99.23  100.69  98.70  99.10  50252357.0  4.995016e+09  0.014410 2026-03-13 09:34:00.417170
2026-03-13  99.00   99.00  98.51  98.52    576600.0           NaN  0.000000                        NaT

2026-03-13 09:34:01,439 - DEBUG - [akshare_pd.py:78] - 👉 数据列名检查: ['date', 'open', 'high', 'low', 'close', 'volume', 'amount', 'outstanding_share', 'turnover']
2026-03-13 09:34:01,442 - INFO - [engine.py:99] - ⚡ [002015 协鑫能科] 盘中数据注入成功！(跳动现价: 21.0)
2026-03-13 09:34:01,443 - DEBUG - [engine.py:104] - 
📊 [002015 协鑫能科] 最新 3 行切片检查:
             open   high    low  close       volume        amount  turnover                 updated_at
date                                                                                                  
2026-03-11  18.01  19.93  17.39  19.42  371346202.0  7.098510e+09  0.228757 2026-03-13 09:34:01.440424
2026-03-12  20.00  21.36  19.50  21.36  347572212.0  7.252101e+09  0.214111 2026-03-13 09:34:01.440424
2026-03-13  21.36  21.48  21.00  21.00   17505300.0           NaN  0.000000                        NaT

2026-03-13 09:34:02,332 - DEBUG - [akshare_pd.py:78] - 👉 数据列名检查: ['date', 'open', 'high', 'low', 'close', 'volume', 'amount', 'outstanding_share', 'turnover']
2026-03-13 09:34:02,335 - INFO - [engine.py:99] - ⚡ [600759 洲际油气] 盘中数据注入成功！(跳动现价: 7.51)
2026-03-13 09:34:02,337 - DEBUG - [engine.py:104] - 
📊 [600759 洲际油气] 最新 3 行切片检查:
            open  high   low  close       volume        amount  turnover                 updated_at
date                                                                                               
2026-03-11  7.10  7.72  6.91   7.56  831634860.0  6.136074e+09  0.200699 2026-03-13 09:34:02.332911
2026-03-12  7.80  7.80  7.30   7.39  705263983.0  5.306373e+09  0.170202 2026-03-13 09:34:02.332911
2026-03-13  7.51  7.51  7.51   7.51    7410024.0           NaN  0.000000                        NaT

2026-03-13 09:34:03,281 - DEBUG - [akshare_pd.py:78] - 👉 数据列名检查: ['date', 'open', 'high', 'low', 'close', 'volume', 'amount', 'outstanding_share', 'turnover']
2026-03-13 09:34:03,283 - INFO - [engine.py:99] - ⚡ [002475 立讯精密] 盘中数据注入成功！(跳动现价: 49.3)
2026-03-13 09:34:03,285 - DEBUG - [engine.py:104] - 
📊 [002475 立讯精密] 最新 3 行切片检查:
             open   high    low  close       volume        amount  turnover                 updated_at
date                                                                                                  
2026-03-11  49.45  50.88  49.28  50.17  168648425.0  8.476554e+09  0.023200 2026-03-13 09:34:03.281770
2026-03-12  49.90  50.43  49.28  49.70   86041581.0  4.282954e+09  0.011836 2026-03-13 09:34:03.281770
2026-03-13  49.35  49.35  49.17  49.30     819100.0           NaN  0.000000                        NaT

2026-03-13 09:34:04,025 - DEBUG - [akshare_pd.py:78] - 👉 数据列名检查: ['date', 'open', 'high', 'low', 'close', 'volume', 'amount', 'outstanding_share', 'turnover']
2026-03-13 09:34:04,028 - INFO - [engine.py:99] - ⚡ [600989 宝丰能源] 盘中数据注入成功！(跳动现价: 34.41)
2026-03-13 09:34:04,030 - DEBUG - [engine.py:104] - 
📊 [600989 宝丰能源] 最新 3 行切片检查:
             open   high    low  close       volume        amount  turnover                 updated_at
date                                                                                                  
2026-03-11  28.35  31.85  28.35  31.85  219548593.0  6.627817e+09  0.029938 2026-03-13 09:34:04.026424
2026-03-12  33.30  34.60  32.20  33.73  251968203.0  8.435356e+09  0.034359 2026-03-13 09:34:04.026424
2026-03-13  34.41  34.41  34.41  34.41    3748273.0           NaN  0.000000                        NaT

2026-03-13 09:34:04,839 - DEBUG - [akshare_pd.py:78] - 👉 数据列名检查: ['date', 'open', 'high', 'low', 'close', 'volume', 'amount', 'outstanding_share', 'turnover']
2026-03-13 09:34:04,841 - INFO - [engine.py:99] - ⚡ [601669 中国电建] 盘中数据注入成功！(跳动现价: 6.95)
2026-03-13 09:34:04,842 - DEBUG - [engine.py:104] - 
📊 [601669 中国电建] 最新 3 行切片检查:
            open  high   low  close        volume        amount  turnover                 updated_at
date                                                                                                
2026-03-11  6.04  6.54  5.93   6.38  1.245092e+09  7.840193e+09  0.095252 2026-03-13 09:34:04.839602
2026-03-12  6.48  6.65  6.25   6.54  1.475219e+09  9.487735e+09  0.112857 2026-03-13 09:34:04.839602
2026-03-13  6.95  6.95  6.95   6.95  5.444460e+07           NaN  0.000000                        NaT

2026-03-13 09:34:05,702 - DEBUG - [akshare_pd.py:78] - 👉 数据列名检查: ['date', 'open', 'high', 'low', 'close', 'volume', 'amount', 'outstanding_share', 'turnover']
2026-03-13 09:34:05,706 - INFO - [engine.py:99] - ⚡ [600703 三安光电] 盘中数据注入成功！(跳动现价: 18.39)
2026-03-13 09:34:05,707 - DEBUG - [engine.py:104] - 
📊 [600703 三安光电] 最新 3 行切片检查:
             open   high    low  close       volume        amount  turnover                 updated_at
date                                                                                                  
2026-03-11  16.15  17.42  16.05  17.04  327210971.0  5.518783e+09  0.065586 2026-03-13 09:34:05.702720
2026-03-12  17.05  18.74  17.00  18.74  435418844.0  7.968259e+09  0.087275 2026-03-13 09:34:05.702720
2026-03-13  18.39  18.39  18.39  18.39    6991900.0           NaN  0.000000                        NaT

2026-03-13 09:34:06,550 - DEBUG - [akshare_pd.py:78] - 👉 数据列名检查: ['date', 'open', 'high', 'low', 'close', 'volume', 'amount', 'outstanding_share', 'turnover']
2026-03-13 09:34:06,553 - INFO - [engine.py:99] - ⚡ [601857 中国石油] 盘中数据注入成功！(跳动现价: 12.32)
2026-03-13 09:34:06,554 - DEBUG - [engine.py:104] - 
📊 [601857 中国石油] 最新 3 行切片检查:
             open   high    low  close       volume        amount  turnover                 updated_at
date                                                                                                  
2026-03-11  11.78  12.16  11.65  12.13  474054564.0  5.647612e+09  0.002928 2026-03-13 09:34:06.551337
2026-03-12  12.33  12.39  11.95  12.23  403531840.0  4.926789e+09  0.002492 2026-03-13 09:34:06.551337
2026-03-13  12.32  12.32  12.32  12.32    6537500.0           NaN  0.000000                        NaT

2026-03-13 09:34:07,481 - DEBUG - [akshare_pd.py:78] - 👉 数据列名检查: ['date', 'open', 'high', 'low', 'close', 'volume', 'amount', 'outstanding_share', 'turnover']
2026-03-13 09:34:07,484 - INFO - [engine.py:99] - ⚡ [002195 岩山科技] 盘中数据注入成功！(跳动现价: 10.09)
2026-03-13 09:34:07,487 - DEBUG - [engine.py:104] - 
📊 [002195 岩山科技] 最新 3 行切片检查:
             open   high    low  close       volume        amount  turnover                 updated_at
date                                                                                                  
2026-03-11  10.60  10.97  10.31  10.71  705692047.0  7.524519e+09  0.125988 2026-03-13 09:34:07.482340
2026-03-12  10.58  10.59  10.25  10.30  416171422.0  4.314162e+09  0.074300 2026-03-13 09:34:07.482340
2026-03-13  10.13  10.15  10.06  10.09    6463378.0           NaN  0.000000                        NaT

2026-03-13 09:34:08,297 - DEBUG - [akshare_pd.py:78] - 👉 数据列名检查: ['date', 'open', 'high', 'low', 'close', 'volume', 'amount', 'outstanding_share', 'turnover']
2026-03-13 09:34:08,301 - INFO - [engine.py:99] - ⚡ [000537 绿发电力] 盘中数据注入成功！(跳动现价: 13.76)
2026-03-13 09:34:08,303 - DEBUG - [engine.py:104] - 
📊 [000537 绿发电力] 最新 3 行切片检查:
             open   high    low  close       volume        amount  turnover                 updated_at
date                                                                                                  
2026-03-11  11.05  11.37  10.52  11.37  113701275.0  1.249486e+09  0.055018 2026-03-13 09:34:08.298388
2026-03-12  12.40  12.51  11.94  12.51   74100231.0  9.135125e+08  0.035856 2026-03-13 09:34:08.298388
2026-03-13  13.76  13.76  13.76  13.76   16917612.0           NaN  0.000000                        NaT

2026-03-13 09:34:09,508 - DEBUG - [akshare_pd.py:78] - 👉 数据列名检查: ['date', 'open', 'high', 'low', 'close', 'volume', 'amount', 'outstanding_share', 'turnover']
2026-03-13 09:34:09,511 - INFO - [engine.py:99] - ⚡ [300014 亿纬锂能] 盘中数据注入成功！(跳动现价: 68.89)
2026-03-13 09:34:09,513 - DEBUG - [engine.py:104] - 
📊 [300014 亿纬锂能] 最新 3 行切片检查:
             open   high    low  close       volume        amount  turnover                 updated_at
date                                                                                                  
2026-03-11  62.76  69.67  62.70  67.97  125431380.0  8.429228e+09  0.062722 2026-03-13 09:34:09.509018
2026-03-12  68.57  69.18  67.31  69.09   81226243.0  5.554920e+09  0.040617 2026-03-13 09:34:09.509018
2026-03-13  68.69  68.98  68.51  68.89     788766.0           NaN  0.000000                        NaT

2026-03-13 09:34:10,419 - DEBUG - [akshare_pd.py:78] - 👉 数据列名检查: ['date', 'open', 'high', 'low', 'close', 'volume', 'amount', 'outstanding_share', 'turnover']
2026-03-13 09:34:10,422 - INFO - [engine.py:99] - ⚡ [002498 汉缆股份] 盘中数据注入成功！(跳动现价: 10.86)
2026-03-13 09:34:10,424 - DEBUG - [engine.py:104] - 
📊 [002498 汉缆股份] 最新 3 行切片检查:
             open   high    low  close       volume        amount  turnover                 updated_at
date                                                                                                  
2026-03-11   9.82   9.92   9.30   9.44  302286676.0  2.882461e+09  0.090864 2026-03-13 09:34:10.420140
2026-03-12   9.49  10.38   9.32  10.38  280884398.0  2.808565e+09  0.084431 2026-03-13 09:34:10.420140
2026-03-13  10.68  10.88  10.55  10.86   23634082.0           NaN  0.000000                        NaT

2026-03-13 09:34:11,347 - DEBUG - [akshare_pd.py:78] - 👉 数据列名检查: ['date', 'open', 'high', 'low', 'close', 'volume', 'amount', 'outstanding_share', 'turnover']
2026-03-13 09:34:11,349 - INFO - [engine.py:99] - ⚡ [601138 工业富联] 盘中数据注入成功！(跳动现价: 52.02)
2026-03-13 09:34:11,352 - DEBUG - [engine.py:104] - 
📊 [601138 工业富联] 最新 3 行切片检查:
             open   high    low  close       volume        amount  turnover                 updated_at
date                                                                                                  
2026-03-11  54.70  54.99  53.60  53.89  122007345.0  6.604833e+09  0.006144 2026-03-13 09:34:11.347948
2026-03-12  53.90  54.78  52.22  52.54  141006096.0  7.525159e+09  0.007101 2026-03-13 09:34:11.347948
2026-03-13  52.02  52.02  52.02  52.02    1201900.0           NaN  0.000000                        NaT

2026-03-13 09:34:12,103 - DEBUG - [akshare_pd.py:78] - 👉 数据列名检查: ['date', 'open', 'high', 'low', 'close', 'volume', 'amount', 'outstanding_share', 'turnover']
2026-03-13 09:34:12,105 - INFO - [engine.py:99] - ⚡ [600938 中国海油] 盘中数据注入成功！(跳动现价: 43.5)
2026-03-13 09:34:12,107 - DEBUG - [engine.py:104] - 
📊 [600938 中国海油] 最新 3 行切片检查:
             open   high    low  close       volume        amount  turnover                 updated_at
date                                                                                                  
2026-03-11  40.20  42.08  40.20  41.76  120809993.0  4.963745e+09  0.040405 2026-03-13 09:34:12.103836
2026-03-12  42.62  43.25  41.65  43.00  149555523.0  6.375294e+09  0.050019 2026-03-13 09:34:12.103836
2026-03-13  43.50  43.50  43.50  43.50    1374600.0           NaN  0.000000                        NaT

2026-03-13 09:34:13,031 - DEBUG - [akshare_pd.py:78] - 👉 数据列名检查: ['date', 'open', 'high', 'low', 'close', 'volume', 'amount', 'outstanding_share', 'turnover']
2026-03-13 09:34:13,042 - INFO - [engine.py:99] - ⚡ [000420 吉林化纤] 盘中数据注入成功！(跳动现价: 5.24)
2026-03-13 09:34:13,043 - DEBUG - [engine.py:104] - 
📊 [000420 吉林化纤] 最新 3 行切片检查:
            open  high   low  close       volume       amount  turnover                 updated_at
date                                                                                              
2026-03-11  4.41  4.62  4.40   4.56  144270363.0  651037459.0  0.058693 2026-03-13 09:34:13.039018
2026-03-12  5.02  5.02  5.02   5.02   98731197.0  495630609.0  0.040167 2026-03-13 09:34:13.039018
2026-03-13  5.21  5.30  5.21   5.24   66855044.0          NaN  0.000000                        NaT

2026-03-13 09:34:14,034 - DEBUG - [akshare_pd.py:78] - 👉 数据列名检查: ['date', 'open', 'high', 'low', 'close', 'volume', 'amount', 'outstanding_share', 'turnover']
2026-03-13 09:34:14,038 - INFO - [engine.py:99] - ⚡ [600875 东方电气] 盘中数据注入成功！(跳动现价: 40.05)
2026-03-13 09:34:14,039 - DEBUG - [engine.py:104] - 
📊 [600875 东方电气] 最新 3 行切片检查:
             open   high    low  close       volume        amount  turnover                 updated_at
date                                                                                                  
2026-03-11  42.50  42.62  40.41  41.08  124544135.0  5.126705e+09  0.055026 2026-03-13 09:34:14.035047
2026-03-12  40.75  40.89  39.41  40.47  106043651.0  4.262634e+09  0.046852 2026-03-13 09:34:14.035047
2026-03-13  40.05  40.05  40.05  40.05     810500.0           NaN  0.000000                        NaT

2026-03-13 09:34:14,776 - DEBUG - [akshare_pd.py:78] - 👉 数据列名检查: ['date', 'open', 'high', 'low', 'close', 'volume', 'amount', 'outstanding_share', 'turnover']
2026-03-13 09:34:14,779 - INFO - [engine.py:99] - ⚡ [002455 百川股份] 盘中数据注入成功！(跳动现价: 17.0)
2026-03-13 09:34:14,780 - DEBUG - [engine.py:104] - 
📊 [002455 百川股份] 最新 3 行切片检查:
             open   high    low  close       volume        amount  turnover                 updated_at
date                                                                                                  
2026-03-11  14.50  14.73  14.50  14.73   34544835.0  5.075554e+08  0.066531 2026-03-13 09:34:14.776836
2026-03-12  16.20  16.20  15.42  16.16  123677005.0  1.992196e+09  0.238193 2026-03-13 09:34:14.776836
2026-03-13  16.53  17.06  16.53  17.00   13980727.0           NaN  0.000000                        NaT

2026-03-13 09:34:15,682 - DEBUG - [akshare_pd.py:78] - 👉 数据列名检查: ['date', 'open', 'high', 'low', 'close', 'volume', 'amount', 'outstanding_share', 'turnover']
2026-03-13 09:34:15,685 - INFO - [engine.py:99] - ⚡ [300690 双一科技] 盘中数据注入成功！(跳动现价: 39.86)
2026-03-13 09:34:15,686 - DEBUG - [engine.py:104] - 
📊 [300690 双一科技] 最新 3 行切片检查:
             open   high    low  close      volume        amount  turnover                 updated_at
date                                                                                                 
2026-03-11  30.99  31.44  30.86  31.17   3434700.0  1.072006e+08  0.031004 2026-03-13 09:34:15.682862
2026-03-12  31.98  37.40  31.66  37.40  36936801.0  1.320198e+09  0.333421 2026-03-13 09:34:15.682862
2026-03-13  39.60  40.60  39.48  39.86   6579692.0           NaN  0.000000                        NaT

2026-03-13 09:34:16,593 - DEBUG - [akshare_pd.py:78] - 👉 数据列名检查: ['date', 'open', 'high', 'low', 'close', 'volume', 'amount', 'outstanding_share', 'turnover']
2026-03-13 09:34:16,596 - INFO - [engine.py:99] - ⚡ [002931 锋龙股份] 盘中数据注入成功！(跳动现价: 81.5)
2026-03-13 09:34:16,597 - DEBUG - [engine.py:104] - 
📊 [002931 锋龙股份] 最新 3 行切片检查:
             open   high    low  close      volume        amount  turnover                 updated_at
date                                                                                                 
2026-03-11  82.50  84.75  76.70  78.10  23383511.0  1.876332e+09  0.116189 2026-03-13 09:34:16.593840
2026-03-12  79.69  79.69  73.73  74.16  18952939.0  1.423907e+09  0.094174 2026-03-13 09:34:16.593840
2026-03-13  79.88  81.56  79.88  81.50   4277332.0           NaN  0.000000                        NaT

2026-03-13 09:34:17,495 - DEBUG - [akshare_pd.py:78] - 👉 数据列名检查: ['date', 'open', 'high', 'low', 'close', 'volume', 'amount', 'outstanding_share', 'turnover']
2026-03-13 09:34:17,498 - INFO - [engine.py:99] - ⚡ [300475 香农芯创] 盘中数据注入成功！(跳动现价: 150.64)
2026-03-13 09:34:17,500 - DEBUG - [engine.py:104] - 
📊 [300475 香农芯创] 最新 3 行切片检查:
              open    high     low   close      volume        amount  turnover                 updated_at
date                                                                                                     
2026-03-11  160.51  162.22  155.58  156.83  28241066.0  4.468852e+09  0.063409 2026-03-13 09:34:17.496058
2026-03-12  156.30  158.40  150.66  152.70  18807592.0  2.888075e+09  0.042228 2026-03-13 09:34:17.496058
2026-03-13  150.00  150.77  149.46  150.64    253200.0           NaN  0.000000                        NaT

2026-03-13 09:34:17,702 - INFO - [cloudakpd.py:36] - ============================================================
2026-03-13 09:34:17,703 - INFO - [cloudakpd.py:37] - 📊 [DataCenter] 数据内核启动审计...
2026-03-13 09:34:17,703 - INFO - [cloudakpd.py:38] -    ▫️ 存储模式 : ☁️  云端 (PostgreSQL)
2026-03-13 09:34:17,703 - INFO - [cloudakpd.py:39] -    ▫️ 连接节点 : ep-noisy-dust-a1zv7w56-pooler.ap-southeast-1.aws.neon.tech/neondb
2026-03-13 09:34:20,134 - INFO - [cloudakpd.py:85] - 📂 字段审计完成，当前支持: symbol, high, turnover_rate, trade_date, updated_at, open, is_closed, amount, volume, latest_price, low, name
2026-03-13 09:34:20,135 - INFO - [cloudakpd.py:42] - ============================================================
2026-03-13 09:34:20,823 - INFO - [cloudakpd.py:136] - ⏳ 数据保鲜期内 (上次同步: 09:30)，跳过同步。
2026-03-13 09:34:21,976 - INFO - [cloudakpd.py:204] - ---------------------------------------------
2026-03-13 09:34:21,976 - INFO - [cloudakpd.py:205] - 🔍 [审计] 读取成功: 2026-03-13
2026-03-13 09:34:21,977 - INFO - [cloudakpd.py:206] -    ▫️ 标的总数 : 5488 条
2026-03-13 09:34:21,977 - INFO - [cloudakpd.py:207] -    ▫️ 资金状态 : 盘中实时
2026-03-13 09:34:21,978 - INFO - [cloudakpd.py:208] -    ▫️ 存入时间 : 2026-03-13 09:30:31.298566
2026-03-13 09:34:21,980 - INFO - [cloudakpd.py:210] - 
symbol name  open  latest_price  high   low   volume    amount trade_date
920000 安徽凤凰  0.00          0.00  0.00  0.00      0.0       0.0 2026-03-13
920001 纬达光电 21.00         21.00 21.00 21.00 131221.0 2755641.0 2026-03-13
920002 万达轴承 92.41         92.41 92.41 92.41    100.0    9241.0 2026-03-13
2026-03-13 09:34:21,981 - INFO - [cloudakpd.py:211] - ---------------------------------------------
2026-03-13 09:34:21,983 - INFO - [ledger.py:266] - ✅ 资产审计完成。当前净资产: 1042412505.34, 云端对齐已完成。
2026-03-13 09:34:21,984 - INFO - [engine.py:161] - ================================================================================
2026-03-13 09:34:21,984 - INFO - [engine.py:162] - 【操作审批纪要 (Execution Summary)】
2026-03-13 09:34:21,984 - INFO - [engine.py:164] - 🟢 000547 (航天发展) 建议买入 149900 股 | 预估价: 31.00 | 状态: 待老板确认 | 逻辑: 顺势金叉确认，首次建仓
2026-03-13 09:34:21,984 - INFO - [engine.py:164] - 🟢 600498 (烽火通信) 建议买入 84500 股 | 预估价: 55.00 | 状态: 待老板确认 | 逻辑: 顺势金叉确认，首次建仓
2026-03-13 09:34:21,984 - INFO - [engine.py:164] - 🟢 002281 (光迅科技) 建议买入 49500 股 | 预估价: 93.75 | 状态: 待老板确认 | 逻辑: 顺势金叉确认，首次建仓
2026-03-13 09:34:21,985 - INFO - [engine.py:164] - 🟢 600703 (三安光电) 建议买入 252800 股 | 预估价: 18.39 | 状态: 待老板确认 | 逻辑: 顺势金叉确认，首次建仓
2026-03-13 09:34:21,985 - INFO - [engine.py:164] - 🟢 601857 (中国石油) 建议买入 377400 股 | 预估价: 12.32 | 状态: 待老板确认 | 逻辑: 顺势金叉确认，首次建仓
2026-03-13 09:34:21,985 - INFO - [engine.py:164] - 🟢 002195 (岩山科技) 建议买入 460800 股 | 预估价: 10.09 | 状态: 待老板确认 | 逻辑: 顺势金叉确认，首次建仓
2026-03-13 09:34:21,985 - INFO - [engine.py:164] - 🟢 600938 (中国海油) 建议买入 106800 股 | 预估价: 43.50 | 状态: 待老板确认 | 逻辑: 顺势金叉确认，首次建仓
2026-03-13 09:34:21,986 - INFO - [engine.py:168] - 
【持仓状态确认 (Positions Audit)】
2026-03-13 09:34:21,986 - INFO - [engine.py:170] - 🛡️ 601179 (中国西电) | 持仓 860000 股 | 现价: 18.51 | 浮盈: -3.49%
   └─ 买入日期: 2026-03-11 | 开仓逻辑: 顺势金叉确认，首次建仓
2026-03-13 09:34:21,986 - INFO - [engine.py:170] - 🛡️ 600089 (特变电工) | 持仓 529700 股 | 现价: 30.85 | 浮盈: -0.93%
   └─ 买入日期: 2026-03-11 | 开仓逻辑: 顺势金叉确认，首次建仓
2026-03-13 09:34:21,986 - INFO - [engine.py:170] - 🛡️ 002202 (金风科技) | 持仓 323300 股 | 现价: 31.40 | 浮盈: 4.63%
   └─ 买入日期: 2026-03-11 | 开仓逻辑: 顺势金叉确认，首次建仓
2026-03-13 09:34:21,987 - INFO - [engine.py:170] - 🛡️ 600522 (中天科技) | 持仓 300 股 | 现价: 29.93 | 浮盈: 1.69%
   └─ 买入日期: 历史遗留 | 开仓逻辑: 未知建仓逻辑
2026-03-13 09:34:21,987 - INFO - [engine.py:170] - 🛡️ 601939 (建设银行) | 持仓 200 股 | 现价: 9.10 | 浮盈: 5.57%
   └─ 买入日期: 历史遗留 | 开仓逻辑: 未知建仓逻辑
2026-03-13 09:34:21,987 - INFO - [engine.py:174] - ================================================================================
2026-03-13 09:34:21,987 - INFO - [engine.py:175] - 👀 【交易额最大动态监控池 (优胜劣汰拒绝名单)】
2026-03-13 09:34:21,988 - INFO - [engine.py:186] -    - 🚫 观望 000988 (华工科技): 乖离率偏高 (1.42)
2026-03-13 09:34:21,988 - INFO - [engine.py:186] -    - 🚫 观望 300750 (宁德时代): 未形成多头排列
2026-03-13 09:34:21,989 - INFO - [engine.py:186] -    - 🚫 观望 300308 (中际旭创): 未形成多头排列
2026-03-13 09:34:21,989 - INFO - [engine.py:186] -    - 🚫 观望 300394 (天孚通信): 未满足缩量回踩或放量突破
2026-03-13 09:34:21,989 - INFO - [engine.py:186] -    - 🚫 观望 002261 (拓维信息): 未形成多头排列
2026-03-13 09:34:21,990 - INFO - [engine.py:186] -    - 🚫 观望 300502 (新易盛): 未形成多头排列
2026-03-13 09:34:21,990 - INFO - [engine.py:186] -    - 🚫 观望 600410 (华胜天成): 乖离率偏高 (1.28)
2026-03-13 09:34:21,991 - INFO - [engine.py:186] -    - 🚫 观望 300274 (阳光电源): 未形成多头排列
2026-03-13 09:34:21,991 - INFO - [engine.py:186] -    - 🚫 观望 601868 (中国能建): 未形成多头排列
2026-03-13 09:34:21,991 - INFO - [engine.py:186] -    - 🚫 观望 002384 (东山精密): 未形成多头排列
2026-03-13 09:34:21,992 - INFO - [engine.py:186] -    - 🚫 观望 300017 (网宿科技): 未满足缩量回踩或放量突破
2026-03-13 09:34:21,992 - INFO - [engine.py:186] -    - 🚫 观望 300476 (胜宏科技): 未形成多头排列
2026-03-13 09:34:21,993 - INFO - [engine.py:186] -    - 🚫 观望 601899 (紫金矿业): 未满足缩量回踩或放量突破
2026-03-13 09:34:21,993 - INFO - [engine.py:186] -    - 🚫 观望 600487 (亨通光电): 乖离率偏高 (1.34)
2026-03-13 09:34:21,994 - INFO - [engine.py:186] -    - 🚫 观望 002506 (协鑫集成): 乖离率偏高 (1.33)
2026-03-13 09:34:21,994 - INFO - [engine.py:186] -    - 🚫 观望 002594 (比亚迪): 未形成多头排列
2026-03-13 09:34:21,994 - INFO - [engine.py:186] -    - 🚫 观望 002015 (协鑫能科): 乖离率偏高 (1.62)
2026-03-13 09:34:21,994 - INFO - [engine.py:186] -    - 🚫 观望 600759 (洲际油气): 乖离率偏高 (1.35)
2026-03-13 09:34:21,996 - INFO - [engine.py:186] -    - 🚫 观望 002475 (立讯精密): 未形成多头排列
2026-03-13 09:34:21,997 - INFO - [engine.py:186] -    - 🚫 观望 600989 (宝丰能源): 乖离率偏高 (1.41)
2026-03-13 09:34:21,997 - INFO - [engine.py:186] -    - 🚫 观望 601669 (中国电建): 未形成多头排列
2026-03-13 09:34:21,997 - INFO - [engine.py:186] -    - 🚫 观望 000537 (绿发电力): 未形成多头排列
2026-03-13 09:34:21,998 - INFO - [engine.py:186] -    - 🚫 观望 300014 (亿纬锂能): 未形成多头排列
2026-03-13 09:34:21,998 - INFO - [engine.py:186] -    - 🚫 观望 002498 (汉缆股份): 乖离率偏高 (1.61)
2026-03-13 09:34:21,999 - INFO - [engine.py:186] -    - 🚫 观望 601138 (工业富联): 未形成多头排列
2026-03-13 09:34:21,999 - INFO - [engine.py:186] -    - 🚫 观望 000420 (吉林化纤): 未满足缩量回踩或放量突破
2026-03-13 09:34:21,999 - INFO - [engine.py:186] -    - 🚫 观望 600875 (东方电气): 乖离率偏高 (1.27)
2026-03-13 09:34:22,000 - INFO - [engine.py:186] -    - 🚫 观望 002455 (百川股份): 乖离率偏高 (1.53)
2026-03-13 09:34:22,000 - INFO - [engine.py:186] -    - 🚫 观望 300690 (双一科技): 未形成多头排列
2026-03-13 09:34:22,000 - INFO - [engine.py:186] -    - 🚫 观望 002931 (锋龙股份): 未满足缩量回踩或放量突破
2026-03-13 09:34:22,001 - INFO - [engine.py:186] -    - 🚫 观望 300475 (香农芯创): 未形成多头排列
2026-03-13 10:44:22,900 - INFO - [config.py:47] - --------------------------------------------------------------------------------
2026-03-13 10:44:22,900 - INFO - [config.py:48] - ⚙️ 【策略参数装载与核对】 -> 依据: trials_20260311_165301.csv
2026-03-13 10:44:22,901 - INFO - [config.py:50] -    - 注入动态寻优参数 : bias_entry_limit: 1.25, ma_long: 70, ma_mid: 38, ma_short: 8, partial_exit_min_profit: 0.15, partial_exit_pct: 0.3, profit_tier1: 0.15, stop_loss_pct: 0.08, trailing_stop_pct: 0.34, trailing_tier1: 0.1, unit_size: 0.2
2026-03-13 10:44:22,901 - INFO - [config.py:51] - --------------------------------------------------------------------------------
2026-03-13 10:44:22,930 - INFO - [cloudakpd.py:36] - ============================================================
2026-03-13 10:44:22,930 - INFO - [cloudakpd.py:37] - 📊 [DataCenter] 数据内核启动审计...
2026-03-13 10:44:22,930 - INFO - [cloudakpd.py:38] -    ▫️ 存储模式 : ☁️  云端 (PostgreSQL)
2026-03-13 10:44:22,930 - INFO - [cloudakpd.py:39] -    ▫️ 连接节点 : ep-noisy-dust-a1zv7w56-pooler.ap-southeast-1.aws.neon.tech/neondb
2026-03-13 10:44:25,438 - INFO - [cloudakpd.py:85] - 📂 字段审计完成，当前支持: name, turnover_rate, volume, symbol, trade_date, latest_price, amount, high, low, updated_at, is_closed, open
2026-03-13 10:44:25,439 - INFO - [cloudakpd.py:42] - ============================================================
2026-03-13 10:44:26,718 - INFO - [cloudakpd.py:204] - ---------------------------------------------
2026-03-13 10:44:26,719 - INFO - [cloudakpd.py:205] - 🔍 [审计] 读取成功: 2026-03-13
2026-03-13 10:44:26,719 - INFO - [cloudakpd.py:206] -    ▫️ 标的总数 : 5488 条
2026-03-13 10:44:26,721 - INFO - [cloudakpd.py:207] -    ▫️ 资金状态 : 盘中实时
2026-03-13 10:44:26,722 - INFO - [cloudakpd.py:208] -    ▫️ 存入时间 : 2026-03-13 09:30:31.298566
2026-03-13 10:44:26,727 - INFO - [cloudakpd.py:210] - 
symbol name  open  latest_price  high   low   volume    amount trade_date
920000 安徽凤凰  0.00          0.00  0.00  0.00      0.0       0.0 2026-03-13
920001 纬达光电 21.00         21.00 21.00 21.00 131221.0 2755641.0 2026-03-13
920002 万达轴承 92.41         92.41 92.41 92.41    100.0    9241.0 2026-03-13
2026-03-13 10:44:26,727 - INFO - [cloudakpd.py:211] - ---------------------------------------------
2026-03-13 10:44:26,728 - INFO - [universe.py:40] - ✅ [UniverseManager] 云端全量快照加载成功，当前监控 5488 只标的。
2026-03-13 10:44:26,728 - INFO - [engine.py:24] - ================================================================================
2026-03-13 10:44:26,728 - INFO - [engine.py:25] -  🚀 启动量化交易实盘中心 (2026-03-13 10:44)
2026-03-13 10:44:26,729 - INFO - [engine.py:26] -    - 📒 人工比对账本 : D:\git\LongTrading\data\live_broker_account.json
2026-03-13 10:44:26,729 - INFO - [engine.py:27] -    - 💸 审计交易流水 : D:\git\LongTrading\data\live_trade_ledger.csv
2026-03-13 10:44:26,729 - INFO - [engine.py:28] - ================================================================================
2026-03-13 10:44:26,733 - WARNING - [ledger.py:64] - 🚨 【对账异常】 002195 系统应有 460800 与 真实持有 0不一致。系统已强制以人工为准重新校准！
2026-03-13 10:44:26,733 - WARNING - [ledger.py:64] - 🚨 【对账异常】 601857 系统应有 377400 与 真实持有 0不一致。系统已强制以人工为准重新校准！
2026-03-13 10:44:26,733 - WARNING - [ledger.py:64] - 🚨 【对账异常】 600498 系统应有 84500 与 真实持有 0不一致。系统已强制以人工为准重新校准！
2026-03-13 10:44:26,735 - WARNING - [ledger.py:64] - 🚨 【对账异常】 002281 系统应有 49500 与 真实持有 0不一致。系统已强制以人工为准重新校准！
2026-03-13 10:44:26,735 - WARNING - [ledger.py:64] - 🚨 【对账异常】 600938 系统应有 106800 与 真实持有 0不一致。系统已强制以人工为准重新校准！
2026-03-13 10:44:26,735 - WARNING - [ledger.py:64] - 🚨 【对账异常】 000547 系统应有 149900 与 真实持有 0不一致。系统已强制以人工为准重新校准！
2026-03-13 10:44:26,735 - WARNING - [ledger.py:64] - 🚨 【对账异常】 600703 系统应有 252800 与 真实持有 0不一致。系统已强制以人工为准重新校准！
2026-03-13 10:44:26,735 - INFO - [engine.py:36] - 📡 正在全盘扫描历史数据与近期快照，构建动态监控池...
2026-03-13 10:44:26,736 - INFO - [universe.py:145] - 📊 正在通过云端 SQL 审计近 20 个交易日的热点标的...
2026-03-13 10:44:27,138 - INFO - [universe.py:192] - ✅ [UniverseManager] 动态股票池已对齐云端，当前池规模: 43
2026-03-13 10:44:27,139 - INFO - [engine.py:38] - 🏦 会计部接管完毕: 可用现金 【1,000,000,000.00 元】，真实持仓 【5 只】，雷达标的 【43 只】。
2026-03-13 10:44:27,139 - INFO - [engine.py:39] - 🎯 监控池构建完毕: 汇聚近 20 日霸榜标的，实盘监控总数: 【43 只】。
2026-03-13 10:44:27,141 - INFO - [engine.py:67] - --------------------------------------------------------------------------------
2026-03-13 10:44:27,141 - INFO - [engine.py:68] - 【盘前资产风控评估 (Pre-Trade NAV Dashboard)】
2026-03-13 10:44:27,142 - INFO - [engine.py:69] -    - 可用现金 (Available Cash) : 1,000,000,000.00
2026-03-13 10:44:27,142 - INFO - [engine.py:70] -    - 持仓成本 (Total Cost)     : 42,702,445.20
2026-03-13 10:44:27,142 - INFO - [engine.py:71] -    - 持仓市值 (Market Value)   : 42,422,264.00
2026-03-13 10:44:27,142 - INFO - [engine.py:72] -    - 净 资 产 (Total Equity)   : 1,042,422,264.00
2026-03-13 10:44:27,142 - INFO - [engine.py:73] -    - 账面浮盈 (Floating PnL)   : -280,181.20 (-0.66%)
2026-03-13 10:44:27,143 - INFO - [engine.py:74] - --------------------------------------------------------------------------------
2026-03-13 10:44:27,988 - DEBUG - [akshare_pd.py:78] - 👉 数据列名检查: ['date', 'open', 'high', 'low', 'close', 'volume', 'amount', 'outstanding_share', 'turnover']
2026-03-13 10:44:27,991 - INFO - [engine.py:99] - ⚡ [601179 中国西电] 盘中数据注入成功！(跳动现价: 18.51)
2026-03-13 10:44:27,992 - DEBUG - [engine.py:104] - 
📊 [601179 中国西电] 最新 3 行切片检查:
             open   high    low  close       volume        amount  turnover                 updated_at
date                                                                                                  
2026-03-11  20.01  20.10  18.72  19.15  538764514.0  1.039706e+10  0.105107 2026-03-13 10:44:27.989270
2026-03-12  18.80  19.34  18.33  18.64  378945070.0  7.085936e+09  0.073928 2026-03-13 10:44:27.989270
2026-03-13  18.51  18.51  18.51  18.51    1614000.0           NaN  0.000000                        NaT

2026-03-13 10:44:28,832 - DEBUG - [akshare_pd.py:78] - 👉 数据列名检查: ['date', 'open', 'high', 'low', 'close', 'volume', 'amount', 'outstanding_share', 'turnover']
2026-03-13 10:44:28,835 - INFO - [engine.py:99] - ⚡ [600089 特变电工] 盘中数据注入成功！(跳动现价: 30.85)
2026-03-13 10:44:28,836 - DEBUG - [engine.py:104] - 
📊 [600089 特变电工] 最新 3 行切片检查:
             open   high    low  close       volume        amount  turnover                 updated_at
date                                                                                                  
2026-03-11  31.87  31.90  30.90  31.04  310469652.0  9.699245e+09  0.061445 2026-03-13 10:44:28.832898
2026-03-12  31.04  31.26  30.38  30.84  213173772.0  6.566340e+09  0.042189 2026-03-13 10:44:28.832898
2026-03-13  30.85  30.85  30.85  30.85     917430.0           NaN  0.000000                        NaT

2026-03-13 10:44:29,689 - DEBUG - [akshare_pd.py:78] - 👉 数据列名检查: ['date', 'open', 'high', 'low', 'close', 'volume', 'amount', 'outstanding_share', 'turnover']
2026-03-13 10:44:29,692 - INFO - [engine.py:99] - ⚡ [002202 金风科技] 盘中数据注入成功！(跳动现价: 31.4)
2026-03-13 10:44:29,693 - DEBUG - [engine.py:104] - 
📊 [002202 金风科技] 最新 3 行切片检查:
             open  high    low  close       volume        amount  turnover                 updated_at
date                                                                                                 
2026-03-11  28.51  31.0  27.82  30.24  434392923.0  1.278988e+10  0.129149 2026-03-13 10:44:29.690196
2026-03-12  29.94  33.0  29.15  31.29  478142907.0  1.469073e+10  0.142156 2026-03-13 10:44:29.690196
2026-03-13  31.35  31.6  31.35  31.40    8269583.0           NaN  0.000000                        NaT

2026-03-13 10:44:30,528 - DEBUG - [akshare_pd.py:78] - 👉 数据列名检查: ['date', 'open', 'high', 'low', 'close', 'volume', 'amount', 'outstanding_share', 'turnover']
2026-03-13 10:44:30,532 - INFO - [engine.py:99] - ⚡ [600522 中天科技] 盘中数据注入成功！(跳动现价: 29.93)
2026-03-13 10:44:30,534 - DEBUG - [engine.py:104] - 
📊 [600522 中天科技] 最新 3 行切片检查:
             open   high    low  close       volume        amount  turnover                 updated_at
date                                                                                                  
2026-03-11  29.82  31.66  29.79  30.01  244824364.0  7.470581e+09  0.071734 2026-03-13 10:44:30.529604
2026-03-12  29.60  31.38  29.50  30.24  159929780.0  4.845046e+09  0.046860 2026-03-13 10:44:30.529604
2026-03-13  29.93  29.93  29.93  29.93     705500.0           NaN  0.000000                        NaT

2026-03-13 10:44:31,488 - DEBUG - [akshare_pd.py:78] - 👉 数据列名检查: ['date', 'open', 'high', 'low', 'close', 'volume', 'amount', 'outstanding_share', 'turnover']
2026-03-13 10:44:31,491 - INFO - [engine.py:99] - ⚡ [601939 建设银行] 盘中数据注入成功！(跳动现价: 9.1)
2026-03-13 10:44:31,492 - DEBUG - [engine.py:104] - 
📊 [601939 建设银行] 最新 3 行切片检查:
            open  high   low  close      volume       amount  turnover                 updated_at
date                                                                                             
2026-03-11  8.94  9.05  8.89   9.05  86050618.0  773504210.0  0.008970 2026-03-13 10:44:31.488993
2026-03-12  9.04  9.14  9.00   9.10  92179992.0  838222096.0  0.009608 2026-03-13 10:44:31.488993
2026-03-13  9.10  9.10  9.10   9.10    204000.0          NaN  0.000000                        NaT

2026-03-13 10:44:32,301 - DEBUG - [akshare_pd.py:78] - 👉 数据列名检查: ['date', 'open', 'high', 'low', 'close', 'volume', 'amount', 'outstanding_share', 'turnover']
2026-03-13 10:44:32,305 - INFO - [engine.py:99] - ⚡ [000988 华工科技] 盘中数据注入成功！(跳动现价: 125.3)
2026-03-13 10:44:32,306 - DEBUG - [engine.py:104] - 
📊 [000988 华工科技] 最新 3 行切片检查:
              open    high     low   close       volume        amount  turnover                 updated_at
date                                                                                                      
2026-03-11  122.99  135.69  122.90  134.88  125882525.0  1.641234e+10  0.125258 2026-03-13 10:44:32.302791
2026-03-12  133.74  141.41  123.50  127.90  209811572.0  2.773775e+10  0.208771 2026-03-13 10:44:32.302791
2026-03-13  125.30  125.98  124.92  125.30    7170517.0           NaN  0.000000                        NaT

2026-03-13 10:44:33,051 - DEBUG - [akshare_pd.py:78] - 👉 数据列名检查: ['date', 'open', 'high', 'low', 'close', 'volume', 'amount', 'outstanding_share', 'turnover']
2026-03-13 10:44:33,053 - INFO - [engine.py:99] - ⚡ [300750 宁德时代] 盘中数据注入成功！(跳动现价: 396.19)
2026-03-13 10:44:33,055 - DEBUG - [engine.py:104] - 
📊 [300750 宁德时代] 最新 3 行切片检查:
              open    high     low   close      volume        amount  turnover                 updated_at
date                                                                                                     
2026-03-11  379.58  403.55  378.98  396.80  57598685.0  2.264270e+10  0.013531 2026-03-13 10:44:33.051153
2026-03-12  400.00  400.90  392.70  395.50  29150375.0  1.153767e+10  0.006848 2026-03-13 10:44:33.051153
2026-03-13  393.88  396.19  393.80  396.19    682156.0           NaN  0.000000                        NaT

2026-03-13 10:44:33,837 - DEBUG - [akshare_pd.py:78] - 👉 数据列名检查: ['date', 'open', 'high', 'low', 'close', 'volume', 'amount', 'outstanding_share', 'turnover']
2026-03-13 10:44:33,841 - INFO - [engine.py:99] - ⚡ [300308 中际旭创] 盘中数据注入成功！(跳动现价: 525.99)
2026-03-13 10:44:33,842 - DEBUG - [engine.py:104] - 
📊 [300308 中际旭创] 最新 3 行切片检查:
              open    high     low   close      volume        amount  turnover                 updated_at
date                                                                                                     
2026-03-11  557.00  568.90  553.00  554.68  23897170.0  1.341204e+10  0.021617 2026-03-13 10:44:33.838384
2026-03-12  557.25  563.58  528.50  534.80  23911726.0  1.290579e+10  0.021630 2026-03-13 10:44:33.838384
2026-03-13  526.50  527.98  525.01  525.99    514960.0           NaN  0.000000                        NaT

2026-03-13 10:44:34,679 - DEBUG - [akshare_pd.py:78] - 👉 数据列名检查: ['date', 'open', 'high', 'low', 'close', 'volume', 'amount', 'outstanding_share', 'turnover']
2026-03-13 10:44:34,681 - INFO - [engine.py:99] - ⚡ [300394 天孚通信] 盘中数据注入成功！(跳动现价: 324.79)
2026-03-13 10:44:34,683 - DEBUG - [engine.py:104] - 
📊 [300394 天孚通信] 最新 3 行切片检查:
              open    high     low   close      volume        amount  turnover                 updated_at
date                                                                                                     
2026-03-11  342.69  344.44  329.30  331.00  26757383.0  8.972870e+09  0.034488 2026-03-13 10:44:34.679427
2026-03-12  331.00  336.80  314.61  334.04  35686105.0  1.161875e+10  0.045996 2026-03-13 10:44:34.679427
2026-03-13  323.18  325.51  322.12  324.79    818202.0           NaN  0.000000                        NaT

2026-03-13 10:44:35,574 - DEBUG - [akshare_pd.py:78] - 👉 数据列名检查: ['date', 'open', 'high', 'low', 'close', 'volume', 'amount', 'outstanding_share', 'turnover']
2026-03-13 10:44:35,577 - INFO - [engine.py:99] - ⚡ [002261 拓维信息] 盘中数据注入成功！(跳动现价: 39.44)
2026-03-13 10:44:35,578 - DEBUG - [engine.py:104] - 
📊 [002261 拓维信息] 最新 3 行切片检查:
             open   high    low  close       volume        amount  turnover                 updated_at
date                                                                                                  
2026-03-11  41.51  43.89  41.03  41.08  272790380.0  1.151191e+10  0.238109 2026-03-13 10:44:35.574337
2026-03-12  40.82  42.50  39.39  39.72  223388492.0  9.071294e+09  0.194988 2026-03-13 10:44:35.574337
2026-03-13  39.00  39.49  39.00  39.44    5206200.0           NaN  0.000000                        NaT

2026-03-13 10:44:36,536 - DEBUG - [akshare_pd.py:78] - 👉 数据列名检查: ['date', 'open', 'high', 'low', 'close', 'volume', 'amount', 'outstanding_share', 'turnover']
2026-03-13 10:44:36,538 - INFO - [engine.py:99] - ⚡ [300502 新易盛] 盘中数据注入成功！(跳动现价: 373.01)
2026-03-13 10:44:36,539 - DEBUG - [engine.py:104] - 
📊 [300502 新易盛] 最新 3 行切片检查:
              open    high     low   close      volume        amount  turnover                 updated_at
date                                                                                                     
2026-03-11  400.01  408.00  392.20  393.23  33838170.0  1.350834e+10  0.038217 2026-03-13 10:44:36.536093
2026-03-12  400.01  404.85  375.67  378.77  34618693.0  1.330946e+10  0.039099 2026-03-13 10:44:36.536093
2026-03-13  373.18  374.88  373.00  373.01    636497.0           NaN  0.000000                        NaT

2026-03-13 10:44:37,502 - DEBUG - [akshare_pd.py:78] - 👉 数据列名检查: ['date', 'open', 'high', 'low', 'close', 'volume', 'amount', 'outstanding_share', 'turnover']
2026-03-13 10:44:37,505 - INFO - [engine.py:99] - ⚡ [600410 华胜天成] 盘中数据注入成功！(跳动现价: 31.0)
2026-03-13 10:44:37,508 - DEBUG - [engine.py:104] - 
📊 [600410 华胜天成] 最新 3 行切片检查:
             open   high    low  close       volume        amount  turnover                 updated_at
date                                                                                                  
2026-03-11  31.20  34.31  31.19  32.68  413292958.0  1.370430e+10  0.376922 2026-03-13 10:44:37.502985
2026-03-12  32.45  33.50  30.59  31.77  353234227.0  1.118550e+10  0.322149 2026-03-13 10:44:37.502985
2026-03-13  31.00  31.00  31.00  31.00    2161600.0           NaN  0.000000                        NaT

2026-03-13 10:44:38,428 - DEBUG - [akshare_pd.py:78] - 👉 数据列名检查: ['date', 'open', 'high', 'low', 'close', 'volume', 'amount', 'outstanding_share', 'turnover']
2026-03-13 10:44:38,431 - INFO - [engine.py:99] - ⚡ [300274 阳光电源] 盘中数据注入成功！(跳动现价: 176.5)
2026-03-13 10:44:38,432 - DEBUG - [engine.py:104] - 
📊 [300274 阳光电源] 最新 3 行切片检查:
              open    high     low   close       volume        amount  turnover                 updated_at
date                                                                                                      
2026-03-11  156.42  175.66  156.39  170.92  144572766.0  2.431173e+10  0.090943 2026-03-13 10:44:38.429041
2026-03-12  171.54  173.77  168.40  173.10  102568722.0  1.758443e+10  0.064520 2026-03-13 10:44:38.429041
2026-03-13  175.09  176.55  174.86  176.50    2378801.0           NaN  0.000000                        NaT

2026-03-13 10:44:39,411 - DEBUG - [akshare_pd.py:78] - 👉 数据列名检查: ['date', 'open', 'high', 'low', 'close', 'volume', 'amount', 'outstanding_share', 'turnover']
2026-03-13 10:44:39,414 - INFO - [engine.py:99] - ⚡ [000547 航天发展] 盘中数据注入成功！(跳动现价: 31.0)
2026-03-13 10:44:39,416 - DEBUG - [engine.py:104] - 
📊 [000547 航天发展] 最新 3 行切片检查:
            open   high    low  close       volume        amount  turnover                 updated_at
date                                                                                                 
2026-03-11  34.0  34.00  32.80  33.31  297030040.0  9.915401e+09  0.186915 2026-03-13 10:44:39.411725
2026-03-12  33.0  33.31  31.09  31.47  257034557.0  8.229475e+09  0.161746 2026-03-13 10:44:39.411725
2026-03-13  30.8  31.01  30.80  31.00    3824436.0           NaN  0.000000                        NaT

2026-03-13 10:44:40,241 - DEBUG - [akshare_pd.py:78] - 👉 数据列名检查: ['date', 'open', 'high', 'low', 'close', 'volume', 'amount', 'outstanding_share', 'turnover']
2026-03-13 10:44:40,245 - INFO - [engine.py:99] - ⚡ [601868 中国能建] 盘中数据注入成功！(跳动现价: 3.8)
2026-03-13 10:44:40,246 - DEBUG - [engine.py:104] - 
📊 [601868 中国能建] 最新 3 行切片检查:
            open  high   low  close        volume        amount  turnover                 updated_at
date                                                                                                
2026-03-11  3.15  3.45  3.09   3.45  1.892516e+09  6.294151e+09  0.058359 2026-03-13 10:44:40.243146
2026-03-12  3.52  3.80  3.50   3.80  4.784656e+09  1.745828e+10  0.147544 2026-03-13 10:44:40.243146
2026-03-13  3.80  3.80  3.80   3.80  9.186150e+07           NaN  0.000000                        NaT

2026-03-13 10:44:41,071 - DEBUG - [akshare_pd.py:78] - 👉 数据列名检查: ['date', 'open', 'high', 'low', 'close', 'volume', 'amount', 'outstanding_share', 'turnover']
2026-03-13 10:44:41,075 - INFO - [engine.py:99] - ⚡ [002384 东山精密] 盘中数据注入成功！(跳动现价: 114.75)
2026-03-13 10:44:41,077 - DEBUG - [engine.py:104] - 
📊 [002384 东山精密] 最新 3 行切片检查:
              open    high     low   close      volume        amount  turnover                 updated_at
date                                                                                                     
2026-03-11  109.33  111.65  103.71  104.80  91369094.0  9.735043e+09  0.065908 2026-03-13 10:44:41.072484
2026-03-12  106.09  109.30  101.20  109.30  79196476.0  8.286747e+09  0.057127 2026-03-13 10:44:41.072484
2026-03-13  111.10  115.00  111.00  114.75   4282740.0           NaN  0.000000                        NaT

2026-03-13 10:44:42,020 - DEBUG - [akshare_pd.py:78] - 👉 数据列名检查: ['date', 'open', 'high', 'low', 'close', 'volume', 'amount', 'outstanding_share', 'turnover']
2026-03-13 10:44:42,023 - INFO - [engine.py:99] - ⚡ [300017 网宿科技] 盘中数据注入成功！(跳动现价: 18.81)
2026-03-13 10:44:42,024 - DEBUG - [engine.py:104] - 
📊 [300017 网宿科技] 最新 3 行切片检查:
             open   high    low  close       volume        amount  turnover                 updated_at
date                                                                                                  
2026-03-11  20.20  20.38  19.36  19.38  384801124.0  7.598068e+09  0.166927 2026-03-13 10:44:42.021023
2026-03-12  19.28  20.50  19.00  19.08  401955519.0  7.910458e+09  0.174369 2026-03-13 10:44:42.021023
2026-03-13  18.89  19.00  18.71  18.81   11021868.0           NaN  0.000000                        NaT

2026-03-13 10:44:42,872 - DEBUG - [akshare_pd.py:78] - 👉 数据列名检查: ['date', 'open', 'high', 'low', 'close', 'volume', 'amount', 'outstanding_share', 'turnover']
2026-03-13 10:44:42,875 - INFO - [engine.py:99] - ⚡ [600498 烽火通信] 盘中数据注入成功！(跳动现价: 55.0)
2026-03-13 10:44:42,876 - DEBUG - [engine.py:104] - 
📊 [600498 烽火通信] 最新 3 行切片检查:
             open   high    low  close       volume        amount  turnover                 updated_at
date                                                                                                  
2026-03-11  58.60  61.78  56.66  57.03  183744064.0  1.086759e+10  0.144496 2026-03-13 10:44:42.872001
2026-03-12  57.02  59.59  55.00  55.50  103514093.0  5.904605e+09  0.081403 2026-03-13 10:44:42.872001
2026-03-13  55.00  55.00  55.00  55.00     871206.0           NaN  0.000000                        NaT

2026-03-13 10:44:43,779 - DEBUG - [akshare_pd.py:78] - 👉 数据列名检查: ['date', 'open', 'high', 'low', 'close', 'volume', 'amount', 'outstanding_share', 'turnover']
2026-03-13 10:44:43,782 - INFO - [engine.py:99] - ⚡ [002281 光迅科技] 盘中数据注入成功！(跳动现价: 93.75)
2026-03-13 10:44:43,783 - DEBUG - [engine.py:104] - 
📊 [002281 光迅科技] 最新 3 行切片检查:
             open    high    low  close       volume        amount  turnover                 updated_at
date                                                                                                   
2026-03-11  90.68   93.08  89.00  91.49  102547496.0  9.369670e+09  0.131559 2026-03-13 10:44:43.779495
2026-03-12  91.54  100.64  91.54  98.82  114756842.0  1.122783e+10  0.147223 2026-03-13 10:44:43.779495
2026-03-13  93.10   94.99  93.10  93.75    4296903.0           NaN  0.000000                        NaT

2026-03-13 10:44:44,625 - DEBUG - [akshare_pd.py:78] - 👉 数据列名检查: ['date', 'open', 'high', 'low', 'close', 'volume', 'amount', 'outstanding_share', 'turnover']
2026-03-13 10:44:44,628 - INFO - [engine.py:99] - ⚡ [300476 胜宏科技] 盘中数据注入成功！(跳动现价: 275.16)
2026-03-13 10:44:44,629 - DEBUG - [engine.py:104] - 
📊 [300476 胜宏科技] 最新 3 行切片检查:
              open    high    low   close      volume        amount  turnover                 updated_at
date                                                                                                    
2026-03-11  288.99  290.55  283.8  284.80  26223427.0  7.503241e+09  0.030600 2026-03-13 10:44:44.626289
2026-03-12  282.99  285.80  273.4  280.49  28215827.0  7.861443e+09  0.032925 2026-03-13 10:44:44.626289
2026-03-13  275.00  276.01  274.0  275.16    716666.0           NaN  0.000000                        NaT

2026-03-13 10:44:45,571 - DEBUG - [akshare_pd.py:78] - 👉 数据列名检查: ['date', 'open', 'high', 'low', 'close', 'volume', 'amount', 'outstanding_share', 'turnover']
2026-03-13 10:44:45,575 - INFO - [engine.py:99] - ⚡ [601899 紫金矿业] 盘中数据注入成功！(跳动现价: 36.2)
2026-03-13 10:44:45,576 - DEBUG - [engine.py:104] - 
📊 [601899 紫金矿业] 最新 3 行切片检查:
             open   high    low  close       volume        amount  turnover                 updated_at
date                                                                                                  
2026-03-11  37.50  37.64  37.04  37.24  148131269.0  5.525147e+09  0.007191 2026-03-13 10:44:45.571481
2026-03-12  36.79  37.16  36.35  36.75  189113008.0  6.945680e+09  0.009180 2026-03-13 10:44:45.571481
2026-03-13  36.20  36.20  36.20  36.20    2770997.0           NaN  0.000000                        NaT

2026-03-13 10:44:46,483 - DEBUG - [akshare_pd.py:78] - 👉 数据列名检查: ['date', 'open', 'high', 'low', 'close', 'volume', 'amount', 'outstanding_share', 'turnover']
2026-03-13 10:44:46,485 - INFO - [engine.py:99] - ⚡ [600487 亨通光电] 盘中数据注入成功！(跳动现价: 51.05)
2026-03-13 10:44:46,488 - DEBUG - [engine.py:104] - 
📊 [600487 亨通光电] 最新 3 行切片检查:
             open   high    low  close       volume        amount  turnover                 updated_at
date                                                                                                  
2026-03-11  51.00  54.30  50.63  50.80  168100591.0  8.775464e+09  0.068748 2026-03-13 10:44:46.483959
2026-03-12  49.90  54.30  49.90  51.42  150679865.0  7.829262e+09  0.061623 2026-03-13 10:44:46.483959
2026-03-13  51.05  51.05  51.05  51.05     706480.0           NaN  0.000000                        NaT

2026-03-13 10:44:47,303 - DEBUG - [akshare_pd.py:78] - 👉 数据列名检查: ['date', 'open', 'high', 'low', 'close', 'volume', 'amount', 'outstanding_share', 'turnover']
2026-03-13 10:44:47,305 - INFO - [engine.py:99] - ⚡ [002506 协鑫集成] 盘中数据注入成功！(跳动现价: 5.68)
2026-03-13 10:44:47,307 - DEBUG - [engine.py:104] - 
📊 [002506 协鑫集成] 最新 3 行切片检查:
            open  high   low  close        volume        amount  turnover                 updated_at
date                                                                                                
2026-03-11  6.00  6.36  5.80   5.96  1.563213e+09  9.493189e+09  0.267471 2026-03-13 10:44:47.303753
2026-03-12  5.80  6.06  5.70   5.87  1.104367e+09  6.468292e+09  0.188961 2026-03-13 10:44:47.303753
2026-03-13  5.77  5.78  5.67   5.68  1.523166e+07           NaN  0.000000                        NaT

2026-03-13 10:44:48,108 - DEBUG - [akshare_pd.py:78] - 👉 数据列名检查: ['date', 'open', 'high', 'low', 'close', 'volume', 'amount', 'outstanding_share', 'turnover']
2026-03-13 10:44:48,111 - INFO - [engine.py:99] - ⚡ [002594 比亚迪] 盘中数据注入成功！(跳动现价: 98.52)
2026-03-13 10:44:48,112 - DEBUG - [engine.py:104] - 
📊 [002594 比亚迪] 最新 3 行切片检查:
             open    high    low  close      volume        amount  turnover                 updated_at
date                                                                                                  
2026-03-11  96.75  100.34  95.67  99.22  90374375.0  8.925094e+09  0.025916 2026-03-13 10:44:48.108549
2026-03-12  99.23  100.69  98.70  99.10  50252357.0  4.995016e+09  0.014410 2026-03-13 10:44:48.108549
2026-03-13  99.00   99.00  98.51  98.52    576600.0           NaN  0.000000                        NaT

2026-03-13 10:44:49,013 - DEBUG - [akshare_pd.py:78] - 👉 数据列名检查: ['date', 'open', 'high', 'low', 'close', 'volume', 'amount', 'outstanding_share', 'turnover']
2026-03-13 10:44:49,016 - INFO - [engine.py:99] - ⚡ [002015 协鑫能科] 盘中数据注入成功！(跳动现价: 21.0)
2026-03-13 10:44:49,017 - DEBUG - [engine.py:104] - 
📊 [002015 协鑫能科] 最新 3 行切片检查:
             open   high    low  close       volume        amount  turnover                 updated_at
date                                                                                                  
2026-03-11  18.01  19.93  17.39  19.42  371346202.0  7.098510e+09  0.228757 2026-03-13 10:44:49.013823
2026-03-12  20.00  21.36  19.50  21.36  347572212.0  7.252101e+09  0.214111 2026-03-13 10:44:49.013823
2026-03-13  21.36  21.48  21.00  21.00   17505300.0           NaN  0.000000                        NaT

2026-03-13 10:44:50,020 - DEBUG - [akshare_pd.py:78] - 👉 数据列名检查: ['date', 'open', 'high', 'low', 'close', 'volume', 'amount', 'outstanding_share', 'turnover']
2026-03-13 10:44:50,023 - INFO - [engine.py:99] - ⚡ [600759 洲际油气] 盘中数据注入成功！(跳动现价: 7.51)
2026-03-13 10:44:50,024 - DEBUG - [engine.py:104] - 
📊 [600759 洲际油气] 最新 3 行切片检查:
            open  high   low  close       volume        amount  turnover                 updated_at
date                                                                                               
2026-03-11  7.10  7.72  6.91   7.56  831634860.0  6.136074e+09  0.200699 2026-03-13 10:44:50.021090
2026-03-12  7.80  7.80  7.30   7.39  705263983.0  5.306373e+09  0.170202 2026-03-13 10:44:50.021090
2026-03-13  7.51  7.51  7.51   7.51    7410024.0           NaN  0.000000                        NaT

2026-03-13 10:44:50,818 - DEBUG - [akshare_pd.py:78] - 👉 数据列名检查: ['date', 'open', 'high', 'low', 'close', 'volume', 'amount', 'outstanding_share', 'turnover']
2026-03-13 10:44:50,821 - INFO - [engine.py:99] - ⚡ [002475 立讯精密] 盘中数据注入成功！(跳动现价: 49.3)
2026-03-13 10:44:50,823 - DEBUG - [engine.py:104] - 
📊 [002475 立讯精密] 最新 3 行切片检查:
             open   high    low  close       volume        amount  turnover                 updated_at
date                                                                                                  
2026-03-11  49.45  50.88  49.28  50.17  168648425.0  8.476554e+09  0.023200 2026-03-13 10:44:50.818940
2026-03-12  49.90  50.43  49.28  49.70   86041581.0  4.282954e+09  0.011836 2026-03-13 10:44:50.818940
2026-03-13  49.35  49.35  49.17  49.30     819100.0           NaN  0.000000                        NaT

2026-03-13 10:44:51,596 - DEBUG - [akshare_pd.py:78] - 👉 数据列名检查: ['date', 'open', 'high', 'low', 'close', 'volume', 'amount', 'outstanding_share', 'turnover']
2026-03-13 10:44:51,598 - INFO - [engine.py:99] - ⚡ [600989 宝丰能源] 盘中数据注入成功！(跳动现价: 34.41)
2026-03-13 10:44:51,599 - DEBUG - [engine.py:104] - 
📊 [600989 宝丰能源] 最新 3 行切片检查:
             open   high    low  close       volume        amount  turnover                 updated_at
date                                                                                                  
2026-03-11  28.35  31.85  28.35  31.85  219548593.0  6.627817e+09  0.029938 2026-03-13 10:44:51.597307
2026-03-12  33.30  34.60  32.20  33.73  251968203.0  8.435356e+09  0.034359 2026-03-13 10:44:51.597307
2026-03-13  34.41  34.41  34.41  34.41    3748273.0           NaN  0.000000                        NaT

2026-03-13 10:44:52,407 - DEBUG - [akshare_pd.py:78] - 👉 数据列名检查: ['date', 'open', 'high', 'low', 'close', 'volume', 'amount', 'outstanding_share', 'turnover']
2026-03-13 10:44:52,409 - INFO - [engine.py:99] - ⚡ [601669 中国电建] 盘中数据注入成功！(跳动现价: 6.95)
2026-03-13 10:44:52,411 - DEBUG - [engine.py:104] - 
📊 [601669 中国电建] 最新 3 行切片检查:
            open  high   low  close        volume        amount  turnover                 updated_at
date                                                                                                
2026-03-11  6.04  6.54  5.93   6.38  1.245092e+09  7.840193e+09  0.095252 2026-03-13 10:44:52.408428
2026-03-12  6.48  6.65  6.25   6.54  1.475219e+09  9.487735e+09  0.112857 2026-03-13 10:44:52.408428
2026-03-13  6.95  6.95  6.95   6.95  5.444460e+07           NaN  0.000000                        NaT

2026-03-13 10:44:53,507 - DEBUG - [akshare_pd.py:78] - 👉 数据列名检查: ['date', 'open', 'high', 'low', 'close', 'volume', 'amount', 'outstanding_share', 'turnover']
2026-03-13 10:44:53,511 - INFO - [engine.py:99] - ⚡ [600703 三安光电] 盘中数据注入成功！(跳动现价: 18.39)
2026-03-13 10:44:53,512 - DEBUG - [engine.py:104] - 
📊 [600703 三安光电] 最新 3 行切片检查:
             open   high    low  close       volume        amount  turnover                 updated_at
date                                                                                                  
2026-03-11  16.15  17.42  16.05  17.04  327210971.0  5.518783e+09  0.065586 2026-03-13 10:44:53.508152
2026-03-12  17.05  18.74  17.00  18.74  435418844.0  7.968259e+09  0.087275 2026-03-13 10:44:53.508152
2026-03-13  18.39  18.39  18.39  18.39    6991900.0           NaN  0.000000                        NaT

2026-03-13 10:44:54,679 - DEBUG - [akshare_pd.py:78] - 👉 数据列名检查: ['date', 'open', 'high', 'low', 'close', 'volume', 'amount', 'outstanding_share', 'turnover']
2026-03-13 10:44:54,683 - INFO - [engine.py:99] - ⚡ [601857 中国石油] 盘中数据注入成功！(跳动现价: 12.32)
2026-03-13 10:44:54,684 - DEBUG - [engine.py:104] - 
📊 [601857 中国石油] 最新 3 行切片检查:
             open   high    low  close       volume        amount  turnover                 updated_at
date                                                                                                  
2026-03-11  11.78  12.16  11.65  12.13  474054564.0  5.647612e+09  0.002928 2026-03-13 10:44:54.681067
2026-03-12  12.33  12.39  11.95  12.23  403531840.0  4.926789e+09  0.002492 2026-03-13 10:44:54.681067
2026-03-13  12.32  12.32  12.32  12.32    6537500.0           NaN  0.000000                        NaT

2026-03-13 10:44:55,859 - DEBUG - [akshare_pd.py:78] - 👉 数据列名检查: ['date', 'open', 'high', 'low', 'close', 'volume', 'amount', 'outstanding_share', 'turnover']
2026-03-13 10:44:55,863 - INFO - [engine.py:99] - ⚡ [002195 岩山科技] 盘中数据注入成功！(跳动现价: 10.09)
2026-03-13 10:44:55,865 - DEBUG - [engine.py:104] - 
📊 [002195 岩山科技] 最新 3 行切片检查:
             open   high    low  close       volume        amount  turnover                 updated_at
date                                                                                                  
2026-03-11  10.60  10.97  10.31  10.71  705692047.0  7.524519e+09  0.125988 2026-03-13 10:44:55.860599
2026-03-12  10.58  10.59  10.25  10.30  416171422.0  4.314162e+09  0.074300 2026-03-13 10:44:55.860599
2026-03-13  10.13  10.15  10.06  10.09    6463378.0           NaN  0.000000                        NaT

2026-03-13 10:44:56,882 - DEBUG - [akshare_pd.py:78] - 👉 数据列名检查: ['date', 'open', 'high', 'low', 'close', 'volume', 'amount', 'outstanding_share', 'turnover']
2026-03-13 10:44:56,887 - INFO - [engine.py:99] - ⚡ [000537 绿发电力] 盘中数据注入成功！(跳动现价: 13.76)
2026-03-13 10:44:56,890 - DEBUG - [engine.py:104] - 
📊 [000537 绿发电力] 最新 3 行切片检查:
             open   high    low  close       volume        amount  turnover                 updated_at
date                                                                                                  
2026-03-11  11.05  11.37  10.52  11.37  113701275.0  1.249486e+09  0.055018 2026-03-13 10:44:56.883844
2026-03-12  12.40  12.51  11.94  12.51   74100231.0  9.135125e+08  0.035856 2026-03-13 10:44:56.883844
2026-03-13  13.76  13.76  13.76  13.76   16917612.0           NaN  0.000000                        NaT

2026-03-13 10:44:57,869 - DEBUG - [akshare_pd.py:78] - 👉 数据列名检查: ['date', 'open', 'high', 'low', 'close', 'volume', 'amount', 'outstanding_share', 'turnover']
2026-03-13 10:44:57,872 - INFO - [engine.py:99] - ⚡ [300014 亿纬锂能] 盘中数据注入成功！(跳动现价: 68.89)
2026-03-13 10:44:57,874 - DEBUG - [engine.py:104] - 
📊 [300014 亿纬锂能] 最新 3 行切片检查:
             open   high    low  close       volume        amount  turnover                 updated_at
date                                                                                                  
2026-03-11  62.76  69.67  62.70  67.97  125431380.0  8.429228e+09  0.062722 2026-03-13 10:44:57.869938
2026-03-12  68.57  69.18  67.31  69.09   81226243.0  5.554920e+09  0.040617 2026-03-13 10:44:57.869938
2026-03-13  68.69  68.98  68.51  68.89     788766.0           NaN  0.000000                        NaT

2026-03-13 10:44:58,884 - DEBUG - [akshare_pd.py:78] - 👉 数据列名检查: ['date', 'open', 'high', 'low', 'close', 'volume', 'amount', 'outstanding_share', 'turnover']
2026-03-13 10:44:58,887 - INFO - [engine.py:99] - ⚡ [002498 汉缆股份] 盘中数据注入成功！(跳动现价: 10.86)
2026-03-13 10:44:58,889 - DEBUG - [engine.py:104] - 
📊 [002498 汉缆股份] 最新 3 行切片检查:
             open   high    low  close       volume        amount  turnover                 updated_at
date                                                                                                  
2026-03-11   9.82   9.92   9.30   9.44  302286676.0  2.882461e+09  0.090864 2026-03-13 10:44:58.884688
2026-03-12   9.49  10.38   9.32  10.38  280884398.0  2.808565e+09  0.084431 2026-03-13 10:44:58.884688
2026-03-13  10.68  10.88  10.55  10.86   23634082.0           NaN  0.000000                        NaT

2026-03-13 10:44:59,697 - DEBUG - [akshare_pd.py:78] - 👉 数据列名检查: ['date', 'open', 'high', 'low', 'close', 'volume', 'amount', 'outstanding_share', 'turnover']
2026-03-13 10:44:59,699 - INFO - [engine.py:99] - ⚡ [601138 工业富联] 盘中数据注入成功！(跳动现价: 52.02)
2026-03-13 10:44:59,701 - DEBUG - [engine.py:104] - 
📊 [601138 工业富联] 最新 3 行切片检查:
             open   high    low  close       volume        amount  turnover                 updated_at
date                                                                                                  
2026-03-11  54.70  54.99  53.60  53.89  122007345.0  6.604833e+09  0.006144 2026-03-13 10:44:59.697677
2026-03-12  53.90  54.78  52.22  52.54  141006096.0  7.525159e+09  0.007101 2026-03-13 10:44:59.697677
2026-03-13  52.02  52.02  52.02  52.02    1201900.0           NaN  0.000000                        NaT

2026-03-13 10:45:00,507 - DEBUG - [akshare_pd.py:78] - 👉 数据列名检查: ['date', 'open', 'high', 'low', 'close', 'volume', 'amount', 'outstanding_share', 'turnover']
2026-03-13 10:45:00,509 - INFO - [engine.py:99] - ⚡ [600938 中国海油] 盘中数据注入成功！(跳动现价: 43.5)
2026-03-13 10:45:00,511 - DEBUG - [engine.py:104] - 
📊 [600938 中国海油] 最新 3 行切片检查:
             open   high    low  close       volume        amount  turnover                 updated_at
date                                                                                                  
2026-03-11  40.20  42.08  40.20  41.76  120809993.0  4.963745e+09  0.040405 2026-03-13 10:45:00.507673
2026-03-12  42.62  43.25  41.65  43.00  149555523.0  6.375294e+09  0.050019 2026-03-13 10:45:00.507673
2026-03-13  43.50  43.50  43.50  43.50    1374600.0           NaN  0.000000                        NaT

2026-03-13 10:45:01,493 - DEBUG - [akshare_pd.py:78] - 👉 数据列名检查: ['date', 'open', 'high', 'low', 'close', 'volume', 'amount', 'outstanding_share', 'turnover']
2026-03-13 10:45:01,495 - INFO - [engine.py:99] - ⚡ [000420 吉林化纤] 盘中数据注入成功！(跳动现价: 5.24)
2026-03-13 10:45:01,497 - DEBUG - [engine.py:104] - 
📊 [000420 吉林化纤] 最新 3 行切片检查:
            open  high   low  close       volume       amount  turnover                 updated_at
date                                                                                              
2026-03-11  4.41  4.62  4.40   4.56  144270363.0  651037459.0  0.058693 2026-03-13 10:45:01.493876
2026-03-12  5.02  5.02  5.02   5.02   98731197.0  495630609.0  0.040167 2026-03-13 10:45:01.493876
2026-03-13  5.21  5.30  5.21   5.24   66855044.0          NaN  0.000000                        NaT

2026-03-13 10:45:02,522 - DEBUG - [akshare_pd.py:78] - 👉 数据列名检查: ['date', 'open', 'high', 'low', 'close', 'volume', 'amount', 'outstanding_share', 'turnover']
2026-03-13 10:45:02,526 - INFO - [engine.py:99] - ⚡ [600875 东方电气] 盘中数据注入成功！(跳动现价: 40.05)
2026-03-13 10:45:02,527 - DEBUG - [engine.py:104] - 
📊 [600875 东方电气] 最新 3 行切片检查:
             open   high    low  close       volume        amount  turnover                 updated_at
date                                                                                                  
2026-03-11  42.50  42.62  40.41  41.08  124544135.0  5.126705e+09  0.055026 2026-03-13 10:45:02.522760
2026-03-12  40.75  40.89  39.41  40.47  106043651.0  4.262634e+09  0.046852 2026-03-13 10:45:02.522760
2026-03-13  40.05  40.05  40.05  40.05     810500.0           NaN  0.000000                        NaT

2026-03-13 10:45:03,384 - DEBUG - [akshare_pd.py:78] - 👉 数据列名检查: ['date', 'open', 'high', 'low', 'close', 'volume', 'amount', 'outstanding_share', 'turnover']
2026-03-13 10:45:03,387 - INFO - [engine.py:99] - ⚡ [002455 百川股份] 盘中数据注入成功！(跳动现价: 17.0)
2026-03-13 10:45:03,388 - DEBUG - [engine.py:104] - 
📊 [002455 百川股份] 最新 3 行切片检查:
             open   high    low  close       volume        amount  turnover                 updated_at
date                                                                                                  
2026-03-11  14.50  14.73  14.50  14.73   34544835.0  5.075554e+08  0.066531 2026-03-13 10:45:03.384619
2026-03-12  16.20  16.20  15.42  16.16  123677005.0  1.992196e+09  0.238193 2026-03-13 10:45:03.384619
2026-03-13  16.53  17.06  16.53  17.00   13980727.0           NaN  0.000000                        NaT

2026-03-13 10:45:04,194 - DEBUG - [akshare_pd.py:78] - 👉 数据列名检查: ['date', 'open', 'high', 'low', 'close', 'volume', 'amount', 'outstanding_share', 'turnover']
2026-03-13 10:45:04,197 - INFO - [engine.py:99] - ⚡ [300690 双一科技] 盘中数据注入成功！(跳动现价: 39.86)
2026-03-13 10:45:04,199 - DEBUG - [engine.py:104] - 
📊 [300690 双一科技] 最新 3 行切片检查:
             open   high    low  close      volume        amount  turnover                 updated_at
date                                                                                                 
2026-03-11  30.99  31.44  30.86  31.17   3434700.0  1.072006e+08  0.031004 2026-03-13 10:45:04.195468
2026-03-12  31.98  37.40  31.66  37.40  36936801.0  1.320198e+09  0.333421 2026-03-13 10:45:04.195468
2026-03-13  39.60  40.60  39.48  39.86   6579692.0           NaN  0.000000                        NaT

2026-03-13 10:45:05,008 - DEBUG - [akshare_pd.py:78] - 👉 数据列名检查: ['date', 'open', 'high', 'low', 'close', 'volume', 'amount', 'outstanding_share', 'turnover']
2026-03-13 10:45:05,010 - INFO - [engine.py:99] - ⚡ [002931 锋龙股份] 盘中数据注入成功！(跳动现价: 81.5)
2026-03-13 10:45:05,012 - DEBUG - [engine.py:104] - 
📊 [002931 锋龙股份] 最新 3 行切片检查:
             open   high    low  close      volume        amount  turnover                 updated_at
date                                                                                                 
2026-03-11  82.50  84.75  76.70  78.10  23383511.0  1.876332e+09  0.116189 2026-03-13 10:45:05.008964
2026-03-12  79.69  79.69  73.73  74.16  18952939.0  1.423907e+09  0.094174 2026-03-13 10:45:05.008964
2026-03-13  79.88  81.56  79.88  81.50   4277332.0           NaN  0.000000                        NaT

2026-03-13 10:45:05,917 - DEBUG - [akshare_pd.py:78] - 👉 数据列名检查: ['date', 'open', 'high', 'low', 'close', 'volume', 'amount', 'outstanding_share', 'turnover']
2026-03-13 10:45:05,920 - INFO - [engine.py:99] - ⚡ [300475 香农芯创] 盘中数据注入成功！(跳动现价: 150.64)
2026-03-13 10:45:05,922 - DEBUG - [engine.py:104] - 
📊 [300475 香农芯创] 最新 3 行切片检查:
              open    high     low   close      volume        amount  turnover                 updated_at
date                                                                                                     
2026-03-11  160.51  162.22  155.58  156.83  28241066.0  4.468852e+09  0.063409 2026-03-13 10:45:05.918119
2026-03-12  156.30  158.40  150.66  152.70  18807592.0  2.888075e+09  0.042228 2026-03-13 10:45:05.918119
2026-03-13  150.00  150.77  149.46  150.64    253200.0           NaN  0.000000                        NaT

2026-03-13 10:45:06,147 - INFO - [cloudakpd.py:36] - ============================================================
2026-03-13 10:45:06,147 - INFO - [cloudakpd.py:37] - 📊 [DataCenter] 数据内核启动审计...
2026-03-13 10:45:06,148 - INFO - [cloudakpd.py:38] -    ▫️ 存储模式 : ☁️  云端 (PostgreSQL)
2026-03-13 10:45:06,148 - INFO - [cloudakpd.py:39] -    ▫️ 连接节点 : ep-noisy-dust-a1zv7w56-pooler.ap-southeast-1.aws.neon.tech/neondb
2026-03-13 10:45:08,856 - INFO - [cloudakpd.py:85] - 📂 字段审计完成，当前支持: name, turnover_rate, volume, symbol, trade_date, latest_price, amount, high, low, updated_at, is_closed, open
2026-03-13 10:45:08,857 - INFO - [cloudakpd.py:42] - ============================================================
2026-03-13 10:45:26,586 - INFO - [cloudakpd.py:204] - ---------------------------------------------
2026-03-13 10:45:26,587 - INFO - [cloudakpd.py:205] - 🔍 [审计] 同步完成: 2026-03-13
2026-03-13 10:45:26,587 - INFO - [cloudakpd.py:206] -    ▫️ 标的总数 : 5488 条
2026-03-13 10:45:26,588 - INFO - [cloudakpd.py:207] -    ▫️ 资金状态 : 盘中实时
2026-03-13 10:45:26,589 - INFO - [cloudakpd.py:208] -    ▫️ 存入时间 : 2026-03-13 10:45:24.933749
2026-03-13 10:45:26,593 - INFO - [cloudakpd.py:210] - 
symbol name  open  latest_price  high   low    volume     amount trade_date
920000 安徽凤凰 17.71         17.87 17.93 17.60  138251.0  2462778.0 2026-03-13
920001 纬达光电 21.00         20.08 21.00 19.96 4740284.0 96301426.0 2026-03-13
920002 万达轴承 92.41         92.20 92.70 91.50  143957.0 13241049.0 2026-03-13
2026-03-13 10:45:26,593 - INFO - [cloudakpd.py:211] - ---------------------------------------------
2026-03-13 10:45:27,937 - INFO - [cloudakpd.py:204] - ---------------------------------------------
2026-03-13 10:45:27,938 - INFO - [cloudakpd.py:205] - 🔍 [审计] 读取成功: 2026-03-13
2026-03-13 10:45:27,938 - INFO - [cloudakpd.py:206] -    ▫️ 标的总数 : 5488 条
2026-03-13 10:45:27,939 - INFO - [cloudakpd.py:207] -    ▫️ 资金状态 : 盘中实时
2026-03-13 10:45:27,939 - INFO - [cloudakpd.py:208] -    ▫️ 存入时间 : 2026-03-13 10:45:24.933749
2026-03-13 10:45:27,941 - INFO - [cloudakpd.py:210] - 
symbol name  open  latest_price  high   low    volume     amount trade_date
920000 安徽凤凰 17.71         17.87 17.93 17.60  138251.0  2462778.0 2026-03-13
920001 纬达光电 21.00         20.08 21.00 19.96 4740284.0 96301426.0 2026-03-13
920002 万达轴承 92.41         92.20 92.70 91.50  143957.0 13241049.0 2026-03-13
2026-03-13 10:45:27,941 - INFO - [cloudakpd.py:211] - ---------------------------------------------
2026-03-13 10:45:27,944 - INFO - [ledger.py:266] - ✅ 资产审计完成。当前净资产: 1042166428.34, 云端对齐已完成。
2026-03-13 10:45:27,944 - INFO - [engine.py:161] - ================================================================================
2026-03-13 10:45:27,944 - INFO - [engine.py:162] - 【操作审批纪要 (Execution Summary)】
2026-03-13 10:45:27,944 - INFO - [engine.py:164] - 🟢 000547 (航天发展) 建议买入 149900 股 | 预估价: 31.00 | 状态: 待老板确认 | 逻辑: 顺势金叉确认，首次建仓
2026-03-13 10:45:27,944 - INFO - [engine.py:164] - 🟢 600498 (烽火通信) 建议买入 84500 股 | 预估价: 55.00 | 状态: 待老板确认 | 逻辑: 顺势金叉确认，首次建仓
2026-03-13 10:45:27,945 - INFO - [engine.py:164] - 🟢 002281 (光迅科技) 建议买入 49500 股 | 预估价: 93.75 | 状态: 待老板确认 | 逻辑: 顺势金叉确认，首次建仓
2026-03-13 10:45:27,945 - INFO - [engine.py:164] - 🟢 600703 (三安光电) 建议买入 252800 股 | 预估价: 18.39 | 状态: 待老板确认 | 逻辑: 顺势金叉确认，首次建仓
2026-03-13 10:45:27,945 - INFO - [engine.py:164] - 🟢 601857 (中国石油) 建议买入 377400 股 | 预估价: 12.32 | 状态: 待老板确认 | 逻辑: 顺势金叉确认，首次建仓
2026-03-13 10:45:27,945 - INFO - [engine.py:164] - 🟢 002195 (岩山科技) 建议买入 460800 股 | 预估价: 10.09 | 状态: 待老板确认 | 逻辑: 顺势金叉确认，首次建仓
2026-03-13 10:45:27,945 - INFO - [engine.py:164] - 🟢 600938 (中国海油) 建议买入 106800 股 | 预估价: 43.50 | 状态: 待老板确认 | 逻辑: 顺势金叉确认，首次建仓
2026-03-13 10:45:27,945 - INFO - [engine.py:168] - 
【持仓状态确认 (Positions Audit)】
2026-03-13 10:45:27,946 - INFO - [engine.py:170] - 🛡️ 601179 (中国西电) | 持仓 860000 股 | 现价: 18.51 | 浮盈: -3.49%
   └─ 买入日期: 2026-03-11 | 开仓逻辑: 顺势金叉确认，首次建仓
2026-03-13 10:45:27,946 - INFO - [engine.py:170] - 🛡️ 600089 (特变电工) | 持仓 529700 股 | 现价: 30.85 | 浮盈: -0.93%
   └─ 买入日期: 2026-03-11 | 开仓逻辑: 顺势金叉确认，首次建仓
2026-03-13 10:45:27,946 - INFO - [engine.py:170] - 🛡️ 002202 (金风科技) | 持仓 323300 股 | 现价: 31.40 | 浮盈: 4.63%
   └─ 买入日期: 2026-03-11 | 开仓逻辑: 顺势金叉确认，首次建仓
2026-03-13 10:45:27,946 - INFO - [engine.py:170] - 🛡️ 600522 (中天科技) | 持仓 300 股 | 现价: 29.93 | 浮盈: 1.69%
   └─ 买入日期: 历史遗留 | 开仓逻辑: 未知建仓逻辑
2026-03-13 10:45:27,946 - INFO - [engine.py:170] - 🛡️ 601939 (建设银行) | 持仓 200 股 | 现价: 9.10 | 浮盈: 5.57%
   └─ 买入日期: 历史遗留 | 开仓逻辑: 未知建仓逻辑
2026-03-13 10:45:27,946 - INFO - [engine.py:174] - ================================================================================
2026-03-13 10:45:27,946 - INFO - [engine.py:175] - 👀 【交易额最大动态监控池 (优胜劣汰拒绝名单)】
2026-03-13 10:45:27,947 - INFO - [engine.py:186] -    - 🚫 观望 000988 (华工科技): 乖离率偏高 (1.42)
2026-03-13 10:45:27,947 - INFO - [engine.py:186] -    - 🚫 观望 300750 (宁德时代): 未形成多头排列
2026-03-13 10:45:27,947 - INFO - [engine.py:186] -    - 🚫 观望 300308 (中际旭创): 未形成多头排列
2026-03-13 10:45:27,948 - INFO - [engine.py:186] -    - 🚫 观望 300394 (天孚通信): 未满足缩量回踩或放量突破
2026-03-13 10:45:27,948 - INFO - [engine.py:186] -    - 🚫 观望 002261 (拓维信息): 未形成多头排列
2026-03-13 10:45:27,948 - INFO - [engine.py:186] -    - 🚫 观望 300502 (新易盛): 未形成多头排列
2026-03-13 10:45:27,948 - INFO - [engine.py:186] -    - 🚫 观望 600410 (华胜天成): 乖离率偏高 (1.28)
2026-03-13 10:45:27,949 - INFO - [engine.py:186] -    - 🚫 观望 300274 (阳光电源): 未形成多头排列
2026-03-13 10:45:27,949 - INFO - [engine.py:186] -    - 🚫 观望 601868 (中国能建): 未形成多头排列
2026-03-13 10:45:27,949 - INFO - [engine.py:186] -    - 🚫 观望 002384 (东山精密): 未形成多头排列
2026-03-13 10:45:27,950 - INFO - [engine.py:186] -    - 🚫 观望 300017 (网宿科技): 未满足缩量回踩或放量突破
2026-03-13 10:45:27,950 - INFO - [engine.py:186] -    - 🚫 观望 300476 (胜宏科技): 未形成多头排列
2026-03-13 10:45:27,952 - INFO - [engine.py:186] -    - 🚫 观望 601899 (紫金矿业): 未满足缩量回踩或放量突破
2026-03-13 10:45:27,952 - INFO - [engine.py:186] -    - 🚫 观望 600487 (亨通光电): 乖离率偏高 (1.34)
2026-03-13 10:45:27,952 - INFO - [engine.py:186] -    - 🚫 观望 002506 (协鑫集成): 乖离率偏高 (1.33)
2026-03-13 10:45:27,953 - INFO - [engine.py:186] -    - 🚫 观望 002594 (比亚迪): 未形成多头排列
2026-03-13 10:45:27,953 - INFO - [engine.py:186] -    - 🚫 观望 002015 (协鑫能科): 乖离率偏高 (1.62)
2026-03-13 10:45:27,953 - INFO - [engine.py:186] -    - 🚫 观望 600759 (洲际油气): 乖离率偏高 (1.35)
2026-03-13 10:45:27,954 - INFO - [engine.py:186] -    - 🚫 观望 002475 (立讯精密): 未形成多头排列
2026-03-13 10:45:27,954 - INFO - [engine.py:186] -    - 🚫 观望 600989 (宝丰能源): 乖离率偏高 (1.41)
2026-03-13 10:45:27,954 - INFO - [engine.py:186] -    - 🚫 观望 601669 (中国电建): 未形成多头排列
2026-03-13 10:45:27,954 - INFO - [engine.py:186] -    - 🚫 观望 000537 (绿发电力): 未形成多头排列
2026-03-13 10:45:27,955 - INFO - [engine.py:186] -    - 🚫 观望 300014 (亿纬锂能): 未形成多头排列
2026-03-13 10:45:27,955 - INFO - [engine.py:186] -    - 🚫 观望 002498 (汉缆股份): 乖离率偏高 (1.61)
2026-03-13 10:45:27,955 - INFO - [engine.py:186] -    - 🚫 观望 601138 (工业富联): 未形成多头排列
2026-03-13 10:45:27,956 - INFO - [engine.py:186] -    - 🚫 观望 000420 (吉林化纤): 未满足缩量回踩或放量突破
2026-03-13 10:45:27,956 - INFO - [engine.py:186] -    - 🚫 观望 600875 (东方电气): 乖离率偏高 (1.27)
2026-03-13 10:45:27,956 - INFO - [engine.py:186] -    - 🚫 观望 002455 (百川股份): 乖离率偏高 (1.53)
2026-03-13 10:45:27,957 - INFO - [engine.py:186] -    - 🚫 观望 300690 (双一科技): 未形成多头排列
2026-03-13 10:45:27,957 - INFO - [engine.py:186] -    - 🚫 观望 002931 (锋龙股份): 未满足缩量回踩或放量突破
2026-03-13 10:45:27,958 - INFO - [engine.py:186] -    - 🚫 观望 300475 (香农芯创): 未形成多头排列
2026-03-13 10:47:03,776 - INFO - [config.py:47] - --------------------------------------------------------------------------------
2026-03-13 10:47:03,777 - INFO - [config.py:48] - ⚙️ 【策略参数装载与核对】 -> 依据: trials_20260311_165301.csv
2026-03-13 10:47:03,777 - INFO - [config.py:50] -    - 注入动态寻优参数 : bias_entry_limit: 1.25, ma_long: 70, ma_mid: 38, ma_short: 8, partial_exit_min_profit: 0.15, partial_exit_pct: 0.3, profit_tier1: 0.15, stop_loss_pct: 0.08, trailing_stop_pct: 0.34, trailing_tier1: 0.1, unit_size: 0.2
2026-03-13 10:47:03,777 - INFO - [config.py:51] - --------------------------------------------------------------------------------
2026-03-13 10:47:03,817 - INFO - [cloudakpd.py:36] - ============================================================
2026-03-13 10:47:03,818 - INFO - [cloudakpd.py:37] - 📊 [DataCenter] 数据内核启动审计...
2026-03-13 10:47:03,818 - INFO - [cloudakpd.py:38] -    ▫️ 存储模式 : ☁️  云端 (PostgreSQL)
2026-03-13 10:47:03,818 - INFO - [cloudakpd.py:39] -    ▫️ 连接节点 : ep-noisy-dust-a1zv7w56-pooler.ap-southeast-1.aws.neon.tech/neondb
2026-03-13 10:47:06,575 - INFO - [cloudakpd.py:85] - 📂 字段审计完成，当前支持: name, is_closed, symbol, trade_date, updated_at, latest_price, low, high, volume, open, amount, turnover_rate
2026-03-13 10:47:06,575 - INFO - [cloudakpd.py:42] - ============================================================
2026-03-13 10:47:08,955 - INFO - [cloudakpd.py:204] - ---------------------------------------------
2026-03-13 10:47:08,955 - INFO - [cloudakpd.py:205] - 🔍 [审计] 读取成功: 2026-03-13
2026-03-13 10:47:08,956 - INFO - [cloudakpd.py:206] -    ▫️ 标的总数 : 5488 条
2026-03-13 10:47:08,956 - INFO - [cloudakpd.py:207] -    ▫️ 资金状态 : 盘中实时
2026-03-13 10:47:08,957 - INFO - [cloudakpd.py:208] -    ▫️ 存入时间 : 2026-03-13 10:45:24.933749
2026-03-13 10:47:08,960 - INFO - [cloudakpd.py:210] - 
symbol name  open  latest_price  high   low    volume     amount trade_date
920000 安徽凤凰 17.71         17.87 17.93 17.60  138251.0  2462778.0 2026-03-13
920001 纬达光电 21.00         20.08 21.00 19.96 4740284.0 96301426.0 2026-03-13
920002 万达轴承 92.41         92.20 92.70 91.50  143957.0 13241049.0 2026-03-13
2026-03-13 10:47:08,960 - INFO - [cloudakpd.py:211] - ---------------------------------------------
2026-03-13 10:47:08,961 - INFO - [universe.py:40] - ✅ [UniverseManager] 云端全量快照加载成功，当前监控 5488 只标的。
2026-03-13 10:47:08,961 - INFO - [engine.py:24] - ================================================================================
2026-03-13 10:47:08,961 - INFO - [engine.py:25] -  🚀 启动量化交易实盘中心 (2026-03-13 10:47)
2026-03-13 10:47:08,962 - INFO - [engine.py:26] -    - 📒 人工比对账本 : D:\git\LongTrading\data\live_broker_account.json
2026-03-13 10:47:08,962 - INFO - [engine.py:27] -    - 💸 审计交易流水 : D:\git\LongTrading\data\live_trade_ledger.csv
2026-03-13 10:47:08,962 - INFO - [engine.py:28] - ================================================================================
2026-03-13 10:47:08,967 - WARNING - [ledger.py:64] - 🚨 【对账异常】 002195 系统应有 460800 与 真实持有 0不一致。系统已强制以人工为准重新校准！
2026-03-13 10:47:08,967 - WARNING - [ledger.py:64] - 🚨 【对账异常】 600938 系统应有 106800 与 真实持有 0不一致。系统已强制以人工为准重新校准！
2026-03-13 10:47:08,968 - WARNING - [ledger.py:64] - 🚨 【对账异常】 600498 系统应有 84500 与 真实持有 0不一致。系统已强制以人工为准重新校准！
2026-03-13 10:47:08,968 - WARNING - [ledger.py:64] - 🚨 【对账异常】 000547 系统应有 149900 与 真实持有 0不一致。系统已强制以人工为准重新校准！
2026-03-13 10:47:08,968 - WARNING - [ledger.py:64] - 🚨 【对账异常】 601857 系统应有 377400 与 真实持有 0不一致。系统已强制以人工为准重新校准！
2026-03-13 10:47:08,968 - WARNING - [ledger.py:64] - 🚨 【对账异常】 002281 系统应有 49500 与 真实持有 0不一致。系统已强制以人工为准重新校准！
2026-03-13 10:47:08,968 - WARNING - [ledger.py:64] - 🚨 【对账异常】 600703 系统应有 252800 与 真实持有 0不一致。系统已强制以人工为准重新校准！
2026-03-13 10:47:08,968 - INFO - [engine.py:36] - 📡 正在全盘扫描历史数据与近期快照，构建动态监控池...
2026-03-13 10:47:08,970 - INFO - [universe.py:145] - 📊 正在通过云端 SQL 审计近 20 个交易日的热点标的...
2026-03-13 10:47:09,357 - INFO - [universe.py:192] - ✅ [UniverseManager] 动态股票池已对齐云端，当前池规模: 41
2026-03-13 10:47:09,358 - INFO - [engine.py:38] - 🏦 会计部接管完毕: 可用现金 【1,000,000,000.00 元】，真实持仓 【5 只】，雷达标的 【41 只】。
2026-03-13 10:47:09,358 - INFO - [engine.py:39] - 🎯 监控池构建完毕: 汇聚近 20 日霸榜标的，实盘监控总数: 【41 只】。
2026-03-13 10:47:09,360 - INFO - [engine.py:67] - --------------------------------------------------------------------------------
2026-03-13 10:47:09,360 - INFO - [engine.py:68] - 【盘前资产风控评估 (Pre-Trade NAV Dashboard)】
2026-03-13 10:47:09,360 - INFO - [engine.py:69] -    - 可用现金 (Available Cash) : 1,000,000,000.00
2026-03-13 10:47:09,361 - INFO - [engine.py:70] -    - 持仓成本 (Total Cost)     : 42,702,445.20
2026-03-13 10:47:09,361 - INFO - [engine.py:71] -    - 持仓市值 (Market Value)   : 42,450,827.00
2026-03-13 10:47:09,361 - INFO - [engine.py:72] -    - 净 资 产 (Total Equity)   : 1,042,450,827.00
2026-03-13 10:47:09,362 - INFO - [engine.py:73] -    - 账面浮盈 (Floating PnL)   : -251,618.20 (-0.59%)
2026-03-13 10:47:09,362 - INFO - [engine.py:74] - --------------------------------------------------------------------------------
2026-03-13 10:47:10,227 - DEBUG - [akshare_pd.py:78] - 👉 数据列名检查: ['date', 'open', 'high', 'low', 'close', 'volume', 'amount', 'outstanding_share', 'turnover']
2026-03-13 10:47:10,230 - INFO - [engine.py:99] - ⚡ [601179 中国西电] 盘中数据注入成功！(跳动现价: 18.22)
2026-03-13 10:47:10,233 - DEBUG - [engine.py:104] - 
📊 [601179 中国西电] 最新 3 行切片检查:
             open   high    low  close       volume        amount  turnover                 updated_at
date                                                                                                  
2026-03-11  20.01  20.10  18.72  19.15  538764514.0  1.039706e+10  0.105107 2026-03-13 10:47:10.227819
2026-03-12  18.80  19.34  18.33  18.64  378945070.0  7.085936e+09  0.073928 2026-03-13 10:47:10.227819
2026-03-13  18.51  18.55  17.95  18.22  140135592.0           NaN  0.000000                        NaT

2026-03-13 10:47:11,120 - DEBUG - [akshare_pd.py:78] - 👉 数据列名检查: ['date', 'open', 'high', 'low', 'close', 'volume', 'amount', 'outstanding_share', 'turnover']
2026-03-13 10:47:11,124 - INFO - [engine.py:99] - ⚡ [600089 特变电工] 盘中数据注入成功！(跳动现价: 30.99)
2026-03-13 10:47:11,126 - DEBUG - [engine.py:104] - 
📊 [600089 特变电工] 最新 3 行切片检查:
             open   high    low  close       volume        amount  turnover                 updated_at
date                                                                                                  
2026-03-11  31.87  31.90  30.90  31.04  310469652.0  9.699245e+09  0.061445 2026-03-13 10:47:11.120927
2026-03-12  31.04  31.26  30.38  30.84  213173772.0  6.566340e+09  0.042189 2026-03-13 10:47:11.120927
2026-03-13  30.85  31.33  30.75  30.99  100283429.0           NaN  0.000000                        NaT

2026-03-13 10:47:12,016 - DEBUG - [akshare_pd.py:78] - 👉 数据列名检查: ['date', 'open', 'high', 'low', 'close', 'volume', 'amount', 'outstanding_share', 'turnover']
2026-03-13 10:47:12,020 - INFO - [engine.py:99] - ⚡ [002202 金风科技] 盘中数据注入成功！(跳动现价: 32.03)
2026-03-13 10:47:12,022 - DEBUG - [engine.py:104] - 
📊 [002202 金风科技] 最新 3 行切片检查:
             open   high    low  close       volume        amount  turnover                 updated_at
date                                                                                                  
2026-03-11  28.51  31.00  27.82  30.24  434392923.0  1.278988e+10  0.129149 2026-03-13 10:47:12.017745
2026-03-12  29.94  33.00  29.15  31.29  478142907.0  1.469073e+10  0.142156 2026-03-13 10:47:12.017745
2026-03-13  31.35  32.68  31.00  32.03  242406811.0           NaN  0.000000                        NaT

2026-03-13 10:47:12,977 - DEBUG - [akshare_pd.py:78] - 👉 数据列名检查: ['date', 'open', 'high', 'low', 'close', 'volume', 'amount', 'outstanding_share', 'turnover']
2026-03-13 10:47:12,980 - INFO - [engine.py:99] - ⚡ [600522 中天科技] 盘中数据注入成功！(跳动现价: 30.35)
2026-03-13 10:47:12,981 - DEBUG - [engine.py:104] - 
📊 [600522 中天科技] 最新 3 行切片检查:
             open   high    low  close       volume        amount  turnover                 updated_at
date                                                                                                  
2026-03-11  29.82  31.66  29.79  30.01  244824364.0  7.470581e+09  0.071734 2026-03-13 10:47:12.978368
2026-03-12  29.60  31.38  29.50  30.24  159929780.0  4.845046e+09  0.046860 2026-03-13 10:47:12.978368
2026-03-13  29.93  31.74  29.93  30.35   76346156.0           NaN  0.000000                        NaT

2026-03-13 10:47:14,009 - DEBUG - [akshare_pd.py:78] - 👉 数据列名检查: ['date', 'open', 'high', 'low', 'close', 'volume', 'amount', 'outstanding_share', 'turnover']
2026-03-13 10:47:14,012 - INFO - [engine.py:99] - ⚡ [601939 建设银行] 盘中数据注入成功！(跳动现价: 9.1)
2026-03-13 10:47:14,014 - DEBUG - [engine.py:104] - 
📊 [601939 建设银行] 最新 3 行切片检查:
            open  high   low  close      volume       amount  turnover                 updated_at
date                                                                                             
2026-03-11  8.94  9.05  8.89   9.05  86050618.0  773504210.0  0.008970 2026-03-13 10:47:14.009975
2026-03-12  9.04  9.14  9.00   9.10  92179992.0  838222096.0  0.009608 2026-03-13 10:47:14.009975
2026-03-13  9.10  9.13  9.04   9.10  30771098.0          NaN  0.000000                        NaT

2026-03-13 10:47:14,949 - DEBUG - [akshare_pd.py:78] - 👉 数据列名检查: ['date', 'open', 'high', 'low', 'close', 'volume', 'amount', 'outstanding_share', 'turnover']
2026-03-13 10:47:14,953 - INFO - [engine.py:99] - ⚡ [000547 航天发展] 盘中数据注入成功！(跳动现价: 31.86)
2026-03-13 10:47:14,954 - DEBUG - [engine.py:104] - 
📊 [000547 航天发展] 最新 3 行切片检查:
            open   high    low  close       volume        amount  turnover                 updated_at
date                                                                                                 
2026-03-11  34.0  34.00  32.80  33.31  297030040.0  9.915401e+09  0.186915 2026-03-13 10:47:14.950401
2026-03-12  33.0  33.31  31.09  31.47  257034557.0  8.229475e+09  0.161746 2026-03-13 10:47:14.950401
2026-03-13  30.8  32.18  30.09  31.86  136387470.0           NaN  0.000000                        NaT

2026-03-13 10:47:15,867 - DEBUG - [akshare_pd.py:78] - 👉 数据列名检查: ['date', 'open', 'high', 'low', 'close', 'volume', 'amount', 'outstanding_share', 'turnover']
2026-03-13 10:47:15,870 - INFO - [engine.py:99] - ⚡ [600410 华胜天成] 盘中数据注入成功！(跳动现价: 29.42)
2026-03-13 10:47:15,872 - DEBUG - [engine.py:104] - 
📊 [600410 华胜天成] 最新 3 行切片检查:
             open   high    low  close       volume        amount  turnover                 updated_at
date                                                                                                  
2026-03-11  31.20  34.31  31.19  32.68  413292958.0  1.370430e+10  0.376922 2026-03-13 10:47:15.867697
2026-03-12  32.45  33.50  30.59  31.77  353234227.0  1.118550e+10  0.322149 2026-03-13 10:47:15.867697
2026-03-13  31.00  31.00  28.94  29.42  157287338.0           NaN  0.000000                        NaT

2026-03-13 10:47:16,760 - DEBUG - [akshare_pd.py:78] - 👉 数据列名检查: ['date', 'open', 'high', 'low', 'close', 'volume', 'amount', 'outstanding_share', 'turnover']
2026-03-13 10:47:16,763 - INFO - [engine.py:99] - ⚡ [000988 华工科技] 盘中数据注入成功！(跳动现价: 121.5)
2026-03-13 10:47:16,765 - DEBUG - [engine.py:104] - 
📊 [000988 华工科技] 最新 3 行切片检查:
              open    high     low   close       volume        amount  turnover                 updated_at
date                                                                                                      
2026-03-11  122.99  135.69  122.90  134.88  125882525.0  1.641234e+10  0.125258 2026-03-13 10:47:16.761349
2026-03-12  133.74  141.41  123.50  127.90  209811572.0  2.773775e+10  0.208771 2026-03-13 10:47:16.761349
2026-03-13  125.30  126.80  119.85  121.50   92588613.0           NaN  0.000000                        NaT

2026-03-13 10:47:17,656 - DEBUG - [akshare_pd.py:78] - 👉 数据列名检查: ['date', 'open', 'high', 'low', 'close', 'volume', 'amount', 'outstanding_share', 'turnover']
2026-03-13 10:47:17,658 - INFO - [engine.py:99] - ⚡ [300502 新易盛] 盘中数据注入成功！(跳动现价: 391.5)
2026-03-13 10:47:17,660 - DEBUG - [engine.py:104] - 
📊 [300502 新易盛] 最新 3 行切片检查:
              open    high     low   close      volume        amount  turnover                 updated_at
date                                                                                                     
2026-03-11  400.01  408.00  392.20  393.23  33838170.0  1.350834e+10  0.038217 2026-03-13 10:47:17.656830
2026-03-12  400.01  404.85  375.67  378.77  34618693.0  1.330946e+10  0.039099 2026-03-13 10:47:17.656830
2026-03-13  373.18  394.45  372.02  391.50  21468283.0           NaN  0.000000                        NaT

2026-03-13 10:47:18,594 - DEBUG - [akshare_pd.py:78] - 👉 数据列名检查: ['date', 'open', 'high', 'low', 'close', 'volume', 'amount', 'outstanding_share', 'turnover']
2026-03-13 10:47:18,596 - INFO - [engine.py:99] - ⚡ [002261 拓维信息] 盘中数据注入成功！(跳动现价: 37.52)
2026-03-13 10:47:18,598 - DEBUG - [engine.py:104] - 
📊 [002261 拓维信息] 最新 3 行切片检查:
             open   high    low  close       volume        amount  turnover                 updated_at
date                                                                                                  
2026-03-11  41.51  43.89  41.03  41.08  272790380.0  1.151191e+10  0.238109 2026-03-13 10:47:18.594655
2026-03-12  40.82  42.50  39.39  39.72  223388492.0  9.071294e+09  0.194988 2026-03-13 10:47:18.594655
2026-03-13  39.00  39.49  36.98  37.52  113581119.0           NaN  0.000000                        NaT

2026-03-13 10:47:19,531 - DEBUG - [akshare_pd.py:78] - 👉 数据列名检查: ['date', 'open', 'high', 'low', 'close', 'volume', 'amount', 'outstanding_share', 'turnover']
2026-03-13 10:47:19,535 - INFO - [engine.py:99] - ⚡ [300750 宁德时代] 盘中数据注入成功！(跳动现价: 398.22)
2026-03-13 10:47:19,538 - DEBUG - [engine.py:104] - 
📊 [300750 宁德时代] 最新 3 行切片检查:
              open    high     low   close      volume        amount  turnover                 updated_at
date                                                                                                     
2026-03-11  379.58  403.55  378.98  396.80  57598685.0  2.264270e+10  0.013531 2026-03-13 10:47:19.532441
2026-03-12  400.00  400.90  392.70  395.50  29150375.0  1.153767e+10  0.006848 2026-03-13 10:47:19.532441
2026-03-13  393.88  403.99  393.80  398.22  18561311.0           NaN  0.000000                        NaT

2026-03-13 10:47:20,426 - DEBUG - [akshare_pd.py:78] - 👉 数据列名检查: ['date', 'open', 'high', 'low', 'close', 'volume', 'amount', 'outstanding_share', 'turnover']
2026-03-13 10:47:20,429 - INFO - [engine.py:99] - ⚡ [300308 中际旭创] 盘中数据注入成功！(跳动现价: 544.29)
2026-03-13 10:47:20,431 - DEBUG - [engine.py:104] - 
📊 [300308 中际旭创] 最新 3 行切片检查:
              open    high     low   close      volume        amount  turnover                 updated_at
date                                                                                                     
2026-03-11  557.00  568.90  553.00  554.68  23897170.0  1.341204e+10  0.021617 2026-03-13 10:47:20.427034
2026-03-12  557.25  563.58  528.50  534.80  23911726.0  1.290579e+10  0.021630 2026-03-13 10:47:20.427034
2026-03-13  526.50  548.60  525.01  544.29  12014814.0           NaN  0.000000                        NaT

2026-03-13 10:47:21,283 - DEBUG - [akshare_pd.py:78] - 👉 数据列名检查: ['date', 'open', 'high', 'low', 'close', 'volume', 'amount', 'outstanding_share', 'turnover']
2026-03-13 10:47:21,288 - INFO - [engine.py:99] - ⚡ [300394 天孚通信] 盘中数据注入成功！(跳动现价: 328.05)
2026-03-13 10:47:21,289 - DEBUG - [engine.py:104] - 
📊 [300394 天孚通信] 最新 3 行切片检查:
              open    high     low   close      volume        amount  turnover                 updated_at
date                                                                                                     
2026-03-11  342.69  344.44  329.30  331.00  26757383.0  8.972870e+09  0.034488 2026-03-13 10:47:21.284481
2026-03-12  331.00  336.80  314.61  334.04  35686105.0  1.161875e+10  0.045996 2026-03-13 10:47:21.284481
2026-03-13  323.18  333.33  322.12  328.05  11195966.0           NaN  0.000000                        NaT

2026-03-13 10:47:22,155 - DEBUG - [akshare_pd.py:78] - 👉 数据列名检查: ['date', 'open', 'high', 'low', 'close', 'volume', 'amount', 'outstanding_share', 'turnover']
2026-03-13 10:47:22,157 - INFO - [engine.py:99] - ⚡ [300274 阳光电源] 盘中数据注入成功！(跳动现价: 176.92)
2026-03-13 10:47:22,158 - DEBUG - [engine.py:104] - 
📊 [300274 阳光电源] 最新 3 行切片检查:
              open    high     low   close       volume        amount  turnover                 updated_at
date                                                                                                      
2026-03-11  156.42  175.66  156.39  170.92  144572766.0  2.431173e+10  0.090943 2026-03-13 10:47:22.155862
2026-03-12  171.54  173.77  168.40  173.10  102568722.0  1.758443e+10  0.064520 2026-03-13 10:47:22.155862
2026-03-13  175.09  181.99  174.86  176.92   64455491.0           NaN  0.000000                        NaT

2026-03-13 10:47:23,066 - DEBUG - [akshare_pd.py:78] - 👉 数据列名检查: ['date', 'open', 'high', 'low', 'close', 'volume', 'amount', 'outstanding_share', 'turnover']
2026-03-13 10:47:23,069 - INFO - [engine.py:99] - ⚡ [002384 东山精密] 盘中数据注入成功！(跳动现价: 114.13)
2026-03-13 10:47:23,071 - DEBUG - [engine.py:104] - 
📊 [002384 东山精密] 最新 3 行切片检查:
              open    high     low   close      volume        amount  turnover                 updated_at
date                                                                                                     
2026-03-11  109.33  111.65  103.71  104.80  91369094.0  9.735043e+09  0.065908 2026-03-13 10:47:23.066269
2026-03-12  106.09  109.30  101.20  109.30  79196476.0  8.286747e+09  0.057127 2026-03-13 10:47:23.066269
2026-03-13  111.10  118.98  111.00  114.13  63680203.0           NaN  0.000000                        NaT

2026-03-13 10:47:24,023 - DEBUG - [akshare_pd.py:78] - 👉 数据列名检查: ['date', 'open', 'high', 'low', 'close', 'volume', 'amount', 'outstanding_share', 'turnover']
2026-03-13 10:47:24,026 - INFO - [engine.py:99] - ⚡ [300476 胜宏科技] 盘中数据注入成功！(跳动现价: 279.29)
2026-03-13 10:47:24,028 - DEBUG - [engine.py:104] - 
📊 [300476 胜宏科技] 最新 3 行切片检查:
              open    high     low   close      volume        amount  turnover                 updated_at
date                                                                                                     
2026-03-11  288.99  290.55  283.80  284.80  26223427.0  7.503241e+09  0.030600 2026-03-13 10:47:24.024559
2026-03-12  282.99  285.80  273.40  280.49  28215827.0  7.861443e+09  0.032925 2026-03-13 10:47:24.024559
2026-03-13  275.00  287.49  273.88  279.29  14417833.0           NaN  0.000000                        NaT

2026-03-13 10:47:24,880 - DEBUG - [akshare_pd.py:78] - 👉 数据列名检查: ['date', 'open', 'high', 'low', 'close', 'volume', 'amount', 'outstanding_share', 'turnover']
2026-03-13 10:47:24,883 - INFO - [engine.py:99] - ⚡ [601868 中国能建] 盘中数据注入成功！(跳动现价: 3.81)
2026-03-13 10:47:24,885 - DEBUG - [engine.py:104] - 
📊 [601868 中国能建] 最新 3 行切片检查:
            open  high   low  close        volume        amount  turnover                 updated_at
date                                                                                                
2026-03-11  3.15  3.45  3.09   3.45  1.892516e+09  6.294151e+09  0.058359 2026-03-13 10:47:24.881946
2026-03-12  3.52  3.80  3.50   3.80  4.784656e+09  1.745828e+10  0.147544 2026-03-13 10:47:24.881946
2026-03-13  3.80  3.94  3.61   3.81  2.533602e+09           NaN  0.000000                        NaT

2026-03-13 10:47:25,759 - DEBUG - [akshare_pd.py:78] - 👉 数据列名检查: ['date', 'open', 'high', 'low', 'close', 'volume', 'amount', 'outstanding_share', 'turnover']
2026-03-13 10:47:25,761 - INFO - [engine.py:99] - ⚡ [600989 宝丰能源] 盘中数据注入成功！(跳动现价: 34.35)
2026-03-13 10:47:25,763 - DEBUG - [engine.py:104] - 
📊 [600989 宝丰能源] 最新 3 行切片检查:
             open   high    low  close       volume        amount  turnover                 updated_at
date                                                                                                  
2026-03-11  28.35  31.85  28.35  31.85  219548593.0  6.627817e+09  0.029938 2026-03-13 10:47:25.759660
2026-03-12  33.30  34.60  32.20  33.73  251968203.0  8.435356e+09  0.034359 2026-03-13 10:47:25.759660
2026-03-13  34.41  35.40  33.31  34.35  154292546.0           NaN  0.000000                        NaT

2026-03-13 10:47:26,762 - DEBUG - [akshare_pd.py:78] - 👉 数据列名检查: ['date', 'open', 'high', 'low', 'close', 'volume', 'amount', 'outstanding_share', 'turnover']
2026-03-13 10:47:26,765 - INFO - [engine.py:99] - ⚡ [300017 网宿科技] 盘中数据注入成功！(跳动现价: 18.21)
2026-03-13 10:47:26,766 - DEBUG - [engine.py:104] - 
📊 [300017 网宿科技] 最新 3 行切片检查:
             open   high    low  close       volume        amount  turnover                 updated_at
date                                                                                                  
2026-03-11  20.20  20.38  19.36  19.38  384801124.0  7.598068e+09  0.166927 2026-03-13 10:47:26.762955
2026-03-12  19.28  20.50  19.00  19.08  401955519.0  7.910458e+09  0.174369 2026-03-13 10:47:26.762955
2026-03-13  18.89  19.02  18.05  18.21  199288664.0           NaN  0.000000                        NaT

2026-03-13 10:47:27,708 - DEBUG - [akshare_pd.py:78] - 👉 数据列名检查: ['date', 'open', 'high', 'low', 'close', 'volume', 'amount', 'outstanding_share', 'turnover']
2026-03-13 10:47:27,711 - INFO - [engine.py:99] - ⚡ [600487 亨通光电] 盘中数据注入成功！(跳动现价: 51.34)
2026-03-13 10:47:27,713 - DEBUG - [engine.py:104] - 
📊 [600487 亨通光电] 最新 3 行切片检查:
             open  high    low  close       volume        amount  turnover                 updated_at
date                                                                                                 
2026-03-11  51.00  54.3  50.63  50.80  168100591.0  8.775464e+09  0.068748 2026-03-13 10:47:27.709634
2026-03-12  49.90  54.3  49.90  51.42  150679865.0  7.829262e+09  0.061623 2026-03-13 10:47:27.709634
2026-03-13  51.05  53.0  50.45  51.34   71277513.0           NaN  0.000000                        NaT

2026-03-13 10:47:28,650 - DEBUG - [akshare_pd.py:78] - 👉 数据列名检查: ['date', 'open', 'high', 'low', 'close', 'volume', 'amount', 'outstanding_share', 'turnover']
2026-03-13 10:47:28,654 - INFO - [engine.py:99] - ⚡ [002281 光迅科技] 盘中数据注入成功！(跳动现价: 89.91)
2026-03-13 10:47:28,655 - DEBUG - [engine.py:104] - 
📊 [002281 光迅科技] 最新 3 行切片检查:
             open    high    low  close       volume        amount  turnover                 updated_at
date                                                                                                   
2026-03-11  90.68   93.08  89.00  91.49  102547496.0  9.369670e+09  0.131559 2026-03-13 10:47:28.651301
2026-03-12  91.54  100.64  91.54  98.82  114756842.0  1.122783e+10  0.147223 2026-03-13 10:47:28.651301
2026-03-13  93.10   94.99  89.61  89.91   66808060.0           NaN  0.000000                        NaT

2026-03-13 10:47:29,496 - DEBUG - [akshare_pd.py:78] - 👉 数据列名检查: ['date', 'open', 'high', 'low', 'close', 'volume', 'amount', 'outstanding_share', 'turnover']
2026-03-13 10:47:29,499 - INFO - [engine.py:99] - ⚡ [002506 协鑫集成] 盘中数据注入成功！(跳动现价: 5.59)
2026-03-13 10:47:29,500 - DEBUG - [engine.py:104] - 
📊 [002506 协鑫集成] 最新 3 行切片检查:
            open  high   low  close        volume        amount  turnover                 updated_at
date                                                                                                
2026-03-11  6.00  6.36  5.80   5.96  1.563213e+09  9.493189e+09  0.267471 2026-03-13 10:47:29.496562
2026-03-12  5.80  6.06  5.70   5.87  1.104367e+09  6.468292e+09  0.188961 2026-03-13 10:47:29.496562
2026-03-13  5.77  5.78  5.48   5.59  5.243829e+08           NaN  0.000000                        NaT

2026-03-13 10:47:30,456 - DEBUG - [akshare_pd.py:78] - 👉 数据列名检查: ['date', 'open', 'high', 'low', 'close', 'volume', 'amount', 'outstanding_share', 'turnover']
2026-03-13 10:47:30,460 - INFO - [engine.py:99] - ⚡ [600498 烽火通信] 盘中数据注入成功！(跳动现价: 54.22)
2026-03-13 10:47:30,461 - DEBUG - [engine.py:104] - 
📊 [600498 烽火通信] 最新 3 行切片检查:
             open   high    low  close       volume        amount  turnover                 updated_at
date                                                                                                  
2026-03-11  58.60  61.78  56.66  57.03  183744064.0  1.086759e+10  0.144496 2026-03-13 10:47:30.457413
2026-03-12  57.02  59.59  55.00  55.50  103514093.0  5.904605e+09  0.081403 2026-03-13 10:47:30.457413
2026-03-13  55.00  56.12  53.15  54.22   45583604.0           NaN  0.000000                        NaT

2026-03-13 10:47:31,388 - DEBUG - [akshare_pd.py:78] - 👉 数据列名检查: ['date', 'open', 'high', 'low', 'close', 'volume', 'amount', 'outstanding_share', 'turnover']
2026-03-13 10:47:31,390 - INFO - [engine.py:99] - ⚡ [601899 紫金矿业] 盘中数据注入成功！(跳动现价: 36.41)
2026-03-13 10:47:31,392 - DEBUG - [engine.py:104] - 
📊 [601899 紫金矿业] 最新 3 行切片检查:
             open   high    low  close       volume        amount  turnover                 updated_at
date                                                                                                  
2026-03-11  37.50  37.64  37.04  37.24  148131269.0  5.525147e+09  0.007191 2026-03-13 10:47:31.388444
2026-03-12  36.79  37.16  36.35  36.75  189113008.0  6.945680e+09  0.009180 2026-03-13 10:47:31.388444
2026-03-13  36.20  36.94  36.20  36.41   93360384.0           NaN  0.000000                        NaT

2026-03-13 10:47:32,363 - DEBUG - [akshare_pd.py:78] - 👉 数据列名检查: ['date', 'open', 'high', 'low', 'close', 'volume', 'amount', 'outstanding_share', 'turnover']
2026-03-13 10:47:32,366 - INFO - [engine.py:99] - ⚡ [600703 三安光电] 盘中数据注入成功！(跳动现价: 18.51)
2026-03-13 10:47:32,368 - DEBUG - [engine.py:104] - 
📊 [600703 三安光电] 最新 3 行切片检查:
             open   high    low  close       volume        amount  turnover                 updated_at
date                                                                                                  
2026-03-11  16.15  17.42  16.05  17.04  327210971.0  5.518783e+09  0.065586 2026-03-13 10:47:32.364453
2026-03-12  17.05  18.74  17.00  18.74  435418844.0  7.968259e+09  0.087275 2026-03-13 10:47:32.364453
2026-03-13  18.39  18.77  18.09  18.51  202244790.0           NaN  0.000000                        NaT

2026-03-13 10:47:33,245 - DEBUG - [akshare_pd.py:78] - 👉 数据列名检查: ['date', 'open', 'high', 'low', 'close', 'volume', 'amount', 'outstanding_share', 'turnover']
2026-03-13 10:47:33,250 - INFO - [engine.py:99] - ⚡ [601669 中国电建] 盘中数据注入成功！(跳动现价: 7.19)
2026-03-13 10:47:33,251 - DEBUG - [engine.py:104] - 
📊 [601669 中国电建] 最新 3 行切片检查:
            open  high   low  close        volume        amount  turnover                 updated_at
date                                                                                                
2026-03-11  6.04  6.54  5.93   6.38  1.245092e+09  7.840193e+09  0.095252 2026-03-13 10:47:33.246265
2026-03-12  6.48  6.65  6.25   6.54  1.475219e+09  9.487735e+09  0.112857 2026-03-13 10:47:33.246265
2026-03-13  6.95  7.19  6.76   7.19  1.597866e+09           NaN  0.000000                        NaT

2026-03-13 10:47:34,199 - DEBUG - [akshare_pd.py:78] - 👉 数据列名检查: ['date', 'open', 'high', 'low', 'close', 'volume', 'amount', 'outstanding_share', 'turnover']
2026-03-13 10:47:34,202 - INFO - [engine.py:99] - ⚡ [002015 协鑫能科] 盘中数据注入成功！(跳动现价: 22.18)
2026-03-13 10:47:34,204 - DEBUG - [engine.py:104] - 
📊 [002015 协鑫能科] 最新 3 行切片检查:
             open   high    low  close       volume        amount  turnover                 updated_at
date                                                                                                  
2026-03-11  18.01  19.93  17.39  19.42  371346202.0  7.098510e+09  0.228757 2026-03-13 10:47:34.199333
2026-03-12  20.00  21.36  19.50  21.36  347572212.0  7.252101e+09  0.214111 2026-03-13 10:47:34.199333
2026-03-13  21.36  22.99  20.73  22.18  241327972.0           NaN  0.000000                        NaT

2026-03-13 10:47:35,108 - DEBUG - [akshare_pd.py:78] - 👉 数据列名检查: ['date', 'open', 'high', 'low', 'close', 'volume', 'amount', 'outstanding_share', 'turnover']
2026-03-13 10:47:35,111 - INFO - [engine.py:99] - ⚡ [002475 立讯精密] 盘中数据注入成功！(跳动现价: 50.01)
2026-03-13 10:47:35,113 - DEBUG - [engine.py:104] - 
📊 [002475 立讯精密] 最新 3 行切片检查:
             open   high    low  close       volume        amount  turnover                 updated_at
date                                                                                                  
2026-03-11  49.45  50.88  49.28  50.17  168648425.0  8.476554e+09  0.023200 2026-03-13 10:47:35.108436
2026-03-12  49.90  50.43  49.28  49.70   86041581.0  4.282954e+09  0.011836 2026-03-13 10:47:35.108436
2026-03-13  49.35  50.28  49.05  50.01   39435615.0           NaN  0.000000                        NaT

2026-03-13 10:47:36,054 - DEBUG - [akshare_pd.py:78] - 👉 数据列名检查: ['date', 'open', 'high', 'low', 'close', 'volume', 'amount', 'outstanding_share', 'turnover']
2026-03-13 10:47:36,057 - INFO - [engine.py:99] - ⚡ [600759 洲际油气] 盘中数据注入成功！(跳动现价: 7.09)
2026-03-13 10:47:36,059 - DEBUG - [engine.py:104] - 
📊 [600759 洲际油气] 最新 3 行切片检查:
            open  high   low  close       volume        amount  turnover                 updated_at
date                                                                                               
2026-03-11  7.10  7.72  6.91   7.56  831634860.0  6.136074e+09  0.200699 2026-03-13 10:47:36.054814
2026-03-12  7.80  7.80  7.30   7.39  705263983.0  5.306373e+09  0.170202 2026-03-13 10:47:36.054814
2026-03-13  7.51  7.58  6.96   7.09  367795520.0           NaN  0.000000                        NaT

2026-03-13 10:47:36,916 - DEBUG - [akshare_pd.py:78] - 👉 数据列名检查: ['date', 'open', 'high', 'low', 'close', 'volume', 'amount', 'outstanding_share', 'turnover']
2026-03-13 10:47:36,918 - INFO - [engine.py:99] - ⚡ [002594 比亚迪] 盘中数据注入成功！(跳动现价: 100.03)
2026-03-13 10:47:36,921 - DEBUG - [engine.py:104] - 
📊 [002594 比亚迪] 最新 3 行切片检查:
             open    high    low   close      volume        amount  turnover                 updated_at
date                                                                                                   
2026-03-11  96.75  100.34  95.67   99.22  90374375.0  8.925094e+09  0.025916 2026-03-13 10:47:36.916929
2026-03-12  99.23  100.69  98.70   99.10  50252357.0  4.995016e+09  0.014410 2026-03-13 10:47:36.916929
2026-03-13  99.00  100.79  98.30  100.03  31229986.0           NaN  0.000000                        NaT

2026-03-13 10:47:37,771 - DEBUG - [akshare_pd.py:78] - 👉 数据列名检查: ['date', 'open', 'high', 'low', 'close', 'volume', 'amount', 'outstanding_share', 'turnover']
2026-03-13 10:47:37,774 - INFO - [engine.py:99] - ⚡ [601138 工业富联] 盘中数据注入成功！(跳动现价: 52.64)
2026-03-13 10:47:37,775 - DEBUG - [engine.py:104] - 
📊 [601138 工业富联] 最新 3 行切片检查:
             open   high    low  close       volume        amount  turnover                 updated_at
date                                                                                                  
2026-03-11  54.70  54.99  53.60  53.89  122007345.0  6.604833e+09  0.006144 2026-03-13 10:47:37.772282
2026-03-12  53.90  54.78  52.22  52.54  141006096.0  7.525159e+09  0.007101 2026-03-13 10:47:37.772282
2026-03-13  52.02  53.07  52.01  52.64   42507378.0           NaN  0.000000                        NaT

2026-03-13 10:47:38,681 - DEBUG - [akshare_pd.py:78] - 👉 数据列名检查: ['date', 'open', 'high', 'low', 'close', 'volume', 'amount', 'outstanding_share', 'turnover']
2026-03-13 10:47:38,685 - INFO - [engine.py:99] - ⚡ [001309 德明利] 盘中数据注入成功！(跳动现价: 322.85)
2026-03-13 10:47:38,686 - DEBUG - [engine.py:104] - 
📊 [001309 德明利] 最新 3 行切片检查:
              open    high     low   close      volume        amount  turnover                 updated_at
date                                                                                                     
2026-03-11  294.01  309.66  293.00  298.64  21787851.0  6.567606e+09  0.135433 2026-03-13 10:47:38.682597
2026-03-12  299.92  305.92  289.26  293.50  12698939.0  3.763345e+09  0.078936 2026-03-13 10:47:38.682597
2026-03-13  296.22  322.85  295.02  322.85  12719903.0           NaN  0.000000                        NaT

2026-03-13 10:47:39,554 - DEBUG - [akshare_pd.py:78] - 👉 数据列名检查: ['date', 'open', 'high', 'low', 'close', 'volume', 'amount', 'outstanding_share', 'turnover']
2026-03-13 10:47:39,557 - INFO - [engine.py:99] - ⚡ [300475 香农芯创] 盘中数据注入成功！(跳动现价: 157.81)
2026-03-13 10:47:39,559 - DEBUG - [engine.py:104] - 
📊 [300475 香农芯创] 最新 3 行切片检查:
              open    high     low   close      volume        amount  turnover                 updated_at
date                                                                                                     
2026-03-11  160.51  162.22  155.58  156.83  28241066.0  4.468852e+09  0.063409 2026-03-13 10:47:39.555147
2026-03-12  156.30  158.40  150.66  152.70  18807592.0  2.888075e+09  0.042228 2026-03-13 10:47:39.555147
2026-03-13  150.00  159.99  149.46  157.81  15186804.0           NaN  0.000000                        NaT

2026-03-13 10:47:40,458 - DEBUG - [akshare_pd.py:78] - 👉 数据列名检查: ['date', 'open', 'high', 'low', 'close', 'volume', 'amount', 'outstanding_share', 'turnover']
2026-03-13 10:47:40,462 - INFO - [engine.py:99] - ⚡ [300014 亿纬锂能] 盘中数据注入成功！(跳动现价: 69.05)
2026-03-13 10:47:40,465 - DEBUG - [engine.py:104] - 
📊 [300014 亿纬锂能] 最新 3 行切片检查:
             open   high    low  close       volume        amount  turnover                 updated_at
date                                                                                                  
2026-03-11  62.76  69.67  62.70  67.97  125431380.0  8.429228e+09  0.062722 2026-03-13 10:47:40.458248
2026-03-12  68.57  69.18  67.31  69.09   81226243.0  5.554920e+09  0.040617 2026-03-13 10:47:40.458248
2026-03-13  68.69  70.36  68.50  69.05   42758863.0           NaN  0.000000                        NaT

2026-03-13 10:47:41,376 - DEBUG - [akshare_pd.py:78] - 👉 数据列名检查: ['date', 'open', 'high', 'low', 'close', 'volume', 'amount', 'outstanding_share', 'turnover']
2026-03-13 10:47:41,378 - INFO - [engine.py:99] - ⚡ [601016 节能风电] 盘中数据注入成功！(跳动现价: 4.48)
2026-03-13 10:47:41,381 - DEBUG - [engine.py:104] - 
📊 [601016 节能风电] 最新 3 行切片检查:
            open  high   low  close       volume        amount  turnover                 updated_at
date                                                                                               
2026-03-11  3.66  4.03  3.57   4.03  576145336.0  2.217026e+09  0.097090 2026-03-13 10:47:41.376798
2026-03-12  4.23  4.43  4.15   4.43  792429841.0  3.470423e+09  0.133537 2026-03-13 10:47:41.376798
2026-03-13  4.61  4.75  4.30   4.48  958270339.0           NaN  0.000000                        NaT

2026-03-13 10:47:42,358 - DEBUG - [akshare_pd.py:78] - 👉 数据列名检查: ['date', 'open', 'high', 'low', 'close', 'volume', 'amount', 'outstanding_share', 'turnover']
2026-03-13 10:47:42,363 - INFO - [engine.py:99] - ⚡ [000657 中钨高新] 盘中数据注入成功！(跳动现价: 57.56)
2026-03-13 10:47:42,365 - DEBUG - [engine.py:104] - 
📊 [000657 中钨高新] 最新 3 行切片检查:
             open  high    low  close      volume        amount  turnover                 updated_at
date                                                                                                
2026-03-11  67.69  69.2  62.40  62.85  94828615.0  6.239991e+09  0.065267 2026-03-13 10:47:42.359459
2026-03-12  62.51  64.5  61.01  62.30  68705783.0  4.290605e+09  0.047288 2026-03-13 10:47:42.359459
2026-03-13  59.70  59.7  56.59  57.56  68055578.0           NaN  0.000000                        NaT

2026-03-13 10:47:43,355 - DEBUG - [akshare_pd.py:78] - 👉 数据列名检查: ['date', 'open', 'high', 'low', 'close', 'volume', 'amount', 'outstanding_share', 'turnover']
2026-03-13 10:47:43,357 - INFO - [engine.py:99] - ⚡ [601857 中国石油] 盘中数据注入成功！(跳动现价: 12.1)
2026-03-13 10:47:43,358 - DEBUG - [engine.py:104] - 
📊 [601857 中国石油] 最新 3 行切片检查:
             open   high    low  close       volume        amount  turnover                 updated_at
date                                                                                                  
2026-03-11  11.78  12.16  11.65  12.13  474054564.0  5.647612e+09  0.002928 2026-03-13 10:47:43.355438
2026-03-12  12.33  12.39  11.95  12.23  403531840.0  4.926789e+09  0.002492 2026-03-13 10:47:43.355438
2026-03-13  12.32  12.39  12.05  12.10  166262393.0           NaN  0.000000                        NaT

2026-03-13 10:47:44,468 - DEBUG - [akshare_pd.py:78] - 👉 数据列名检查: ['date', 'open', 'high', 'low', 'close', 'volume', 'amount', 'outstanding_share', 'turnover']
2026-03-13 10:47:44,470 - INFO - [engine.py:99] - ⚡ [002195 岩山科技] 盘中数据注入成功！(跳动现价: 10.0)
2026-03-13 10:47:44,471 - DEBUG - [engine.py:104] - 
📊 [002195 岩山科技] 最新 3 行切片检查:
             open   high    low  close       volume        amount  turnover                 updated_at
date                                                                                                  
2026-03-11  10.60  10.97  10.31  10.71  705692047.0  7.524519e+09  0.125988 2026-03-13 10:47:44.469073
2026-03-12  10.58  10.59  10.25  10.30  416171422.0  4.314162e+09  0.074300 2026-03-13 10:47:44.469073
2026-03-13  10.13  10.15   9.82  10.00  177222505.0           NaN  0.000000                        NaT

2026-03-13 10:47:45,303 - DEBUG - [akshare_pd.py:78] - 👉 数据列名检查: ['date', 'open', 'high', 'low', 'close', 'volume', 'amount', 'outstanding_share', 'turnover']
2026-03-13 10:47:45,306 - INFO - [engine.py:99] - ⚡ [301308 江波龙] 盘中数据注入成功！(跳动现价: 332.09)
2026-03-13 10:47:45,307 - DEBUG - [engine.py:104] - 
📊 [301308 江波龙] 最新 3 行切片检查:
             open    high     low   close      volume        amount  turnover                 updated_at
date                                                                                                    
2026-03-11  333.0  333.88  323.02  324.59  16485448.0  5.397993e+09  0.060079 2026-03-13 10:47:45.304331
2026-03-12  323.5  331.20  315.01  319.00  12511184.0  4.001785e+09  0.045596 2026-03-13 10:47:45.304331
2026-03-13  318.0  337.00  316.03  332.09  12280032.0           NaN  0.000000                        NaT

2026-03-13 10:47:46,188 - DEBUG - [akshare_pd.py:78] - 👉 数据列名检查: ['date', 'open', 'high', 'low', 'close', 'volume', 'amount', 'outstanding_share', 'turnover']
2026-03-13 10:47:46,193 - INFO - [engine.py:99] - ⚡ [600938 中国海油] 盘中数据注入成功！(跳动现价: 43.0)
2026-03-13 10:47:46,194 - DEBUG - [engine.py:104] - 
📊 [600938 中国海油] 最新 3 行切片检查:
             open   high    low  close       volume        amount  turnover                 updated_at
date                                                                                                  
2026-03-11  40.20  42.08  40.20  41.76  120809993.0  4.963745e+09  0.040405 2026-03-13 10:47:46.189164
2026-03-12  42.62  43.25  41.65  43.00  149555523.0  6.375294e+09  0.050019 2026-03-13 10:47:46.189164
2026-03-13  43.50  43.66  42.73  43.00   44042907.0           NaN  0.000000                        NaT

2026-03-13 10:47:47,182 - DEBUG - [akshare_pd.py:78] - 👉 数据列名检查: ['date', 'open', 'high', 'low', 'close', 'volume', 'amount', 'outstanding_share', 'turnover']
2026-03-13 10:47:47,185 - INFO - [engine.py:99] - ⚡ [600875 东方电气] 盘中数据注入成功！(跳动现价: 39.28)
2026-03-13 10:47:47,186 - DEBUG - [engine.py:104] - 
📊 [600875 东方电气] 最新 3 行切片检查:
             open   high    low  close       volume        amount  turnover                 updated_at
date                                                                                                  
2026-03-11  42.50  42.62  40.41  41.08  124544135.0  5.126705e+09  0.055026 2026-03-13 10:47:47.182248
2026-03-12  40.75  40.89  39.41  40.47  106043651.0  4.262634e+09  0.046852 2026-03-13 10:47:47.182248
2026-03-13  40.05  40.62  38.73  39.28   59429694.0           NaN  0.000000                        NaT

2026-03-13 10:47:47,506 - INFO - [cloudakpd.py:36] - ============================================================
2026-03-13 10:47:47,507 - INFO - [cloudakpd.py:37] - 📊 [DataCenter] 数据内核启动审计...
2026-03-13 10:47:47,507 - INFO - [cloudakpd.py:38] -    ▫️ 存储模式 : ☁️  云端 (PostgreSQL)
2026-03-13 10:47:47,507 - INFO - [cloudakpd.py:39] -    ▫️ 连接节点 : ep-noisy-dust-a1zv7w56-pooler.ap-southeast-1.aws.neon.tech/neondb
2026-03-13 10:47:50,252 - INFO - [cloudakpd.py:85] - 📂 字段审计完成，当前支持: name, is_closed, symbol, trade_date, updated_at, latest_price, low, high, volume, open, amount, turnover_rate
2026-03-13 10:47:50,253 - INFO - [cloudakpd.py:42] - ============================================================
2026-03-13 10:47:50,932 - INFO - [cloudakpd.py:136] - ⏳ 数据保鲜期内 (上次同步: 10:45)，跳过同步。
2026-03-13 10:47:52,217 - INFO - [cloudakpd.py:204] - ---------------------------------------------
2026-03-13 10:47:52,217 - INFO - [cloudakpd.py:205] - 🔍 [审计] 读取成功: 2026-03-13
2026-03-13 10:47:52,218 - INFO - [cloudakpd.py:206] -    ▫️ 标的总数 : 5488 条
2026-03-13 10:47:52,218 - INFO - [cloudakpd.py:207] -    ▫️ 资金状态 : 盘中实时
2026-03-13 10:47:52,218 - INFO - [cloudakpd.py:208] -    ▫️ 存入时间 : 2026-03-13 10:45:24.933749
2026-03-13 10:47:52,221 - INFO - [cloudakpd.py:210] - 
symbol name  open  latest_price  high   low    volume     amount trade_date
920000 安徽凤凰 17.71         17.87 17.93 17.60  138251.0  2462778.0 2026-03-13
920001 纬达光电 21.00         20.08 21.00 19.96 4740284.0 96301426.0 2026-03-13
920002 万达轴承 92.41         92.20 92.70 91.50  143957.0 13241049.0 2026-03-13
2026-03-13 10:47:52,221 - INFO - [cloudakpd.py:211] - ---------------------------------------------
2026-03-13 10:47:52,224 - INFO - [ledger.py:266] - ✅ 资产审计完成。当前净资产: 1042437672.07, 云端对齐已完成。
2026-03-13 10:47:52,225 - INFO - [engine.py:161] - ================================================================================
2026-03-13 10:47:52,225 - INFO - [engine.py:162] - 【操作审批纪要 (Execution Summary)】
2026-03-13 10:47:52,225 - INFO - [engine.py:164] - 🟢 000547 (航天发展) 建议买入 153000 股 | 预估价: 31.86 | 状态: 待老板确认 | 逻辑: 顺势金叉确认，首次建仓
2026-03-13 10:47:52,226 - INFO - [engine.py:164] - 🟢 600410 (华胜天成) 建议买入 165700 股 | 预估价: 29.42 | 状态: 待老板确认 | 逻辑: 顺势金叉确认，首次建仓
2026-03-13 10:47:52,226 - INFO - [engine.py:164] - 🟢 600498 (烽火通信) 建议买入 89900 股 | 预估价: 54.22 | 状态: 待老板确认 | 逻辑: 顺势金叉确认，首次建仓
2026-03-13 10:47:52,226 - INFO - [engine.py:164] - 🟢 600703 (三安光电) 建议买入 263400 股 | 预估价: 18.51 | 状态: 待老板确认 | 逻辑: 顺势金叉确认，首次建仓
2026-03-13 10:47:52,227 - INFO - [engine.py:164] - 🟢 001309 (德明利) 建议买入 15100 股 | 预估价: 322.85 | 状态: 待老板确认 | 逻辑: 顺势金叉确认，首次建仓
2026-03-13 10:47:52,227 - INFO - [engine.py:164] - 🟢 002195 (岩山科技) 建议买入 487600 股 | 预估价: 10.00 | 状态: 待老板确认 | 逻辑: 顺势金叉确认，首次建仓
2026-03-13 10:47:52,227 - INFO - [engine.py:164] - 🟢 301308 (江波龙) 建议买入 14600 股 | 预估价: 332.09 | 状态: 待老板确认 | 逻辑: 顺势金叉确认，首次建仓
2026-03-13 10:47:52,228 - INFO - [engine.py:164] - 🟢 600938 (中国海油) 建议买入 113400 股 | 预估价: 43.00 | 状态: 待老板确认 | 逻辑: 顺势金叉确认，首次建仓
2026-03-13 10:47:52,228 - INFO - [engine.py:164] - 🟢 600875 (东方电气) 建议买入 124100 股 | 预估价: 39.28 | 状态: 待老板确认 | 逻辑: 顺势金叉确认，首次建仓
2026-03-13 10:47:52,228 - INFO - [engine.py:168] - 
【持仓状态确认 (Positions Audit)】
2026-03-13 10:47:52,228 - INFO - [engine.py:170] - 🛡️ 601179 (中国西电) | 持仓 860000 股 | 现价: 18.22 | 浮盈: -5.01%
   └─ 买入日期: 2026-03-11 | 开仓逻辑: 顺势金叉确认，首次建仓
2026-03-13 10:47:52,228 - INFO - [engine.py:170] - 🛡️ 600089 (特变电工) | 持仓 529700 股 | 现价: 30.99 | 浮盈: -0.48%
   └─ 买入日期: 2026-03-11 | 开仓逻辑: 顺势金叉确认，首次建仓
2026-03-13 10:47:52,228 - INFO - [engine.py:170] - 🛡️ 002202 (金风科技) | 持仓 323300 股 | 现价: 32.03 | 浮盈: 6.73%
   └─ 买入日期: 2026-03-11 | 开仓逻辑: 顺势金叉确认，首次建仓
2026-03-13 10:47:52,230 - INFO - [engine.py:170] - 🛡️ 600522 (中天科技) | 持仓 300 股 | 现价: 30.35 | 浮盈: 3.11%
   └─ 买入日期: 历史遗留 | 开仓逻辑: 未知建仓逻辑
2026-03-13 10:47:52,230 - INFO - [engine.py:170] - 🛡️ 601939 (建设银行) | 持仓 200 股 | 现价: 9.10 | 浮盈: 5.57%
   └─ 买入日期: 历史遗留 | 开仓逻辑: 未知建仓逻辑
2026-03-13 10:47:52,230 - INFO - [engine.py:174] - ================================================================================
2026-03-13 10:47:52,230 - INFO - [engine.py:175] - 👀 【交易额最大动态监控池 (优胜劣汰拒绝名单)】
2026-03-13 10:47:52,231 - INFO - [engine.py:186] -    - 🚫 观望 000988 (华工科技): 乖离率偏高 (1.38)
2026-03-13 10:47:52,231 - INFO - [engine.py:186] -    - 🚫 观望 300502 (新易盛): 未形成多头排列
2026-03-13 10:47:52,232 - INFO - [engine.py:186] -    - 🚫 观望 002261 (拓维信息): 未形成多头排列
2026-03-13 10:47:52,232 - INFO - [engine.py:186] -    - 🚫 观望 300750 (宁德时代): 未形成多头排列
2026-03-13 10:47:52,233 - INFO - [engine.py:186] -    - 🚫 观望 300308 (中际旭创): 未形成多头排列
2026-03-13 10:47:52,233 - INFO - [engine.py:186] -    - 🚫 观望 300394 (天孚通信): 未满足缩量回踩或放量突破
2026-03-13 10:47:52,233 - INFO - [engine.py:186] -    - 🚫 观望 300274 (阳光电源): 未形成多头排列
2026-03-13 10:47:52,234 - INFO - [engine.py:186] -    - 🚫 观望 002384 (东山精密): 未形成多头排列
2026-03-13 10:47:52,234 - INFO - [engine.py:186] -    - 🚫 观望 300476 (胜宏科技): 未形成多头排列
2026-03-13 10:47:52,235 - INFO - [engine.py:186] -    - 🚫 观望 601868 (中国能建): 未形成多头排列
2026-03-13 10:47:52,235 - INFO - [engine.py:186] -    - 🚫 观望 600989 (宝丰能源): 乖离率偏高 (1.41)
2026-03-13 10:47:52,235 - INFO - [engine.py:186] -    - 🚫 观望 300017 (网宿科技): 未满足缩量回踩或放量突破
2026-03-13 10:47:52,236 - INFO - [engine.py:186] -    - 🚫 观望 600487 (亨通光电): 乖离率偏高 (1.34)
2026-03-13 10:47:52,236 - INFO - [engine.py:186] -    - 🚫 观望 002281 (光迅科技): 未形成多头排列
2026-03-13 10:47:52,236 - INFO - [engine.py:186] -    - 🚫 观望 002506 (协鑫集成): 乖离率偏高 (1.31)
2026-03-13 10:47:52,236 - INFO - [engine.py:186] -    - 🚫 观望 601899 (紫金矿业): 未满足缩量回踩或放量突破
2026-03-13 10:47:52,238 - INFO - [engine.py:186] -    - 🚫 观望 601669 (中国电建): 未形成多头排列
2026-03-13 10:47:52,238 - INFO - [engine.py:186] -    - 🚫 观望 002015 (协鑫能科): 乖离率偏高 (1.71)
2026-03-13 10:47:52,238 - INFO - [engine.py:186] -    - 🚫 观望 002475 (立讯精密): 未形成多头排列
2026-03-13 10:47:52,239 - INFO - [engine.py:186] -    - 🚫 观望 600759 (洲际油气): 乖离率偏高 (1.27)
2026-03-13 10:47:52,239 - INFO - [engine.py:186] -    - 🚫 观望 002594 (比亚迪): 未形成多头排列
2026-03-13 10:47:52,240 - INFO - [engine.py:186] -    - 🚫 观望 601138 (工业富联): 未形成多头排列
2026-03-13 10:47:52,240 - INFO - [engine.py:186] -    - 🚫 观望 300475 (香农芯创): 未形成多头排列
2026-03-13 10:47:52,241 - INFO - [engine.py:186] -    - 🚫 观望 300014 (亿纬锂能): 未形成多头排列
2026-03-13 10:47:52,241 - INFO - [engine.py:186] -    - 🚫 观望 601016 (节能风电): 未形成多头排列
2026-03-13 10:47:52,241 - INFO - [engine.py:186] -    - 🚫 观望 000657 (中钨高新): 未满足缩量回踩或放量突破
2026-03-13 10:47:52,242 - INFO - [engine.py:186] -    - 🚫 观望 601857 (中国石油): 未满足缩量回踩或放量突破
