2026-03-11 11:13:45,525 - WARNING - [config.py:28] - 未找到调参日志，将使用备用默认参数！
2026-03-11 11:13:45,573 - INFO - [cloudakpd.py:36] - ============================================================
2026-03-11 11:13:45,573 - INFO - [cloudakpd.py:37] - 📊 [DataCenter] 数据内核启动审计...
2026-03-11 11:13:45,574 - INFO - [cloudakpd.py:38] -    ▫️ 存储模式 : ☁️  云端 (PostgreSQL)
2026-03-11 11:13:45,574 - INFO - [cloudakpd.py:39] -    ▫️ 连接节点 : ep-noisy-dust-a1zv7w56-pooler.ap-southeast-1.aws.neon.tech/neondb
2026-03-11 11:13:49,111 - INFO - [cloudakpd.py:85] - 📂 字段审计完成，当前支持: symbol, is_closed, open, updated_at, amount, latest_price, low, trade_date, volume, high, turnover_rate, name
2026-03-11 11:13:49,130 - INFO - [cloudakpd.py:42] - ============================================================
2026-03-11 11:13:49,981 - WARNING - [universe.py:42] - ⚠️ [UniverseManager] 云端快照为空，请检查数据同步。
2026-03-11 11:13:49,983 - INFO - [engine.py:24] - ================================================================================
2026-03-11 11:13:49,983 - INFO - [engine.py:25] -  🚀 启动量化交易实盘中心 (2026-03-11 11:13)
2026-03-11 11:13:49,983 - INFO - [engine.py:26] -    - 📒 人工比对账本 : D:\git\LongTrading\data\live_broker_account.json
2026-03-11 11:13:49,983 - INFO - [engine.py:27] -    - 💸 审计交易流水 : D:\git\LongTrading\data\live_trade_ledger.csv
2026-03-11 11:13:49,983 - INFO - [engine.py:28] - ================================================================================
2026-03-11 11:13:49,983 - WARNING - [ledger.py:64] - 🚨 【对账异常】 300528 系统应有 0 与 真实持有 1不一致。系统已强制以人工为准重新校准！
2026-03-11 11:13:49,984 - WARNING - [ledger.py:64] - 🚨 【对账异常】 600111 系统应有 0 与 真实持有 100不一致。系统已强制以人工为准重新校准！
2026-03-11 11:13:49,984 - INFO - [engine.py:36] - 📡 正在全盘扫描历史数据与近期快照，构建动态监控池...
2026-03-11 11:13:49,984 - INFO - [universe.py:82] - 📊 正在通过云端 SQL 审计近 20 个交易日的热点标的...
2026-03-11 11:13:50,479 - INFO - [universe.py:129] - ✅ [UniverseManager] 动态股票池已对齐云端，当前池规模: 20
2026-03-11 11:13:50,480 - INFO - [engine.py:38] - 🏦 会计部接管完毕: 可用现金 【1,000.00 元】，真实持仓 【9 只】，雷达标的 【20 只】。
2026-03-11 11:13:50,480 - INFO - [engine.py:39] - 🎯 监控池构建完毕: 汇聚近 20 日霸榜标的，实盘监控总数: 【20 只】。
2026-03-11 11:13:50,501 - INFO - [engine.py:67] - --------------------------------------------------------------------------------
2026-03-11 11:13:50,502 - INFO - [engine.py:68] - 【盘前资产风控评估 (Pre-Trade NAV Dashboard)】
2026-03-11 11:13:50,502 - INFO - [engine.py:69] -    - 可用现金 (Available Cash) : 1,000.00
2026-03-11 11:13:50,502 - INFO - [engine.py:70] -    - 持仓成本 (Total Cost)     : 30,885.56
2026-03-11 11:13:50,503 - INFO - [engine.py:71] -    - 持仓市值 (Market Value)   : 30,885.56
2026-03-11 11:13:50,503 - INFO - [engine.py:72] -    - 净 资 产 (Total Equity)   : 31,885.56
2026-03-11 11:13:50,503 - INFO - [engine.py:73] -    - 账面浮盈 (Floating PnL)   : 0.00 (0.00%)
2026-03-11 11:13:50,503 - INFO - [engine.py:74] - --------------------------------------------------------------------------------
2026-03-11 11:13:51,747 - DEBUG - [akshare_pd.py:78] - 👉 数据列名检查: ['date', 'open', 'high', 'low', 'close', 'volume', 'amount', 'outstanding_share', 'turnover']
2026-03-11 11:13:51,753 - DEBUG - [engine.py:104] - 
📊 [002131 002131] 最新 3 行切片检查:
            open  high   low  close       volume        amount  turnover                 updated_at
date                                                                                               
2026-03-06  8.48  8.75  8.40   8.67  525540341.0  4.533554e+09  0.089840 2026-03-11 11:13:51.747011
2026-03-09  8.50  8.68  8.27   8.61  537371492.0  4.539095e+09  0.091863 2026-03-11 11:13:51.747011
2026-03-10  8.70  8.86  8.47   8.57  503565074.0  4.351647e+09  0.086084 2026-03-11 11:13:51.747011

2026-03-11 11:13:52,709 - DEBUG - [akshare_pd.py:78] - 👉 数据列名检查: ['date', 'open', 'high', 'low', 'close', 'volume', 'amount', 'outstanding_share', 'turnover']
2026-03-11 11:13:52,712 - DEBUG - [engine.py:104] - 
📊 [600410 600410] 最新 3 行切片检查:
             open   high    low  close       volume        amount  turnover                 updated_at
date                                                                                                  
2026-03-06  28.30  30.05  27.31  29.73  333600749.0  9.496524e+09  0.304243 2026-03-11 11:13:52.710472
2026-03-09  28.50  32.60  27.85  30.51  387235359.0  1.152136e+10  0.353158 2026-03-11 11:13:52.710472
2026-03-10  30.51  32.57  29.68  31.83  370505276.0  1.156331e+10  0.337900 2026-03-11 11:13:52.710472

2026-03-11 11:13:54,466 - DEBUG - [akshare_pd.py:78] - 👉 数据列名检查: ['date', 'open', 'high', 'low', 'close', 'volume', 'amount', 'outstanding_share', 'turnover']
2026-03-11 11:13:54,472 - DEBUG - [engine.py:104] - 
📊 [600111 600111] 最新 3 行切片检查:
            open   high    low  close       volume        amount  turnover                 updated_at
date                                                                                                 
2026-03-06  54.6  55.58  53.80  54.30   89120597.0  4.852758e+09  0.024653 2026-03-11 11:13:54.467771
2026-03-09  53.1  54.32  51.67  53.88  102485185.0  5.439987e+09  0.028349 2026-03-11 11:13:54.467771
2026-03-10  54.5  55.13  53.70  53.97   87871621.0  4.759620e+09  0.024307 2026-03-11 11:13:54.467771

2026-03-11 11:13:55,500 - DEBUG - [akshare_pd.py:78] - 👉 数据列名检查: ['date', 'open', 'high', 'low', 'close', 'volume', 'amount', 'outstanding_share', 'turnover']
2026-03-11 11:13:55,502 - DEBUG - [engine.py:104] - 
📊 [600938 600938] 最新 3 行切片检查:
             open   high    low  close       volume        amount  turnover                 updated_at
date                                                                                                  
2026-03-06  40.67  42.38  39.66  40.49  122718533.0  4.978030e+09  0.041043 2026-03-11 11:13:55.500612
2026-03-09  44.54  44.54  43.00  43.36  213415357.0  9.411870e+09  0.071376 2026-03-11 11:13:55.500612
2026-03-10  39.03  41.66  39.03  40.98  165158546.0  6.646851e+09  0.055237 2026-03-11 11:13:55.500612

2026-03-11 11:13:56,444 - DEBUG - [akshare_pd.py:78] - 👉 数据列名检查: ['date', 'open', 'high', 'low', 'close', 'volume', 'amount', 'outstanding_share', 'turnover']
2026-03-11 11:13:56,447 - DEBUG - [engine.py:104] - 
📊 [601899 601899] 最新 3 行切片检查:
             open   high    low  close       volume        amount  turnover                 updated_at
date                                                                                                  
2026-03-06  37.01  37.48  36.24  37.10  253947012.0  9.355468e+09  0.012327 2026-03-11 11:13:56.444857
2026-03-09  35.93  36.67  34.86  36.40  390629022.0  1.390525e+10  0.018962 2026-03-11 11:13:56.444857
2026-03-10  36.98  37.54  36.80  37.13  201312398.0  7.475372e+09  0.009772 2026-03-11 11:13:56.444857

2026-03-11 11:13:57,495 - DEBUG - [akshare_pd.py:78] - 👉 数据列名检查: ['date', 'open', 'high', 'low', 'close', 'volume', 'amount', 'outstanding_share', 'turnover']
2026-03-11 11:13:57,497 - DEBUG - [engine.py:104] - 
📊 [002490 002490] 最新 3 行切片检查:
             open   high    low  close       volume        amount  turnover                 updated_at
date                                                                                                  
2026-03-06  12.81  13.65  12.45  13.20  207642733.0  2.726712e+09  0.383301 2026-03-11 11:13:57.495536
2026-03-09  14.52  14.52  13.13  13.24  196160005.0  2.720520e+09  0.362105 2026-03-11 11:13:57.495536
2026-03-10  11.92  12.48  11.92  11.92  119282517.0  1.433150e+09  0.220191 2026-03-11 11:13:57.495536

2026-03-11 11:13:58,555 - DEBUG - [akshare_pd.py:78] - 👉 数据列名检查: ['date', 'open', 'high', 'low', 'close', 'volume', 'amount', 'outstanding_share', 'turnover']
2026-03-11 11:13:58,559 - DEBUG - [engine.py:104] - 
📊 [600522 600522] 最新 3 行切片检查:
             open   high    low  close       volume        amount  turnover                 updated_at
date                                                                                                  
2026-03-06  28.45  28.88  27.22  27.38  163425189.0  4.508742e+09  0.047884 2026-03-11 11:13:58.556825
2026-03-09  26.37  27.31  25.38  27.20  155402012.0  4.065327e+09  0.045533 2026-03-11 11:13:58.556825
2026-03-10  27.55  29.18  27.41  28.90  168544463.0  4.798302e+09  0.049384 2026-03-11 11:13:58.556825

2026-03-11 11:13:59,577 - DEBUG - [akshare_pd.py:78] - 👉 数据列名检查: ['date', 'open', 'high', 'low', 'close', 'volume', 'amount', 'outstanding_share', 'turnover']
2026-03-11 11:13:59,580 - DEBUG - [engine.py:104] - 
📊 [601939 601939] 最新 3 行切片检查:
            open  high   low  close       volume        amount  turnover                 updated_at
date                                                                                               
2026-03-06  8.94  9.02  8.93   8.97   84773065.0  7.604956e+08  0.008836 2026-03-11 11:13:59.578085
2026-03-09  8.96  9.14  8.93   9.06  152815331.0  1.381533e+09  0.015929 2026-03-11 11:13:59.578085
2026-03-10  9.01  9.04  8.93   8.94   83402353.0  7.477126e+08  0.008693 2026-03-11 11:13:59.578085

2026-03-11 11:14:00,469 - DEBUG - [akshare_pd.py:78] - 👉 数据列名检查: ['date', 'open', 'high', 'low', 'close', 'volume', 'amount', 'outstanding_share', 'turnover']
2026-03-11 11:14:00,472 - DEBUG - [engine.py:104] - 
📊 [300528 300528] 最新 3 行切片检查:
             open   high    low  close      volume       amount  turnover                 updated_at
date                                                                                                
2026-03-06  17.20  17.39  17.11  17.33   9233432.0  159767213.0  0.024781 2026-03-11 11:14:00.469064
2026-03-09  17.02  17.30  16.68  17.28  12306835.0  208566151.0  0.033029 2026-03-11 11:14:00.469064
2026-03-10  17.40  17.56  17.23  17.31  10479000.0  181722694.0  0.028123 2026-03-11 11:14:00.469064

2026-03-11 11:14:01,497 - DEBUG - [akshare_pd.py:78] - 👉 数据列名检查: ['date', 'open', 'high', 'low', 'close', 'volume', 'amount', 'outstanding_share', 'turnover']
2026-03-11 11:14:01,502 - DEBUG - [engine.py:104] - 
📊 [000547 000547] 最新 3 行切片检查:
             open   high    low  close       volume        amount  turnover                 updated_at
date                                                                                                  
2026-03-06  31.20  33.99  31.20  32.66  413923343.0  1.358453e+10  0.260473 2026-03-11 11:14:01.499433
2026-03-09  31.30  33.32  31.30  32.10  311748689.0  1.016066e+10  0.196177 2026-03-11 11:14:01.499433
2026-03-10  32.51  34.30  32.12  33.66  364988789.0  1.220221e+10  0.229680 2026-03-11 11:14:01.499433

2026-03-11 11:14:02,644 - DEBUG - [akshare_pd.py:78] - 👉 数据列名检查: ['date', 'open', 'high', 'low', 'close', 'volume', 'amount', 'outstanding_share', 'turnover']
2026-03-11 11:14:02,646 - DEBUG - [engine.py:104] - 
📊 [000988 000988] 最新 3 行切片检查:
              open    high     low   close       volume        amount  turnover                 updated_at
date                                                                                                      
2026-03-06  106.75  116.09  106.00  114.78  129693070.0  1.435247e+10  0.129050 2026-03-11 11:14:02.644325
2026-03-09  112.00  119.78  108.50  118.60  135658907.0  1.541769e+10  0.134986 2026-03-11 11:14:02.644325
2026-03-10  119.49  124.00  116.55  123.51  113779973.0  1.363733e+10  0.113216 2026-03-11 11:14:02.644325

2026-03-11 13:49:51,971 - WARNING - [config.py:28] - 未找到调参日志，将使用备用默认参数！
2026-03-11 13:49:52,003 - INFO - [cloudakpd.py:36] - ============================================================
2026-03-11 13:49:52,005 - INFO - [cloudakpd.py:37] - 📊 [DataCenter] 数据内核启动审计...
2026-03-11 13:49:52,005 - INFO - [cloudakpd.py:38] -    ▫️ 存储模式 : ☁️  云端 (PostgreSQL)
2026-03-11 13:49:52,005 - INFO - [cloudakpd.py:39] -    ▫️ 连接节点 : ep-noisy-dust-a1zv7w56-pooler.ap-southeast-1.aws.neon.tech/neondb
2026-03-11 13:49:55,022 - INFO - [cloudakpd.py:85] - 📂 字段审计完成，当前支持: trade_date, turnover_rate, symbol, low, name, is_closed, volume, updated_at, open, high, amount, latest_price
2026-03-11 13:49:55,022 - INFO - [cloudakpd.py:42] - ============================================================
2026-03-11 13:51:00,195 - INFO - [config.py:47] - --------------------------------------------------------------------------------
2026-03-11 13:51:00,195 - INFO - [config.py:48] - ⚙️ 【策略参数装载与核对】 -> 依据: trials_20260311_125053.csv
2026-03-11 13:51:00,196 - INFO - [config.py:50] -    - 注入动态寻优参数 : bias_entry_limit: 1.21, ma_long: 130, ma_mid: 30, ma_short: 10, partial_exit_min_profit: 0.2, partial_exit_pct: 0.6, profit_tier1: 0.3, stop_loss_pct: 0.08, trailing_stop_pct: 0.16, trailing_tier1: 0.17, unit_size: 0.33
2026-03-11 13:51:00,196 - INFO - [config.py:51] - --------------------------------------------------------------------------------
2026-03-11 13:51:00,228 - INFO - [cloudakpd.py:36] - ============================================================
2026-03-11 13:51:00,228 - INFO - [cloudakpd.py:37] - 📊 [DataCenter] 数据内核启动审计...
2026-03-11 13:51:00,228 - INFO - [cloudakpd.py:38] -    ▫️ 存储模式 : ☁️  云端 (PostgreSQL)
2026-03-11 13:51:00,229 - INFO - [cloudakpd.py:39] -    ▫️ 连接节点 : ep-noisy-dust-a1zv7w56-pooler.ap-southeast-1.aws.neon.tech/neondb
2026-03-11 13:51:02,800 - INFO - [cloudakpd.py:85] - 📂 字段审计完成，当前支持: trade_date, name, volume, turnover_rate, is_closed, low, latest_price, updated_at, open, amount, symbol, high
2026-03-11 13:51:02,802 - INFO - [cloudakpd.py:42] - ============================================================
2026-03-11 13:51:04,171 - INFO - [cloudakpd.py:204] - ---------------------------------------------
2026-03-11 13:51:04,171 - INFO - [cloudakpd.py:205] - 🔍 [审计] 读取成功: 2026-03-11
2026-03-11 13:51:04,172 - INFO - [cloudakpd.py:206] -    ▫️ 标的总数 : 5488 条
2026-03-11 13:51:04,172 - INFO - [cloudakpd.py:207] -    ▫️ 资金状态 : 盘中实时
2026-03-11 13:51:04,172 - INFO - [cloudakpd.py:208] -    ▫️ 存入时间 : 2026-03-11 11:20:24.490625
2026-03-11 13:51:04,175 - INFO - [cloudakpd.py:210] - 
symbol name  open  latest_price  high   low    volume      amount trade_date
920000 安徽凤凰 17.90         18.16 18.20 17.87  383502.0   6920244.0 2026-03-11
920001 纬达光电 19.55         20.31 21.27 19.27 6792089.0 137649995.0 2026-03-11
920002 万达轴承 93.56         94.04 94.50 93.27  493103.0  46230658.0 2026-03-11
2026-03-11 13:51:04,175 - INFO - [cloudakpd.py:211] - ---------------------------------------------
2026-03-11 13:51:04,176 - INFO - [universe.py:40] - ✅ [UniverseManager] 云端全量快照加载成功，当前监控 5488 只标的。
2026-03-11 13:51:04,176 - INFO - [engine.py:24] - ================================================================================
2026-03-11 13:51:04,177 - INFO - [engine.py:25] -  🚀 启动量化交易实盘中心 (2026-03-11 13:51)
2026-03-11 13:51:04,177 - INFO - [engine.py:26] -    - 📒 人工比对账本 : D:\git\LongTrading\data\live_broker_account.json
2026-03-11 13:51:04,177 - INFO - [engine.py:27] -    - 💸 审计交易流水 : D:\git\LongTrading\data\live_trade_ledger.csv
2026-03-11 13:51:04,177 - INFO - [engine.py:28] - ================================================================================
2026-03-11 13:51:04,178 - INFO - [engine.py:36] - 📡 正在全盘扫描历史数据与近期快照，构建动态监控池...
2026-03-11 13:51:04,178 - INFO - [universe.py:82] - 📊 正在通过云端 SQL 审计近 20 个交易日的热点标的...
2026-03-11 13:51:04,582 - INFO - [universe.py:129] - ✅ [UniverseManager] 动态股票池已对齐云端，当前池规模: 20
2026-03-11 13:51:04,582 - INFO - [engine.py:38] - 🏦 会计部接管完毕: 可用现金 【1,000,000,000.00 元】，真实持仓 【9 只】，雷达标的 【20 只】。
2026-03-11 13:51:04,582 - INFO - [engine.py:39] - 🎯 监控池构建完毕: 汇聚近 20 日霸榜标的，实盘监控总数: 【20 只】。
2026-03-11 13:51:04,584 - INFO - [engine.py:67] - --------------------------------------------------------------------------------
2026-03-11 13:51:04,584 - INFO - [engine.py:68] - 【盘前资产风控评估 (Pre-Trade NAV Dashboard)】
2026-03-11 13:51:04,584 - INFO - [engine.py:69] -    - 可用现金 (Available Cash) : 1,000,000,000.00
2026-03-11 13:51:04,584 - INFO - [engine.py:70] -    - 持仓成本 (Total Cost)     : 30,885.56
2026-03-11 13:51:04,585 - INFO - [engine.py:71] -    - 持仓市值 (Market Value)   : 29,539.28
2026-03-11 13:51:04,585 - INFO - [engine.py:72] -    - 净 资 产 (Total Equity)   : 1,000,029,539.28
2026-03-11 13:51:04,585 - INFO - [engine.py:73] -    - 账面浮盈 (Floating PnL)   : -1,346.28 (-4.36%)
2026-03-11 13:51:04,585 - INFO - [engine.py:74] - --------------------------------------------------------------------------------
2026-03-11 13:51:05,585 - DEBUG - [akshare_pd.py:78] - 👉 数据列名检查: ['date', 'open', 'high', 'low', 'close', 'volume', 'amount', 'outstanding_share', 'turnover']
2026-03-11 13:51:05,589 - INFO - [engine.py:99] - ⚡ [002131 利欧股份] 盘中数据注入成功！(跳动现价: 8.38)
2026-03-11 13:51:05,590 - DEBUG - [engine.py:104] - 
📊 [002131 利欧股份] 最新 3 行切片检查:
            open  high   low  close       volume        amount  turnover                 updated_at
date                                                                                               
2026-03-09  8.50  8.68  8.27   8.61  537371492.0  4.539095e+09  0.091863 2026-03-11 13:51:05.585579
2026-03-10  8.70  8.86  8.47   8.57  503565074.0  4.351647e+09  0.086084 2026-03-11 13:51:05.585579
2026-03-11  8.53  8.55  8.30   8.38  326512332.0           NaN  0.000000                        NaT

2026-03-11 13:51:06,508 - DEBUG - [akshare_pd.py:78] - 👉 数据列名检查: ['date', 'open', 'high', 'low', 'close', 'volume', 'amount', 'outstanding_share', 'turnover']
2026-03-11 13:51:06,512 - INFO - [engine.py:99] - ⚡ [600410 华胜天成] 盘中数据注入成功！(跳动现价: 33.7)
2026-03-11 13:51:06,515 - DEBUG - [engine.py:104] - 
📊 [600410 华胜天成] 最新 3 行切片检查:
             open   high    low  close       volume        amount  turnover                 updated_at
date                                                                                                  
2026-03-09  28.50  32.60  27.85  30.51  387235359.0  1.152136e+10  0.353158 2026-03-11 13:51:06.509109
2026-03-10  30.51  32.57  29.68  31.83  370505276.0  1.156331e+10  0.337900 2026-03-11 13:51:06.509109
2026-03-11  31.20  34.31  31.19  33.70  263878955.0           NaN  0.000000                        NaT

2026-03-11 13:51:07,537 - DEBUG - [akshare_pd.py:78] - 👉 数据列名检查: ['date', 'open', 'high', 'low', 'close', 'volume', 'amount', 'outstanding_share', 'turnover']
2026-03-11 13:51:07,541 - INFO - [engine.py:99] - ⚡ [600111 北方稀土] 盘中数据注入成功！(跳动现价: 52.5)
2026-03-11 13:51:07,544 - DEBUG - [engine.py:104] - 
📊 [600111 北方稀土] 最新 3 行切片检查:
             open   high    low  close       volume        amount  turnover                 updated_at
date                                                                                                  
2026-03-09  53.10  54.32  51.67  53.88  102485185.0  5.439987e+09  0.028349 2026-03-11 13:51:07.538097
2026-03-10  54.50  55.13  53.70  53.97   87871621.0  4.759620e+09  0.024307 2026-03-11 13:51:07.538097
2026-03-11  53.38  53.79  52.35  52.50   61887423.0           NaN  0.000000                        NaT

2026-03-11 13:51:08,399 - DEBUG - [akshare_pd.py:78] - 👉 数据列名检查: ['date', 'open', 'high', 'low', 'close', 'volume', 'amount', 'outstanding_share', 'turnover']
2026-03-11 13:51:08,402 - INFO - [engine.py:99] - ⚡ [600938 中国海油] 盘中数据注入成功！(跳动现价: 41.0)
2026-03-11 13:51:08,403 - DEBUG - [engine.py:104] - 
📊 [600938 中国海油] 最新 3 行切片检查:
             open   high    low  close       volume        amount  turnover                 updated_at
date                                                                                                  
2026-03-09  44.54  44.54  43.00  43.36  213415357.0  9.411870e+09  0.071376 2026-03-11 13:51:08.400464
2026-03-10  39.03  41.66  39.03  40.98  165158546.0  6.646851e+09  0.055237 2026-03-11 13:51:08.400464
2026-03-11  40.20  41.18  40.20  41.00   63811821.0           NaN  0.000000                        NaT

2026-03-11 13:51:09,343 - DEBUG - [akshare_pd.py:78] - 👉 数据列名检查: ['date', 'open', 'high', 'low', 'close', 'volume', 'amount', 'outstanding_share', 'turnover']
2026-03-11 13:51:09,345 - INFO - [engine.py:99] - ⚡ [601899 紫金矿业] 盘中数据注入成功！(跳动现价: 37.28)
2026-03-11 13:51:09,347 - DEBUG - [engine.py:104] - 
📊 [601899 紫金矿业] 最新 3 行切片检查:
             open   high    low  close       volume        amount  turnover                 updated_at
date                                                                                                  
2026-03-09  35.93  36.67  34.86  36.40  390629022.0  1.390525e+10  0.018962 2026-03-11 13:51:09.343867
2026-03-10  36.98  37.54  36.80  37.13  201312398.0  7.475372e+09  0.009772 2026-03-11 13:51:09.343867
2026-03-11  37.50  37.64  37.16  37.28   89161013.0           NaN  0.000000                        NaT

2026-03-11 13:51:10,542 - DEBUG - [akshare_pd.py:78] - 👉 数据列名检查: ['date', 'open', 'high', 'low', 'close', 'volume', 'amount', 'outstanding_share', 'turnover']
2026-03-11 13:51:10,545 - INFO - [engine.py:99] - ⚡ [002490 山东墨龙] 盘中数据注入成功！(跳动现价: 11.53)
2026-03-11 13:51:10,548 - DEBUG - [engine.py:104] - 
📊 [002490 山东墨龙] 最新 3 行切片检查:
             open   high    low  close       volume        amount  turnover                 updated_at
date                                                                                                  
2026-03-09  14.52  14.52  13.13  13.24  196160005.0  2.720520e+09  0.362105 2026-03-11 13:51:10.543704
2026-03-10  11.92  12.48  11.92  11.92  119282517.0  1.433150e+09  0.220191 2026-03-11 13:51:10.543704
2026-03-11  10.99  11.93  10.99  11.53  106794578.0           NaN  0.000000                        NaT

2026-03-11 13:51:11,563 - DEBUG - [akshare_pd.py:78] - 👉 数据列名检查: ['date', 'open', 'high', 'low', 'close', 'volume', 'amount', 'outstanding_share', 'turnover']
2026-03-11 13:51:11,566 - INFO - [engine.py:99] - ⚡ [600522 中天科技] 盘中数据注入成功！(跳动现价: 30.2)
2026-03-11 13:51:11,567 - DEBUG - [engine.py:104] - 
📊 [600522 中天科技] 最新 3 行切片检查:
             open   high    low  close       volume        amount  turnover                 updated_at
date                                                                                                  
2026-03-09  26.37  27.31  25.38   27.2  155402012.0  4.065327e+09  0.045533 2026-03-11 13:51:11.563403
2026-03-10  27.55  29.18  27.41   28.9  168544463.0  4.798302e+09  0.049384 2026-03-11 13:51:11.563403
2026-03-11  29.82  31.66  29.82   30.2  170166501.0           NaN  0.000000                        NaT

2026-03-11 13:51:12,591 - DEBUG - [akshare_pd.py:78] - 👉 数据列名检查: ['date', 'open', 'high', 'low', 'close', 'volume', 'amount', 'outstanding_share', 'turnover']
2026-03-11 13:51:12,594 - INFO - [engine.py:99] - ⚡ [601939 建设银行] 盘中数据注入成功！(跳动现价: 9.02)
2026-03-11 13:51:12,596 - DEBUG - [engine.py:104] - 
📊 [601939 建设银行] 最新 3 行切片检查:
            open  high   low  close       volume        amount  turnover                 updated_at
date                                                                                               
2026-03-09  8.96  9.14  8.93   9.06  152815331.0  1.381533e+09  0.015929 2026-03-11 13:51:12.592913
2026-03-10  9.01  9.04  8.93   8.94   83402353.0  7.477126e+08  0.008693 2026-03-11 13:51:12.592913
2026-03-11  8.94  9.03  8.89   9.02   41759475.0           NaN  0.000000                        NaT

2026-03-11 13:51:13,578 - DEBUG - [akshare_pd.py:78] - 👉 数据列名检查: ['date', 'open', 'high', 'low', 'close', 'volume', 'amount', 'outstanding_share', 'turnover']
2026-03-11 13:51:13,581 - INFO - [engine.py:99] - ⚡ [300528 幸福蓝海] 盘中数据注入成功！(跳动现价: 17.05)
2026-03-11 13:51:13,582 - DEBUG - [engine.py:104] - 
📊 [300528 幸福蓝海] 最新 3 行切片检查:
             open   high    low  close      volume       amount  turnover                 updated_at
date                                                                                                
2026-03-09  17.02  17.30  16.68  17.28  12306835.0  208566151.0  0.033029 2026-03-11 13:51:13.579269
2026-03-10  17.40  17.56  17.23  17.31  10479000.0  181722694.0  0.028123 2026-03-11 13:51:13.579269
2026-03-11  17.35  17.44  17.05  17.05   6589360.0          NaN  0.000000                        NaT

2026-03-11 13:51:14,542 - DEBUG - [akshare_pd.py:78] - 👉 数据列名检查: ['date', 'open', 'high', 'low', 'close', 'volume', 'amount', 'outstanding_share', 'turnover']
2026-03-11 13:51:14,546 - INFO - [engine.py:99] - ⚡ [601179 中国西电] 盘中数据注入成功！(跳动现价: 19.18)
2026-03-11 13:51:14,548 - DEBUG - [engine.py:104] - 
📊 [601179 中国西电] 最新 3 行切片检查:
             open   high    low  close       volume        amount  turnover                 updated_at
date                                                                                                  
2026-03-09  18.90  20.61  18.89  20.17  534452198.0  1.061643e+10  0.104265 2026-03-11 13:51:14.543113
2026-03-10  20.00  20.65  19.58  19.99  442844017.0  8.876727e+09  0.086394 2026-03-11 13:51:14.543113
2026-03-11  20.01  20.10  19.10  19.18  339203922.0           NaN  0.000000                        NaT

2026-03-11 13:51:15,524 - DEBUG - [akshare_pd.py:78] - 👉 数据列名检查: ['date', 'open', 'high', 'low', 'close', 'volume', 'amount', 'outstanding_share', 'turnover']
2026-03-11 13:51:15,528 - INFO - [engine.py:99] - ⚡ [000988 华工科技] 盘中数据注入成功！(跳动现价: 130.66)
2026-03-11 13:51:15,530 - DEBUG - [engine.py:104] - 
📊 [000988 华工科技] 最新 3 行切片检查:
              open    high     low   close       volume        amount  turnover                 updated_at
date                                                                                                      
2026-03-09  112.00  119.78  108.50  118.60  135658907.0  1.541769e+10  0.134986 2026-03-11 13:51:15.525085
2026-03-10  119.49  124.00  116.55  123.51  113779973.0  1.363733e+10  0.113216 2026-03-11 13:51:15.525085
2026-03-11  122.99  134.74  122.90  130.66   88435470.0           NaN  0.000000                        NaT

2026-03-11 13:51:16,498 - DEBUG - [akshare_pd.py:78] - 👉 数据列名检查: ['date', 'open', 'high', 'low', 'close', 'volume', 'amount', 'outstanding_share', 'turnover']
2026-03-11 13:51:16,501 - INFO - [engine.py:99] - ⚡ [300394 天孚通信] 盘中数据注入成功！(跳动现价: 331.26)
2026-03-11 13:51:16,502 - DEBUG - [engine.py:104] - 
📊 [300394 天孚通信] 最新 3 行切片检查:
              open    high     low   close      volume        amount  turnover                 updated_at
date                                                                                                     
2026-03-09  306.75  310.48  292.00  306.96  37896546.0  1.136586e+10  0.048845 2026-03-11 13:51:16.499594
2026-03-10  329.00  341.88  325.01  340.48  38050810.0  1.274569e+10  0.049044 2026-03-11 13:51:16.499594
2026-03-11  342.69  344.44  331.00  331.26  18234762.0           NaN  0.000000                        NaT

2026-03-11 13:51:17,633 - DEBUG - [akshare_pd.py:78] - 👉 数据列名检查: ['date', 'open', 'high', 'low', 'close', 'volume', 'amount', 'outstanding_share', 'turnover']
2026-03-11 13:51:17,636 - INFO - [engine.py:99] - ⚡ [002261 拓维信息] 盘中数据注入成功！(跳动现价: 42.33)
2026-03-11 13:51:17,637 - DEBUG - [engine.py:104] - 
📊 [002261 拓维信息] 最新 3 行切片检查:
             open   high    low  close       volume        amount  turnover                 updated_at
date                                                                                                  
2026-03-09  39.49  42.96  37.91  42.96  340835678.0  1.379804e+10  0.297504 2026-03-11 13:51:17.634558
2026-03-10  42.15  44.06  40.72  41.76  313689541.0  1.320427e+10  0.273809 2026-03-11 13:51:17.634558
2026-03-11  41.51  43.89  41.51  42.33  180523941.0           NaN  0.000000                        NaT

2026-03-11 13:51:18,590 - DEBUG - [akshare_pd.py:78] - 👉 数据列名检查: ['date', 'open', 'high', 'low', 'close', 'volume', 'amount', 'outstanding_share', 'turnover']
2026-03-11 13:51:18,592 - INFO - [engine.py:99] - ⚡ [300750 宁德时代] 盘中数据注入成功！(跳动现价: 398.45)
2026-03-11 13:51:18,593 - DEBUG - [engine.py:104] - 
📊 [300750 宁德时代] 最新 3 行切片检查:
              open    high     low   close      volume        amount  turnover                 updated_at
date                                                                                                     
2026-03-09  348.84  359.85  345.06  357.50  31797613.0  1.121800e+10  0.007470 2026-03-11 13:51:18.590069
2026-03-10  375.00  379.77  366.50  376.30  50741728.0  1.904908e+10  0.011921 2026-03-11 13:51:18.590069
2026-03-11  379.58  403.55  378.98  398.45  38366231.0           NaN  0.000000                        NaT

2026-03-11 13:51:19,599 - DEBUG - [akshare_pd.py:78] - 👉 数据列名检查: ['date', 'open', 'high', 'low', 'close', 'volume', 'amount', 'outstanding_share', 'turnover']
2026-03-11 13:51:19,601 - INFO - [engine.py:99] - ⚡ [600089 特变电工] 盘中数据注入成功！(跳动现价: 31.14)
2026-03-11 13:51:19,603 - DEBUG - [engine.py:104] - 
📊 [600089 特变电工] 最新 3 行切片检查:
             open   high    low  close       volume        amount  turnover                 updated_at
date                                                                                                  
2026-03-09  31.81  33.15  31.80  32.76  421073209.0  1.372328e+10  0.083335 2026-03-11 13:51:19.599702
2026-03-10  32.69  32.74  31.65  31.86  353286075.0  1.132871e+10  0.069919 2026-03-11 13:51:19.599702
2026-03-11  31.87  31.90  31.11  31.14  189412918.0           NaN  0.000000                        NaT

2026-03-11 13:51:20,725 - DEBUG - [akshare_pd.py:78] - 👉 数据列名检查: ['date', 'open', 'high', 'low', 'close', 'volume', 'amount', 'outstanding_share', 'turnover']
2026-03-11 13:51:20,728 - INFO - [engine.py:99] - ⚡ [300308 中际旭创] 盘中数据注入成功！(跳动现价: 556.5)
2026-03-11 13:51:20,729 - DEBUG - [engine.py:104] - 
📊 [300308 中际旭创] 最新 3 行切片检查:
             open    high     low   close      volume        amount  turnover                 updated_at
date                                                                                                    
2026-03-09  520.1  528.30  506.00  525.99  31474315.0  1.623065e+10  0.028471 2026-03-11 13:51:20.726087
2026-03-10  540.0  548.98  530.02  547.00  28309414.0  1.534895e+10  0.025608 2026-03-11 13:51:20.726087
2026-03-11  557.0  568.90  556.11  556.50  17623910.0           NaN  0.000000                        NaT

2026-03-11 13:51:21,891 - DEBUG - [akshare_pd.py:78] - 👉 数据列名检查: ['date', 'open', 'high', 'low', 'close', 'volume', 'amount', 'outstanding_share', 'turnover']
2026-03-11 13:51:21,893 - INFO - [engine.py:99] - ⚡ [300502 新易盛] 盘中数据注入成功！(跳动现价: 395.01)
2026-03-11 13:51:21,895 - DEBUG - [engine.py:104] - 
📊 [300502 新易盛] 最新 3 行切片检查:
              open    high     low   close      volume        amount  turnover                 updated_at
date                                                                                                     
2026-03-09  380.00  387.32  369.32  384.00  44166394.0  1.662925e+10  0.049882 2026-03-11 13:51:21.891626
2026-03-10  394.75  401.00  382.59  397.33  42488136.0  1.669605e+10  0.047986 2026-03-11 13:51:21.891626
2026-03-11  400.01  408.00  394.66  395.01  25114464.0           NaN  0.000000                        NaT

2026-03-11 13:51:22,855 - DEBUG - [akshare_pd.py:78] - 👉 数据列名检查: ['date', 'open', 'high', 'low', 'close', 'volume', 'amount', 'outstanding_share', 'turnover']
2026-03-11 13:51:22,858 - INFO - [engine.py:99] - ⚡ [600498 烽火通信] 盘中数据注入成功！(跳动现价: 58.03)
2026-03-11 13:51:22,859 - DEBUG - [engine.py:104] - 
📊 [600498 烽火通信] 最新 3 行切片检查:
             open   high    low  close       volume        amount  turnover                 updated_at
date                                                                                                  
2026-03-09  50.86  52.20  47.60  52.00  124158461.0  6.161074e+09  0.097638 2026-03-11 13:51:22.855617
2026-03-10  53.00  57.20  52.71  57.20  144011656.0  8.010268e+09  0.113250 2026-03-11 13:51:22.855617
2026-03-11  58.60  61.78  58.01  58.03  133457906.0           NaN  0.000000                        NaT

2026-03-11 13:51:23,710 - DEBUG - [akshare_pd.py:78] - 👉 数据列名检查: ['date', 'open', 'high', 'low', 'close', 'volume', 'amount', 'outstanding_share', 'turnover']
2026-03-11 13:51:23,712 - INFO - [engine.py:99] - ⚡ [601868 中国能建] 盘中数据注入成功！(跳动现价: 3.45)
2026-03-11 13:51:23,714 - DEBUG - [engine.py:104] - 
📊 [601868 中国能建] 最新 3 行切片检查:
            open  high   low  close        volume        amount  turnover                 updated_at
date                                                                                                
2026-03-09  2.95  3.05  2.90   2.94  3.310056e+09  9.812071e+09  0.102072 2026-03-11 13:51:23.710883
2026-03-10  2.98  3.23  2.87   3.14  3.231616e+09  9.989403e+09  0.099653 2026-03-11 13:51:23.710883
2026-03-11  3.15  3.45  3.09   3.45  1.820779e+09           NaN  0.000000                        NaT

2026-03-11 13:51:24,582 - DEBUG - [akshare_pd.py:78] - 👉 数据列名检查: ['date', 'open', 'high', 'low', 'close', 'volume', 'amount', 'outstanding_share', 'turnover']
2026-03-11 13:51:24,584 - INFO - [engine.py:99] - ⚡ [002506 协鑫集成] 盘中数据注入成功！(跳动现价: 6.22)
2026-03-11 13:51:24,585 - DEBUG - [engine.py:104] - 
📊 [002506 协鑫集成] 最新 3 行切片检查:
            open  high   low  close        volume        amount  turnover                 updated_at
date                                                                                                
2026-03-09  5.65  6.05  5.65   5.78  1.691455e+09  9.840327e+09  0.289413 2026-03-11 13:51:24.582731
2026-03-10  5.78  6.19  5.60   6.07  1.416593e+09  8.373467e+09  0.242383 2026-03-11 13:51:24.582731
2026-03-11  6.00  6.36  5.80   6.22  9.604655e+08           NaN  0.000000                        NaT

2026-03-11 13:51:24,695 - INFO - [cloudakpd.py:36] - ============================================================
2026-03-11 13:51:24,695 - INFO - [cloudakpd.py:37] - 📊 [DataCenter] 数据内核启动审计...
2026-03-11 13:51:24,695 - INFO - [cloudakpd.py:38] -    ▫️ 存储模式 : ☁️  云端 (PostgreSQL)
2026-03-11 13:51:24,696 - INFO - [cloudakpd.py:39] -    ▫️ 连接节点 : ep-noisy-dust-a1zv7w56-pooler.ap-southeast-1.aws.neon.tech/neondb
2026-03-11 13:51:27,221 - INFO - [cloudakpd.py:85] - 📂 字段审计完成，当前支持: trade_date, name, volume, turnover_rate, is_closed, low, latest_price, updated_at, open, amount, symbol, high
2026-03-11 13:51:27,222 - INFO - [cloudakpd.py:42] - ============================================================
2026-03-11 13:51:44,571 - INFO - [cloudakpd.py:204] - ---------------------------------------------
2026-03-11 13:51:44,571 - INFO - [cloudakpd.py:205] - 🔍 [审计] 同步完成: 2026-03-11
2026-03-11 13:51:44,571 - INFO - [cloudakpd.py:206] -    ▫️ 标的总数 : 5488 条
2026-03-11 13:51:44,572 - INFO - [cloudakpd.py:207] -    ▫️ 资金状态 : 盘中实时
2026-03-11 13:51:44,572 - INFO - [cloudakpd.py:208] -    ▫️ 存入时间 : 2026-03-11 13:51:42.635791
2026-03-11 13:51:44,574 - INFO - [cloudakpd.py:210] - 
symbol name  open  latest_price  high   low    volume      amount trade_date
920000 安徽凤凰 17.90         17.96 18.20 17.87  550291.0   9922007.0 2026-03-11
920001 纬达光电 19.55         19.88 21.27 19.27 8086630.0 163555108.0 2026-03-11
920002 万达轴承 93.56         93.39 94.50 93.27  575027.0  53899526.0 2026-03-11
2026-03-11 13:51:44,574 - INFO - [cloudakpd.py:211] - ---------------------------------------------
2026-03-11 13:51:46,653 - INFO - [cloudakpd.py:204] - ---------------------------------------------
2026-03-11 13:51:46,653 - INFO - [cloudakpd.py:205] - 🔍 [审计] 读取成功: 2026-03-11
2026-03-11 13:51:46,653 - INFO - [cloudakpd.py:206] -    ▫️ 标的总数 : 5488 条
2026-03-11 13:51:46,654 - INFO - [cloudakpd.py:207] -    ▫️ 资金状态 : 盘中实时
2026-03-11 13:51:46,654 - INFO - [cloudakpd.py:208] -    ▫️ 存入时间 : 2026-03-11 13:51:42.635791
2026-03-11 13:51:46,656 - INFO - [cloudakpd.py:210] - 
symbol name  open  latest_price  high   low    volume      amount trade_date
920000 安徽凤凰 17.90         17.96 18.20 17.87  550291.0   9922007.0 2026-03-11
920001 纬达光电 19.55         19.88 21.27 19.27 8086630.0 163555108.0 2026-03-11
920002 万达轴承 93.56         93.39 94.50 93.27  575027.0  53899526.0 2026-03-11
2026-03-11 13:51:46,656 - INFO - [cloudakpd.py:211] - ---------------------------------------------
2026-03-11 13:51:46,660 - INFO - [ledger.py:266] - ✅ 资产审计完成。当前净资产: 999826363.16, 云端对齐已完成。
2026-03-11 13:51:46,660 - INFO - [engine.py:161] - ================================================================================
2026-03-11 13:51:46,660 - INFO - [engine.py:162] - 【操作审批纪要 (Execution Summary)】
2026-03-11 13:51:46,661 - INFO - [engine.py:163] - 🔴 002131 (利欧股份) 建议卖出 700 股 | 预估价: 8.38 | 状态: 待老板确认 | 逻辑: 触发最终移动止盈，全仓撤退
2026-03-11 13:51:46,661 - INFO - [engine.py:163] - 🔴 600111 (北方稀土) 建议卖出 100 股 | 预估价: 52.50 | 状态: 待老板确认 | 逻辑: 触发最终移动止盈，全仓撤退
2026-03-11 13:51:46,661 - INFO - [engine.py:163] - 🔴 601899 (紫金矿业) 建议卖出 200 股 | 预估价: 37.28 | 状态: 待老板确认 | 逻辑: 触发最终移动止盈，全仓撤退
2026-03-11 13:51:46,661 - INFO - [engine.py:163] - 🔴 300528 (幸福蓝海) 建议卖出 1 股 | 预估价: 17.05 | 状态: 待老板确认 | 逻辑: 触发最终移动止盈，全仓撤退
2026-03-11 13:51:46,661 - INFO - [engine.py:164] - 🟢 601179 (中国西电) 建议买入 860000 股 | 预估价: 19.18 | 状态: 待老板确认 | 逻辑: 顺势金叉确认，首次建仓
2026-03-11 13:51:46,661 - INFO - [engine.py:164] - 🟢 600089 (特变电工) 建议买入 529700 股 | 预估价: 31.14 | 状态: 待老板确认 | 逻辑: 顺势金叉确认，首次建仓
2026-03-11 13:51:46,661 - INFO - [engine.py:168] - 
【持仓状态确认 (Positions Audit)】
2026-03-11 13:51:46,662 - INFO - [engine.py:170] - 🛡️ 600410 (华胜天成) | 持仓 1 股 | 现价: 33.70 | 浮盈: 19.81%
   └─ 买入日期: 历史遗留 | 开仓逻辑: 未知建仓逻辑
2026-03-11 13:51:46,662 - INFO - [engine.py:170] - 🛡️ 600938 (中国海油) | 持仓 1 股 | 现价: 41.00 | 浮盈: 12.33%
   └─ 买入日期: 历史遗留 | 开仓逻辑: 未知建仓逻辑
2026-03-11 13:51:46,662 - INFO - [engine.py:170] - 🛡️ 002490 (山东墨龙) | 持仓 1 股 | 现价: 11.53 | 浮盈: 22.66%
   └─ 买入日期: 历史遗留 | 开仓逻辑: 未知建仓逻辑
2026-03-11 13:51:46,662 - INFO - [engine.py:170] - 🛡️ 600522 (中天科技) | 持仓 300 股 | 现价: 30.20 | 浮盈: 2.60%
   └─ 买入日期: 历史遗留 | 开仓逻辑: 未知建仓逻辑
2026-03-11 13:51:46,662 - INFO - [engine.py:170] - 🛡️ 601939 (建设银行) | 持仓 200 股 | 现价: 9.02 | 浮盈: 4.64%
   └─ 买入日期: 历史遗留 | 开仓逻辑: 未知建仓逻辑
2026-03-11 13:51:46,662 - INFO - [engine.py:174] - ================================================================================
2026-03-11 13:51:46,662 - INFO - [engine.py:175] - 👀 【交易额最大动态监控池 (优胜劣汰拒绝名单)】
2026-03-11 13:51:46,663 - INFO - [engine.py:186] -    - 🚫 观望 000988 (华工科技): 乖离率偏高 (1.50)
2026-03-11 13:51:46,663 - INFO - [engine.py:186] -    - 🚫 观望 300394 (天孚通信): 未满足缩量回踩或放量突破
2026-03-11 13:51:46,663 - INFO - [engine.py:186] -    - 🚫 观望 002261 (拓维信息): 未形成多头排列
2026-03-11 13:51:46,663 - INFO - [engine.py:186] -    - 🚫 观望 300750 (宁德时代): 未形成多头排列
2026-03-11 13:51:46,664 - INFO - [engine.py:186] -    - 🚫 观望 300308 (中际旭创): 未满足缩量回踩或放量突破
2026-03-11 13:51:46,664 - INFO - [engine.py:186] -    - 🚫 观望 300502 (新易盛): 未形成多头排列
2026-03-11 13:51:46,664 - INFO - [engine.py:186] -    - 🚫 观望 600498 (烽火通信): 乖离率偏高 (1.28)
2026-03-11 13:51:46,665 - INFO - [engine.py:186] -    - 🚫 观望 601868 (中国能建): 未形成多头排列
2026-03-11 13:51:46,665 - INFO - [engine.py:186] -    - 🚫 观望 002506 (协鑫集成): 乖离率偏高 (1.40)
2026-03-11 13:57:30,391 - INFO - [config.py:47] - --------------------------------------------------------------------------------
2026-03-11 13:57:30,391 - INFO - [config.py:48] - ⚙️ 【策略参数装载与核对】 -> 依据: trials_20260311_125053.csv
2026-03-11 13:57:30,391 - INFO - [config.py:50] -    - 注入动态寻优参数 : bias_entry_limit: 1.21, ma_long: 130, ma_mid: 30, ma_short: 10, partial_exit_min_profit: 0.2, partial_exit_pct: 0.6, profit_tier1: 0.3, stop_loss_pct: 0.08, trailing_stop_pct: 0.16, trailing_tier1: 0.17, unit_size: 0.33
2026-03-11 13:57:30,391 - INFO - [config.py:51] - --------------------------------------------------------------------------------
2026-03-11 13:57:30,421 - INFO - [cloudakpd.py:36] - ============================================================
2026-03-11 13:57:30,422 - INFO - [cloudakpd.py:37] - 📊 [DataCenter] 数据内核启动审计...
2026-03-11 13:57:30,422 - INFO - [cloudakpd.py:38] -    ▫️ 存储模式 : ☁️  云端 (PostgreSQL)
2026-03-11 13:57:30,422 - INFO - [cloudakpd.py:39] -    ▫️ 连接节点 : ep-noisy-dust-a1zv7w56-pooler.ap-southeast-1.aws.neon.tech/neondb
2026-03-11 13:57:35,128 - INFO - [cloudakpd.py:85] - 📂 字段审计完成，当前支持: amount, updated_at, name, volume, low, trade_date, latest_price, open, symbol, high, turnover_rate, is_closed
2026-03-11 13:57:35,129 - INFO - [cloudakpd.py:42] - ============================================================
2026-03-11 13:57:36,675 - INFO - [cloudakpd.py:204] - ---------------------------------------------
2026-03-11 13:57:36,676 - INFO - [cloudakpd.py:205] - 🔍 [审计] 读取成功: 2026-03-11
2026-03-11 13:57:36,676 - INFO - [cloudakpd.py:206] -    ▫️ 标的总数 : 5488 条
2026-03-11 13:57:36,676 - INFO - [cloudakpd.py:207] -    ▫️ 资金状态 : 盘中实时
2026-03-11 13:57:36,677 - INFO - [cloudakpd.py:208] -    ▫️ 存入时间 : 2026-03-11 13:51:42.635791
2026-03-11 13:57:36,679 - INFO - [cloudakpd.py:210] - 
symbol name  open  latest_price  high   low    volume      amount trade_date
920000 安徽凤凰 17.90         17.96 18.20 17.87  550291.0   9922007.0 2026-03-11
920001 纬达光电 19.55         19.88 21.27 19.27 8086630.0 163555108.0 2026-03-11
920002 万达轴承 93.56         93.39 94.50 93.27  575027.0  53899526.0 2026-03-11
2026-03-11 13:57:36,679 - INFO - [cloudakpd.py:211] - ---------------------------------------------
2026-03-11 13:57:36,680 - INFO - [universe.py:40] - ✅ [UniverseManager] 云端全量快照加载成功，当前监控 5488 只标的。
2026-03-11 13:57:36,680 - INFO - [engine.py:24] - ================================================================================
2026-03-11 13:57:36,680 - INFO - [engine.py:25] -  🚀 启动量化交易实盘中心 (2026-03-11 13:57)
2026-03-11 13:57:36,680 - INFO - [engine.py:26] -    - 📒 人工比对账本 : D:\git\LongTrading\data\live_broker_account.json
2026-03-11 13:57:36,680 - INFO - [engine.py:27] -    - 💸 审计交易流水 : D:\git\LongTrading\data\live_trade_ledger.csv
2026-03-11 13:57:36,681 - INFO - [engine.py:28] - ================================================================================
2026-03-11 13:57:36,684 - WARNING - [ledger.py:64] - 🚨 【对账异常】 002131 系统应有 0 与 真实持有 1不一致。系统已强制以人工为准重新校准！
2026-03-11 13:57:36,684 - WARNING - [ledger.py:64] - 🚨 【对账异常】 601899 系统应有 0 与 真实持有 1不一致。系统已强制以人工为准重新校准！
2026-03-11 13:57:36,684 - WARNING - [ledger.py:64] - 🚨 【对账异常】 300528 系统应有 0 与 真实持有 1不一致。系统已强制以人工为准重新校准！
2026-03-11 13:57:36,684 - WARNING - [ledger.py:64] - 🚨 【对账异常】 600111 系统应有 0 与 真实持有 1不一致。系统已强制以人工为准重新校准！
2026-03-11 13:57:36,684 - INFO - [engine.py:36] - 📡 正在全盘扫描历史数据与近期快照，构建动态监控池...
2026-03-11 13:57:36,685 - INFO - [universe.py:82] - 📊 正在通过云端 SQL 审计近 20 个交易日的热点标的...
2026-03-11 13:57:37,070 - INFO - [universe.py:129] - ✅ [UniverseManager] 动态股票池已对齐云端，当前池规模: 20
2026-03-11 13:57:37,071 - INFO - [engine.py:38] - 🏦 会计部接管完毕: 可用现金 【1,000,000,000.00 元】，真实持仓 【11 只】，雷达标的 【20 只】。
2026-03-11 13:57:37,071 - INFO - [engine.py:39] - 🎯 监控池构建完毕: 汇聚近 20 日霸榜标的，实盘监控总数: 【20 只】。
2026-03-11 13:57:37,072 - INFO - [engine.py:67] - --------------------------------------------------------------------------------
2026-03-11 13:57:37,072 - INFO - [engine.py:68] - 【盘前资产风控评估 (Pre-Trade NAV Dashboard)】
2026-03-11 13:57:37,072 - INFO - [engine.py:69] -    - 可用现金 (Available Cash) : 1,000,000,000.00
2026-03-11 13:57:37,072 - INFO - [engine.py:70] -    - 持仓成本 (Total Cost)     : 33,000,412.01
2026-03-11 13:57:37,073 - INFO - [engine.py:71] -    - 持仓市值 (Market Value)   : 32,807,473.13
2026-03-11 13:57:37,073 - INFO - [engine.py:72] -    - 净 资 产 (Total Equity)   : 1,032,807,473.13
2026-03-11 13:57:37,073 - INFO - [engine.py:73] -    - 账面浮盈 (Floating PnL)   : -192,938.88 (-0.58%)
2026-03-11 13:57:37,073 - INFO - [engine.py:74] - --------------------------------------------------------------------------------
2026-03-11 13:57:38,082 - DEBUG - [akshare_pd.py:78] - 👉 数据列名检查: ['date', 'open', 'high', 'low', 'close', 'volume', 'amount', 'outstanding_share', 'turnover']
2026-03-11 13:57:38,085 - INFO - [engine.py:99] - ⚡ [002131 利欧股份] 盘中数据注入成功！(跳动现价: 8.32)
2026-03-11 13:57:38,087 - DEBUG - [engine.py:104] - 
📊 [002131 利欧股份] 最新 3 行切片检查:
            open  high   low  close       volume        amount  turnover                 updated_at
date                                                                                               
2026-03-09  8.50  8.68  8.27   8.61  537371492.0  4.539095e+09  0.091863 2026-03-11 13:57:38.082264
2026-03-10  8.70  8.86  8.47   8.57  503565074.0  4.351647e+09  0.086084 2026-03-11 13:57:38.082264
2026-03-11  8.53  8.55  8.30   8.32  386805960.0           NaN  0.000000                        NaT

2026-03-11 13:57:39,053 - DEBUG - [akshare_pd.py:78] - 👉 数据列名检查: ['date', 'open', 'high', 'low', 'close', 'volume', 'amount', 'outstanding_share', 'turnover']
2026-03-11 13:57:39,056 - INFO - [engine.py:99] - ⚡ [600410 华胜天成] 盘中数据注入成功！(跳动现价: 33.25)
2026-03-11 13:57:39,057 - DEBUG - [engine.py:104] - 
📊 [600410 华胜天成] 最新 3 行切片检查:
             open   high    low  close       volume        amount  turnover                 updated_at
date                                                                                                  
2026-03-09  28.50  32.60  27.85  30.51  387235359.0  1.152136e+10  0.353158 2026-03-11 13:57:39.053618
2026-03-10  30.51  32.57  29.68  31.83  370505276.0  1.156331e+10  0.337900 2026-03-11 13:57:39.053618
2026-03-11  31.20  34.31  31.19  33.25  313932006.0           NaN  0.000000                        NaT

2026-03-11 13:57:40,002 - DEBUG - [akshare_pd.py:78] - 👉 数据列名检查: ['date', 'open', 'high', 'low', 'close', 'volume', 'amount', 'outstanding_share', 'turnover']
2026-03-11 13:57:40,005 - INFO - [engine.py:99] - ⚡ [601179 中国西电] 盘中数据注入成功！(跳动现价: 19.06)
2026-03-11 13:57:40,007 - DEBUG - [engine.py:104] - 
📊 [601179 中国西电] 最新 3 行切片检查:
             open   high    low  close       volume        amount  turnover                 updated_at
date                                                                                                  
2026-03-09  18.90  20.61  18.89  20.17  534452198.0  1.061643e+10  0.104265 2026-03-11 13:57:40.003408
2026-03-10  20.00  20.65  19.58  19.99  442844017.0  8.876727e+09  0.086394 2026-03-11 13:57:40.003408
2026-03-11  20.01  20.10  18.72  19.06  455832116.0           NaN  0.000000                        NaT

2026-03-11 13:57:40,854 - DEBUG - [akshare_pd.py:78] - 👉 数据列名检查: ['date', 'open', 'high', 'low', 'close', 'volume', 'amount', 'outstanding_share', 'turnover']
2026-03-11 13:57:40,858 - INFO - [engine.py:99] - ⚡ [600089 特变电工] 盘中数据注入成功！(跳动现价: 30.97)
2026-03-11 13:57:40,860 - DEBUG - [engine.py:104] - 
📊 [600089 特变电工] 最新 3 行切片检查:
             open   high    low  close       volume        amount  turnover                 updated_at
date                                                                                                  
2026-03-09  31.81  33.15  31.80  32.76  421073209.0  1.372328e+10  0.083335 2026-03-11 13:57:40.854783
2026-03-10  32.69  32.74  31.65  31.86  353286075.0  1.132871e+10  0.069919 2026-03-11 13:57:40.854783
2026-03-11  31.87  31.90  30.90  30.97  256671596.0           NaN  0.000000                        NaT

2026-03-11 13:57:41,895 - DEBUG - [akshare_pd.py:78] - 👉 数据列名检查: ['date', 'open', 'high', 'low', 'close', 'volume', 'amount', 'outstanding_share', 'turnover']
2026-03-11 13:57:41,897 - INFO - [engine.py:99] - ⚡ [600111 北方稀土] 盘中数据注入成功！(跳动现价: 52.33)
2026-03-11 13:57:41,899 - DEBUG - [engine.py:104] - 
📊 [600111 北方稀土] 最新 3 行切片检查:
             open   high    low  close       volume        amount  turnover                 updated_at
date                                                                                                  
2026-03-09  53.10  54.32  51.67  53.88  102485185.0  5.439987e+09  0.028349 2026-03-11 13:57:41.895685
2026-03-10  54.50  55.13  53.70  53.97   87871621.0  4.759620e+09  0.024307 2026-03-11 13:57:41.895685
2026-03-11  53.38  53.79  52.20  52.33   77216165.0           NaN  0.000000                        NaT

2026-03-11 13:57:42,838 - DEBUG - [akshare_pd.py:78] - 👉 数据列名检查: ['date', 'open', 'high', 'low', 'close', 'volume', 'amount', 'outstanding_share', 'turnover']
2026-03-11 13:57:42,841 - INFO - [engine.py:99] - ⚡ [600938 中国海油] 盘中数据注入成功！(跳动现价: 41.77)
2026-03-11 13:57:42,843 - DEBUG - [engine.py:104] - 
📊 [600938 中国海油] 最新 3 行切片检查:
             open   high    low  close       volume        amount  turnover                 updated_at
date                                                                                                  
2026-03-09  44.54  44.54  43.00  43.36  213415357.0  9.411870e+09  0.071376 2026-03-11 13:57:42.838990
2026-03-10  39.03  41.66  39.03  40.98  165158546.0  6.646851e+09  0.055237 2026-03-11 13:57:42.838990
2026-03-11  40.20  41.88  40.20  41.77   92279265.0           NaN  0.000000                        NaT

2026-03-11 13:57:43,778 - DEBUG - [akshare_pd.py:78] - 👉 数据列名检查: ['date', 'open', 'high', 'low', 'close', 'volume', 'amount', 'outstanding_share', 'turnover']
2026-03-11 13:57:43,780 - INFO - [engine.py:99] - ⚡ [601899 紫金矿业] 盘中数据注入成功！(跳动现价: 37.16)
2026-03-11 13:57:43,782 - DEBUG - [engine.py:104] - 
📊 [601899 紫金矿业] 最新 3 行切片检查:
             open   high    low  close       volume        amount  turnover                 updated_at
date                                                                                                  
2026-03-09  35.93  36.67  34.86  36.40  390629022.0  1.390525e+10  0.018962 2026-03-11 13:57:43.778968
2026-03-10  36.98  37.54  36.80  37.13  201312398.0  7.475372e+09  0.009772 2026-03-11 13:57:43.778968
2026-03-11  37.50  37.64  37.04  37.16  115507262.0           NaN  0.000000                        NaT

2026-03-11 13:57:44,980 - DEBUG - [akshare_pd.py:78] - 👉 数据列名检查: ['date', 'open', 'high', 'low', 'close', 'volume', 'amount', 'outstanding_share', 'turnover']
2026-03-11 13:57:44,984 - INFO - [engine.py:99] - ⚡ [002490 山东墨龙] 盘中数据注入成功！(跳动现价: 12.28)
2026-03-11 13:57:44,986 - DEBUG - [engine.py:104] - 
📊 [002490 山东墨龙] 最新 3 行切片检查:
             open   high    low  close       volume        amount  turnover                 updated_at
date                                                                                                  
2026-03-09  14.52  14.52  13.13  13.24  196160005.0  2.720520e+09  0.362105 2026-03-11 13:57:44.981137
2026-03-10  11.92  12.48  11.92  11.92  119282517.0  1.433150e+09  0.220191 2026-03-11 13:57:44.981137
2026-03-11  10.99  12.54  10.99  12.28  149468379.0           NaN  0.000000                        NaT

2026-03-11 13:57:46,713 - DEBUG - [akshare_pd.py:78] - 👉 数据列名检查: ['date', 'open', 'high', 'low', 'close', 'volume', 'amount', 'outstanding_share', 'turnover']
2026-03-11 13:57:46,715 - INFO - [engine.py:99] - ⚡ [600522 中天科技] 盘中数据注入成功！(跳动现价: 30.2)
2026-03-11 13:57:46,717 - DEBUG - [engine.py:104] - 
📊 [600522 中天科技] 最新 3 行切片检查:
             open   high    low  close       volume        amount  turnover                 updated_at
date                                                                                                  
2026-03-09  26.37  27.31  25.38   27.2  155402012.0  4.065327e+09  0.045533 2026-03-11 13:57:46.713814
2026-03-10  27.55  29.18  27.41   28.9  168544463.0  4.798302e+09  0.049384 2026-03-11 13:57:46.713814
2026-03-11  29.82  31.66  29.79   30.2  205923656.0           NaN  0.000000                        NaT

2026-03-11 13:57:47,752 - DEBUG - [akshare_pd.py:78] - 👉 数据列名检查: ['date', 'open', 'high', 'low', 'close', 'volume', 'amount', 'outstanding_share', 'turnover']
2026-03-11 13:57:47,755 - INFO - [engine.py:99] - ⚡ [601939 建设银行] 盘中数据注入成功！(跳动现价: 9.01)
2026-03-11 13:57:47,756 - DEBUG - [engine.py:104] - 
📊 [601939 建设银行] 最新 3 行切片检查:
            open  high   low  close       volume        amount  turnover                 updated_at
date                                                                                               
2026-03-09  8.96  9.14  8.93   9.06  152815331.0  1.381533e+09  0.015929 2026-03-11 13:57:47.752619
2026-03-10  9.01  9.04  8.93   8.94   83402353.0  7.477126e+08  0.008693 2026-03-11 13:57:47.752619
2026-03-11  8.94  9.03  8.89   9.01   56258289.0           NaN  0.000000                        NaT

2026-03-11 13:57:48,708 - DEBUG - [akshare_pd.py:78] - 👉 数据列名检查: ['date', 'open', 'high', 'low', 'close', 'volume', 'amount', 'outstanding_share', 'turnover']
2026-03-11 13:57:48,710 - INFO - [engine.py:99] - ⚡ [300528 幸福蓝海] 盘中数据注入成功！(跳动现价: 17.02)
2026-03-11 13:57:48,712 - DEBUG - [engine.py:104] - 
📊 [300528 幸福蓝海] 最新 3 行切片检查:
             open   high    low  close      volume       amount  turnover                 updated_at
date                                                                                                
2026-03-09  17.02  17.30  16.68  17.28  12306835.0  208566151.0  0.033029 2026-03-11 13:57:48.708612
2026-03-10  17.40  17.56  17.23  17.31  10479000.0  181722694.0  0.028123 2026-03-11 13:57:48.708612
2026-03-11  17.35  17.44  17.00  17.02   8395300.0          NaN  0.000000                        NaT

2026-03-11 13:57:49,572 - DEBUG - [akshare_pd.py:78] - 👉 数据列名检查: ['date', 'open', 'high', 'low', 'close', 'volume', 'amount', 'outstanding_share', 'turnover']
2026-03-11 13:57:49,575 - INFO - [engine.py:99] - ⚡ [300502 新易盛] 盘中数据注入成功！(跳动现价: 394.51)
2026-03-11 13:57:49,577 - DEBUG - [engine.py:104] - 
📊 [300502 新易盛] 最新 3 行切片检查:
              open    high     low   close      volume        amount  turnover                 updated_at
date                                                                                                     
2026-03-09  380.00  387.32  369.32  384.00  44166394.0  1.662925e+10  0.049882 2026-03-11 13:57:49.573713
2026-03-10  394.75  401.00  382.59  397.33  42488136.0  1.669605e+10  0.047986 2026-03-11 13:57:49.573713
2026-03-11  400.01  408.00  392.20  394.51  28892728.0           NaN  0.000000                        NaT

2026-03-11 13:57:50,479 - DEBUG - [akshare_pd.py:78] - 👉 数据列名检查: ['date', 'open', 'high', 'low', 'close', 'volume', 'amount', 'outstanding_share', 'turnover']
2026-03-11 13:57:50,482 - INFO - [engine.py:99] - ⚡ [300308 中际旭创] 盘中数据注入成功！(跳动现价: 554.1)
2026-03-11 13:57:50,483 - DEBUG - [engine.py:104] - 
📊 [300308 中际旭创] 最新 3 行切片检查:
             open    high     low   close      volume        amount  turnover                 updated_at
date                                                                                                    
2026-03-09  520.1  528.30  506.00  525.99  31474315.0  1.623065e+10  0.028471 2026-03-11 13:57:50.480612
2026-03-10  540.0  548.98  530.02  547.00  28309414.0  1.534895e+10  0.025608 2026-03-11 13:57:50.480612
2026-03-11  557.0  568.90  553.00  554.10  20536417.0           NaN  0.000000                        NaT

2026-03-11 13:57:51,382 - DEBUG - [akshare_pd.py:78] - 👉 数据列名检查: ['date', 'open', 'high', 'low', 'close', 'volume', 'amount', 'outstanding_share', 'turnover']
2026-03-11 13:57:51,384 - INFO - [engine.py:99] - ⚡ [300750 宁德时代] 盘中数据注入成功！(跳动现价: 395.85)
2026-03-11 13:57:51,386 - DEBUG - [engine.py:104] - 
📊 [300750 宁德时代] 最新 3 行切片检查:
              open    high     low   close      volume        amount  turnover                 updated_at
date                                                                                                     
2026-03-09  348.84  359.85  345.06  357.50  31797613.0  1.121800e+10  0.007470 2026-03-11 13:57:51.382654
2026-03-10  375.00  379.77  366.50  376.30  50741728.0  1.904908e+10  0.011921 2026-03-11 13:57:51.382654
2026-03-11  379.58  403.55  378.98  395.85  47155167.0           NaN  0.000000                        NaT

2026-03-11 13:57:52,272 - DEBUG - [akshare_pd.py:78] - 👉 数据列名检查: ['date', 'open', 'high', 'low', 'close', 'volume', 'amount', 'outstanding_share', 'turnover']
2026-03-11 13:57:52,275 - INFO - [engine.py:99] - ⚡ [002261 拓维信息] 盘中数据注入成功！(跳动现价: 41.6)
2026-03-11 13:57:52,278 - DEBUG - [engine.py:104] - 
📊 [002261 拓维信息] 最新 3 行切片检查:
             open   high    low  close       volume        amount  turnover                 updated_at
date                                                                                                  
2026-03-09  39.49  42.96  37.91  42.96  340835678.0  1.379804e+10  0.297504 2026-03-11 13:57:52.272833
2026-03-10  42.15  44.06  40.72  41.76  313689541.0  1.320427e+10  0.273809 2026-03-11 13:57:52.272833
2026-03-11  41.51  43.89  41.51  41.60  215283926.0           NaN  0.000000                        NaT

2026-03-11 13:57:53,385 - DEBUG - [akshare_pd.py:78] - 👉 数据列名检查: ['date', 'open', 'high', 'low', 'close', 'volume', 'amount', 'outstanding_share', 'turnover']
2026-03-11 13:57:53,389 - INFO - [engine.py:99] - ⚡ [000547 航天发展] 盘中数据注入成功！(跳动现价: 33.73)
2026-03-11 13:57:53,391 - DEBUG - [engine.py:104] - 
📊 [000547 航天发展] 最新 3 行切片检查:
             open   high    low  close       volume        amount  turnover                 updated_at
date                                                                                                  
2026-03-09  31.30  33.32  31.30  32.10  311748689.0  1.016066e+10  0.196177 2026-03-11 13:57:53.385590
2026-03-10  32.51  34.30  32.12  33.66  364988789.0  1.220221e+10  0.229680 2026-03-11 13:57:53.385590
2026-03-11  34.00  34.00  32.80  33.73  231955788.0           NaN  0.000000                        NaT

2026-03-11 13:57:54,628 - DEBUG - [akshare_pd.py:78] - 👉 数据列名检查: ['date', 'open', 'high', 'low', 'close', 'volume', 'amount', 'outstanding_share', 'turnover']
2026-03-11 13:57:54,633 - INFO - [engine.py:99] - ⚡ [000988 华工科技] 盘中数据注入成功！(跳动现价: 132.91)
2026-03-11 13:57:54,636 - DEBUG - [engine.py:104] - 
📊 [000988 华工科技] 最新 3 行切片检查:
              open    high     low   close       volume        amount  turnover                 updated_at
date                                                                                                      
2026-03-09  112.00  119.78  108.50  118.60  135658907.0  1.541769e+10  0.134986 2026-03-11 13:57:54.629291
2026-03-10  119.49  124.00  116.55  123.51  113779973.0  1.363733e+10  0.113216 2026-03-11 13:57:54.629291
2026-03-11  122.99  134.74  122.90  132.91  101527921.0           NaN  0.000000                        NaT

2026-03-11 13:57:55,628 - DEBUG - [akshare_pd.py:78] - 👉 数据列名检查: ['date', 'open', 'high', 'low', 'close', 'volume', 'amount', 'outstanding_share', 'turnover']
2026-03-11 13:57:55,631 - INFO - [engine.py:99] - ⚡ [300394 天孚通信] 盘中数据注入成功！(跳动现价: 331.78)
2026-03-11 13:57:55,633 - DEBUG - [engine.py:104] - 
📊 [300394 天孚通信] 最新 3 行切片检查:
              open    high     low   close      volume        amount  turnover                 updated_at
date                                                                                                     
2026-03-09  306.75  310.48  292.00  306.96  37896546.0  1.136586e+10  0.048845 2026-03-11 13:57:55.629611
2026-03-10  329.00  341.88  325.01  340.48  38050810.0  1.274569e+10  0.049044 2026-03-11 13:57:55.629611
2026-03-11  342.69  344.44  330.03  331.78  21565722.0           NaN  0.000000                        NaT

2026-03-11 13:57:56,521 - DEBUG - [akshare_pd.py:78] - 👉 数据列名检查: ['date', 'open', 'high', 'low', 'close', 'volume', 'amount', 'outstanding_share', 'turnover']
2026-03-11 13:57:56,525 - INFO - [engine.py:99] - ⚡ [002506 协鑫集成] 盘中数据注入成功！(跳动现价: 5.96)
2026-03-11 13:57:56,527 - DEBUG - [engine.py:104] - 
📊 [002506 协鑫集成] 最新 3 行切片检查:
            open  high   low  close        volume        amount  turnover                 updated_at
date                                                                                                
2026-03-09  5.65  6.05  5.65   5.78  1.691455e+09  9.840327e+09  0.289413 2026-03-11 13:57:56.522029
2026-03-10  5.78  6.19  5.60   6.07  1.416593e+09  8.373467e+09  0.242383 2026-03-11 13:57:56.522029
2026-03-11  6.00  6.36  5.80   5.96  1.242951e+09           NaN  0.000000                        NaT

2026-03-11 13:57:57,422 - DEBUG - [akshare_pd.py:78] - 👉 数据列名检查: ['date', 'open', 'high', 'low', 'close', 'volume', 'amount', 'outstanding_share', 'turnover']
2026-03-11 13:57:57,424 - INFO - [engine.py:99] - ⚡ [300274 阳光电源] 盘中数据注入成功！(跳动现价: 170.33)
2026-03-11 13:57:57,426 - DEBUG - [engine.py:104] - 
📊 [300274 阳光电源] 最新 3 行切片检查:
              open    high     low   close       volume        amount  turnover                 updated_at
date                                                                                                      
2026-03-09  148.49  156.85  147.57  155.80   82230094.0  1.267351e+10  0.051726 2026-03-11 13:57:57.422646
2026-03-10  157.99  158.69  153.20  156.10   59341753.0  9.259444e+09  0.037329 2026-03-11 13:57:57.422646
2026-03-11  156.42  175.66  156.39  170.33  126493709.0           NaN  0.000000                        NaT

2026-03-11 13:57:57,522 - INFO - [cloudakpd.py:36] - ============================================================
2026-03-11 13:57:57,522 - INFO - [cloudakpd.py:37] - 📊 [DataCenter] 数据内核启动审计...
2026-03-11 13:57:57,523 - INFO - [cloudakpd.py:38] -    ▫️ 存储模式 : ☁️  云端 (PostgreSQL)
2026-03-11 13:57:57,523 - INFO - [cloudakpd.py:39] -    ▫️ 连接节点 : ep-noisy-dust-a1zv7w56-pooler.ap-southeast-1.aws.neon.tech/neondb
2026-03-11 13:58:01,981 - INFO - [cloudakpd.py:85] - 📂 字段审计完成，当前支持: amount, updated_at, name, volume, low, trade_date, latest_price, open, symbol, high, turnover_rate, is_closed
2026-03-11 13:58:01,982 - INFO - [cloudakpd.py:42] - ============================================================
2026-03-11 13:58:28,470 - INFO - [cloudakpd.py:204] - ---------------------------------------------
2026-03-11 13:58:28,471 - INFO - [cloudakpd.py:205] - 🔍 [审计] 同步完成: 2026-03-11
2026-03-11 13:58:28,471 - INFO - [cloudakpd.py:206] -    ▫️ 标的总数 : 5488 条
2026-03-11 13:58:28,471 - INFO - [cloudakpd.py:207] -    ▫️ 资金状态 : 盘中实时
2026-03-11 13:58:28,472 - INFO - [cloudakpd.py:208] -    ▫️ 存入时间 : 2026-03-11 13:58:26.732338
2026-03-11 13:58:28,474 - INFO - [cloudakpd.py:210] - 
symbol name  open  latest_price  high   low    volume      amount trade_date
920000 安徽凤凰 17.90         17.90 18.20 17.87  556730.0  10037415.0 2026-03-11
920001 纬达光电 19.55         19.80 21.27 19.27 8152228.0 164855693.0 2026-03-11
920002 万达轴承 93.56         93.03 94.50 93.01  592654.0  55542099.0 2026-03-11
2026-03-11 13:58:28,475 - INFO - [cloudakpd.py:211] - ---------------------------------------------
2026-03-11 13:58:33,061 - INFO - [cloudakpd.py:204] - ---------------------------------------------
2026-03-11 13:58:33,062 - INFO - [cloudakpd.py:205] - 🔍 [审计] 读取成功: 2026-03-11
2026-03-11 13:58:33,062 - INFO - [cloudakpd.py:206] -    ▫️ 标的总数 : 5488 条
2026-03-11 13:58:33,062 - INFO - [cloudakpd.py:207] -    ▫️ 资金状态 : 盘中实时
2026-03-11 13:58:33,062 - INFO - [cloudakpd.py:208] -    ▫️ 存入时间 : 2026-03-11 13:58:26.732338
2026-03-11 13:58:33,064 - INFO - [cloudakpd.py:210] - 
symbol name  open  latest_price  high   low    volume      amount trade_date
920000 安徽凤凰 17.90         17.90 18.20 17.87  556730.0  10037415.0 2026-03-11
920001 纬达光电 19.55         19.80 21.27 19.27 8152228.0 164855693.0 2026-03-11
920002 万达轴承 93.56         93.03 94.50 93.01  592654.0  55542099.0 2026-03-11
2026-03-11 13:58:33,064 - INFO - [cloudakpd.py:211] - ---------------------------------------------
2026-03-11 13:58:33,067 - INFO - [ledger.py:266] - ✅ 资产审计完成。当前净资产: 1032791023.72, 云端对齐已完成。
2026-03-11 13:58:33,067 - INFO - [engine.py:161] - ================================================================================
2026-03-11 13:58:33,068 - INFO - [engine.py:162] - 【操作审批纪要 (Execution Summary)】
2026-03-11 13:58:33,068 - INFO - [engine.py:163] - 🔴 002131 (利欧股份) 建议卖出 1 股 | 预估价: 8.32 | 状态: 待老板确认 | 逻辑: 触发最终移动止盈，全仓撤退
2026-03-11 13:58:33,068 - INFO - [engine.py:163] - 🔴 600111 (北方稀土) 建议卖出 1 股 | 预估价: 52.33 | 状态: 待老板确认 | 逻辑: 触发最终移动止盈，全仓撤退
2026-03-11 13:58:33,069 - INFO - [engine.py:163] - 🔴 601899 (紫金矿业) 建议卖出 1 股 | 预估价: 37.16 | 状态: 待老板确认 | 逻辑: 触发最终移动止盈，全仓撤退
2026-03-11 13:58:33,069 - INFO - [engine.py:163] - 🔴 300528 (幸福蓝海) 建议卖出 1 股 | 预估价: 17.02 | 状态: 待老板确认 | 逻辑: 触发最终移动止盈，全仓撤退
2026-03-11 13:58:33,069 - INFO - [engine.py:164] - 🟢 000547 (航天发展) 建议买入 489000 股 | 预估价: 33.73 | 状态: 待老板确认 | 逻辑: 顺势金叉确认，首次建仓
2026-03-11 13:58:33,069 - INFO - [engine.py:168] - 
【持仓状态确认 (Positions Audit)】
2026-03-11 13:58:33,069 - INFO - [engine.py:170] - 🛡️ 600410 (华胜天成) | 持仓 1 股 | 现价: 33.25 | 浮盈: 18.21%
   └─ 买入日期: 历史遗留 | 开仓逻辑: 未知建仓逻辑
2026-03-11 13:58:33,070 - INFO - [engine.py:170] - 🛡️ 601179 (中国西电) | 持仓 860000 股 | 现价: 19.06 | 浮盈: -0.63%
   └─ 买入日期: 2026-03-11 | 开仓逻辑: 顺势金叉确认，首次建仓
2026-03-11 13:58:33,070 - INFO - [engine.py:170] - 🛡️ 600089 (特变电工) | 持仓 529700 股 | 现价: 30.97 | 浮盈: -0.55%
   └─ 买入日期: 2026-03-11 | 开仓逻辑: 顺势金叉确认，首次建仓
2026-03-11 13:58:33,070 - INFO - [engine.py:170] - 🛡️ 600938 (中国海油) | 持仓 1 股 | 现价: 41.77 | 浮盈: 14.44%
   └─ 买入日期: 历史遗留 | 开仓逻辑: 未知建仓逻辑
2026-03-11 13:58:33,070 - INFO - [engine.py:170] - 🛡️ 002490 (山东墨龙) | 持仓 1 股 | 现价: 12.28 | 浮盈: 30.64%
   └─ 买入日期: 历史遗留 | 开仓逻辑: 未知建仓逻辑
2026-03-11 13:58:33,070 - INFO - [engine.py:170] - 🛡️ 600522 (中天科技) | 持仓 300 股 | 现价: 30.20 | 浮盈: 2.60%
   └─ 买入日期: 历史遗留 | 开仓逻辑: 未知建仓逻辑
2026-03-11 13:58:33,070 - INFO - [engine.py:170] - 🛡️ 601939 (建设银行) | 持仓 200 股 | 现价: 9.01 | 浮盈: 4.52%
   └─ 买入日期: 历史遗留 | 开仓逻辑: 未知建仓逻辑
2026-03-11 13:58:33,070 - INFO - [engine.py:174] - ================================================================================
2026-03-11 13:58:33,071 - INFO - [engine.py:175] - 👀 【交易额最大动态监控池 (优胜劣汰拒绝名单)】
2026-03-11 13:58:33,071 - INFO - [engine.py:186] -    - 🚫 观望 300502 (新易盛): 未形成多头排列
2026-03-11 13:58:33,071 - INFO - [engine.py:186] -    - 🚫 观望 300308 (中际旭创): 未满足缩量回踩或放量突破
2026-03-11 13:58:33,071 - INFO - [engine.py:186] -    - 🚫 观望 300750 (宁德时代): 未形成多头排列
2026-03-11 13:58:33,072 - INFO - [engine.py:186] -    - 🚫 观望 002261 (拓维信息): 未形成多头排列
2026-03-11 13:58:33,072 - INFO - [engine.py:186] -    - 🚫 观望 000988 (华工科技): 乖离率偏高 (1.52)
2026-03-11 13:58:33,073 - INFO - [engine.py:186] -    - 🚫 观望 300394 (天孚通信): 未满足缩量回踩或放量突破
2026-03-11 13:58:33,073 - INFO - [engine.py:186] -    - 🚫 观望 002506 (协鑫集成): 乖离率偏高 (1.34)
2026-03-11 13:58:33,073 - INFO - [engine.py:186] -    - 🚫 观望 300274 (阳光电源): 未形成多头排列
2026-03-11 14:00:06,079 - INFO - [config.py:47] - --------------------------------------------------------------------------------
2026-03-11 14:00:06,079 - INFO - [config.py:48] - ⚙️ 【策略参数装载与核对】 -> 依据: trials_20260311_125053.csv
2026-03-11 14:00:06,080 - INFO - [config.py:50] -    - 注入动态寻优参数 : bias_entry_limit: 1.21, ma_long: 130, ma_mid: 30, ma_short: 10, partial_exit_min_profit: 0.2, partial_exit_pct: 0.6, profit_tier1: 0.3, stop_loss_pct: 0.08, trailing_stop_pct: 0.16, trailing_tier1: 0.17, unit_size: 0.33
2026-03-11 14:00:06,080 - INFO - [config.py:51] - --------------------------------------------------------------------------------
2026-03-11 14:00:06,119 - INFO - [cloudakpd.py:36] - ============================================================
2026-03-11 14:00:06,119 - INFO - [cloudakpd.py:37] - 📊 [DataCenter] 数据内核启动审计...
2026-03-11 14:00:06,119 - INFO - [cloudakpd.py:38] -    ▫️ 存储模式 : ☁️  云端 (PostgreSQL)
2026-03-11 14:00:06,119 - INFO - [cloudakpd.py:39] -    ▫️ 连接节点 : ep-noisy-dust-a1zv7w56-pooler.ap-southeast-1.aws.neon.tech/neondb
2026-03-11 14:00:08,998 - INFO - [cloudakpd.py:85] - 📂 字段审计完成，当前支持: turnover_rate, amount, latest_price, trade_date, is_closed, low, volume, updated_at, open, high, name, symbol
2026-03-11 14:00:08,999 - INFO - [cloudakpd.py:42] - ============================================================
2026-03-11 14:00:11,019 - INFO - [cloudakpd.py:204] - ---------------------------------------------
2026-03-11 14:00:11,020 - INFO - [cloudakpd.py:205] - 🔍 [审计] 读取成功: 2026-03-11
2026-03-11 14:00:11,020 - INFO - [cloudakpd.py:206] -    ▫️ 标的总数 : 5488 条
2026-03-11 14:00:11,020 - INFO - [cloudakpd.py:207] -    ▫️ 资金状态 : 盘中实时
2026-03-11 14:00:11,021 - INFO - [cloudakpd.py:208] -    ▫️ 存入时间 : 2026-03-11 13:58:26.732338
2026-03-11 14:00:11,024 - INFO - [cloudakpd.py:210] - 
symbol name  open  latest_price  high   low    volume      amount trade_date
920000 安徽凤凰 17.90         17.90 18.20 17.87  556730.0  10037415.0 2026-03-11
920001 纬达光电 19.55         19.80 21.27 19.27 8152228.0 164855693.0 2026-03-11
920002 万达轴承 93.56         93.03 94.50 93.01  592654.0  55542099.0 2026-03-11
2026-03-11 14:00:11,024 - INFO - [cloudakpd.py:211] - ---------------------------------------------
2026-03-11 14:00:11,025 - INFO - [universe.py:40] - ✅ [UniverseManager] 云端全量快照加载成功，当前监控 5488 只标的。
2026-03-11 14:00:11,025 - INFO - [engine.py:24] - ================================================================================
2026-03-11 14:00:11,025 - INFO - [engine.py:25] -  🚀 启动量化交易实盘中心 (2026-03-11 14:00)
2026-03-11 14:00:11,025 - INFO - [engine.py:26] -    - 📒 人工比对账本 : D:\git\LongTrading\data\live_broker_account.json
2026-03-11 14:00:11,025 - INFO - [engine.py:27] -    - 💸 审计交易流水 : D:\git\LongTrading\data\live_trade_ledger.csv
2026-03-11 14:00:11,027 - INFO - [engine.py:28] - ================================================================================
2026-03-11 14:00:11,031 - WARNING - [ledger.py:64] - 🚨 【对账异常】 000547 系统应有 489000 与 真实持有 0不一致。系统已强制以人工为准重新校准！
2026-03-11 14:00:11,031 - WARNING - [ledger.py:64] - 🚨 【对账异常】 002131 系统应有 0 与 真实持有 1不一致。系统已强制以人工为准重新校准！
2026-03-11 14:00:11,031 - WARNING - [ledger.py:64] - 🚨 【对账异常】 601899 系统应有 0 与 真实持有 1不一致。系统已强制以人工为准重新校准！
2026-03-11 14:00:11,031 - WARNING - [ledger.py:64] - 🚨 【对账异常】 300528 系统应有 0 与 真实持有 1不一致。系统已强制以人工为准重新校准！
2026-03-11 14:00:11,032 - WARNING - [ledger.py:64] - 🚨 【对账异常】 600111 系统应有 0 与 真实持有 1不一致。系统已强制以人工为准重新校准！
2026-03-11 14:00:11,032 - INFO - [engine.py:36] - 📡 正在全盘扫描历史数据与近期快照，构建动态监控池...
2026-03-11 14:00:11,033 - INFO - [universe.py:82] - 📊 正在通过云端 SQL 审计近 20 个交易日的热点标的...
2026-03-11 14:00:11,412 - INFO - [universe.py:129] - ✅ [UniverseManager] 动态股票池已对齐云端，当前池规模: 20
2026-03-11 14:00:11,412 - INFO - [engine.py:38] - 🏦 会计部接管完毕: 可用现金 【1,000,000,000.00 元】，真实持仓 【11 只】，雷达标的 【20 只】。
2026-03-11 14:00:11,412 - INFO - [engine.py:39] - 🎯 监控池构建完毕: 汇聚近 20 日霸榜标的，实盘监控总数: 【20 只】。
2026-03-11 14:00:11,415 - INFO - [engine.py:67] - --------------------------------------------------------------------------------
2026-03-11 14:00:11,415 - INFO - [engine.py:68] - 【盘前资产风控评估 (Pre-Trade NAV Dashboard)】
2026-03-11 14:00:11,415 - INFO - [engine.py:69] -    - 可用现金 (Available Cash) : 1,000,000,000.00
2026-03-11 14:00:11,415 - INFO - [engine.py:70] -    - 持仓成本 (Total Cost)     : 33,000,412.01
2026-03-11 14:00:11,416 - INFO - [engine.py:71] -    - 持仓市值 (Market Value)   : 32,825,331.88
2026-03-11 14:00:11,416 - INFO - [engine.py:72] -    - 净 资 产 (Total Equity)   : 1,032,825,331.88
2026-03-11 14:00:11,416 - INFO - [engine.py:73] -    - 账面浮盈 (Floating PnL)   : -175,080.13 (-0.53%)
2026-03-11 14:00:11,416 - INFO - [engine.py:74] - --------------------------------------------------------------------------------
2026-03-11 14:01:59,689 - INFO - [config.py:47] - --------------------------------------------------------------------------------
2026-03-11 14:01:59,689 - INFO - [config.py:48] - ⚙️ 【策略参数装载与核对】 -> 依据: trials_20260311_125053.csv
2026-03-11 14:01:59,689 - INFO - [config.py:50] -    - 注入动态寻优参数 : bias_entry_limit: 1.21, ma_long: 130, ma_mid: 30, ma_short: 10, partial_exit_min_profit: 0.2, partial_exit_pct: 0.6, profit_tier1: 0.3, stop_loss_pct: 0.08, trailing_stop_pct: 0.16, trailing_tier1: 0.17, unit_size: 0.33
2026-03-11 14:01:59,689 - INFO - [config.py:51] - --------------------------------------------------------------------------------
2026-03-11 14:01:59,718 - INFO - [cloudakpd.py:36] - ============================================================
2026-03-11 14:01:59,719 - INFO - [cloudakpd.py:37] - 📊 [DataCenter] 数据内核启动审计...
2026-03-11 14:01:59,719 - INFO - [cloudakpd.py:38] -    ▫️ 存储模式 : ☁️  云端 (PostgreSQL)
2026-03-11 14:01:59,719 - INFO - [cloudakpd.py:39] -    ▫️ 连接节点 : ep-noisy-dust-a1zv7w56-pooler.ap-southeast-1.aws.neon.tech/neondb
2026-03-11 14:02:02,251 - INFO - [cloudakpd.py:85] - 📂 字段审计完成，当前支持: is_closed, high, latest_price, low, volume, open, amount, turnover_rate, symbol, updated_at, name, trade_date
2026-03-11 14:02:02,252 - INFO - [cloudakpd.py:42] - ============================================================
2026-03-11 14:02:03,761 - INFO - [cloudakpd.py:204] - ---------------------------------------------
2026-03-11 14:02:03,762 - INFO - [cloudakpd.py:205] - 🔍 [审计] 读取成功: 2026-03-11
2026-03-11 14:02:03,762 - INFO - [cloudakpd.py:206] -    ▫️ 标的总数 : 5488 条
2026-03-11 14:02:03,762 - INFO - [cloudakpd.py:207] -    ▫️ 资金状态 : 盘中实时
2026-03-11 14:02:03,762 - INFO - [cloudakpd.py:208] -    ▫️ 存入时间 : 2026-03-11 13:58:26.732338
2026-03-11 14:02:03,765 - INFO - [cloudakpd.py:210] - 
symbol name  open  latest_price  high   low    volume      amount trade_date
920000 安徽凤凰 17.90         17.90 18.20 17.87  556730.0  10037415.0 2026-03-11
920001 纬达光电 19.55         19.80 21.27 19.27 8152228.0 164855693.0 2026-03-11
920002 万达轴承 93.56         93.03 94.50 93.01  592654.0  55542099.0 2026-03-11
2026-03-11 14:02:03,765 - INFO - [cloudakpd.py:211] - ---------------------------------------------
2026-03-11 14:02:03,766 - INFO - [universe.py:40] - ✅ [UniverseManager] 云端全量快照加载成功，当前监控 5488 只标的。
2026-03-11 14:02:03,766 - INFO - [engine.py:24] - ================================================================================
2026-03-11 14:02:03,766 - INFO - [engine.py:25] -  🚀 启动量化交易实盘中心 (2026-03-11 14:02)
2026-03-11 14:02:03,766 - INFO - [engine.py:26] -    - 📒 人工比对账本 : D:\git\LongTrading\data\live_broker_account.json
2026-03-11 14:02:03,766 - INFO - [engine.py:27] -    - 💸 审计交易流水 : D:\git\LongTrading\data\live_trade_ledger.csv
2026-03-11 14:02:03,766 - INFO - [engine.py:28] - ================================================================================
2026-03-11 14:02:03,769 - WARNING - [ledger.py:64] - 🚨 【对账异常】 002131 系统应有 0 与 真实持有 1不一致。系统已强制以人工为准重新校准！
2026-03-11 14:02:03,769 - WARNING - [ledger.py:64] - 🚨 【对账异常】 000547 系统应有 489000 与 真实持有 0不一致。系统已强制以人工为准重新校准！
2026-03-11 14:02:03,770 - WARNING - [ledger.py:64] - 🚨 【对账异常】 600111 系统应有 0 与 真实持有 1不一致。系统已强制以人工为准重新校准！
2026-03-11 14:02:03,770 - WARNING - [ledger.py:64] - 🚨 【对账异常】 300528 系统应有 0 与 真实持有 1不一致。系统已强制以人工为准重新校准！
2026-03-11 14:02:03,770 - WARNING - [ledger.py:64] - 🚨 【对账异常】 601899 系统应有 0 与 真实持有 1不一致。系统已强制以人工为准重新校准！
2026-03-11 14:02:03,770 - INFO - [engine.py:36] - 📡 正在全盘扫描历史数据与近期快照，构建动态监控池...
2026-03-11 14:02:03,770 - INFO - [universe.py:82] - 📊 正在通过云端 SQL 审计近 20 个交易日的热点标的...
2026-03-11 14:02:04,182 - INFO - [universe.py:129] - ✅ [UniverseManager] 动态股票池已对齐云端，当前池规模: 38
2026-03-11 14:02:04,183 - INFO - [engine.py:38] - 🏦 会计部接管完毕: 可用现金 【1,000,000,000.00 元】，真实持仓 【11 只】，雷达标的 【38 只】。
2026-03-11 14:02:04,184 - INFO - [engine.py:39] - 🎯 监控池构建完毕: 汇聚近 20 日霸榜标的，实盘监控总数: 【38 只】。
2026-03-11 14:02:04,187 - INFO - [engine.py:67] - --------------------------------------------------------------------------------
2026-03-11 14:02:04,187 - INFO - [engine.py:68] - 【盘前资产风控评估 (Pre-Trade NAV Dashboard)】
2026-03-11 14:02:04,188 - INFO - [engine.py:69] -    - 可用现金 (Available Cash) : 1,000,000,000.00
2026-03-11 14:02:04,188 - INFO - [engine.py:70] -    - 持仓成本 (Total Cost)     : 33,000,412.01
2026-03-11 14:02:04,188 - INFO - [engine.py:71] -    - 持仓市值 (Market Value)   : 32,825,331.88
2026-03-11 14:02:04,188 - INFO - [engine.py:72] -    - 净 资 产 (Total Equity)   : 1,032,825,331.88
2026-03-11 14:02:04,189 - INFO - [engine.py:73] -    - 账面浮盈 (Floating PnL)   : -175,080.13 (-0.53%)
2026-03-11 14:02:04,189 - INFO - [engine.py:74] - --------------------------------------------------------------------------------
2026-03-11 14:02:05,293 - DEBUG - [akshare_pd.py:78] - 👉 数据列名检查: ['date', 'open', 'high', 'low', 'close', 'volume', 'amount', 'outstanding_share', 'turnover']
2026-03-11 14:02:05,297 - INFO - [engine.py:99] - ⚡ [002131 利欧股份] 盘中数据注入成功！(跳动现价: 8.32)
2026-03-11 14:02:05,299 - DEBUG - [engine.py:104] - 
📊 [002131 利欧股份] 最新 3 行切片检查:
            open  high   low  close       volume        amount  turnover                 updated_at
date                                                                                               
2026-03-09  8.50  8.68  8.27   8.61  537371492.0  4.539095e+09  0.091863 2026-03-11 14:02:05.294268
2026-03-10  8.70  8.86  8.47   8.57  503565074.0  4.351647e+09  0.086084 2026-03-11 14:02:05.294268
2026-03-11  8.53  8.55  8.30   8.32  392682660.0           NaN  0.000000                        NaT

2026-03-11 14:02:06,727 - DEBUG - [akshare_pd.py:78] - 👉 数据列名检查: ['date', 'open', 'high', 'low', 'close', 'volume', 'amount', 'outstanding_share', 'turnover']
2026-03-11 14:02:06,730 - INFO - [engine.py:99] - ⚡ [600410 华胜天成] 盘中数据注入成功！(跳动现价: 32.99)
2026-03-11 14:02:06,731 - DEBUG - [engine.py:104] - 
📊 [600410 华胜天成] 最新 3 行切片检查:
             open   high    low  close       volume        amount  turnover                 updated_at
date                                                                                                  
2026-03-09  28.50  32.60  27.85  30.51  387235359.0  1.152136e+10  0.353158 2026-03-11 14:02:06.727155
2026-03-10  30.51  32.57  29.68  31.83  370505276.0  1.156331e+10  0.337900 2026-03-11 14:02:06.727155
2026-03-11  31.20  34.31  31.19  32.99  316973006.0           NaN  0.000000                        NaT

2026-03-11 14:02:07,960 - DEBUG - [akshare_pd.py:78] - 👉 数据列名检查: ['date', 'open', 'high', 'low', 'close', 'volume', 'amount', 'outstanding_share', 'turnover']
2026-03-11 14:02:07,963 - INFO - [engine.py:99] - ⚡ [601179 中国西电] 盘中数据注入成功！(跳动现价: 19.05)
2026-03-11 14:02:07,964 - DEBUG - [engine.py:104] - 
📊 [601179 中国西电] 最新 3 行切片检查:
             open   high    low  close       volume        amount  turnover                 updated_at
date                                                                                                  
2026-03-09  18.90  20.61  18.89  20.17  534452198.0  1.061643e+10  0.104265 2026-03-11 14:02:07.961083
2026-03-10  20.00  20.65  19.58  19.99  442844017.0  8.876727e+09  0.086394 2026-03-11 14:02:07.961083
2026-03-11  20.01  20.10  18.72  19.05  461233900.0           NaN  0.000000                        NaT

2026-03-11 14:02:09,176 - DEBUG - [akshare_pd.py:78] - 👉 数据列名检查: ['date', 'open', 'high', 'low', 'close', 'volume', 'amount', 'outstanding_share', 'turnover']
2026-03-11 14:02:09,179 - INFO - [engine.py:99] - ⚡ [600089 特变电工] 盘中数据注入成功！(跳动现价: 31.02)
2026-03-11 14:02:09,181 - DEBUG - [engine.py:104] - 
📊 [600089 特变电工] 最新 3 行切片检查:
             open   high    low  close       volume        amount  turnover                 updated_at
date                                                                                                  
2026-03-09  31.81  33.15  31.80  32.76  421073209.0  1.372328e+10  0.083335 2026-03-11 14:02:09.177041
2026-03-10  32.69  32.74  31.65  31.86  353286075.0  1.132871e+10  0.069919 2026-03-11 14:02:09.177041
2026-03-11  31.87  31.90  30.90  31.02  261026326.0           NaN  0.000000                        NaT

2026-03-11 14:02:10,935 - DEBUG - [akshare_pd.py:78] - 👉 数据列名检查: ['date', 'open', 'high', 'low', 'close', 'volume', 'amount', 'outstanding_share', 'turnover']
2026-03-11 14:02:10,938 - INFO - [engine.py:99] - ⚡ [600111 北方稀土] 盘中数据注入成功！(跳动现价: 52.27)
2026-03-11 14:02:10,939 - DEBUG - [engine.py:104] - 
📊 [600111 北方稀土] 最新 3 行切片检查:
             open   high    low  close       volume        amount  turnover                 updated_at
date                                                                                                  
2026-03-09  53.10  54.32  51.67  53.88  102485185.0  5.439987e+09  0.028349 2026-03-11 14:02:10.936450
2026-03-10  54.50  55.13  53.70  53.97   87871621.0  4.759620e+09  0.024307 2026-03-11 14:02:10.936450
2026-03-11  53.38  53.79  52.20  52.27   79058065.0           NaN  0.000000                        NaT

2026-03-11 14:02:11,868 - DEBUG - [akshare_pd.py:78] - 👉 数据列名检查: ['date', 'open', 'high', 'low', 'close', 'volume', 'amount', 'outstanding_share', 'turnover']
2026-03-11 14:02:11,871 - INFO - [engine.py:99] - ⚡ [600938 中国海油] 盘中数据注入成功！(跳动现价: 41.78)
2026-03-11 14:02:11,872 - DEBUG - [engine.py:104] - 
📊 [600938 中国海油] 最新 3 行切片检查:
             open   high    low  close       volume        amount  turnover                 updated_at
date                                                                                                  
2026-03-09  44.54  44.54  43.00  43.36  213415357.0  9.411870e+09  0.071376 2026-03-11 14:02:11.869032
2026-03-10  39.03  41.66  39.03  40.98  165158546.0  6.646851e+09  0.055237 2026-03-11 14:02:11.869032
2026-03-11  40.20  42.08  40.20  41.78   96769365.0           NaN  0.000000                        NaT

2026-03-11 14:02:12,731 - DEBUG - [akshare_pd.py:78] - 👉 数据列名检查: ['date', 'open', 'high', 'low', 'close', 'volume', 'amount', 'outstanding_share', 'turnover']
2026-03-11 14:02:12,733 - INFO - [engine.py:99] - ⚡ [601899 紫金矿业] 盘中数据注入成功！(跳动现价: 37.15)
2026-03-11 14:02:12,735 - DEBUG - [engine.py:104] - 
📊 [601899 紫金矿业] 最新 3 行切片检查:
             open   high    low  close       volume        amount  turnover                 updated_at
date                                                                                                  
2026-03-09  35.93  36.67  34.86  36.40  390629022.0  1.390525e+10  0.018962 2026-03-11 14:02:12.731740
2026-03-10  36.98  37.54  36.80  37.13  201312398.0  7.475372e+09  0.009772 2026-03-11 14:02:12.731740
2026-03-11  37.50  37.64  37.04  37.15  117422009.0           NaN  0.000000                        NaT

2026-03-11 14:02:13,591 - DEBUG - [akshare_pd.py:78] - 👉 数据列名检查: ['date', 'open', 'high', 'low', 'close', 'volume', 'amount', 'outstanding_share', 'turnover']
2026-03-11 14:02:13,594 - INFO - [engine.py:99] - ⚡ [002490 山东墨龙] 盘中数据注入成功！(跳动现价: 12.37)
2026-03-11 14:02:13,595 - DEBUG - [engine.py:104] - 
📊 [002490 山东墨龙] 最新 3 行切片检查:
             open   high    low  close       volume        amount  turnover                 updated_at
date                                                                                                  
2026-03-09  14.52  14.52  13.13  13.24  196160005.0  2.720520e+09  0.362105 2026-03-11 14:02:13.592050
2026-03-10  11.92  12.48  11.92  11.92  119282517.0  1.433150e+09  0.220191 2026-03-11 14:02:13.592050
2026-03-11  10.99  12.54  10.99  12.37  151476779.0           NaN  0.000000                        NaT

2026-03-11 14:02:14,667 - DEBUG - [akshare_pd.py:78] - 👉 数据列名检查: ['date', 'open', 'high', 'low', 'close', 'volume', 'amount', 'outstanding_share', 'turnover']
2026-03-11 14:02:14,670 - INFO - [engine.py:99] - ⚡ [600522 中天科技] 盘中数据注入成功！(跳动现价: 30.1)
2026-03-11 14:02:14,672 - DEBUG - [engine.py:104] - 
📊 [600522 中天科技] 最新 3 行切片检查:
             open   high    low  close       volume        amount  turnover                 updated_at
date                                                                                                  
2026-03-09  26.37  27.31  25.38   27.2  155402012.0  4.065327e+09  0.045533 2026-03-11 14:02:14.668309
2026-03-10  27.55  29.18  27.41   28.9  168544463.0  4.798302e+09  0.049384 2026-03-11 14:02:14.668309
2026-03-11  29.82  31.66  29.79   30.1  208051559.0           NaN  0.000000                        NaT

2026-03-11 14:02:16,554 - DEBUG - [akshare_pd.py:78] - 👉 数据列名检查: ['date', 'open', 'high', 'low', 'close', 'volume', 'amount', 'outstanding_share', 'turnover']
2026-03-11 14:02:16,558 - INFO - [engine.py:99] - ⚡ [601939 建设银行] 盘中数据注入成功！(跳动现价: 9.03)
2026-03-11 14:02:16,560 - DEBUG - [engine.py:104] - 
📊 [601939 建设银行] 最新 3 行切片检查:
            open  high   low  close       volume        amount  turnover                 updated_at
date                                                                                               
2026-03-09  8.96  9.14  8.93   9.06  152815331.0  1.381533e+09  0.015929 2026-03-11 14:02:16.555526
2026-03-10  9.01  9.04  8.93   8.94   83402353.0  7.477126e+08  0.008693 2026-03-11 14:02:16.555526
2026-03-11  8.94  9.04  8.89   9.03   62652343.0           NaN  0.000000                        NaT

2026-03-11 14:02:17,559 - DEBUG - [akshare_pd.py:78] - 👉 数据列名检查: ['date', 'open', 'high', 'low', 'close', 'volume', 'amount', 'outstanding_share', 'turnover']
2026-03-11 14:02:17,562 - INFO - [engine.py:99] - ⚡ [300528 幸福蓝海] 盘中数据注入成功！(跳动现价: 17.0)
2026-03-11 14:02:17,564 - DEBUG - [engine.py:104] - 
📊 [300528 幸福蓝海] 最新 3 行切片检查:
             open   high    low  close      volume       amount  turnover                 updated_at
date                                                                                                
2026-03-09  17.02  17.30  16.68  17.28  12306835.0  208566151.0  0.033029 2026-03-11 14:02:17.560175
2026-03-10  17.40  17.56  17.23  17.31  10479000.0  181722694.0  0.028123 2026-03-11 14:02:17.560175
2026-03-11  17.35  17.44  16.98  17.00   8802360.0          NaN  0.000000                        NaT

2026-03-11 14:02:18,455 - DEBUG - [akshare_pd.py:78] - 👉 数据列名检查: ['date', 'open', 'high', 'low', 'close', 'volume', 'amount', 'outstanding_share', 'turnover']
2026-03-11 14:02:18,457 - INFO - [engine.py:99] - ⚡ [300502 新易盛] 盘中数据注入成功！(跳动现价: 393.6)
2026-03-11 14:02:18,459 - DEBUG - [engine.py:104] - 
📊 [300502 新易盛] 最新 3 行切片检查:
              open    high     low   close      volume        amount  turnover                 updated_at
date                                                                                                     
2026-03-09  380.00  387.32  369.32  384.00  44166394.0  1.662925e+10  0.049882 2026-03-11 14:02:18.455627
2026-03-10  394.75  401.00  382.59  397.33  42488136.0  1.669605e+10  0.047986 2026-03-11 14:02:18.455627
2026-03-11  400.01  408.00  392.20  393.60  29182128.0           NaN  0.000000                        NaT

2026-03-11 14:02:19,720 - DEBUG - [akshare_pd.py:78] - 👉 数据列名检查: ['date', 'open', 'high', 'low', 'close', 'volume', 'amount', 'outstanding_share', 'turnover']
2026-03-11 14:02:19,723 - INFO - [engine.py:99] - ⚡ [300308 中际旭创] 盘中数据注入成功！(跳动现价: 553.2)
2026-03-11 14:02:19,724 - DEBUG - [engine.py:104] - 
📊 [300308 中际旭创] 最新 3 行切片检查:
             open    high     low   close      volume        amount  turnover                 updated_at
date                                                                                                    
2026-03-09  520.1  528.30  506.00  525.99  31474315.0  1.623065e+10  0.028471 2026-03-11 14:02:19.720666
2026-03-10  540.0  548.98  530.02  547.00  28309414.0  1.534895e+10  0.025608 2026-03-11 14:02:19.720666
2026-03-11  557.0  568.90  553.00  553.20  20754217.0           NaN  0.000000                        NaT

2026-03-11 14:02:20,995 - DEBUG - [akshare_pd.py:78] - 👉 数据列名检查: ['date', 'open', 'high', 'low', 'close', 'volume', 'amount', 'outstanding_share', 'turnover']
2026-03-11 14:02:20,998 - INFO - [engine.py:99] - ⚡ [300750 宁德时代] 盘中数据注入成功！(跳动现价: 396.9)
2026-03-11 14:02:21,000 - DEBUG - [engine.py:104] - 
📊 [300750 宁德时代] 最新 3 行切片检查:
              open    high     low  close      volume        amount  turnover                 updated_at
date                                                                                                    
2026-03-09  348.84  359.85  345.06  357.5  31797613.0  1.121800e+10  0.007470 2026-03-11 14:02:20.996623
2026-03-10  375.00  379.77  366.50  376.3  50741728.0  1.904908e+10  0.011921 2026-03-11 14:02:20.996623
2026-03-11  379.58  403.55  378.98  396.9  47877027.0           NaN  0.000000                        NaT

2026-03-11 14:02:22,244 - DEBUG - [akshare_pd.py:78] - 👉 数据列名检查: ['date', 'open', 'high', 'low', 'close', 'volume', 'amount', 'outstanding_share', 'turnover']
2026-03-11 14:02:22,247 - INFO - [engine.py:99] - ⚡ [002261 拓维信息] 盘中数据注入成功！(跳动现价: 41.12)
2026-03-11 14:02:22,251 - DEBUG - [engine.py:104] - 
📊 [002261 拓维信息] 最新 3 行切片检查:
             open   high    low  close       volume        amount  turnover                 updated_at
date                                                                                                  
2026-03-09  39.49  42.96  37.91  42.96  340835678.0  1.379804e+10  0.297504 2026-03-11 14:02:22.244457
2026-03-10  42.15  44.06  40.72  41.76  313689541.0  1.320427e+10  0.273809 2026-03-11 14:02:22.244457
2026-03-11  41.51  43.89  41.12  41.12  219836463.0           NaN  0.000000                        NaT

2026-03-11 14:02:23,337 - DEBUG - [akshare_pd.py:78] - 👉 数据列名检查: ['date', 'open', 'high', 'low', 'close', 'volume', 'amount', 'outstanding_share', 'turnover']
2026-03-11 14:02:23,341 - INFO - [engine.py:99] - ⚡ [000547 航天发展] 盘中数据注入成功！(跳动现价: 33.67)
2026-03-11 14:02:23,342 - DEBUG - [engine.py:104] - 
📊 [000547 航天发展] 最新 3 行切片检查:
             open   high    low  close       volume        amount  turnover                 updated_at
date                                                                                                  
2026-03-09  31.30  33.32  31.30  32.10  311748689.0  1.016066e+10  0.196177 2026-03-11 14:02:23.337134
2026-03-10  32.51  34.30  32.12  33.66  364988789.0  1.220221e+10  0.229680 2026-03-11 14:02:23.337134
2026-03-11  34.00  34.00  32.80  33.67  241609078.0           NaN  0.000000                        NaT

2026-03-11 14:02:24,375 - DEBUG - [akshare_pd.py:78] - 👉 数据列名检查: ['date', 'open', 'high', 'low', 'close', 'volume', 'amount', 'outstanding_share', 'turnover']
2026-03-11 14:02:24,379 - INFO - [engine.py:99] - ⚡ [000988 华工科技] 盘中数据注入成功！(跳动现价: 133.3)
2026-03-11 14:02:24,381 - DEBUG - [engine.py:104] - 
📊 [000988 华工科技] 最新 3 行切片检查:
              open    high     low   close       volume        amount  turnover                 updated_at
date                                                                                                      
2026-03-09  112.00  119.78  108.50  118.60  135658907.0  1.541769e+10  0.134986 2026-03-11 14:02:24.377129
2026-03-10  119.49  124.00  116.55  123.51  113779973.0  1.363733e+10  0.113216 2026-03-11 14:02:24.377129
2026-03-11  122.99  134.74  122.90  133.30  102658385.0           NaN  0.000000                        NaT

2026-03-11 14:02:25,322 - DEBUG - [akshare_pd.py:78] - 👉 数据列名检查: ['date', 'open', 'high', 'low', 'close', 'volume', 'amount', 'outstanding_share', 'turnover']
2026-03-11 14:02:25,324 - INFO - [engine.py:99] - ⚡ [300394 天孚通信] 盘中数据注入成功！(跳动现价: 331.55)
2026-03-11 14:02:25,325 - DEBUG - [engine.py:104] - 
📊 [300394 天孚通信] 最新 3 行切片检查:
              open    high     low   close      volume        amount  turnover                 updated_at
date                                                                                                     
2026-03-09  306.75  310.48  292.00  306.96  37896546.0  1.136586e+10  0.048845 2026-03-11 14:02:25.322686
2026-03-10  329.00  341.88  325.01  340.48  38050810.0  1.274569e+10  0.049044 2026-03-11 14:02:25.322686
2026-03-11  342.69  344.44  330.03  331.55  21784802.0           NaN  0.000000                        NaT

2026-03-11 14:02:26,305 - DEBUG - [akshare_pd.py:78] - 👉 数据列名检查: ['date', 'open', 'high', 'low', 'close', 'volume', 'amount', 'outstanding_share', 'turnover']
2026-03-11 14:02:26,307 - INFO - [engine.py:99] - ⚡ [002506 协鑫集成] 盘中数据注入成功！(跳动现价: 5.9)
2026-03-11 14:02:26,309 - DEBUG - [engine.py:104] - 
📊 [002506 协鑫集成] 最新 3 行切片检查:
            open  high   low  close        volume        amount  turnover                 updated_at
date                                                                                                
2026-03-09  5.65  6.05  5.65   5.78  1.691455e+09  9.840327e+09  0.289413 2026-03-11 14:02:26.305831
2026-03-10  5.78  6.19  5.60   6.07  1.416593e+09  8.373467e+09  0.242383 2026-03-11 14:02:26.305831
2026-03-11  6.00  6.36  5.80   5.90  1.276945e+09           NaN  0.000000                        NaT

2026-03-11 14:02:27,403 - DEBUG - [akshare_pd.py:78] - 👉 数据列名检查: ['date', 'open', 'high', 'low', 'close', 'volume', 'amount', 'outstanding_share', 'turnover']
2026-03-11 14:02:27,406 - INFO - [engine.py:99] - ⚡ [300274 阳光电源] 盘中数据注入成功！(跳动现价: 169.97)
2026-03-11 14:02:27,407 - DEBUG - [engine.py:104] - 
📊 [300274 阳光电源] 最新 3 行切片检查:
              open    high     low   close       volume        amount  turnover                 updated_at
date                                                                                                      
2026-03-09  148.49  156.85  147.57  155.80   82230094.0  1.267351e+10  0.051726 2026-03-11 14:02:27.404522
2026-03-10  157.99  158.69  153.20  156.10   59341753.0  9.259444e+09  0.037329 2026-03-11 14:02:27.404522
2026-03-11  156.42  175.66  156.39  169.97  128399672.0           NaN  0.000000                        NaT

2026-03-11 14:02:28,424 - DEBUG - [akshare_pd.py:78] - 👉 数据列名检查: ['date', 'open', 'high', 'low', 'close', 'volume', 'amount', 'outstanding_share', 'turnover']
2026-03-11 14:02:28,427 - INFO - [engine.py:99] - ⚡ [002384 东山精密] 盘中数据注入成功！(跳动现价: 104.28)
2026-03-11 14:02:28,429 - DEBUG - [engine.py:104] - 
📊 [002384 东山精密] 最新 3 行切片检查:
              open    high     low   close      volume        amount  turnover                 updated_at
date                                                                                                     
2026-03-09   90.30   98.50   87.19   98.24  90442577.0  8.286012e+09  0.065239 2026-03-11 14:02:28.424707
2026-03-10  102.00  108.06  101.20  108.06  91333198.0  9.599794e+09  0.065882 2026-03-11 14:02:28.424707
2026-03-11  109.33  111.65  103.71  104.28  76275989.0           NaN  0.000000                        NaT

2026-03-11 14:02:30,380 - DEBUG - [akshare_pd.py:78] - 👉 数据列名检查: ['date', 'open', 'high', 'low', 'close', 'volume', 'amount', 'outstanding_share', 'turnover']
2026-03-11 14:02:30,383 - INFO - [engine.py:99] - ⚡ [600498 烽火通信] 盘中数据注入成功！(跳动现价: 56.74)
2026-03-11 14:02:30,385 - DEBUG - [engine.py:104] - 
📊 [600498 烽火通信] 最新 3 行切片检查:
             open   high    low  close       volume        amount  turnover                 updated_at
date                                                                                                  
2026-03-09  50.86  52.20  47.60  52.00  124158461.0  6.161074e+09  0.097638 2026-03-11 14:02:30.380210
2026-03-10  53.00  57.20  52.71  57.20  144011656.0  8.010268e+09  0.113250 2026-03-11 14:02:30.380210
2026-03-11  58.60  61.78  56.66  56.74  164416394.0           NaN  0.000000                        NaT

2026-03-11 14:02:31,250 - DEBUG - [akshare_pd.py:78] - 👉 数据列名检查: ['date', 'open', 'high', 'low', 'close', 'volume', 'amount', 'outstanding_share', 'turnover']
2026-03-11 14:02:31,252 - INFO - [engine.py:99] - ⚡ [601868 中国能建] 盘中数据注入成功！(跳动现价: 3.45)
2026-03-11 14:02:31,253 - DEBUG - [engine.py:104] - 
📊 [601868 中国能建] 最新 3 行切片检查:
            open  high   low  close        volume        amount  turnover                 updated_at
date                                                                                                
2026-03-09  2.95  3.05  2.90   2.94  3.310056e+09  9.812071e+09  0.102072 2026-03-11 14:02:31.251173
2026-03-10  2.98  3.23  2.87   3.14  3.231616e+09  9.989403e+09  0.099653 2026-03-11 14:02:31.251173
2026-03-11  3.15  3.45  3.09   3.45  1.867295e+09           NaN  0.000000                        NaT

2026-03-11 14:02:32,343 - DEBUG - [akshare_pd.py:78] - 👉 数据列名检查: ['date', 'open', 'high', 'low', 'close', 'volume', 'amount', 'outstanding_share', 'turnover']
2026-03-11 14:02:32,345 - INFO - [engine.py:99] - ⚡ [002202 金风科技] 盘中数据注入成功！(跳动现价: 30.01)
2026-03-11 14:02:32,347 - DEBUG - [engine.py:104] - 
📊 [002202 金风科技] 最新 3 行切片检查:
             open   high    low  close       volume        amount  turnover                 updated_at
date                                                                                                  
2026-03-09  27.70  28.58  27.50  28.47  197276190.0  5.538672e+09  0.058652 2026-03-11 14:02:32.343665
2026-03-10  28.59  29.20  28.23  28.48  201005873.0  5.763493e+09  0.059761 2026-03-11 14:02:32.343665
2026-03-11  28.51  31.00  27.82  30.01  358894457.0           NaN  0.000000                        NaT

2026-03-11 14:02:33,450 - DEBUG - [akshare_pd.py:78] - 👉 数据列名检查: ['date', 'open', 'high', 'low', 'close', 'volume', 'amount', 'outstanding_share', 'turnover']
2026-03-11 14:02:33,453 - INFO - [engine.py:99] - ⚡ [300476 胜宏科技] 盘中数据注入成功！(跳动现价: 284.35)
2026-03-11 14:02:33,454 - DEBUG - [engine.py:104] - 
📊 [300476 胜宏科技] 最新 3 行切片检查:
              open    high    low   close      volume        amount  turnover                 updated_at
date                                                                                                    
2026-03-09  270.00  271.81  260.2  270.04  32894179.0  8.713586e+09  0.038384 2026-03-11 14:02:33.450798
2026-03-10  278.00  289.99  276.5  289.00  39657754.0  1.130852e+10  0.046276 2026-03-11 14:02:33.450798
2026-03-11  288.99  290.55  283.8  284.35  22311815.0           NaN  0.000000                        NaT

2026-03-11 14:02:34,393 - DEBUG - [akshare_pd.py:78] - 👉 数据列名检查: ['date', 'open', 'high', 'low', 'close', 'volume', 'amount', 'outstanding_share', 'turnover']
2026-03-11 14:02:34,397 - INFO - [engine.py:99] - ⚡ [300017 网宿科技] 盘中数据注入成功！(跳动现价: 19.39)
2026-03-11 14:02:34,398 - DEBUG - [engine.py:104] - 
📊 [300017 网宿科技] 最新 3 行切片检查:
             open   high    low  close       volume        amount  turnover                 updated_at
date                                                                                                  
2026-03-09  18.00  20.24  17.81  20.03  626705917.0  1.182061e+10  0.271866 2026-03-11 14:02:34.393992
2026-03-10  20.65  21.48  19.40  20.39  568261968.0  1.155532e+10  0.246513 2026-03-11 14:02:34.393992
2026-03-11  20.20  20.38  19.38  19.39  323765018.0           NaN  0.000000                        NaT

2026-03-11 14:02:36,394 - DEBUG - [akshare_pd.py:78] - 👉 数据列名检查: ['date', 'open', 'high', 'low', 'close', 'volume', 'amount', 'outstanding_share', 'turnover']
2026-03-11 14:02:36,397 - INFO - [engine.py:99] - ⚡ [600487 亨通光电] 盘中数据注入成功！(跳动现价: 50.8)
2026-03-11 14:02:36,398 - DEBUG - [engine.py:104] - 
📊 [600487 亨通光电] 最新 3 行切片检查:
             open   high    low  close       volume        amount  turnover                 updated_at
date                                                                                                  
2026-03-09  45.81  46.16  43.59  45.72  160204750.0  7.118931e+09  0.065519 2026-03-11 14:02:36.394885
2026-03-10  46.72  50.20  46.72  49.99  153667766.0  7.447927e+09  0.062845 2026-03-11 14:02:36.394885
2026-03-11  51.00  54.30  50.63  50.80  145106659.0           NaN  0.000000                        NaT

2026-03-11 14:02:37,364 - DEBUG - [akshare_pd.py:78] - 👉 数据列名检查: ['date', 'open', 'high', 'low', 'close', 'volume', 'amount', 'outstanding_share', 'turnover']
2026-03-11 14:02:37,366 - INFO - [engine.py:99] - ⚡ [002475 立讯精密] 盘中数据注入成功！(跳动现价: 50.11)
2026-03-11 14:02:37,367 - DEBUG - [engine.py:104] - 
📊 [002475 立讯精密] 最新 3 行切片检查:
             open   high    low  close       volume        amount  turnover                 updated_at
date                                                                                                  
2026-03-09  46.27  46.62  45.43  46.50   97374939.0  4.484441e+09  0.013395 2026-03-11 14:02:37.364524
2026-03-10  47.20  49.70  47.20  49.39  181409372.0  8.875108e+09  0.024956 2026-03-11 14:02:37.364524
2026-03-11  49.45  50.88  49.28  50.11  148183325.0           NaN  0.000000                        NaT

2026-03-11 14:02:38,434 - DEBUG - [akshare_pd.py:78] - 👉 数据列名检查: ['date', 'open', 'high', 'low', 'close', 'volume', 'amount', 'outstanding_share', 'turnover']
2026-03-11 14:02:38,437 - INFO - [engine.py:99] - ⚡ [600759 洲际油气] 盘中数据注入成功！(跳动现价: 7.67)
2026-03-11 14:02:38,439 - DEBUG - [engine.py:104] - 
📊 [600759 洲际油气] 最新 3 行切片检查:
            open  high   low  close        volume        amount  turnover                 updated_at
date                                                                                                
2026-03-09  9.06  9.06  8.30   8.32  1.252567e+09  1.101528e+10  0.302283 2026-03-11 14:02:38.434469
2026-03-10  7.49  7.75  7.49   7.49  7.200396e+08  5.425945e+09  0.173768 2026-03-11 14:02:38.434469
2026-03-11  7.10  7.72  6.91   7.67  7.007954e+08           NaN  0.000000                        NaT

2026-03-11 14:02:39,749 - DEBUG - [akshare_pd.py:78] - 👉 数据列名检查: ['date', 'open', 'high', 'low', 'close', 'volume', 'amount', 'outstanding_share', 'turnover']
2026-03-11 14:02:39,752 - INFO - [engine.py:99] - ⚡ [002594 比亚迪] 盘中数据注入成功！(跳动现价: 99.1)
2026-03-11 14:02:39,753 - DEBUG - [engine.py:104] - 
📊 [002594 比亚迪] 最新 3 行切片检查:
             open    high    low  close       volume        amount  turnover                 updated_at
date                                                                                                   
2026-03-09  93.62   98.00  93.00  97.52  109340899.0  1.056249e+10  0.031355 2026-03-11 14:02:39.750502
2026-03-10  97.18   97.49  96.08  96.60   50746243.0  4.907397e+09  0.014552 2026-03-11 14:02:39.750502
2026-03-11  96.75  100.34  95.67  99.10   78574184.0           NaN  0.000000                        NaT

2026-03-11 14:02:40,778 - DEBUG - [akshare_pd.py:78] - 👉 数据列名检查: ['date', 'open', 'high', 'low', 'close', 'volume', 'amount', 'outstanding_share', 'turnover']
2026-03-11 14:02:40,780 - INFO - [engine.py:99] - ⚡ [300475 香农芯创] 盘中数据注入成功！(跳动现价: 156.84)
2026-03-11 14:02:40,781 - DEBUG - [engine.py:104] - 
📊 [300475 香农芯创] 最新 3 行切片检查:
              open    high     low   close      volume        amount  turnover                 updated_at
date                                                                                                     
2026-03-09  149.01  158.67  145.00  157.80  37749133.0  5.748262e+09  0.084757 2026-03-11 14:02:40.779109
2026-03-10  160.20  165.32  158.58  161.85  36564689.0  5.932588e+09  0.082098 2026-03-11 14:02:40.779109
2026-03-11  160.51  162.22  155.58  156.84  24755062.0           NaN  0.000000                        NaT

2026-03-11 14:02:41,711 - DEBUG - [akshare_pd.py:78] - 👉 数据列名检查: ['date', 'open', 'high', 'low', 'close', 'volume', 'amount', 'outstanding_share', 'turnover']
2026-03-11 14:02:41,713 - INFO - [engine.py:99] - ⚡ [002281 光迅科技] 盘中数据注入成功！(跳动现价: 90.76)
2026-03-11 14:02:41,714 - DEBUG - [engine.py:104] - 
📊 [002281 光迅科技] 最新 3 行切片检查:
             open   high    low  close      volume        amount  turnover                 updated_at
date                                                                                                 
2026-03-09  77.95  78.86  72.33  78.33  64519089.0  4.852562e+09  0.082772 2026-03-11 14:02:41.711851
2026-03-10  78.99  86.16  78.99  86.16  55409530.0  4.557438e+09  0.071085 2026-03-11 14:02:41.711851
2026-03-11  90.68  93.00  89.00  90.76  82425008.0           NaN  0.000000                        NaT

2026-03-11 14:02:43,420 - DEBUG - [akshare_pd.py:78] - 👉 数据列名检查: ['date', 'open', 'high', 'low', 'close', 'volume', 'amount', 'outstanding_share', 'turnover']
2026-03-11 14:02:43,424 - INFO - [engine.py:99] - ⚡ [600703 三安光电] 盘中数据注入成功！(跳动现价: 17.04)
2026-03-11 14:02:43,426 - DEBUG - [engine.py:104] - 
📊 [600703 三安光电] 最新 3 行切片检查:
             open   high    low  close       volume        amount  turnover                 updated_at
date                                                                                                  
2026-03-09  16.32  16.55  15.71  16.38  262794548.0  4.241215e+09  0.052675 2026-03-11 14:02:43.420614
2026-03-10  16.50  16.50  15.90  16.11  190315789.0  3.072166e+09  0.038147 2026-03-11 14:02:43.420614
2026-03-11  16.15  17.42  16.05  17.04  291102185.0           NaN  0.000000                        NaT

2026-03-11 14:02:45,401 - DEBUG - [akshare_pd.py:78] - 👉 数据列名检查: ['date', 'open', 'high', 'low', 'close', 'volume', 'amount', 'outstanding_share', 'turnover']
2026-03-11 14:02:45,404 - INFO - [engine.py:99] - ⚡ [601857 中国石油] 盘中数据注入成功！(跳动现价: 12.02)
2026-03-11 14:02:45,406 - DEBUG - [engine.py:104] - 
📊 [601857 中国石油] 最新 3 行切片检查:
             open   high    low  close       volume        amount  turnover                 updated_at
date                                                                                                  
2026-03-09  13.48  13.48  12.91  12.92  817445288.0  1.076400e+10  0.005048 2026-03-11 14:02:45.401989
2026-03-10  12.18  12.30  11.78  11.99  524362917.0  6.301324e+09  0.003238 2026-03-11 14:02:45.401989
2026-03-11  11.78  12.05  11.65  12.02  342356255.0           NaN  0.000000                        NaT

2026-03-11 14:02:46,664 - DEBUG - [akshare_pd.py:78] - 👉 数据列名检查: ['date', 'open', 'high', 'low', 'close', 'volume', 'amount', 'outstanding_share', 'turnover']
2026-03-11 14:02:46,668 - INFO - [engine.py:99] - ⚡ [002195 岩山科技] 盘中数据注入成功！(跳动现价: 10.7)
2026-03-11 14:02:46,669 - DEBUG - [engine.py:104] - 
📊 [002195 岩山科技] 最新 3 行切片检查:
             open   high    low  close       volume        amount  turnover                 updated_at
date                                                                                                  
2026-03-09  10.52  10.73  10.46  10.65  488647965.0  5.175943e+09  0.087239 2026-03-11 14:02:46.665037
2026-03-10  10.72  10.75  10.38  10.52  460576916.0  4.850971e+09  0.082227 2026-03-11 14:02:46.665037
2026-03-11  10.60  10.97  10.31  10.70  595199968.0           NaN  0.000000                        NaT

2026-03-11 14:02:47,843 - DEBUG - [akshare_pd.py:78] - 👉 数据列名检查: ['date', 'open', 'high', 'low', 'close', 'volume', 'amount', 'outstanding_share', 'turnover']
2026-03-11 14:02:47,845 - INFO - [engine.py:99] - ⚡ [300014 亿纬锂能] 盘中数据注入成功！(跳动现价: 67.58)
2026-03-11 14:02:47,846 - DEBUG - [engine.py:104] - 
📊 [300014 亿纬锂能] 最新 3 行切片检查:
             open   high    low  close       volume        amount  turnover                 updated_at
date                                                                                                  
2026-03-09  59.70  62.50  58.36  62.28   59208676.0  3.611984e+09  0.029607 2026-03-11 14:02:47.843772
2026-03-10  62.71  63.85  62.50  62.98   40868830.0  2.583041e+09  0.020436 2026-03-11 14:02:47.843772
2026-03-11  62.76  69.67  62.70  67.58  112225312.0           NaN  0.000000                        NaT

2026-03-11 14:02:48,889 - DEBUG - [akshare_pd.py:78] - 👉 数据列名检查: ['date', 'open', 'high', 'low', 'close', 'volume', 'amount', 'outstanding_share', 'turnover']
2026-03-11 14:02:48,892 - INFO - [engine.py:99] - ⚡ [600989 宝丰能源] 盘中数据注入成功！(跳动现价: 31.85)
2026-03-11 14:02:48,893 - DEBUG - [engine.py:104] - 
📊 [600989 宝丰能源] 最新 3 行切片检查:
             open   high    low  close       volume        amount  turnover                 updated_at
date                                                                                                  
2026-03-09  31.49  31.49  30.07  30.64  316806474.0  9.873710e+09  0.043201 2026-03-11 14:02:48.889684
2026-03-10  27.58  29.88  27.58  28.95  246527995.0  7.083563e+09  0.033617 2026-03-11 14:02:48.889684
2026-03-11  28.35  31.85  28.35  31.85  213955821.0           NaN  0.000000                        NaT

2026-03-11 14:02:49,938 - DEBUG - [akshare_pd.py:78] - 👉 数据列名检查: ['date', 'open', 'high', 'low', 'close', 'volume', 'amount', 'outstanding_share', 'turnover']
2026-03-11 14:02:49,941 - INFO - [engine.py:99] - ⚡ [600875 东方电气] 盘中数据注入成功！(跳动现价: 40.88)
2026-03-11 14:02:49,943 - DEBUG - [engine.py:104] - 
📊 [600875 东方电气] 最新 3 行切片检查:
             open   high    low  close       volume        amount  turnover                 updated_at
date                                                                                                  
2026-03-09  42.11  43.80  41.63  43.00  141944816.0  6.042191e+09  0.062714 2026-03-11 14:02:49.938139
2026-03-10  43.06  44.06  41.75  42.16  127077622.0  5.414091e+09  0.056145 2026-03-11 14:02:49.938139
2026-03-11  42.50  42.62  40.41  40.88  104894268.0           NaN  0.000000                        NaT

2026-03-11 14:02:50,145 - INFO - [cloudakpd.py:36] - ============================================================
2026-03-11 14:02:50,145 - INFO - [cloudakpd.py:37] - 📊 [DataCenter] 数据内核启动审计...
2026-03-11 14:02:50,145 - INFO - [cloudakpd.py:38] -    ▫️ 存储模式 : ☁️  云端 (PostgreSQL)
2026-03-11 14:02:50,145 - INFO - [cloudakpd.py:39] -    ▫️ 连接节点 : ep-noisy-dust-a1zv7w56-pooler.ap-southeast-1.aws.neon.tech/neondb
2026-03-11 14:02:52,793 - INFO - [cloudakpd.py:85] - 📂 字段审计完成，当前支持: is_closed, high, latest_price, low, volume, open, amount, turnover_rate, symbol, updated_at, name, trade_date
2026-03-11 14:02:52,794 - INFO - [cloudakpd.py:42] - ============================================================
2026-03-11 14:02:53,802 - INFO - [cloudakpd.py:136] - ⏳ 数据保鲜期内 (上次同步: 13:58)，跳过同步。
2026-03-11 14:02:55,473 - INFO - [cloudakpd.py:204] - ---------------------------------------------
2026-03-11 14:02:55,473 - INFO - [cloudakpd.py:205] - 🔍 [审计] 读取成功: 2026-03-11
2026-03-11 14:02:55,473 - INFO - [cloudakpd.py:206] -    ▫️ 标的总数 : 5488 条
2026-03-11 14:02:55,473 - INFO - [cloudakpd.py:207] -    ▫️ 资金状态 : 盘中实时
2026-03-11 14:02:55,473 - INFO - [cloudakpd.py:208] -    ▫️ 存入时间 : 2026-03-11 13:58:26.732338
2026-03-11 14:02:55,475 - INFO - [cloudakpd.py:210] - 
symbol name  open  latest_price  high   low    volume      amount trade_date
920000 安徽凤凰 17.90         17.90 18.20 17.87  556730.0  10037415.0 2026-03-11
920001 纬达光电 19.55         19.80 21.27 19.27 8152228.0 164855693.0 2026-03-11
920002 万达轴承 93.56         93.03 94.50 93.01  592654.0  55542099.0 2026-03-11
2026-03-11 14:02:55,476 - INFO - [cloudakpd.py:211] - ---------------------------------------------
2026-03-11 14:02:55,479 - INFO - [ledger.py:266] - ✅ 资产审计完成。当前净资产: 1032814895.81, 云端对齐已完成。
2026-03-11 14:02:55,479 - INFO - [engine.py:161] - ================================================================================
2026-03-11 14:02:55,479 - INFO - [engine.py:162] - 【操作审批纪要 (Execution Summary)】
2026-03-11 14:02:55,480 - INFO - [engine.py:163] - 🔴 002131 (利欧股份) 建议卖出 1 股 | 预估价: 8.32 | 状态: 待老板确认 | 逻辑: 触发最终移动止盈，全仓撤退
2026-03-11 14:02:55,480 - INFO - [engine.py:163] - 🔴 600111 (北方稀土) 建议卖出 1 股 | 预估价: 52.27 | 状态: 待老板确认 | 逻辑: 触发最终移动止盈，全仓撤退
2026-03-11 14:02:55,480 - INFO - [engine.py:163] - 🔴 601899 (紫金矿业) 建议卖出 1 股 | 预估价: 37.15 | 状态: 待老板确认 | 逻辑: 触发最终移动止盈，全仓撤退
2026-03-11 14:02:55,480 - INFO - [engine.py:163] - 🔴 300528 (幸福蓝海) 建议卖出 1 股 | 预估价: 17.00 | 状态: 待老板确认 | 逻辑: 触发最终移动止盈，全仓撤退
2026-03-11 14:02:55,480 - INFO - [engine.py:164] - 🟢 000547 (航天发展) 建议买入 257800 股 | 预估价: 33.67 | 状态: 待老板确认 | 逻辑: 顺势金叉确认，首次建仓
2026-03-11 14:02:55,480 - INFO - [engine.py:164] - 🟢 002202 (金风科技) 建议买入 289200 股 | 预估价: 30.01 | 状态: 待老板确认 | 逻辑: 顺势金叉确认，首次建仓
2026-03-11 14:02:55,481 - INFO - [engine.py:164] - 🟢 600703 (三安光电) 建议买入 509400 股 | 预估价: 17.04 | 状态: 待老板确认 | 逻辑: 顺势金叉确认，首次建仓
2026-03-11 14:02:55,481 - INFO - [engine.py:164] - 🟢 601857 (中国石油) 建议买入 722200 股 | 预估价: 12.02 | 状态: 待老板确认 | 逻辑: 顺势金叉确认，首次建仓
2026-03-11 14:02:55,481 - INFO - [engine.py:168] - 
【持仓状态确认 (Positions Audit)】
2026-03-11 14:02:55,481 - INFO - [engine.py:170] - 🛡️ 600410 (华胜天成) | 持仓 1 股 | 现价: 32.99 | 浮盈: 17.29%
   └─ 买入日期: 历史遗留 | 开仓逻辑: 未知建仓逻辑
2026-03-11 14:02:55,481 - INFO - [engine.py:170] - 🛡️ 601179 (中国西电) | 持仓 860000 股 | 现价: 19.05 | 浮盈: -0.68%
   └─ 买入日期: 2026-03-11 | 开仓逻辑: 顺势金叉确认，首次建仓
2026-03-11 14:02:55,481 - INFO - [engine.py:170] - 🛡️ 600089 (特变电工) | 持仓 529700 股 | 现价: 31.02 | 浮盈: -0.39%
   └─ 买入日期: 2026-03-11 | 开仓逻辑: 顺势金叉确认，首次建仓
2026-03-11 14:02:55,482 - INFO - [engine.py:170] - 🛡️ 600938 (中国海油) | 持仓 1 股 | 现价: 41.78 | 浮盈: 14.47%
   └─ 买入日期: 历史遗留 | 开仓逻辑: 未知建仓逻辑
2026-03-11 14:02:55,482 - INFO - [engine.py:170] - 🛡️ 002490 (山东墨龙) | 持仓 1 股 | 现价: 12.37 | 浮盈: 31.60%
   └─ 买入日期: 历史遗留 | 开仓逻辑: 未知建仓逻辑
2026-03-11 14:02:55,482 - INFO - [engine.py:170] - 🛡️ 600522 (中天科技) | 持仓 300 股 | 现价: 30.10 | 浮盈: 2.26%
   └─ 买入日期: 历史遗留 | 开仓逻辑: 未知建仓逻辑
2026-03-11 14:02:55,483 - INFO - [engine.py:170] - 🛡️ 601939 (建设银行) | 持仓 200 股 | 现价: 9.03 | 浮盈: 4.76%
   └─ 买入日期: 历史遗留 | 开仓逻辑: 未知建仓逻辑
2026-03-11 14:02:55,483 - INFO - [engine.py:174] - ================================================================================
2026-03-11 14:02:55,484 - INFO - [engine.py:175] - 👀 【交易额最大动态监控池 (优胜劣汰拒绝名单)】
2026-03-11 14:02:55,484 - INFO - [engine.py:186] -    - 🚫 观望 300502 (新易盛): 未形成多头排列
2026-03-11 14:02:55,484 - INFO - [engine.py:186] -    - 🚫 观望 300308 (中际旭创): 未满足缩量回踩或放量突破
2026-03-11 14:02:55,485 - INFO - [engine.py:186] -    - 🚫 观望 300750 (宁德时代): 未形成多头排列
2026-03-11 14:02:55,485 - INFO - [engine.py:186] -    - 🚫 观望 002261 (拓维信息): 未形成多头排列
2026-03-11 14:02:55,486 - INFO - [engine.py:186] -    - 🚫 观望 000988 (华工科技): 乖离率偏高 (1.53)
2026-03-11 14:02:55,486 - INFO - [engine.py:186] -    - 🚫 观望 300394 (天孚通信): 未满足缩量回踩或放量突破
2026-03-11 14:02:55,486 - INFO - [engine.py:186] -    - 🚫 观望 002506 (协鑫集成): 乖离率偏高 (1.33)
2026-03-11 14:02:55,487 - INFO - [engine.py:186] -    - 🚫 观望 300274 (阳光电源): 未形成多头排列
2026-03-11 14:02:55,487 - INFO - [engine.py:186] -    - 🚫 观望 002384 (东山精密): 乖离率偏高 (1.27)
2026-03-11 14:02:55,487 - INFO - [engine.py:186] -    - 🚫 观望 600498 (烽火通信): 乖离率偏高 (1.25)
2026-03-11 14:02:55,488 - INFO - [engine.py:186] -    - 🚫 观望 601868 (中国能建): 未形成多头排列
2026-03-11 14:02:55,488 - INFO - [engine.py:186] -    - 🚫 观望 300476 (胜宏科技): 未形成多头排列
2026-03-11 14:02:55,488 - INFO - [engine.py:186] -    - 🚫 观望 300017 (网宿科技): 未满足缩量回踩或放量突破
2026-03-11 14:02:55,488 - INFO - [engine.py:186] -    - 🚫 观望 600487 (亨通光电): 乖离率偏高 (1.28)
2026-03-11 14:02:55,489 - INFO - [engine.py:186] -    - 🚫 观望 002475 (立讯精密): 未形成多头排列
2026-03-11 14:02:55,489 - INFO - [engine.py:186] -    - 🚫 观望 600759 (洲际油气): 乖离率偏高 (1.31)
2026-03-11 14:02:55,489 - INFO - [engine.py:186] -    - 🚫 观望 002594 (比亚迪): 未形成多头排列
2026-03-11 14:02:55,490 - INFO - [engine.py:186] -    - 🚫 观望 300475 (香农芯创): 未满足缩量回踩或放量突破
2026-03-11 14:02:55,490 - INFO - [engine.py:186] -    - 🚫 观望 002281 (光迅科技): 乖离率偏高 (1.23)
2026-03-11 14:02:55,490 - INFO - [engine.py:186] -    - 🚫 观望 002195 (岩山科技): 未满足缩量回踩或放量突破
2026-03-11 14:02:55,491 - INFO - [engine.py:186] -    - 🚫 观望 300014 (亿纬锂能): 未形成多头排列
2026-03-11 14:02:55,491 - INFO - [engine.py:186] -    - 🚫 观望 600989 (宝丰能源): 乖离率偏高 (1.30)
2026-03-11 14:02:55,491 - INFO - [engine.py:186] -    - 🚫 观望 600875 (东方电气): 乖离率偏高 (1.27)
2026-03-11 14:07:31,467 - INFO - [config.py:47] - --------------------------------------------------------------------------------
2026-03-11 14:07:31,467 - INFO - [config.py:48] - ⚙️ 【策略参数装载与核对】 -> 依据: trials_20260311_125053.csv
2026-03-11 14:07:31,467 - INFO - [config.py:50] -    - 注入动态寻优参数 : bias_entry_limit: 1.21, ma_long: 130, ma_mid: 30, ma_short: 10, partial_exit_min_profit: 0.2, partial_exit_pct: 0.6, profit_tier1: 0.3, stop_loss_pct: 0.08, trailing_stop_pct: 0.16, trailing_tier1: 0.17, unit_size: 0.33
2026-03-11 14:07:31,467 - INFO - [config.py:51] - --------------------------------------------------------------------------------
2026-03-11 14:07:31,500 - INFO - [cloudakpd.py:36] - ============================================================
2026-03-11 14:07:31,501 - INFO - [cloudakpd.py:37] - 📊 [DataCenter] 数据内核启动审计...
2026-03-11 14:07:31,501 - INFO - [cloudakpd.py:38] -    ▫️ 存储模式 : ☁️  云端 (PostgreSQL)
2026-03-11 14:07:31,501 - INFO - [cloudakpd.py:39] -    ▫️ 连接节点 : ep-noisy-dust-a1zv7w56-pooler.ap-southeast-1.aws.neon.tech/neondb
2026-03-11 14:07:35,689 - INFO - [cloudakpd.py:85] - 📂 字段审计完成，当前支持: latest_price, open, is_closed, trade_date, turnover_rate, high, volume, amount, name, low, symbol, updated_at
2026-03-11 14:07:35,689 - INFO - [cloudakpd.py:42] - ============================================================
2026-03-11 14:07:37,022 - INFO - [cloudakpd.py:204] - ---------------------------------------------
2026-03-11 14:07:37,023 - INFO - [cloudakpd.py:205] - 🔍 [审计] 读取成功: 2026-03-11
2026-03-11 14:07:37,023 - INFO - [cloudakpd.py:206] -    ▫️ 标的总数 : 5488 条
2026-03-11 14:07:37,023 - INFO - [cloudakpd.py:207] -    ▫️ 资金状态 : 盘中实时
2026-03-11 14:07:37,024 - INFO - [cloudakpd.py:208] -    ▫️ 存入时间 : 2026-03-11 13:58:26.732338
2026-03-11 14:07:37,026 - INFO - [cloudakpd.py:210] - 
symbol name  open  latest_price  high   low    volume      amount trade_date
920000 安徽凤凰 17.90         17.90 18.20 17.87  556730.0  10037415.0 2026-03-11
920001 纬达光电 19.55         19.80 21.27 19.27 8152228.0 164855693.0 2026-03-11
920002 万达轴承 93.56         93.03 94.50 93.01  592654.0  55542099.0 2026-03-11
2026-03-11 14:07:37,027 - INFO - [cloudakpd.py:211] - ---------------------------------------------
2026-03-11 14:07:37,027 - INFO - [universe.py:40] - ✅ [UniverseManager] 云端全量快照加载成功，当前监控 5488 只标的。
2026-03-11 14:07:37,027 - INFO - [engine.py:24] - ================================================================================
2026-03-11 14:07:37,028 - INFO - [engine.py:25] -  🚀 启动量化交易实盘中心 (2026-03-11 14:07)
2026-03-11 14:07:37,028 - INFO - [engine.py:26] -    - 📒 人工比对账本 : D:\git\LongTrading\data\live_broker_account.json
2026-03-11 14:07:37,028 - INFO - [engine.py:27] -    - 💸 审计交易流水 : D:\git\LongTrading\data\live_trade_ledger.csv
2026-03-11 14:07:37,028 - INFO - [engine.py:28] - ================================================================================
2026-03-11 14:07:37,032 - WARNING - [ledger.py:64] - 🚨 【对账异常】 000547 系统应有 257800 与 真实持有 0不一致。系统已强制以人工为准重新校准！
2026-03-11 14:07:37,032 - WARNING - [ledger.py:64] - 🚨 【对账异常】 601857 系统应有 722200 与 真实持有 0不一致。系统已强制以人工为准重新校准！
2026-03-11 14:07:37,032 - WARNING - [ledger.py:64] - 🚨 【对账异常】 002490 系统应有 1 与 真实持有 0不一致。系统已强制以人工为准重新校准！
2026-03-11 14:07:37,032 - WARNING - [ledger.py:64] - 🚨 【对账异常】 002202 系统应有 289200 与 真实持有 0不一致。系统已强制以人工为准重新校准！
2026-03-11 14:07:37,032 - WARNING - [ledger.py:64] - 🚨 【对账异常】 600410 系统应有 1 与 真实持有 0不一致。系统已强制以人工为准重新校准！
2026-03-11 14:07:37,033 - WARNING - [ledger.py:64] - 🚨 【对账异常】 600938 系统应有 1 与 真实持有 0不一致。系统已强制以人工为准重新校准！
2026-03-11 14:07:37,033 - WARNING - [ledger.py:64] - 🚨 【对账异常】 600703 系统应有 509400 与 真实持有 0不一致。系统已强制以人工为准重新校准！
2026-03-11 14:07:37,033 - INFO - [engine.py:36] - 📡 正在全盘扫描历史数据与近期快照，构建动态监控池...
2026-03-11 14:07:37,033 - INFO - [universe.py:82] - 📊 正在通过云端 SQL 审计近 20 个交易日的热点标的...
2026-03-11 14:07:37,409 - INFO - [universe.py:129] - ✅ [UniverseManager] 动态股票池已对齐云端，当前池规模: 34
2026-03-11 14:07:37,409 - INFO - [engine.py:38] - 🏦 会计部接管完毕: 可用现金 【1,000,000,000.00 元】，真实持仓 【4 只】，雷达标的 【34 只】。
2026-03-11 14:07:37,409 - INFO - [engine.py:39] - 🎯 监控池构建完毕: 汇聚近 20 日霸榜标的，实盘监控总数: 【34 只】。
2026-03-11 14:07:37,410 - INFO - [engine.py:67] - --------------------------------------------------------------------------------
2026-03-11 14:07:37,411 - INFO - [engine.py:68] - 【盘前资产风控评估 (Pre-Trade NAV Dashboard)】
2026-03-11 14:07:37,411 - INFO - [engine.py:69] -    - 可用现金 (Available Cash) : 1,000,000,000.00
2026-03-11 14:07:37,411 - INFO - [engine.py:70] -    - 持仓成本 (Total Cost)     : 33,000,212.20
2026-03-11 14:07:37,411 - INFO - [engine.py:71] -    - 持仓市值 (Market Value)   : 32,825,130.00
2026-03-11 14:07:37,411 - INFO - [engine.py:72] -    - 净 资 产 (Total Equity)   : 1,032,825,130.00
2026-03-11 14:07:37,411 - INFO - [engine.py:73] -    - 账面浮盈 (Floating PnL)   : -175,082.20 (-0.53%)
2026-03-11 14:07:37,411 - INFO - [engine.py:74] - --------------------------------------------------------------------------------
2026-03-11 14:07:38,571 - DEBUG - [akshare_pd.py:78] - 👉 数据列名检查: ['date', 'open', 'high', 'low', 'close', 'volume', 'amount', 'outstanding_share', 'turnover']
2026-03-11 14:07:38,575 - INFO - [engine.py:99] - ⚡ [601179 中国西电] 盘中数据注入成功！(跳动现价: 19.05)
2026-03-11 14:07:38,576 - DEBUG - [engine.py:104] - 
📊 [601179 中国西电] 最新 3 行切片检查:
             open   high    low  close       volume        amount  turnover                 updated_at
date                                                                                                  
2026-03-09  18.90  20.61  18.89  20.17  534452198.0  1.061643e+10  0.104265 2026-03-11 14:07:38.571168
2026-03-10  20.00  20.65  19.58  19.99  442844017.0  8.876727e+09  0.086394 2026-03-11 14:07:38.571168
2026-03-11  20.01  20.10  18.72  19.05  461233900.0           NaN  0.000000                        NaT

2026-03-11 14:07:40,107 - DEBUG - [akshare_pd.py:78] - 👉 数据列名检查: ['date', 'open', 'high', 'low', 'close', 'volume', 'amount', 'outstanding_share', 'turnover']
2026-03-11 14:07:40,111 - INFO - [engine.py:99] - ⚡ [600089 特变电工] 盘中数据注入成功！(跳动现价: 31.02)
2026-03-11 14:07:40,113 - DEBUG - [engine.py:104] - 
📊 [600089 特变电工] 最新 3 行切片检查:
             open   high    low  close       volume        amount  turnover                 updated_at
date                                                                                                  
2026-03-09  31.81  33.15  31.80  32.76  421073209.0  1.372328e+10  0.083335 2026-03-11 14:07:40.108245
2026-03-10  32.69  32.74  31.65  31.86  353286075.0  1.132871e+10  0.069919 2026-03-11 14:07:40.108245
2026-03-11  31.87  31.90  30.90  31.02  261026326.0           NaN  0.000000                        NaT

2026-03-11 14:07:41,484 - DEBUG - [akshare_pd.py:78] - 👉 数据列名检查: ['date', 'open', 'high', 'low', 'close', 'volume', 'amount', 'outstanding_share', 'turnover']
2026-03-11 14:07:41,488 - INFO - [engine.py:99] - ⚡ [600522 中天科技] 盘中数据注入成功！(跳动现价: 30.1)
2026-03-11 14:07:41,490 - DEBUG - [engine.py:104] - 
📊 [600522 中天科技] 最新 3 行切片检查:
             open   high    low  close       volume        amount  turnover                 updated_at
date                                                                                                  
2026-03-09  26.37  27.31  25.38   27.2  155402012.0  4.065327e+09  0.045533 2026-03-11 14:07:41.485310
2026-03-10  27.55  29.18  27.41   28.9  168544463.0  4.798302e+09  0.049384 2026-03-11 14:07:41.485310
2026-03-11  29.82  31.66  29.79   30.1  208051559.0           NaN  0.000000                        NaT

2026-03-11 14:07:42,853 - DEBUG - [akshare_pd.py:78] - 👉 数据列名检查: ['date', 'open', 'high', 'low', 'close', 'volume', 'amount', 'outstanding_share', 'turnover']
2026-03-11 14:07:42,856 - INFO - [engine.py:99] - ⚡ [601939 建设银行] 盘中数据注入成功！(跳动现价: 9.03)
2026-03-11 14:07:42,858 - DEBUG - [engine.py:104] - 
📊 [601939 建设银行] 最新 3 行切片检查:
            open  high   low  close       volume        amount  turnover                 updated_at
date                                                                                               
2026-03-09  8.96  9.14  8.93   9.06  152815331.0  1.381533e+09  0.015929 2026-03-11 14:07:42.853960
2026-03-10  9.01  9.04  8.93   8.94   83402353.0  7.477126e+08  0.008693 2026-03-11 14:07:42.853960
2026-03-11  8.94  9.04  8.89   9.03   62652343.0           NaN  0.000000                        NaT

2026-03-11 14:07:44,044 - DEBUG - [akshare_pd.py:78] - 👉 数据列名检查: ['date', 'open', 'high', 'low', 'close', 'volume', 'amount', 'outstanding_share', 'turnover']
2026-03-11 14:07:44,046 - INFO - [engine.py:99] - ⚡ [300502 新易盛] 盘中数据注入成功！(跳动现价: 393.6)
2026-03-11 14:07:44,048 - DEBUG - [engine.py:104] - 
📊 [300502 新易盛] 最新 3 行切片检查:
              open    high     low   close      volume        amount  turnover                 updated_at
date                                                                                                     
2026-03-09  380.00  387.32  369.32  384.00  44166394.0  1.662925e+10  0.049882 2026-03-11 14:07:44.044211
2026-03-10  394.75  401.00  382.59  397.33  42488136.0  1.669605e+10  0.047986 2026-03-11 14:07:44.044211
2026-03-11  400.01  408.00  392.20  393.60  29182128.0           NaN  0.000000                        NaT

2026-03-11 14:07:45,789 - DEBUG - [akshare_pd.py:78] - 👉 数据列名检查: ['date', 'open', 'high', 'low', 'close', 'volume', 'amount', 'outstanding_share', 'turnover']
2026-03-11 14:07:45,792 - INFO - [engine.py:99] - ⚡ [300308 中际旭创] 盘中数据注入成功！(跳动现价: 553.2)
2026-03-11 14:07:45,793 - DEBUG - [engine.py:104] - 
📊 [300308 中际旭创] 最新 3 行切片检查:
             open    high     low   close      volume        amount  turnover                 updated_at
date                                                                                                    
2026-03-09  520.1  528.30  506.00  525.99  31474315.0  1.623065e+10  0.028471 2026-03-11 14:07:45.789478
2026-03-10  540.0  548.98  530.02  547.00  28309414.0  1.534895e+10  0.025608 2026-03-11 14:07:45.789478
2026-03-11  557.0  568.90  553.00  553.20  20754217.0           NaN  0.000000                        NaT

2026-03-11 14:07:46,825 - DEBUG - [akshare_pd.py:78] - 👉 数据列名检查: ['date', 'open', 'high', 'low', 'close', 'volume', 'amount', 'outstanding_share', 'turnover']
2026-03-11 14:07:46,828 - INFO - [engine.py:99] - ⚡ [300750 宁德时代] 盘中数据注入成功！(跳动现价: 396.9)
2026-03-11 14:07:46,830 - DEBUG - [engine.py:104] - 
📊 [300750 宁德时代] 最新 3 行切片检查:
              open    high     low  close      volume        amount  turnover                 updated_at
date                                                                                                    
2026-03-09  348.84  359.85  345.06  357.5  31797613.0  1.121800e+10  0.007470 2026-03-11 14:07:46.826254
2026-03-10  375.00  379.77  366.50  376.3  50741728.0  1.904908e+10  0.011921 2026-03-11 14:07:46.826254
2026-03-11  379.58  403.55  378.98  396.9  47877027.0           NaN  0.000000                        NaT

2026-03-11 14:07:47,876 - DEBUG - [akshare_pd.py:78] - 👉 数据列名检查: ['date', 'open', 'high', 'low', 'close', 'volume', 'amount', 'outstanding_share', 'turnover']
2026-03-11 14:07:47,879 - INFO - [engine.py:99] - ⚡ [002261 拓维信息] 盘中数据注入成功！(跳动现价: 41.12)
2026-03-11 14:07:47,881 - DEBUG - [engine.py:104] - 
📊 [002261 拓维信息] 最新 3 行切片检查:
             open   high    low  close       volume        amount  turnover                 updated_at
date                                                                                                  
2026-03-09  39.49  42.96  37.91  42.96  340835678.0  1.379804e+10  0.297504 2026-03-11 14:07:47.876731
2026-03-10  42.15  44.06  40.72  41.76  313689541.0  1.320427e+10  0.273809 2026-03-11 14:07:47.876731
2026-03-11  41.51  43.89  41.12  41.12  219836463.0           NaN  0.000000                        NaT

2026-03-11 14:07:49,083 - DEBUG - [akshare_pd.py:78] - 👉 数据列名检查: ['date', 'open', 'high', 'low', 'close', 'volume', 'amount', 'outstanding_share', 'turnover']
2026-03-11 14:07:49,087 - INFO - [engine.py:99] - ⚡ [000547 航天发展] 盘中数据注入成功！(跳动现价: 33.67)
2026-03-11 14:07:49,088 - DEBUG - [engine.py:104] - 
📊 [000547 航天发展] 最新 3 行切片检查:
             open   high    low  close       volume        amount  turnover                 updated_at
date                                                                                                  
2026-03-09  31.30  33.32  31.30  32.10  311748689.0  1.016066e+10  0.196177 2026-03-11 14:07:49.083906
2026-03-10  32.51  34.30  32.12  33.66  364988789.0  1.220221e+10  0.229680 2026-03-11 14:07:49.083906
2026-03-11  34.00  34.00  32.80  33.67  241609078.0           NaN  0.000000                        NaT

2026-03-11 14:07:50,133 - DEBUG - [akshare_pd.py:78] - 👉 数据列名检查: ['date', 'open', 'high', 'low', 'close', 'volume', 'amount', 'outstanding_share', 'turnover']
2026-03-11 14:07:50,136 - INFO - [engine.py:99] - ⚡ [000988 华工科技] 盘中数据注入成功！(跳动现价: 133.3)
2026-03-11 14:07:50,138 - DEBUG - [engine.py:104] - 
📊 [000988 华工科技] 最新 3 行切片检查:
              open    high     low   close       volume        amount  turnover                 updated_at
date                                                                                                      
2026-03-09  112.00  119.78  108.50  118.60  135658907.0  1.541769e+10  0.134986 2026-03-11 14:07:50.134942
2026-03-10  119.49  124.00  116.55  123.51  113779973.0  1.363733e+10  0.113216 2026-03-11 14:07:50.134942
2026-03-11  122.99  134.74  122.90  133.30  102658385.0           NaN  0.000000                        NaT

2026-03-11 14:07:51,270 - DEBUG - [akshare_pd.py:78] - 👉 数据列名检查: ['date', 'open', 'high', 'low', 'close', 'volume', 'amount', 'outstanding_share', 'turnover']
2026-03-11 14:07:51,272 - INFO - [engine.py:99] - ⚡ [300394 天孚通信] 盘中数据注入成功！(跳动现价: 331.55)
2026-03-11 14:07:51,274 - DEBUG - [engine.py:104] - 
📊 [300394 天孚通信] 最新 3 行切片检查:
              open    high     low   close      volume        amount  turnover                 updated_at
date                                                                                                     
2026-03-09  306.75  310.48  292.00  306.96  37896546.0  1.136586e+10  0.048845 2026-03-11 14:07:51.270005
2026-03-10  329.00  341.88  325.01  340.48  38050810.0  1.274569e+10  0.049044 2026-03-11 14:07:51.270005
2026-03-11  342.69  344.44  330.03  331.55  21784802.0           NaN  0.000000                        NaT

2026-03-11 14:07:52,242 - DEBUG - [akshare_pd.py:78] - 👉 数据列名检查: ['date', 'open', 'high', 'low', 'close', 'volume', 'amount', 'outstanding_share', 'turnover']
2026-03-11 14:07:52,245 - INFO - [engine.py:99] - ⚡ [600410 华胜天成] 盘中数据注入成功！(跳动现价: 32.99)
2026-03-11 14:07:52,246 - DEBUG - [engine.py:104] - 
📊 [600410 华胜天成] 最新 3 行切片检查:
             open   high    low  close       volume        amount  turnover                 updated_at
date                                                                                                  
2026-03-09  28.50  32.60  27.85  30.51  387235359.0  1.152136e+10  0.353158 2026-03-11 14:07:52.242799
2026-03-10  30.51  32.57  29.68  31.83  370505276.0  1.156331e+10  0.337900 2026-03-11 14:07:52.242799
2026-03-11  31.20  34.31  31.19  32.99  316973006.0           NaN  0.000000                        NaT

2026-03-11 14:07:53,218 - DEBUG - [akshare_pd.py:78] - 👉 数据列名检查: ['date', 'open', 'high', 'low', 'close', 'volume', 'amount', 'outstanding_share', 'turnover']
2026-03-11 14:07:53,221 - INFO - [engine.py:99] - ⚡ [601899 紫金矿业] 盘中数据注入成功！(跳动现价: 37.15)
2026-03-11 14:07:53,223 - DEBUG - [engine.py:104] - 
📊 [601899 紫金矿业] 最新 3 行切片检查:
             open   high    low  close       volume        amount  turnover                 updated_at
date                                                                                                  
2026-03-09  35.93  36.67  34.86  36.40  390629022.0  1.390525e+10  0.018962 2026-03-11 14:07:53.218325
2026-03-10  36.98  37.54  36.80  37.13  201312398.0  7.475372e+09  0.009772 2026-03-11 14:07:53.218325
2026-03-11  37.50  37.64  37.04  37.15  117422009.0           NaN  0.000000                        NaT

2026-03-11 14:07:54,679 - DEBUG - [akshare_pd.py:78] - 👉 数据列名检查: ['date', 'open', 'high', 'low', 'close', 'volume', 'amount', 'outstanding_share', 'turnover']
2026-03-11 14:07:54,684 - INFO - [engine.py:99] - ⚡ [002506 协鑫集成] 盘中数据注入成功！(跳动现价: 5.9)
2026-03-11 14:07:54,686 - DEBUG - [engine.py:104] - 
📊 [002506 协鑫集成] 最新 3 行切片检查:
            open  high   low  close        volume        amount  turnover                 updated_at
date                                                                                                
2026-03-09  5.65  6.05  5.65   5.78  1.691455e+09  9.840327e+09  0.289413 2026-03-11 14:07:54.681364
2026-03-10  5.78  6.19  5.60   6.07  1.416593e+09  8.373467e+09  0.242383 2026-03-11 14:07:54.681364
2026-03-11  6.00  6.36  5.80   5.90  1.276945e+09           NaN  0.000000                        NaT

2026-03-11 14:07:55,942 - DEBUG - [akshare_pd.py:78] - 👉 数据列名检查: ['date', 'open', 'high', 'low', 'close', 'volume', 'amount', 'outstanding_share', 'turnover']
2026-03-11 14:07:55,945 - INFO - [engine.py:99] - ⚡ [300274 阳光电源] 盘中数据注入成功！(跳动现价: 169.97)
2026-03-11 14:07:55,947 - DEBUG - [engine.py:104] - 
📊 [300274 阳光电源] 最新 3 行切片检查:
              open    high     low   close       volume        amount  turnover                 updated_at
date                                                                                                      
2026-03-09  148.49  156.85  147.57  155.80   82230094.0  1.267351e+10  0.051726 2026-03-11 14:07:55.942499
2026-03-10  157.99  158.69  153.20  156.10   59341753.0  9.259444e+09  0.037329 2026-03-11 14:07:55.942499
2026-03-11  156.42  175.66  156.39  169.97  128399672.0           NaN  0.000000                        NaT

2026-03-11 14:07:56,990 - DEBUG - [akshare_pd.py:78] - 👉 数据列名检查: ['date', 'open', 'high', 'low', 'close', 'volume', 'amount', 'outstanding_share', 'turnover']
2026-03-11 14:07:56,992 - INFO - [engine.py:99] - ⚡ [002384 东山精密] 盘中数据注入成功！(跳动现价: 104.28)
2026-03-11 14:07:56,994 - DEBUG - [engine.py:104] - 
📊 [002384 东山精密] 最新 3 行切片检查:
              open    high     low   close      volume        amount  turnover                 updated_at
date                                                                                                     
2026-03-09   90.30   98.50   87.19   98.24  90442577.0  8.286012e+09  0.065239 2026-03-11 14:07:56.991441
2026-03-10  102.00  108.06  101.20  108.06  91333198.0  9.599794e+09  0.065882 2026-03-11 14:07:56.991441
2026-03-11  109.33  111.65  103.71  104.28  76275989.0           NaN  0.000000                        NaT

2026-03-11 14:07:57,970 - DEBUG - [akshare_pd.py:78] - 👉 数据列名检查: ['date', 'open', 'high', 'low', 'close', 'volume', 'amount', 'outstanding_share', 'turnover']
2026-03-11 14:07:57,973 - INFO - [engine.py:99] - ⚡ [600498 烽火通信] 盘中数据注入成功！(跳动现价: 56.74)
2026-03-11 14:07:57,974 - DEBUG - [engine.py:104] - 
📊 [600498 烽火通信] 最新 3 行切片检查:
             open   high    low  close       volume        amount  turnover                 updated_at
date                                                                                                  
2026-03-09  50.86  52.20  47.60  52.00  124158461.0  6.161074e+09  0.097638 2026-03-11 14:07:57.970317
2026-03-10  53.00  57.20  52.71  57.20  144011656.0  8.010268e+09  0.113250 2026-03-11 14:07:57.970317
2026-03-11  58.60  61.78  56.66  56.74  164416394.0           NaN  0.000000                        NaT

2026-03-11 14:07:58,832 - DEBUG - [akshare_pd.py:78] - 👉 数据列名检查: ['date', 'open', 'high', 'low', 'close', 'volume', 'amount', 'outstanding_share', 'turnover']
2026-03-11 14:07:58,835 - INFO - [engine.py:99] - ⚡ [601868 中国能建] 盘中数据注入成功！(跳动现价: 3.45)
2026-03-11 14:07:58,836 - DEBUG - [engine.py:104] - 
📊 [601868 中国能建] 最新 3 行切片检查:
            open  high   low  close        volume        amount  turnover                 updated_at
date                                                                                                
2026-03-09  2.95  3.05  2.90   2.94  3.310056e+09  9.812071e+09  0.102072 2026-03-11 14:07:58.832436
2026-03-10  2.98  3.23  2.87   3.14  3.231616e+09  9.989403e+09  0.099653 2026-03-11 14:07:58.832436
2026-03-11  3.15  3.45  3.09   3.45  1.867295e+09           NaN  0.000000                        NaT

2026-03-11 14:07:59,793 - DEBUG - [akshare_pd.py:78] - 👉 数据列名检查: ['date', 'open', 'high', 'low', 'close', 'volume', 'amount', 'outstanding_share', 'turnover']
2026-03-11 14:07:59,807 - INFO - [engine.py:99] - ⚡ [002202 金风科技] 盘中数据注入成功！(跳动现价: 30.01)
2026-03-11 14:07:59,809 - DEBUG - [engine.py:104] - 
📊 [002202 金风科技] 最新 3 行切片检查:
             open   high    low  close       volume        amount  turnover                 updated_at
date                                                                                                  
2026-03-09  27.70  28.58  27.50  28.47  197276190.0  5.538672e+09  0.058652 2026-03-11 14:07:59.805893
2026-03-10  28.59  29.20  28.23  28.48  201005873.0  5.763493e+09  0.059761 2026-03-11 14:07:59.805893
2026-03-11  28.51  31.00  27.82  30.01  358894457.0           NaN  0.000000                        NaT

2026-03-11 14:08:00,821 - DEBUG - [akshare_pd.py:78] - 👉 数据列名检查: ['date', 'open', 'high', 'low', 'close', 'volume', 'amount', 'outstanding_share', 'turnover']
2026-03-11 14:08:00,824 - INFO - [engine.py:99] - ⚡ [300476 胜宏科技] 盘中数据注入成功！(跳动现价: 284.35)
2026-03-11 14:08:00,826 - DEBUG - [engine.py:104] - 
📊 [300476 胜宏科技] 最新 3 行切片检查:
              open    high    low   close      volume        amount  turnover                 updated_at
date                                                                                                    
2026-03-09  270.00  271.81  260.2  270.04  32894179.0  8.713586e+09  0.038384 2026-03-11 14:08:00.822223
2026-03-10  278.00  289.99  276.5  289.00  39657754.0  1.130852e+10  0.046276 2026-03-11 14:08:00.822223
2026-03-11  288.99  290.55  283.8  284.35  22311815.0           NaN  0.000000                        NaT

2026-03-11 14:08:01,772 - DEBUG - [akshare_pd.py:78] - 👉 数据列名检查: ['date', 'open', 'high', 'low', 'close', 'volume', 'amount', 'outstanding_share', 'turnover']
2026-03-11 14:08:01,775 - INFO - [engine.py:99] - ⚡ [300017 网宿科技] 盘中数据注入成功！(跳动现价: 19.39)
2026-03-11 14:08:01,778 - DEBUG - [engine.py:104] - 
📊 [300017 网宿科技] 最新 3 行切片检查:
             open   high    low  close       volume        amount  turnover                 updated_at
date                                                                                                  
2026-03-09  18.00  20.24  17.81  20.03  626705917.0  1.182061e+10  0.271866 2026-03-11 14:08:01.773060
2026-03-10  20.65  21.48  19.40  20.39  568261968.0  1.155532e+10  0.246513 2026-03-11 14:08:01.773060
2026-03-11  20.20  20.38  19.38  19.39  323765018.0           NaN  0.000000                        NaT

2026-03-11 14:08:03,262 - DEBUG - [akshare_pd.py:78] - 👉 数据列名检查: ['date', 'open', 'high', 'low', 'close', 'volume', 'amount', 'outstanding_share', 'turnover']
2026-03-11 14:08:03,265 - INFO - [engine.py:99] - ⚡ [600487 亨通光电] 盘中数据注入成功！(跳动现价: 50.8)
2026-03-11 14:08:03,267 - DEBUG - [engine.py:104] - 
📊 [600487 亨通光电] 最新 3 行切片检查:
             open   high    low  close       volume        amount  turnover                 updated_at
date                                                                                                  
2026-03-09  45.81  46.16  43.59  45.72  160204750.0  7.118931e+09  0.065519 2026-03-11 14:08:03.263480
2026-03-10  46.72  50.20  46.72  49.99  153667766.0  7.447927e+09  0.062845 2026-03-11 14:08:03.263480
2026-03-11  51.00  54.30  50.63  50.80  145106659.0           NaN  0.000000                        NaT

2026-03-11 14:08:04,101 - DEBUG - [akshare_pd.py:78] - 👉 数据列名检查: ['date', 'open', 'high', 'low', 'close', 'volume', 'amount', 'outstanding_share', 'turnover']
2026-03-11 14:08:04,104 - INFO - [engine.py:99] - ⚡ [002475 立讯精密] 盘中数据注入成功！(跳动现价: 50.11)
2026-03-11 14:08:04,106 - DEBUG - [engine.py:104] - 
📊 [002475 立讯精密] 最新 3 行切片检查:
             open   high    low  close       volume        amount  turnover                 updated_at
date                                                                                                  
2026-03-09  46.27  46.62  45.43  46.50   97374939.0  4.484441e+09  0.013395 2026-03-11 14:08:04.102796
2026-03-10  47.20  49.70  47.20  49.39  181409372.0  8.875108e+09  0.024956 2026-03-11 14:08:04.102796
2026-03-11  49.45  50.88  49.28  50.11  148183325.0           NaN  0.000000                        NaT

2026-03-11 14:08:04,994 - DEBUG - [akshare_pd.py:78] - 👉 数据列名检查: ['date', 'open', 'high', 'low', 'close', 'volume', 'amount', 'outstanding_share', 'turnover']
2026-03-11 14:08:04,999 - INFO - [engine.py:99] - ⚡ [600759 洲际油气] 盘中数据注入成功！(跳动现价: 7.67)
2026-03-11 14:08:05,001 - DEBUG - [engine.py:104] - 
📊 [600759 洲际油气] 最新 3 行切片检查:
            open  high   low  close        volume        amount  turnover                 updated_at
date                                                                                                
2026-03-09  9.06  9.06  8.30   8.32  1.252567e+09  1.101528e+10  0.302283 2026-03-11 14:08:04.995164
2026-03-10  7.49  7.75  7.49   7.49  7.200396e+08  5.425945e+09  0.173768 2026-03-11 14:08:04.995164
2026-03-11  7.10  7.72  6.91   7.67  7.007954e+08           NaN  0.000000                        NaT

2026-03-11 14:08:06,840 - DEBUG - [akshare_pd.py:78] - 👉 数据列名检查: ['date', 'open', 'high', 'low', 'close', 'volume', 'amount', 'outstanding_share', 'turnover']
2026-03-11 14:08:06,843 - INFO - [engine.py:99] - ⚡ [002594 比亚迪] 盘中数据注入成功！(跳动现价: 99.1)
2026-03-11 14:08:06,845 - DEBUG - [engine.py:104] - 
📊 [002594 比亚迪] 最新 3 行切片检查:
             open    high    low  close       volume        amount  turnover                 updated_at
date                                                                                                   
2026-03-09  93.62   98.00  93.00  97.52  109340899.0  1.056249e+10  0.031355 2026-03-11 14:08:06.841224
2026-03-10  97.18   97.49  96.08  96.60   50746243.0  4.907397e+09  0.014552 2026-03-11 14:08:06.841224
2026-03-11  96.75  100.34  95.67  99.10   78574184.0           NaN  0.000000                        NaT

2026-03-11 14:08:07,907 - DEBUG - [akshare_pd.py:78] - 👉 数据列名检查: ['date', 'open', 'high', 'low', 'close', 'volume', 'amount', 'outstanding_share', 'turnover']
2026-03-11 14:08:07,910 - INFO - [engine.py:99] - ⚡ [600938 中国海油] 盘中数据注入成功！(跳动现价: 41.78)
2026-03-11 14:08:07,911 - DEBUG - [engine.py:104] - 
📊 [600938 中国海油] 最新 3 行切片检查:
             open   high    low  close       volume        amount  turnover                 updated_at
date                                                                                                  
2026-03-09  44.54  44.54  43.00  43.36  213415357.0  9.411870e+09  0.071376 2026-03-11 14:08:07.908164
2026-03-10  39.03  41.66  39.03  40.98  165158546.0  6.646851e+09  0.055237 2026-03-11 14:08:07.908164
2026-03-11  40.20  42.08  40.20  41.78   96769365.0           NaN  0.000000                        NaT

2026-03-11 14:08:09,196 - DEBUG - [akshare_pd.py:78] - 👉 数据列名检查: ['date', 'open', 'high', 'low', 'close', 'volume', 'amount', 'outstanding_share', 'turnover']
2026-03-11 14:08:09,198 - INFO - [engine.py:99] - ⚡ [300475 香农芯创] 盘中数据注入成功！(跳动现价: 156.84)
2026-03-11 14:08:09,201 - DEBUG - [engine.py:104] - 
📊 [300475 香农芯创] 最新 3 行切片检查:
              open    high     low   close      volume        amount  turnover                 updated_at
date                                                                                                     
2026-03-09  149.01  158.67  145.00  157.80  37749133.0  5.748262e+09  0.084757 2026-03-11 14:08:09.196976
2026-03-10  160.20  165.32  158.58  161.85  36564689.0  5.932588e+09  0.082098 2026-03-11 14:08:09.196976
2026-03-11  160.51  162.22  155.58  156.84  24755062.0           NaN  0.000000                        NaT

2026-03-11 14:08:10,332 - DEBUG - [akshare_pd.py:78] - 👉 数据列名检查: ['date', 'open', 'high', 'low', 'close', 'volume', 'amount', 'outstanding_share', 'turnover']
2026-03-11 14:08:10,335 - INFO - [engine.py:99] - ⚡ [002281 光迅科技] 盘中数据注入成功！(跳动现价: 90.76)
2026-03-11 14:08:10,336 - DEBUG - [engine.py:104] - 
📊 [002281 光迅科技] 最新 3 行切片检查:
             open   high    low  close      volume        amount  turnover                 updated_at
date                                                                                                 
2026-03-09  77.95  78.86  72.33  78.33  64519089.0  4.852562e+09  0.082772 2026-03-11 14:08:10.332931
2026-03-10  78.99  86.16  78.99  86.16  55409530.0  4.557438e+09  0.071085 2026-03-11 14:08:10.332931
2026-03-11  90.68  93.00  89.00  90.76  82425008.0           NaN  0.000000                        NaT

2026-03-11 14:08:11,358 - DEBUG - [akshare_pd.py:78] - 👉 数据列名检查: ['date', 'open', 'high', 'low', 'close', 'volume', 'amount', 'outstanding_share', 'turnover']
2026-03-11 14:08:11,362 - INFO - [engine.py:99] - ⚡ [600703 三安光电] 盘中数据注入成功！(跳动现价: 17.04)
2026-03-11 14:08:11,364 - DEBUG - [engine.py:104] - 
📊 [600703 三安光电] 最新 3 行切片检查:
             open   high    low  close       volume        amount  turnover                 updated_at
date                                                                                                  
2026-03-09  16.32  16.55  15.71  16.38  262794548.0  4.241215e+09  0.052675 2026-03-11 14:08:11.358769
2026-03-10  16.50  16.50  15.90  16.11  190315789.0  3.072166e+09  0.038147 2026-03-11 14:08:11.358769
2026-03-11  16.15  17.42  16.05  17.04  291102185.0           NaN  0.000000                        NaT

2026-03-11 14:08:12,384 - DEBUG - [akshare_pd.py:78] - 👉 数据列名检查: ['date', 'open', 'high', 'low', 'close', 'volume', 'amount', 'outstanding_share', 'turnover']
2026-03-11 14:08:12,387 - INFO - [engine.py:99] - ⚡ [601857 中国石油] 盘中数据注入成功！(跳动现价: 12.02)
2026-03-11 14:08:12,389 - DEBUG - [engine.py:104] - 
📊 [601857 中国石油] 最新 3 行切片检查:
             open   high    low  close       volume        amount  turnover                 updated_at
date                                                                                                  
2026-03-09  13.48  13.48  12.91  12.92  817445288.0  1.076400e+10  0.005048 2026-03-11 14:08:12.384405
2026-03-10  12.18  12.30  11.78  11.99  524362917.0  6.301324e+09  0.003238 2026-03-11 14:08:12.384405
2026-03-11  11.78  12.05  11.65  12.02  342356255.0           NaN  0.000000                        NaT

2026-03-11 14:08:13,323 - DEBUG - [akshare_pd.py:78] - 👉 数据列名检查: ['date', 'open', 'high', 'low', 'close', 'volume', 'amount', 'outstanding_share', 'turnover']
2026-03-11 14:08:13,326 - INFO - [engine.py:99] - ⚡ [002195 岩山科技] 盘中数据注入成功！(跳动现价: 10.7)
2026-03-11 14:08:13,328 - DEBUG - [engine.py:104] - 
📊 [002195 岩山科技] 最新 3 行切片检查:
             open   high    low  close       volume        amount  turnover                 updated_at
date                                                                                                  
2026-03-09  10.52  10.73  10.46  10.65  488647965.0  5.175943e+09  0.087239 2026-03-11 14:08:13.324513
2026-03-10  10.72  10.75  10.38  10.52  460576916.0  4.850971e+09  0.082227 2026-03-11 14:08:13.324513
2026-03-11  10.60  10.97  10.31  10.70  595199968.0           NaN  0.000000                        NaT

2026-03-11 14:08:14,242 - DEBUG - [akshare_pd.py:78] - 👉 数据列名检查: ['date', 'open', 'high', 'low', 'close', 'volume', 'amount', 'outstanding_share', 'turnover']
2026-03-11 14:08:14,245 - INFO - [engine.py:99] - ⚡ [300014 亿纬锂能] 盘中数据注入成功！(跳动现价: 67.58)
2026-03-11 14:08:14,247 - DEBUG - [engine.py:104] - 
📊 [300014 亿纬锂能] 最新 3 行切片检查:
             open   high    low  close       volume        amount  turnover                 updated_at
date                                                                                                  
2026-03-09  59.70  62.50  58.36  62.28   59208676.0  3.611984e+09  0.029607 2026-03-11 14:08:14.243330
2026-03-10  62.71  63.85  62.50  62.98   40868830.0  2.583041e+09  0.020436 2026-03-11 14:08:14.243330
2026-03-11  62.76  69.67  62.70  67.58  112225312.0           NaN  0.000000                        NaT

2026-03-11 14:08:15,158 - DEBUG - [akshare_pd.py:78] - 👉 数据列名检查: ['date', 'open', 'high', 'low', 'close', 'volume', 'amount', 'outstanding_share', 'turnover']
2026-03-11 14:08:15,161 - INFO - [engine.py:99] - ⚡ [600989 宝丰能源] 盘中数据注入成功！(跳动现价: 31.85)
2026-03-11 14:08:15,162 - DEBUG - [engine.py:104] - 
📊 [600989 宝丰能源] 最新 3 行切片检查:
             open   high    low  close       volume        amount  turnover                 updated_at
date                                                                                                  
2026-03-09  31.49  31.49  30.07  30.64  316806474.0  9.873710e+09  0.043201 2026-03-11 14:08:15.158917
2026-03-10  27.58  29.88  27.58  28.95  246527995.0  7.083563e+09  0.033617 2026-03-11 14:08:15.158917
2026-03-11  28.35  31.85  28.35  31.85  213955821.0           NaN  0.000000                        NaT

2026-03-11 14:08:16,175 - DEBUG - [akshare_pd.py:78] - 👉 数据列名检查: ['date', 'open', 'high', 'low', 'close', 'volume', 'amount', 'outstanding_share', 'turnover']
2026-03-11 14:08:16,178 - INFO - [engine.py:99] - ⚡ [600875 东方电气] 盘中数据注入成功！(跳动现价: 40.88)
2026-03-11 14:08:16,180 - DEBUG - [engine.py:104] - 
📊 [600875 东方电气] 最新 3 行切片检查:
             open   high    low  close       volume        amount  turnover                 updated_at
date                                                                                                  
2026-03-09  42.11  43.80  41.63  43.00  141944816.0  6.042191e+09  0.062714 2026-03-11 14:08:16.176991
2026-03-10  43.06  44.06  41.75  42.16  127077622.0  5.414091e+09  0.056145 2026-03-11 14:08:16.176991
2026-03-11  42.50  42.62  40.41  40.88  104894268.0           NaN  0.000000                        NaT

2026-03-11 14:08:16,346 - INFO - [cloudakpd.py:36] - ============================================================
2026-03-11 14:08:16,346 - INFO - [cloudakpd.py:37] - 📊 [DataCenter] 数据内核启动审计...
2026-03-11 14:08:16,346 - INFO - [cloudakpd.py:38] -    ▫️ 存储模式 : ☁️  云端 (PostgreSQL)
2026-03-11 14:08:16,347 - INFO - [cloudakpd.py:39] -    ▫️ 连接节点 : ep-noisy-dust-a1zv7w56-pooler.ap-southeast-1.aws.neon.tech/neondb
2026-03-11 14:08:19,927 - INFO - [cloudakpd.py:85] - 📂 字段审计完成，当前支持: latest_price, open, is_closed, trade_date, turnover_rate, high, volume, amount, name, low, symbol, updated_at
2026-03-11 14:08:19,927 - INFO - [cloudakpd.py:42] - ============================================================
2026-03-11 14:08:43,214 - INFO - [cloudakpd.py:204] - ---------------------------------------------
2026-03-11 14:08:43,214 - INFO - [cloudakpd.py:205] - 🔍 [审计] 同步完成: 2026-03-11
2026-03-11 14:08:43,214 - INFO - [cloudakpd.py:206] -    ▫️ 标的总数 : 5488 条
2026-03-11 14:08:43,215 - INFO - [cloudakpd.py:207] -    ▫️ 资金状态 : 盘中实时
2026-03-11 14:08:43,215 - INFO - [cloudakpd.py:208] -    ▫️ 存入时间 : 2026-03-11 14:08:37.842458
2026-03-11 14:08:43,217 - INFO - [cloudakpd.py:210] - 
symbol name  open  latest_price  high   low    volume      amount trade_date
920000 安徽凤凰 17.90         17.91 18.20 17.87  581881.0  10487760.0 2026-03-11
920001 纬达光电 19.55         19.75 21.27 19.27 8331595.0 168410110.0 2026-03-11
920002 万达轴承 93.56         93.12 94.50 93.01  601462.0  56362323.0 2026-03-11
2026-03-11 14:08:43,218 - INFO - [cloudakpd.py:211] - ---------------------------------------------
2026-03-11 14:08:44,803 - INFO - [cloudakpd.py:204] - ---------------------------------------------
2026-03-11 14:08:44,803 - INFO - [cloudakpd.py:205] - 🔍 [审计] 读取成功: 2026-03-11
2026-03-11 14:08:44,803 - INFO - [cloudakpd.py:206] -    ▫️ 标的总数 : 5488 条
2026-03-11 14:08:44,803 - INFO - [cloudakpd.py:207] -    ▫️ 资金状态 : 盘中实时
2026-03-11 14:08:44,804 - INFO - [cloudakpd.py:208] -    ▫️ 存入时间 : 2026-03-11 14:08:37.842458
2026-03-11 14:08:44,805 - INFO - [cloudakpd.py:210] - 
symbol name  open  latest_price  high   low    volume      amount trade_date
920000 安徽凤凰 17.90         17.91 18.20 17.87  581881.0  10487760.0 2026-03-11
920001 纬达光电 19.55         19.75 21.27 19.27 8331595.0 168410110.0 2026-03-11
920002 万达轴承 93.56         93.12 94.50 93.01  601462.0  56362323.0 2026-03-11
2026-03-11 14:08:44,806 - INFO - [cloudakpd.py:211] - ---------------------------------------------
2026-03-11 14:08:44,808 - INFO - [ledger.py:266] - ✅ 资产审计完成。当前净资产: 1032831109.3, 云端对齐已完成。
2026-03-11 14:08:44,808 - INFO - [engine.py:161] - ================================================================================
2026-03-11 14:08:44,809 - INFO - [engine.py:162] - 【操作审批纪要 (Execution Summary)】
2026-03-11 14:08:44,809 - INFO - [engine.py:164] - 🟢 000547 (航天发展) 建议买入 288100 股 | 预估价: 33.67 | 状态: 待老板确认 | 逻辑: 顺势金叉确认，首次建仓
2026-03-11 14:08:44,809 - INFO - [engine.py:164] - 🟢 002202 (金风科技) 建议买入 323300 股 | 预估价: 30.01 | 状态: 待老板确认 | 逻辑: 顺势金叉确认，首次建仓
2026-03-11 14:08:44,809 - INFO - [engine.py:164] - 🟢 600938 (中国海油) 建议买入 232200 股 | 预估价: 41.78 | 状态: 待老板确认 | 逻辑: 顺势金叉确认，首次建仓
2026-03-11 14:08:44,809 - INFO - [engine.py:164] - 🟢 600703 (三安光电) 建议买入 569400 股 | 预估价: 17.04 | 状态: 待老板确认 | 逻辑: 顺势金叉确认，首次建仓
2026-03-11 14:08:44,809 - INFO - [engine.py:164] - 🟢 601857 (中国石油) 建议买入 807200 股 | 预估价: 12.02 | 状态: 待老板确认 | 逻辑: 顺势金叉确认，首次建仓
2026-03-11 14:08:44,809 - INFO - [engine.py:168] - 
【持仓状态确认 (Positions Audit)】
2026-03-11 14:08:44,809 - INFO - [engine.py:170] - 🛡️ 601179 (中国西电) | 持仓 860000 股 | 现价: 19.05 | 浮盈: -0.68%
   └─ 买入日期: 2026-03-11 | 开仓逻辑: 顺势金叉确认，首次建仓
2026-03-11 14:08:44,809 - INFO - [engine.py:170] - 🛡️ 600089 (特变电工) | 持仓 529700 股 | 现价: 31.02 | 浮盈: -0.39%
   └─ 买入日期: 2026-03-11 | 开仓逻辑: 顺势金叉确认，首次建仓
2026-03-11 14:08:44,809 - INFO - [engine.py:170] - 🛡️ 600522 (中天科技) | 持仓 300 股 | 现价: 30.10 | 浮盈: 2.26%
   └─ 买入日期: 历史遗留 | 开仓逻辑: 未知建仓逻辑
2026-03-11 14:08:44,809 - INFO - [engine.py:170] - 🛡️ 601939 (建设银行) | 持仓 200 股 | 现价: 9.03 | 浮盈: 4.76%
   └─ 买入日期: 历史遗留 | 开仓逻辑: 未知建仓逻辑
2026-03-11 14:08:44,811 - INFO - [engine.py:174] - ================================================================================
2026-03-11 14:08:44,811 - INFO - [engine.py:175] - 👀 【交易额最大动态监控池 (优胜劣汰拒绝名单)】
2026-03-11 14:08:44,811 - INFO - [engine.py:186] -    - 🚫 观望 300502 (新易盛): 未形成多头排列
2026-03-11 14:08:44,811 - INFO - [engine.py:186] -    - 🚫 观望 300308 (中际旭创): 未满足缩量回踩或放量突破
2026-03-11 14:08:44,812 - INFO - [engine.py:186] -    - 🚫 观望 300750 (宁德时代): 未形成多头排列
2026-03-11 14:08:44,812 - INFO - [engine.py:186] -    - 🚫 观望 002261 (拓维信息): 未形成多头排列
2026-03-11 14:08:44,813 - INFO - [engine.py:186] -    - 🚫 观望 000988 (华工科技): 乖离率偏高 (1.53)
2026-03-11 14:08:44,813 - INFO - [engine.py:186] -    - 🚫 观望 300394 (天孚通信): 未满足缩量回踩或放量突破
2026-03-11 14:08:44,813 - INFO - [engine.py:186] -    - 🚫 观望 600410 (华胜天成): 乖离率偏高 (1.35)
2026-03-11 14:08:44,813 - INFO - [engine.py:186] -    - 🚫 观望 601899 (紫金矿业): 未满足缩量回踩或放量突破
2026-03-11 14:08:44,814 - INFO - [engine.py:186] -    - 🚫 观望 002506 (协鑫集成): 乖离率偏高 (1.33)
2026-03-11 14:08:44,814 - INFO - [engine.py:186] -    - 🚫 观望 300274 (阳光电源): 未形成多头排列
2026-03-11 14:08:44,814 - INFO - [engine.py:186] -    - 🚫 观望 002384 (东山精密): 乖离率偏高 (1.27)
2026-03-11 14:08:44,814 - INFO - [engine.py:186] -    - 🚫 观望 600498 (烽火通信): 乖离率偏高 (1.25)
2026-03-11 14:08:44,815 - INFO - [engine.py:186] -    - 🚫 观望 601868 (中国能建): 未形成多头排列
2026-03-11 14:08:44,815 - INFO - [engine.py:186] -    - 🚫 观望 300476 (胜宏科技): 未形成多头排列
2026-03-11 14:08:44,816 - INFO - [engine.py:186] -    - 🚫 观望 300017 (网宿科技): 未满足缩量回踩或放量突破
2026-03-11 14:08:44,816 - INFO - [engine.py:186] -    - 🚫 观望 600487 (亨通光电): 乖离率偏高 (1.28)
2026-03-11 14:08:44,816 - INFO - [engine.py:186] -    - 🚫 观望 002475 (立讯精密): 未形成多头排列
2026-03-11 14:08:44,818 - INFO - [engine.py:186] -    - 🚫 观望 600759 (洲际油气): 乖离率偏高 (1.31)
2026-03-11 14:08:44,818 - INFO - [engine.py:186] -    - 🚫 观望 002594 (比亚迪): 未形成多头排列
2026-03-11 14:08:44,818 - INFO - [engine.py:186] -    - 🚫 观望 300475 (香农芯创): 未满足缩量回踩或放量突破
2026-03-11 14:08:44,818 - INFO - [engine.py:186] -    - 🚫 观望 002281 (光迅科技): 乖离率偏高 (1.23)
2026-03-11 14:08:44,819 - INFO - [engine.py:186] -    - 🚫 观望 002195 (岩山科技): 未满足缩量回踩或放量突破
2026-03-11 14:08:44,819 - INFO - [engine.py:186] -    - 🚫 观望 300014 (亿纬锂能): 未形成多头排列
2026-03-11 14:08:44,820 - INFO - [engine.py:186] -    - 🚫 观望 600989 (宝丰能源): 乖离率偏高 (1.30)
2026-03-11 14:08:44,820 - INFO - [engine.py:186] -    - 🚫 观望 600875 (东方电气): 乖离率偏高 (1.27)
2026-03-11 14:21:10,340 - INFO - [config.py:47] - --------------------------------------------------------------------------------
2026-03-11 14:21:10,341 - INFO - [config.py:48] - ⚙️ 【策略参数装载与核对】 -> 依据: trials_20260311_125053.csv
2026-03-11 14:21:10,341 - INFO - [config.py:50] -    - 注入动态寻优参数 : bias_entry_limit: 1.21, ma_long: 130, ma_mid: 30, ma_short: 10, partial_exit_min_profit: 0.2, partial_exit_pct: 0.6, profit_tier1: 0.3, stop_loss_pct: 0.08, trailing_stop_pct: 0.16, trailing_tier1: 0.17, unit_size: 0.33
2026-03-11 14:21:10,341 - INFO - [config.py:51] - --------------------------------------------------------------------------------
2026-03-11 14:21:10,384 - INFO - [cloudakpd.py:36] - ============================================================
2026-03-11 14:21:10,384 - INFO - [cloudakpd.py:37] - 📊 [DataCenter] 数据内核启动审计...
2026-03-11 14:21:10,385 - INFO - [cloudakpd.py:38] -    ▫️ 存储模式 : ☁️  云端 (PostgreSQL)
2026-03-11 14:21:10,385 - INFO - [cloudakpd.py:39] -    ▫️ 连接节点 : ep-noisy-dust-a1zv7w56-pooler.ap-southeast-1.aws.neon.tech/neondb
2026-03-11 14:21:14,604 - INFO - [cloudakpd.py:85] - 📂 字段审计完成，当前支持: name, trade_date, low, volume, is_closed, symbol, updated_at, open, latest_price, turnover_rate, amount, high
2026-03-11 14:21:14,605 - INFO - [cloudakpd.py:42] - ============================================================
2026-03-11 14:21:17,336 - INFO - [cloudakpd.py:204] - ---------------------------------------------
2026-03-11 14:21:17,336 - INFO - [cloudakpd.py:205] - 🔍 [审计] 读取成功: 2026-03-11
2026-03-11 14:21:17,337 - INFO - [cloudakpd.py:206] -    ▫️ 标的总数 : 5488 条
2026-03-11 14:21:17,337 - INFO - [cloudakpd.py:207] -    ▫️ 资金状态 : 盘中实时
2026-03-11 14:21:17,337 - INFO - [cloudakpd.py:208] -    ▫️ 存入时间 : 2026-03-11 14:08:37.842458
2026-03-11 14:21:17,340 - INFO - [cloudakpd.py:210] - 
symbol name  open  latest_price  high   low    volume      amount trade_date
920000 安徽凤凰 17.90         17.91 18.20 17.87  581881.0  10487760.0 2026-03-11
920001 纬达光电 19.55         19.75 21.27 19.27 8331595.0 168410110.0 2026-03-11
920002 万达轴承 93.56         93.12 94.50 93.01  601462.0  56362323.0 2026-03-11
2026-03-11 14:21:17,341 - INFO - [cloudakpd.py:211] - ---------------------------------------------
2026-03-11 14:21:17,342 - INFO - [universe.py:40] - ✅ [UniverseManager] 云端全量快照加载成功，当前监控 5488 只标的。
2026-03-11 14:21:17,342 - INFO - [engine.py:24] - ================================================================================
2026-03-11 14:21:17,342 - INFO - [engine.py:25] -  🚀 启动量化交易实盘中心 (2026-03-11 14:21)
2026-03-11 14:21:17,342 - INFO - [engine.py:26] -    - 📒 人工比对账本 : D:\git\LongTrading\data\live_broker_account.json
2026-03-11 14:21:17,342 - INFO - [engine.py:27] -    - 💸 审计交易流水 : D:\git\LongTrading\data\live_trade_ledger.csv
2026-03-11 14:21:17,342 - INFO - [engine.py:28] - ================================================================================
2026-03-11 14:21:17,346 - INFO - [engine.py:36] - 📡 正在全盘扫描历史数据与近期快照，构建动态监控池...
2026-03-11 14:21:17,346 - INFO - [universe.py:82] - 📊 正在通过云端 SQL 审计近 20 个交易日的热点标的...
2026-03-11 14:21:17,726 - INFO - [universe.py:129] - ✅ [UniverseManager] 动态股票池已对齐云端，当前池规模: 34
2026-03-11 14:21:17,726 - INFO - [engine.py:38] - 🏦 会计部接管完毕: 可用现金 【1,000,000,000.00 元】，真实持仓 【5 只】，雷达标的 【34 只】。
2026-03-11 14:21:17,726 - INFO - [engine.py:39] - 🎯 监控池构建完毕: 汇聚近 20 日霸榜标的，实盘监控总数: 【34 只】。
2026-03-11 14:21:17,728 - INFO - [engine.py:67] - --------------------------------------------------------------------------------
2026-03-11 14:21:17,728 - INFO - [engine.py:68] - 【盘前资产风控评估 (Pre-Trade NAV Dashboard)】
2026-03-11 14:21:17,728 - INFO - [engine.py:69] -    - 可用现金 (Available Cash) : 1,000,000,000.00
2026-03-11 14:21:17,728 - INFO - [engine.py:70] -    - 持仓成本 (Total Cost)     : 42,702,445.20
2026-03-11 14:21:17,728 - INFO - [engine.py:71] -    - 持仓市值 (Market Value)   : 42,583,014.00
2026-03-11 14:21:17,728 - INFO - [engine.py:72] -    - 净 资 产 (Total Equity)   : 1,042,583,014.00
2026-03-11 14:21:17,729 - INFO - [engine.py:73] -    - 账面浮盈 (Floating PnL)   : -119,431.20 (-0.28%)
2026-03-11 14:21:17,729 - INFO - [engine.py:74] - --------------------------------------------------------------------------------
2026-03-11 14:21:18,699 - DEBUG - [akshare_pd.py:78] - 👉 数据列名检查: ['date', 'open', 'high', 'low', 'close', 'volume', 'amount', 'outstanding_share', 'turnover']
2026-03-11 14:21:18,705 - INFO - [engine.py:99] - ⚡ [601179 中国西电] 盘中数据注入成功！(跳动现价: 19.06)
2026-03-11 14:21:18,708 - DEBUG - [engine.py:104] - 
📊 [601179 中国西电] 最新 3 行切片检查:
             open   high    low  close       volume        amount  turnover                 updated_at
date                                                                                                  
2026-03-09  18.90  20.61  18.89  20.17  534452198.0  1.061643e+10  0.104265 2026-03-11 14:21:18.701281
2026-03-10  20.00  20.65  19.58  19.99  442844017.0  8.876727e+09  0.086394 2026-03-11 14:21:18.701281
2026-03-11  20.01  20.10  18.72  19.06  469992612.0           NaN  0.000000                        NaT

2026-03-11 14:21:19,659 - DEBUG - [akshare_pd.py:78] - 👉 数据列名检查: ['date', 'open', 'high', 'low', 'close', 'volume', 'amount', 'outstanding_share', 'turnover']
2026-03-11 14:21:19,662 - INFO - [engine.py:99] - ⚡ [600089 特变电工] 盘中数据注入成功！(跳动现价: 31.06)
2026-03-11 14:21:19,664 - DEBUG - [engine.py:104] - 
📊 [600089 特变电工] 最新 3 行切片检查:
             open   high    low  close       volume        amount  turnover                 updated_at
date                                                                                                  
2026-03-09  31.81  33.15  31.80  32.76  421073209.0  1.372328e+10  0.083335 2026-03-11 14:21:19.660137
2026-03-10  32.69  32.74  31.65  31.86  353286075.0  1.132871e+10  0.069919 2026-03-11 14:21:19.660137
2026-03-11  31.87  31.90  30.90  31.06  266659672.0           NaN  0.000000                        NaT

2026-03-11 14:21:21,559 - DEBUG - [akshare_pd.py:78] - 👉 数据列名检查: ['date', 'open', 'high', 'low', 'close', 'volume', 'amount', 'outstanding_share', 'turnover']
2026-03-11 14:21:21,562 - INFO - [engine.py:99] - ⚡ [002202 金风科技] 盘中数据注入成功！(跳动现价: 30.09)
2026-03-11 14:21:21,564 - DEBUG - [engine.py:104] - 
📊 [002202 金风科技] 最新 3 行切片检查:
             open   high    low  close       volume        amount  turnover                 updated_at
date                                                                                                  
2026-03-09  27.70  28.58  27.50  28.47  197276190.0  5.538672e+09  0.058652 2026-03-11 14:21:21.559544
2026-03-10  28.59  29.20  28.23  28.48  201005873.0  5.763493e+09  0.059761 2026-03-11 14:21:21.559544
2026-03-11  28.51  31.00  27.82  30.09  368859791.0           NaN  0.000000                        NaT

2026-03-11 14:21:22,727 - DEBUG - [akshare_pd.py:78] - 👉 数据列名检查: ['date', 'open', 'high', 'low', 'close', 'volume', 'amount', 'outstanding_share', 'turnover']
2026-03-11 14:21:22,729 - INFO - [engine.py:99] - ⚡ [600522 中天科技] 盘中数据注入成功！(跳动现价: 30.09)
2026-03-11 14:21:22,732 - DEBUG - [engine.py:104] - 
📊 [600522 中天科技] 最新 3 行切片检查:
             open   high    low  close       volume        amount  turnover                 updated_at
date                                                                                                  
2026-03-09  26.37  27.31  25.38  27.20  155402012.0  4.065327e+09  0.045533 2026-03-11 14:21:22.727827
2026-03-10  27.55  29.18  27.41  28.90  168544463.0  4.798302e+09  0.049384 2026-03-11 14:21:22.727827
2026-03-11  29.82  31.66  29.79  30.09  212659497.0           NaN  0.000000                        NaT

2026-03-11 14:21:23,900 - DEBUG - [akshare_pd.py:78] - 👉 数据列名检查: ['date', 'open', 'high', 'low', 'close', 'volume', 'amount', 'outstanding_share', 'turnover']
2026-03-11 14:21:23,906 - INFO - [engine.py:99] - ⚡ [601939 建设银行] 盘中数据注入成功！(跳动现价: 9.04)
2026-03-11 14:21:23,908 - DEBUG - [engine.py:104] - 
📊 [601939 建设银行] 最新 3 行切片检查:
            open  high   low  close       volume        amount  turnover                 updated_at
date                                                                                               
2026-03-09  8.96  9.14  8.93   9.06  152815331.0  1.381533e+09  0.015929 2026-03-11 14:21:23.902405
2026-03-10  9.01  9.04  8.93   8.94   83402353.0  7.477126e+08  0.008693 2026-03-11 14:21:23.902405
2026-03-11  8.94  9.04  8.89   9.04   65560343.0           NaN  0.000000                        NaT

2026-03-11 14:21:24,845 - DEBUG - [akshare_pd.py:78] - 👉 数据列名检查: ['date', 'open', 'high', 'low', 'close', 'volume', 'amount', 'outstanding_share', 'turnover']
2026-03-11 14:21:24,847 - INFO - [engine.py:99] - ⚡ [300502 新易盛] 盘中数据注入成功！(跳动现价: 393.17)
2026-03-11 14:21:24,848 - DEBUG - [engine.py:104] - 
📊 [300502 新易盛] 最新 3 行切片检查:
              open    high     low   close      volume        amount  turnover                 updated_at
date                                                                                                     
2026-03-09  380.00  387.32  369.32  384.00  44166394.0  1.662925e+10  0.049882 2026-03-11 14:21:24.845927
2026-03-10  394.75  401.00  382.59  397.33  42488136.0  1.669605e+10  0.047986 2026-03-11 14:21:24.845927
2026-03-11  400.01  408.00  392.20  393.17  29668828.0           NaN  0.000000                        NaT

2026-03-11 14:21:25,828 - DEBUG - [akshare_pd.py:78] - 👉 数据列名检查: ['date', 'open', 'high', 'low', 'close', 'volume', 'amount', 'outstanding_share', 'turnover']
2026-03-11 14:21:25,830 - INFO - [engine.py:99] - ⚡ [300308 中际旭创] 盘中数据注入成功！(跳动现价: 553.76)
2026-03-11 14:21:25,831 - DEBUG - [engine.py:104] - 
📊 [300308 中际旭创] 最新 3 行切片检查:
             open    high     low   close      volume        amount  turnover                 updated_at
date                                                                                                    
2026-03-09  520.1  528.30  506.00  525.99  31474315.0  1.623065e+10  0.028471 2026-03-11 14:21:25.828409
2026-03-10  540.0  548.98  530.02  547.00  28309414.0  1.534895e+10  0.025608 2026-03-11 14:21:25.828409
2026-03-11  557.0  568.90  553.00  553.76  21086517.0           NaN  0.000000                        NaT

2026-03-11 14:21:27,373 - DEBUG - [akshare_pd.py:78] - 👉 数据列名检查: ['date', 'open', 'high', 'low', 'close', 'volume', 'amount', 'outstanding_share', 'turnover']
2026-03-11 14:21:27,376 - INFO - [engine.py:99] - ⚡ [300750 宁德时代] 盘中数据注入成功！(跳动现价: 397.95)
2026-03-11 14:21:27,377 - DEBUG - [engine.py:104] - 
📊 [300750 宁德时代] 最新 3 行切片检查:
              open    high     low   close      volume        amount  turnover                 updated_at
date                                                                                                     
2026-03-09  348.84  359.85  345.06  357.50  31797613.0  1.121800e+10  0.007470 2026-03-11 14:21:27.373638
2026-03-10  375.00  379.77  366.50  376.30  50741728.0  1.904908e+10  0.011921 2026-03-11 14:21:27.373638
2026-03-11  379.58  403.55  378.98  397.95  49280308.0           NaN  0.000000                        NaT

2026-03-11 14:21:29,010 - DEBUG - [akshare_pd.py:78] - 👉 数据列名检查: ['date', 'open', 'high', 'low', 'close', 'volume', 'amount', 'outstanding_share', 'turnover']
2026-03-11 14:21:29,015 - INFO - [engine.py:99] - ⚡ [002261 拓维信息] 盘中数据注入成功！(跳动现价: 42.21)
2026-03-11 14:21:29,018 - DEBUG - [engine.py:104] - 
📊 [002261 拓维信息] 最新 3 行切片检查:
             open   high    low  close       volume        amount  turnover                 updated_at
date                                                                                                  
2026-03-09  39.49  42.96  37.91  42.96  340835678.0  1.379804e+10  0.297504 2026-03-11 14:21:29.010992
2026-03-10  42.15  44.06  40.72  41.76  313689541.0  1.320427e+10  0.273809 2026-03-11 14:21:29.010992
2026-03-11  41.51  43.89  41.03  42.21  231086867.0           NaN  0.000000                        NaT

2026-03-11 14:21:30,562 - DEBUG - [akshare_pd.py:78] - 👉 数据列名检查: ['date', 'open', 'high', 'low', 'close', 'volume', 'amount', 'outstanding_share', 'turnover']
2026-03-11 14:21:30,567 - INFO - [engine.py:99] - ⚡ [000547 航天发展] 盘中数据注入成功！(跳动现价: 33.56)
2026-03-11 14:21:30,569 - DEBUG - [engine.py:104] - 
📊 [000547 航天发展] 最新 3 行切片检查:
             open   high    low  close       volume        amount  turnover                 updated_at
date                                                                                                  
2026-03-09  31.30  33.32  31.30  32.10  311748689.0  1.016066e+10  0.196177 2026-03-11 14:21:30.562648
2026-03-10  32.51  34.30  32.12  33.66  364988789.0  1.220221e+10  0.229680 2026-03-11 14:21:30.562648
2026-03-11  34.00  34.00  32.80  33.56  247736444.0           NaN  0.000000                        NaT

2026-03-11 14:21:32,876 - DEBUG - [akshare_pd.py:78] - 👉 数据列名检查: ['date', 'open', 'high', 'low', 'close', 'volume', 'amount', 'outstanding_share', 'turnover']
2026-03-11 14:21:32,880 - INFO - [engine.py:99] - ⚡ [000988 华工科技] 盘中数据注入成功！(跳动现价: 134.92)
2026-03-11 14:21:32,881 - DEBUG - [engine.py:104] - 
📊 [000988 华工科技] 最新 3 行切片检查:
              open    high     low   close       volume        amount  turnover                 updated_at
date                                                                                                      
2026-03-09  112.00  119.78  108.50  118.60  135658907.0  1.541769e+10  0.134986 2026-03-11 14:21:32.876800
2026-03-10  119.49  124.00  116.55  123.51  113779973.0  1.363733e+10  0.113216 2026-03-11 14:21:32.876800
2026-03-11  122.99  135.20  122.90  134.92  107748333.0           NaN  0.000000                        NaT

2026-03-11 14:21:34,127 - DEBUG - [akshare_pd.py:78] - 👉 数据列名检查: ['date', 'open', 'high', 'low', 'close', 'volume', 'amount', 'outstanding_share', 'turnover']
2026-03-11 14:21:34,132 - INFO - [engine.py:99] - ⚡ [300394 天孚通信] 盘中数据注入成功！(跳动现价: 331.06)
2026-03-11 14:21:34,133 - DEBUG - [engine.py:104] - 
📊 [300394 天孚通信] 最新 3 行切片检查:
              open    high     low   close      volume        amount  turnover                 updated_at
date                                                                                                     
2026-03-09  306.75  310.48  292.00  306.96  37896546.0  1.136586e+10  0.048845 2026-03-11 14:21:34.127761
2026-03-10  329.00  341.88  325.01  340.48  38050810.0  1.274569e+10  0.049044 2026-03-11 14:21:34.127761
2026-03-11  342.69  344.44  330.03  331.06  22197802.0           NaN  0.000000                        NaT

2026-03-11 14:21:35,181 - DEBUG - [akshare_pd.py:78] - 👉 数据列名检查: ['date', 'open', 'high', 'low', 'close', 'volume', 'amount', 'outstanding_share', 'turnover']
2026-03-11 14:21:35,186 - INFO - [engine.py:99] - ⚡ [600410 华胜天成] 盘中数据注入成功！(跳动现价: 33.35)
2026-03-11 14:21:35,188 - DEBUG - [engine.py:104] - 
📊 [600410 华胜天成] 最新 3 行切片检查:
             open   high    low  close       volume        amount  turnover                 updated_at
date                                                                                                  
2026-03-09  28.50  32.60  27.85  30.51  387235359.0  1.152136e+10  0.353158 2026-03-11 14:21:35.182234
2026-03-10  30.51  32.57  29.68  31.83  370505276.0  1.156331e+10  0.337900 2026-03-11 14:21:35.182234
2026-03-11  31.20  34.31  31.19  33.35  324177267.0           NaN  0.000000                        NaT

2026-03-11 14:21:38,974 - DEBUG - [akshare_pd.py:78] - 👉 数据列名检查: ['date', 'open', 'high', 'low', 'close', 'volume', 'amount', 'outstanding_share', 'turnover']
2026-03-11 14:21:38,977 - INFO - [engine.py:99] - ⚡ [601899 紫金矿业] 盘中数据注入成功！(跳动现价: 37.26)
2026-03-11 14:21:38,979 - DEBUG - [engine.py:104] - 
📊 [601899 紫金矿业] 最新 3 行切片检查:
             open   high    low  close       volume        amount  turnover                 updated_at
date                                                                                                  
2026-03-09  35.93  36.67  34.86  36.40  390629022.0  1.390525e+10  0.018962 2026-03-11 14:21:38.974314
2026-03-10  36.98  37.54  36.80  37.13  201312398.0  7.475372e+09  0.009772 2026-03-11 14:21:38.974314
2026-03-11  37.50  37.64  37.04  37.26  121366709.0           NaN  0.000000                        NaT

2026-03-11 14:21:39,997 - DEBUG - [akshare_pd.py:78] - 👉 数据列名检查: ['date', 'open', 'high', 'low', 'close', 'volume', 'amount', 'outstanding_share', 'turnover']
2026-03-11 14:21:40,000 - INFO - [engine.py:99] - ⚡ [002506 协鑫集成] 盘中数据注入成功！(跳动现价: 5.94)
2026-03-11 14:21:40,003 - DEBUG - [engine.py:104] - 
📊 [002506 协鑫集成] 最新 3 行切片检查:
            open  high   low  close        volume        amount  turnover                 updated_at
date                                                                                                
2026-03-09  5.65  6.05  5.65   5.78  1.691455e+09  9.840327e+09  0.289413 2026-03-11 14:21:39.998407
2026-03-10  5.78  6.19  5.60   6.07  1.416593e+09  8.373467e+09  0.242383 2026-03-11 14:21:39.998407
2026-03-11  6.00  6.36  5.80   5.94  1.302919e+09           NaN  0.000000                        NaT

2026-03-11 14:21:42,525 - DEBUG - [akshare_pd.py:78] - 👉 数据列名检查: ['date', 'open', 'high', 'low', 'close', 'volume', 'amount', 'outstanding_share', 'turnover']
2026-03-11 14:21:42,528 - INFO - [engine.py:99] - ⚡ [300274 阳光电源] 盘中数据注入成功！(跳动现价: 170.71)
2026-03-11 14:21:42,530 - DEBUG - [engine.py:104] - 
📊 [300274 阳光电源] 最新 3 行切片检查:
              open    high     low   close       volume        amount  turnover                 updated_at
date                                                                                                      
2026-03-09  148.49  156.85  147.57  155.80   82230094.0  1.267351e+10  0.051726 2026-03-11 14:21:42.526575
2026-03-10  157.99  158.69  153.20  156.10   59341753.0  9.259444e+09  0.037329 2026-03-11 14:21:42.526575
2026-03-11  156.42  175.66  156.39  170.71  130576770.0           NaN  0.000000                        NaT

2026-03-11 14:21:43,578 - DEBUG - [akshare_pd.py:78] - 👉 数据列名检查: ['date', 'open', 'high', 'low', 'close', 'volume', 'amount', 'outstanding_share', 'turnover']
2026-03-11 14:21:43,581 - INFO - [engine.py:99] - ⚡ [002384 东山精密] 盘中数据注入成功！(跳动现价: 103.88)
2026-03-11 14:21:43,584 - DEBUG - [engine.py:104] - 
📊 [002384 东山精密] 最新 3 行切片检查:
              open    high     low   close      volume        amount  turnover                 updated_at
date                                                                                                     
2026-03-09   90.30   98.50   87.19   98.24  90442577.0  8.286012e+09  0.065239 2026-03-11 14:21:43.578736
2026-03-10  102.00  108.06  101.20  108.06  91333198.0  9.599794e+09  0.065882 2026-03-11 14:21:43.578736
2026-03-11  109.33  111.65  103.71  103.88  78160189.0           NaN  0.000000                        NaT

2026-03-11 14:21:44,599 - DEBUG - [akshare_pd.py:78] - 👉 数据列名检查: ['date', 'open', 'high', 'low', 'close', 'volume', 'amount', 'outstanding_share', 'turnover']
2026-03-11 14:21:44,603 - INFO - [engine.py:99] - ⚡ [600498 烽火通信] 盘中数据注入成功！(跳动现价: 56.95)
2026-03-11 14:21:44,605 - DEBUG - [engine.py:104] - 
📊 [600498 烽火通信] 最新 3 行切片检查:
             open   high    low  close       volume        amount  turnover                 updated_at
date                                                                                                  
2026-03-09  50.86  52.20  47.60  52.00  124158461.0  6.161074e+09  0.097638 2026-03-11 14:21:44.600306
2026-03-10  53.00  57.20  52.71  57.20  144011656.0  8.010268e+09  0.113250 2026-03-11 14:21:44.600306
2026-03-11  58.60  61.78  56.66  56.95  166202535.0           NaN  0.000000                        NaT

2026-03-11 14:21:45,564 - DEBUG - [akshare_pd.py:78] - 👉 数据列名检查: ['date', 'open', 'high', 'low', 'close', 'volume', 'amount', 'outstanding_share', 'turnover']
2026-03-11 14:21:45,569 - INFO - [engine.py:99] - ⚡ [601868 中国能建] 盘中数据注入成功！(跳动现价: 3.45)
2026-03-11 14:21:45,571 - DEBUG - [engine.py:104] - 
📊 [601868 中国能建] 最新 3 行切片检查:
            open  high   low  close        volume        amount  turnover                 updated_at
date                                                                                                
2026-03-09  2.95  3.05  2.90   2.94  3.310056e+09  9.812071e+09  0.102072 2026-03-11 14:21:45.565929
2026-03-10  2.98  3.23  2.87   3.14  3.231616e+09  9.989403e+09  0.099653 2026-03-11 14:21:45.565929
2026-03-11  3.15  3.45  3.09   3.45  1.869798e+09           NaN  0.000000                        NaT

2026-03-11 14:21:46,655 - DEBUG - [akshare_pd.py:78] - 👉 数据列名检查: ['date', 'open', 'high', 'low', 'close', 'volume', 'amount', 'outstanding_share', 'turnover']
2026-03-11 14:21:46,658 - INFO - [engine.py:99] - ⚡ [300476 胜宏科技] 盘中数据注入成功！(跳动现价: 284.61)
2026-03-11 14:21:46,660 - DEBUG - [engine.py:104] - 
📊 [300476 胜宏科技] 最新 3 行切片检查:
              open    high    low   close      volume        amount  turnover                 updated_at
date                                                                                                    
2026-03-09  270.00  271.81  260.2  270.04  32894179.0  8.713586e+09  0.038384 2026-03-11 14:21:46.656239
2026-03-10  278.00  289.99  276.5  289.00  39657754.0  1.130852e+10  0.046276 2026-03-11 14:21:46.656239
2026-03-11  288.99  290.55  283.8  284.61  22707415.0           NaN  0.000000                        NaT

2026-03-11 14:21:47,635 - DEBUG - [akshare_pd.py:78] - 👉 数据列名检查: ['date', 'open', 'high', 'low', 'close', 'volume', 'amount', 'outstanding_share', 'turnover']
2026-03-11 14:21:47,638 - INFO - [engine.py:99] - ⚡ [300017 网宿科技] 盘中数据注入成功！(跳动现价: 19.44)
2026-03-11 14:21:47,639 - DEBUG - [engine.py:104] - 
📊 [300017 网宿科技] 最新 3 行切片检查:
             open   high    low  close       volume        amount  turnover                 updated_at
date                                                                                                  
2026-03-09  18.00  20.24  17.81  20.03  626705917.0  1.182061e+10  0.271866 2026-03-11 14:21:47.636584
2026-03-10  20.65  21.48  19.40  20.39  568261968.0  1.155532e+10  0.246513 2026-03-11 14:21:47.636584
2026-03-11  20.20  20.38  19.38  19.44  329225420.0           NaN  0.000000                        NaT

2026-03-11 14:21:48,666 - DEBUG - [akshare_pd.py:78] - 👉 数据列名检查: ['date', 'open', 'high', 'low', 'close', 'volume', 'amount', 'outstanding_share', 'turnover']
2026-03-11 14:21:48,670 - INFO - [engine.py:99] - ⚡ [600487 亨通光电] 盘中数据注入成功！(跳动现价: 51.04)
2026-03-11 14:21:48,672 - DEBUG - [engine.py:104] - 
📊 [600487 亨通光电] 最新 3 行切片检查:
             open   high    low  close       volume        amount  turnover                 updated_at
date                                                                                                  
2026-03-09  45.81  46.16  43.59  45.72  160204750.0  7.118931e+09  0.065519 2026-03-11 14:21:48.666453
2026-03-10  46.72  50.20  46.72  49.99  153667766.0  7.447927e+09  0.062845 2026-03-11 14:21:48.666453
2026-03-11  51.00  54.30  50.63  51.04  147050359.0           NaN  0.000000                        NaT

2026-03-11 14:21:49,715 - DEBUG - [akshare_pd.py:78] - 👉 数据列名检查: ['date', 'open', 'high', 'low', 'close', 'volume', 'amount', 'outstanding_share', 'turnover']
2026-03-11 14:21:49,718 - INFO - [engine.py:99] - ⚡ [002475 立讯精密] 盘中数据注入成功！(跳动现价: 50.2)
2026-03-11 14:21:49,719 - DEBUG - [engine.py:104] - 
📊 [002475 立讯精密] 最新 3 行切片检查:
             open   high    low  close       volume        amount  turnover                 updated_at
date                                                                                                  
2026-03-09  46.27  46.62  45.43  46.50   97374939.0  4.484441e+09  0.013395 2026-03-11 14:21:49.715234
2026-03-10  47.20  49.70  47.20  49.39  181409372.0  8.875108e+09  0.024956 2026-03-11 14:21:49.715234
2026-03-11  49.45  50.88  49.28  50.20  150812909.0           NaN  0.000000                        NaT

2026-03-11 14:21:51,988 - DEBUG - [akshare_pd.py:78] - 👉 数据列名检查: ['date', 'open', 'high', 'low', 'close', 'volume', 'amount', 'outstanding_share', 'turnover']
2026-03-11 14:21:51,992 - INFO - [engine.py:99] - ⚡ [600759 洲际油气] 盘中数据注入成功！(跳动现价: 7.6)
2026-03-11 14:21:51,994 - DEBUG - [engine.py:104] - 
📊 [600759 洲际油气] 最新 3 行切片检查:
            open  high   low  close        volume        amount  turnover                 updated_at
date                                                                                                
2026-03-09  9.06  9.06  8.30   8.32  1.252567e+09  1.101528e+10  0.302283 2026-03-11 14:21:51.989544
2026-03-10  7.49  7.75  7.49   7.49  7.200396e+08  5.425945e+09  0.173768 2026-03-11 14:21:51.989544
2026-03-11  7.10  7.72  6.91   7.60  7.178853e+08           NaN  0.000000                        NaT

2026-03-11 14:21:53,350 - DEBUG - [akshare_pd.py:78] - 👉 数据列名检查: ['date', 'open', 'high', 'low', 'close', 'volume', 'amount', 'outstanding_share', 'turnover']
2026-03-11 14:21:53,354 - INFO - [engine.py:99] - ⚡ [002594 比亚迪] 盘中数据注入成功！(跳动现价: 99.55)
2026-03-11 14:21:53,357 - DEBUG - [engine.py:104] - 
📊 [002594 比亚迪] 最新 3 行切片检查:
             open    high    low  close       volume        amount  turnover                 updated_at
date                                                                                                   
2026-03-09  93.62   98.00  93.00  97.52  109340899.0  1.056249e+10  0.031355 2026-03-11 14:21:53.351165
2026-03-10  97.18   97.49  96.08  96.60   50746243.0  4.907397e+09  0.014552 2026-03-11 14:21:53.351165
2026-03-11  96.75  100.34  95.67  99.55   80145576.0           NaN  0.000000                        NaT

2026-03-11 14:21:54,565 - DEBUG - [akshare_pd.py:78] - 👉 数据列名检查: ['date', 'open', 'high', 'low', 'close', 'volume', 'amount', 'outstanding_share', 'turnover']
2026-03-11 14:21:54,568 - INFO - [engine.py:99] - ⚡ [600938 中国海油] 盘中数据注入成功！(跳动现价: 41.8)
2026-03-11 14:21:54,569 - DEBUG - [engine.py:104] - 
📊 [600938 中国海油] 最新 3 行切片检查:
             open   high    low  close       volume        amount  turnover                 updated_at
date                                                                                                  
2026-03-09  44.54  44.54  43.00  43.36  213415357.0  9.411870e+09  0.071376 2026-03-11 14:21:54.566502
2026-03-10  39.03  41.66  39.03  40.98  165158546.0  6.646851e+09  0.055237 2026-03-11 14:21:54.566502
2026-03-11  40.20  42.08  40.20  41.80   99904965.0           NaN  0.000000                        NaT

2026-03-11 14:21:55,659 - DEBUG - [akshare_pd.py:78] - 👉 数据列名检查: ['date', 'open', 'high', 'low', 'close', 'volume', 'amount', 'outstanding_share', 'turnover']
2026-03-11 14:21:55,663 - INFO - [engine.py:99] - ⚡ [300475 香农芯创] 盘中数据注入成功！(跳动现价: 156.85)
2026-03-11 14:21:55,665 - DEBUG - [engine.py:104] - 
📊 [300475 香农芯创] 最新 3 行切片检查:
              open    high     low   close      volume        amount  turnover                 updated_at
date                                                                                                     
2026-03-09  149.01  158.67  145.00  157.80  37749133.0  5.748262e+09  0.084757 2026-03-11 14:21:55.659833
2026-03-10  160.20  165.32  158.58  161.85  36564689.0  5.932588e+09  0.082098 2026-03-11 14:21:55.659833
2026-03-11  160.51  162.22  155.58  156.85  25198860.0           NaN  0.000000                        NaT

2026-03-11 14:21:56,742 - DEBUG - [akshare_pd.py:78] - 👉 数据列名检查: ['date', 'open', 'high', 'low', 'close', 'volume', 'amount', 'outstanding_share', 'turnover']
2026-03-11 14:21:56,744 - INFO - [engine.py:99] - ⚡ [002281 光迅科技] 盘中数据注入成功！(跳动现价: 91.5)
2026-03-11 14:21:56,747 - DEBUG - [engine.py:104] - 
📊 [002281 光迅科技] 最新 3 行切片检查:
             open   high    low  close      volume        amount  turnover                 updated_at
date                                                                                                 
2026-03-09  77.95  78.86  72.33  78.33  64519089.0  4.852562e+09  0.082772 2026-03-11 14:21:56.742660
2026-03-10  78.99  86.16  78.99  86.16  55409530.0  4.557438e+09  0.071085 2026-03-11 14:21:56.742660
2026-03-11  90.68  93.00  89.00  91.50  84795526.0           NaN  0.000000                        NaT

2026-03-11 14:21:57,889 - DEBUG - [akshare_pd.py:78] - 👉 数据列名检查: ['date', 'open', 'high', 'low', 'close', 'volume', 'amount', 'outstanding_share', 'turnover']
2026-03-11 14:21:57,894 - INFO - [engine.py:99] - ⚡ [600703 三安光电] 盘中数据注入成功！(跳动现价: 17.04)
2026-03-11 14:21:57,896 - DEBUG - [engine.py:104] - 
📊 [600703 三安光电] 最新 3 行切片检查:
             open   high    low  close       volume        amount  turnover                 updated_at
date                                                                                                  
2026-03-09  16.32  16.55  15.71  16.38  262794548.0  4.241215e+09  0.052675 2026-03-11 14:21:57.890509
2026-03-10  16.50  16.50  15.90  16.11  190315789.0  3.072166e+09  0.038147 2026-03-11 14:21:57.890509
2026-03-11  16.15  17.42  16.05  17.04  296895585.0           NaN  0.000000                        NaT

2026-03-11 14:21:59,748 - DEBUG - [akshare_pd.py:78] - 👉 数据列名检查: ['date', 'open', 'high', 'low', 'close', 'volume', 'amount', 'outstanding_share', 'turnover']
2026-03-11 14:21:59,751 - INFO - [engine.py:99] - ⚡ [601857 中国石油] 盘中数据注入成功！(跳动现价: 12.01)
2026-03-11 14:21:59,753 - DEBUG - [engine.py:104] - 
📊 [601857 中国石油] 最新 3 行切片检查:
             open   high    low  close       volume        amount  turnover                 updated_at
date                                                                                                  
2026-03-09  13.48  13.48  12.91  12.92  817445288.0  1.076400e+10  0.005048 2026-03-11 14:21:59.749039
2026-03-10  12.18  12.30  11.78  11.99  524362917.0  6.301324e+09  0.003238 2026-03-11 14:21:59.749039
2026-03-11  11.78  12.05  11.65  12.01  357702156.0           NaN  0.000000                        NaT

2026-03-11 14:22:00,768 - DEBUG - [akshare_pd.py:78] - 👉 数据列名检查: ['date', 'open', 'high', 'low', 'close', 'volume', 'amount', 'outstanding_share', 'turnover']
2026-03-11 14:22:00,770 - INFO - [engine.py:99] - ⚡ [002195 岩山科技] 盘中数据注入成功！(跳动现价: 10.72)
2026-03-11 14:22:00,772 - DEBUG - [engine.py:104] - 
📊 [002195 岩山科技] 最新 3 行切片检查:
             open   high    low  close       volume        amount  turnover                 updated_at
date                                                                                                  
2026-03-09  10.52  10.73  10.46  10.65  488647965.0  5.175943e+09  0.087239 2026-03-11 14:22:00.768623
2026-03-10  10.72  10.75  10.38  10.52  460576916.0  4.850971e+09  0.082227 2026-03-11 14:22:00.768623
2026-03-11  10.60  10.97  10.31  10.72  607688727.0           NaN  0.000000                        NaT

2026-03-11 14:22:02,045 - DEBUG - [akshare_pd.py:78] - 👉 数据列名检查: ['date', 'open', 'high', 'low', 'close', 'volume', 'amount', 'outstanding_share', 'turnover']
2026-03-11 14:22:02,048 - INFO - [engine.py:99] - ⚡ [300014 亿纬锂能] 盘中数据注入成功！(跳动现价: 67.9)
2026-03-11 14:22:02,050 - DEBUG - [engine.py:104] - 
📊 [300014 亿纬锂能] 最新 3 行切片检查:
             open   high    low  close       volume        amount  turnover                 updated_at
date                                                                                                  
2026-03-09  59.70  62.50  58.36  62.28   59208676.0  3.611984e+09  0.029607 2026-03-11 14:22:02.046181
2026-03-10  62.71  63.85  62.50  62.98   40868830.0  2.583041e+09  0.020436 2026-03-11 14:22:02.046181
2026-03-11  62.76  69.67  62.70  67.90  113752712.0           NaN  0.000000                        NaT

2026-03-11 14:22:03,943 - DEBUG - [akshare_pd.py:78] - 👉 数据列名检查: ['date', 'open', 'high', 'low', 'close', 'volume', 'amount', 'outstanding_share', 'turnover']
2026-03-11 14:22:03,945 - INFO - [engine.py:99] - ⚡ [600989 宝丰能源] 盘中数据注入成功！(跳动现价: 31.85)
2026-03-11 14:22:03,947 - DEBUG - [engine.py:104] - 
📊 [600989 宝丰能源] 最新 3 行切片检查:
             open   high    low  close       volume        amount  turnover                 updated_at
date                                                                                                  
2026-03-09  31.49  31.49  30.07  30.64  316806474.0  9.873710e+09  0.043201 2026-03-11 14:22:03.943236
2026-03-10  27.58  29.88  27.58  28.95  246527995.0  7.083563e+09  0.033617 2026-03-11 14:22:03.943236
2026-03-11  28.35  31.85  28.35  31.85  215592254.0           NaN  0.000000                        NaT

2026-03-11 14:22:05,400 - DEBUG - [akshare_pd.py:78] - 👉 数据列名检查: ['date', 'open', 'high', 'low', 'close', 'volume', 'amount', 'outstanding_share', 'turnover']
2026-03-11 14:22:05,404 - INFO - [engine.py:99] - ⚡ [600875 东方电气] 盘中数据注入成功！(跳动现价: 40.83)
2026-03-11 14:22:05,405 - DEBUG - [engine.py:104] - 
📊 [600875 东方电气] 最新 3 行切片检查:
             open   high    low  close       volume        amount  turnover                 updated_at
date                                                                                                  
2026-03-09  42.11  43.80  41.63  43.00  141944816.0  6.042191e+09  0.062714 2026-03-11 14:22:05.401319
2026-03-10  43.06  44.06  41.75  42.16  127077622.0  5.414091e+09  0.056145 2026-03-11 14:22:05.401319
2026-03-11  42.50  42.62  40.41  40.83  107119037.0           NaN  0.000000                        NaT

2026-03-11 14:22:05,578 - INFO - [cloudakpd.py:36] - ============================================================
2026-03-11 14:22:05,578 - INFO - [cloudakpd.py:37] - 📊 [DataCenter] 数据内核启动审计...
2026-03-11 14:22:05,579 - INFO - [cloudakpd.py:38] -    ▫️ 存储模式 : ☁️  云端 (PostgreSQL)
2026-03-11 14:22:05,579 - INFO - [cloudakpd.py:39] -    ▫️ 连接节点 : ep-noisy-dust-a1zv7w56-pooler.ap-southeast-1.aws.neon.tech/neondb
2026-03-11 14:22:08,774 - INFO - [cloudakpd.py:85] - 📂 字段审计完成，当前支持: name, trade_date, low, volume, is_closed, symbol, updated_at, open, latest_price, turnover_rate, amount, high
2026-03-11 14:22:08,775 - INFO - [cloudakpd.py:42] - ============================================================
2026-03-11 14:22:30,132 - INFO - [cloudakpd.py:204] - ---------------------------------------------
2026-03-11 14:22:30,132 - INFO - [cloudakpd.py:205] - 🔍 [审计] 同步完成: 2026-03-11
2026-03-11 14:22:30,132 - INFO - [cloudakpd.py:206] -    ▫️ 标的总数 : 5488 条
2026-03-11 14:22:30,132 - INFO - [cloudakpd.py:207] -    ▫️ 资金状态 : 盘中实时
2026-03-11 14:22:30,132 - INFO - [cloudakpd.py:208] -    ▫️ 存入时间 : 2026-03-11 14:22:26.985664
2026-03-11 14:22:30,137 - INFO - [cloudakpd.py:210] - 
symbol name  open  latest_price  high   low    volume      amount trade_date
920000 安徽凤凰 17.90         17.89 18.20 17.87  620831.0  11184874.0 2026-03-11
920001 纬达光电 19.55         19.77 21.27 19.27 8378236.0 169331919.0 2026-03-11
920002 万达轴承 93.56         93.05 94.50 92.91  628899.0  58914877.0 2026-03-11
2026-03-11 14:22:30,137 - INFO - [cloudakpd.py:211] - ---------------------------------------------
2026-03-11 14:22:33,331 - INFO - [cloudakpd.py:204] - ---------------------------------------------
2026-03-11 14:22:33,331 - INFO - [cloudakpd.py:205] - 🔍 [审计] 读取成功: 2026-03-11
2026-03-11 14:22:33,331 - INFO - [cloudakpd.py:206] -    ▫️ 标的总数 : 5488 条
2026-03-11 14:22:33,331 - INFO - [cloudakpd.py:207] -    ▫️ 资金状态 : 盘中实时
2026-03-11 14:22:33,332 - INFO - [cloudakpd.py:208] -    ▫️ 存入时间 : 2026-03-11 14:22:26.985664
2026-03-11 14:22:33,334 - INFO - [cloudakpd.py:210] - 
symbol name  open  latest_price  high   low    volume      amount trade_date
920000 安徽凤凰 17.90         17.89 18.20 17.87  620831.0  11184874.0 2026-03-11
920001 纬达光电 19.55         19.77 21.27 19.27 8378236.0 169331919.0 2026-03-11
920002 万达轴承 93.56         93.05 94.50 92.91  628899.0  58914877.0 2026-03-11
2026-03-11 14:22:33,335 - INFO - [cloudakpd.py:211] - ---------------------------------------------
2026-03-11 14:22:33,337 - INFO - [ledger.py:266] - ✅ 资产审计完成。当前净资产: 1042694342.17, 云端对齐已完成。
2026-03-11 14:22:33,337 - INFO - [engine.py:161] - ================================================================================
2026-03-11 14:22:33,337 - INFO - [engine.py:162] - 【操作审批纪要 (Execution Summary)】
2026-03-11 14:22:33,338 - INFO - [engine.py:164] - 🟢 000547 (航天发展) 建议买入 289100 股 | 预估价: 33.56 | 状态: 待老板确认 | 逻辑: 顺势金叉确认，首次建仓
2026-03-11 14:22:33,338 - INFO - [engine.py:164] - 🟢 600938 (中国海油) 建议买入 232100 股 | 预估价: 41.80 | 状态: 待老板确认 | 逻辑: 顺势金叉确认，首次建仓
2026-03-11 14:22:33,338 - INFO - [engine.py:164] - 🟢 600703 (三安光电) 建议买入 569400 股 | 预估价: 17.04 | 状态: 待老板确认 | 逻辑: 顺势金叉确认，首次建仓
2026-03-11 14:22:33,338 - INFO - [engine.py:164] - 🟢 601857 (中国石油) 建议买入 807900 股 | 预估价: 12.01 | 状态: 待老板确认 | 逻辑: 顺势金叉确认，首次建仓
2026-03-11 14:22:33,338 - INFO - [engine.py:168] - 
【持仓状态确认 (Positions Audit)】
2026-03-11 14:22:33,338 - INFO - [engine.py:170] - 🛡️ 601179 (中国西电) | 持仓 860000 股 | 现价: 19.06 | 浮盈: -0.63%
   └─ 买入日期: 2026-03-11 | 开仓逻辑: 顺势金叉确认，首次建仓
2026-03-11 14:22:33,338 - INFO - [engine.py:170] - 🛡️ 600089 (特变电工) | 持仓 529700 股 | 现价: 31.06 | 浮盈: -0.26%
   └─ 买入日期: 2026-03-11 | 开仓逻辑: 顺势金叉确认，首次建仓
2026-03-11 14:22:33,339 - INFO - [engine.py:170] - 🛡️ 002202 (金风科技) | 持仓 323300 股 | 现价: 30.09 | 浮盈: 0.27%
   └─ 买入日期: 2026-03-11 | 开仓逻辑: 顺势金叉确认，首次建仓
2026-03-11 14:22:33,339 - INFO - [engine.py:170] - 🛡️ 600522 (中天科技) | 持仓 300 股 | 现价: 30.09 | 浮盈: 2.23%
   └─ 买入日期: 历史遗留 | 开仓逻辑: 未知建仓逻辑
2026-03-11 14:22:33,339 - INFO - [engine.py:170] - 🛡️ 601939 (建设银行) | 持仓 200 股 | 现价: 9.04 | 浮盈: 4.87%
   └─ 买入日期: 历史遗留 | 开仓逻辑: 未知建仓逻辑
2026-03-11 14:22:33,339 - INFO - [engine.py:174] - ================================================================================
2026-03-11 14:22:33,339 - INFO - [engine.py:175] - 👀 【交易额最大动态监控池 (优胜劣汰拒绝名单)】
2026-03-11 14:22:33,340 - INFO - [engine.py:186] -    - 🚫 观望 300502 (新易盛): 未形成多头排列
2026-03-11 14:22:33,340 - INFO - [engine.py:186] -    - 🚫 观望 300308 (中际旭创): 未满足缩量回踩或放量突破
2026-03-11 14:22:33,340 - INFO - [engine.py:186] -    - 🚫 观望 300750 (宁德时代): 未形成多头排列
2026-03-11 14:22:33,341 - INFO - [engine.py:186] -    - 🚫 观望 002261 (拓维信息): 未形成多头排列
2026-03-11 14:22:33,341 - INFO - [engine.py:186] -    - 🚫 观望 000988 (华工科技): 乖离率偏高 (1.54)
2026-03-11 14:22:33,341 - INFO - [engine.py:186] -    - 🚫 观望 300394 (天孚通信): 未满足缩量回踩或放量突破
2026-03-11 14:22:33,341 - INFO - [engine.py:186] -    - 🚫 观望 600410 (华胜天成): 乖离率偏高 (1.37)
2026-03-11 14:22:33,342 - INFO - [engine.py:186] -    - 🚫 观望 601899 (紫金矿业): 未满足缩量回踩或放量突破
2026-03-11 14:22:33,342 - INFO - [engine.py:186] -    - 🚫 观望 002506 (协鑫集成): 乖离率偏高 (1.34)
2026-03-11 14:22:33,342 - INFO - [engine.py:186] -    - 🚫 观望 300274 (阳光电源): 未形成多头排列
2026-03-11 14:22:33,343 - INFO - [engine.py:186] -    - 🚫 观望 002384 (东山精密): 乖离率偏高 (1.27)
2026-03-11 14:22:33,343 - INFO - [engine.py:186] -    - 🚫 观望 600498 (烽火通信): 乖离率偏高 (1.25)
2026-03-11 14:22:33,343 - INFO - [engine.py:186] -    - 🚫 观望 601868 (中国能建): 未形成多头排列
2026-03-11 14:22:33,343 - INFO - [engine.py:186] -    - 🚫 观望 300476 (胜宏科技): 未形成多头排列
2026-03-11 14:22:33,344 - INFO - [engine.py:186] -    - 🚫 观望 300017 (网宿科技): 未满足缩量回踩或放量突破
2026-03-11 14:22:33,344 - INFO - [engine.py:186] -    - 🚫 观望 600487 (亨通光电): 乖离率偏高 (1.28)
2026-03-11 14:22:33,344 - INFO - [engine.py:186] -    - 🚫 观望 002475 (立讯精密): 未形成多头排列
2026-03-11 14:22:33,344 - INFO - [engine.py:186] -    - 🚫 观望 600759 (洲际油气): 乖离率偏高 (1.30)
2026-03-11 14:22:33,345 - INFO - [engine.py:186] -    - 🚫 观望 002594 (比亚迪): 未形成多头排列
2026-03-11 14:22:33,345 - INFO - [engine.py:186] -    - 🚫 观望 300475 (香农芯创): 未满足缩量回踩或放量突破
2026-03-11 14:22:33,345 - INFO - [engine.py:186] -    - 🚫 观望 002281 (光迅科技): 乖离率偏高 (1.24)
2026-03-11 14:22:33,346 - INFO - [engine.py:186] -    - 🚫 观望 002195 (岩山科技): 未满足缩量回踩或放量突破
2026-03-11 14:22:33,346 - INFO - [engine.py:186] -    - 🚫 观望 300014 (亿纬锂能): 未形成多头排列
2026-03-11 14:22:33,346 - INFO - [engine.py:186] -    - 🚫 观望 600989 (宝丰能源): 乖离率偏高 (1.30)
2026-03-11 14:22:33,346 - INFO - [engine.py:186] -    - 🚫 观望 600875 (东方电气): 乖离率偏高 (1.27)
2026-03-11 14:33:33,316 - INFO - [config.py:47] - --------------------------------------------------------------------------------
2026-03-11 14:33:33,316 - INFO - [config.py:48] - ⚙️ 【策略参数装载与核对】 -> 依据: trials_20260311_125053.csv
2026-03-11 14:33:33,317 - INFO - [config.py:50] -    - 注入动态寻优参数 : bias_entry_limit: 1.21, ma_long: 130, ma_mid: 30, ma_short: 10, partial_exit_min_profit: 0.2, partial_exit_pct: 0.6, profit_tier1: 0.3, stop_loss_pct: 0.08, trailing_stop_pct: 0.16, trailing_tier1: 0.17, unit_size: 0.33
2026-03-11 14:33:33,317 - INFO - [config.py:51] - --------------------------------------------------------------------------------
2026-03-11 14:33:33,354 - INFO - [cloudakpd.py:36] - ============================================================
2026-03-11 14:33:33,354 - INFO - [cloudakpd.py:37] - 📊 [DataCenter] 数据内核启动审计...
2026-03-11 14:33:33,354 - INFO - [cloudakpd.py:38] -    ▫️ 存储模式 : ☁️  云端 (PostgreSQL)
2026-03-11 14:33:33,355 - INFO - [cloudakpd.py:39] -    ▫️ 连接节点 : ep-noisy-dust-a1zv7w56-pooler.ap-southeast-1.aws.neon.tech/neondb
2026-03-11 14:33:37,710 - INFO - [cloudakpd.py:85] - 📂 字段审计完成，当前支持: low, name, open, is_closed, amount, turnover_rate, latest_price, high, updated_at, trade_date, volume, symbol
2026-03-11 14:33:37,711 - INFO - [cloudakpd.py:42] - ============================================================
2026-03-11 14:33:39,576 - INFO - [cloudakpd.py:204] - ---------------------------------------------
2026-03-11 14:33:39,576 - INFO - [cloudakpd.py:205] - 🔍 [审计] 读取成功: 2026-03-11
2026-03-11 14:33:39,576 - INFO - [cloudakpd.py:206] -    ▫️ 标的总数 : 5488 条
2026-03-11 14:33:39,576 - INFO - [cloudakpd.py:207] -    ▫️ 资金状态 : 盘中实时
2026-03-11 14:33:39,576 - INFO - [cloudakpd.py:208] -    ▫️ 存入时间 : 2026-03-11 14:22:26.985664
2026-03-11 14:33:39,579 - INFO - [cloudakpd.py:210] - 
symbol name  open  latest_price  high   low    volume      amount trade_date
920000 安徽凤凰 17.90         17.89 18.20 17.87  620831.0  11184874.0 2026-03-11
920001 纬达光电 19.55         19.77 21.27 19.27 8378236.0 169331919.0 2026-03-11
920002 万达轴承 93.56         93.05 94.50 92.91  628899.0  58914877.0 2026-03-11
2026-03-11 14:33:39,580 - INFO - [cloudakpd.py:211] - ---------------------------------------------
2026-03-11 14:33:39,580 - INFO - [universe.py:40] - ✅ [UniverseManager] 云端全量快照加载成功，当前监控 5488 只标的。
2026-03-11 14:33:39,580 - INFO - [engine.py:24] - ================================================================================
2026-03-11 14:33:39,581 - INFO - [engine.py:25] -  🚀 启动量化交易实盘中心 (2026-03-11 14:33)
2026-03-11 14:33:39,581 - INFO - [engine.py:26] -    - 📒 人工比对账本 : D:\git\LongTrading\data\live_broker_account.json
2026-03-11 14:33:39,581 - INFO - [engine.py:27] -    - 💸 审计交易流水 : D:\git\LongTrading\data\live_trade_ledger.csv
2026-03-11 14:33:39,581 - INFO - [engine.py:28] - ================================================================================
2026-03-11 14:33:39,585 - WARNING - [ledger.py:64] - 🚨 【对账异常】 000547 系统应有 289100 与 真实持有 0不一致。系统已强制以人工为准重新校准！
2026-03-11 14:33:39,585 - WARNING - [ledger.py:64] - 🚨 【对账异常】 600938 系统应有 232100 与 真实持有 0不一致。系统已强制以人工为准重新校准！
2026-03-11 14:33:39,585 - WARNING - [ledger.py:64] - 🚨 【对账异常】 601857 系统应有 807900 与 真实持有 0不一致。系统已强制以人工为准重新校准！
2026-03-11 14:33:39,586 - WARNING - [ledger.py:64] - 🚨 【对账异常】 600703 系统应有 569400 与 真实持有 0不一致。系统已强制以人工为准重新校准！
2026-03-11 14:33:39,586 - INFO - [engine.py:36] - 📡 正在全盘扫描历史数据与近期快照，构建动态监控池...
2026-03-11 14:33:39,586 - INFO - [universe.py:82] - 📊 正在通过云端 SQL 审计近 20 个交易日的热点标的...
2026-03-11 14:33:40,442 - INFO - [universe.py:129] - ✅ [UniverseManager] 动态股票池已对齐云端，当前池规模: 34
2026-03-11 14:33:40,442 - INFO - [engine.py:38] - 🏦 会计部接管完毕: 可用现金 【1,000,000,000.00 元】，真实持仓 【5 只】，雷达标的 【34 只】。
2026-03-11 14:33:40,442 - INFO - [engine.py:39] - 🎯 监控池构建完毕: 汇聚近 20 日霸榜标的，实盘监控总数: 【34 只】。
2026-03-11 14:33:40,444 - INFO - [engine.py:67] - --------------------------------------------------------------------------------
2026-03-11 14:33:40,444 - INFO - [engine.py:68] - 【盘前资产风控评估 (Pre-Trade NAV Dashboard)】
2026-03-11 14:33:40,444 - INFO - [engine.py:69] -    - 可用现金 (Available Cash) : 1,000,000,000.00
2026-03-11 14:33:40,445 - INFO - [engine.py:70] -    - 持仓成本 (Total Cost)     : 42,702,445.20
2026-03-11 14:33:40,445 - INFO - [engine.py:71] -    - 持仓市值 (Market Value)   : 42,677,449.00
2026-03-11 14:33:40,445 - INFO - [engine.py:72] -    - 净 资 产 (Total Equity)   : 1,042,677,449.00
2026-03-11 14:33:40,445 - INFO - [engine.py:73] -    - 账面浮盈 (Floating PnL)   : -24,996.20 (-0.06%)
2026-03-11 14:33:40,445 - INFO - [engine.py:74] - --------------------------------------------------------------------------------
2026-03-11 14:33:41,686 - DEBUG - [akshare_pd.py:78] - 👉 数据列名检查: ['date', 'open', 'high', 'low', 'close', 'volume', 'amount', 'outstanding_share', 'turnover']
2026-03-11 14:33:41,690 - INFO - [engine.py:99] - ⚡ [601179 中国西电] 盘中数据注入成功！(跳动现价: 19.15)
2026-03-11 14:33:41,692 - DEBUG - [engine.py:104] - 
📊 [601179 中国西电] 最新 3 行切片检查:
             open   high    low  close       volume        amount  turnover                 updated_at
date                                                                                                  
2026-03-09  18.90  20.61  18.89  20.17  534452198.0  1.061643e+10  0.104265 2026-03-11 14:33:41.686755
2026-03-10  20.00  20.65  19.58  19.99  442844017.0  8.876727e+09  0.086394 2026-03-11 14:33:41.686755
2026-03-11  20.01  20.10  18.72  19.15  484077665.0           NaN  0.000000                        NaT

2026-03-11 14:33:42,899 - DEBUG - [akshare_pd.py:78] - 👉 数据列名检查: ['date', 'open', 'high', 'low', 'close', 'volume', 'amount', 'outstanding_share', 'turnover']
2026-03-11 14:33:42,906 - INFO - [engine.py:99] - ⚡ [600089 特变电工] 盘中数据注入成功！(跳动现价: 31.08)
2026-03-11 14:33:42,907 - DEBUG - [engine.py:104] - 
📊 [600089 特变电工] 最新 3 行切片检查:
             open   high    low  close       volume        amount  turnover                 updated_at
date                                                                                                  
2026-03-09  31.81  33.15  31.80  32.76  421073209.0  1.372328e+10  0.083335 2026-03-11 14:33:42.900548
2026-03-10  32.69  32.74  31.65  31.86  353286075.0  1.132871e+10  0.069919 2026-03-11 14:33:42.900548
2026-03-11  31.87  31.90  30.90  31.08  273397849.0           NaN  0.000000                        NaT

2026-03-11 14:33:44,174 - DEBUG - [akshare_pd.py:78] - 👉 数据列名检查: ['date', 'open', 'high', 'low', 'close', 'volume', 'amount', 'outstanding_share', 'turnover']
2026-03-11 14:33:44,178 - INFO - [engine.py:99] - ⚡ [002202 金风科技] 盘中数据注入成功！(跳动现价: 30.11)
2026-03-11 14:33:44,180 - DEBUG - [engine.py:104] - 
📊 [002202 金风科技] 最新 3 行切片检查:
             open   high    low  close       volume        amount  turnover                 updated_at
date                                                                                                  
2026-03-09  27.70  28.58  27.50  28.47  197276190.0  5.538672e+09  0.058652 2026-03-11 14:33:44.174763
2026-03-10  28.59  29.20  28.23  28.48  201005873.0  5.763493e+09  0.059761 2026-03-11 14:33:44.174763
2026-03-11  28.51  31.00  27.82  30.11  377721340.0           NaN  0.000000                        NaT

2026-03-11 14:33:45,171 - DEBUG - [akshare_pd.py:78] - 👉 数据列名检查: ['date', 'open', 'high', 'low', 'close', 'volume', 'amount', 'outstanding_share', 'turnover']
2026-03-11 14:33:45,175 - INFO - [engine.py:99] - ⚡ [600522 中天科技] 盘中数据注入成功！(跳动现价: 30.02)
2026-03-11 14:33:45,176 - DEBUG - [engine.py:104] - 
📊 [600522 中天科技] 最新 3 行切片检查:
             open   high    low  close       volume        amount  turnover                 updated_at
date                                                                                                  
2026-03-09  26.37  27.31  25.38  27.20  155402012.0  4.065327e+09  0.045533 2026-03-11 14:33:45.172164
2026-03-10  27.55  29.18  27.41  28.90  168544463.0  4.798302e+09  0.049384 2026-03-11 14:33:45.172164
2026-03-11  29.82  31.66  29.79  30.02  219063997.0           NaN  0.000000                        NaT

2026-03-11 14:33:46,327 - DEBUG - [akshare_pd.py:78] - 👉 数据列名检查: ['date', 'open', 'high', 'low', 'close', 'volume', 'amount', 'outstanding_share', 'turnover']
2026-03-11 14:33:46,331 - INFO - [engine.py:99] - ⚡ [601939 建设银行] 盘中数据注入成功！(跳动现价: 9.02)
2026-03-11 14:33:46,333 - DEBUG - [engine.py:104] - 
📊 [601939 建设银行] 最新 3 行切片检查:
            open  high   low  close       volume        amount  turnover                 updated_at
date                                                                                               
2026-03-09  8.96  9.14  8.93   9.06  152815331.0  1.381533e+09  0.015929 2026-03-11 14:33:46.328433
2026-03-10  9.01  9.04  8.93   8.94   83402353.0  7.477126e+08  0.008693 2026-03-11 14:33:46.328433
2026-03-11  8.94  9.04  8.89   9.02   69037852.0           NaN  0.000000                        NaT

2026-03-11 14:33:47,323 - DEBUG - [akshare_pd.py:78] - 👉 数据列名检查: ['date', 'open', 'high', 'low', 'close', 'volume', 'amount', 'outstanding_share', 'turnover']
2026-03-11 14:33:47,325 - INFO - [engine.py:99] - ⚡ [300502 新易盛] 盘中数据注入成功！(跳动现价: 393.1)
2026-03-11 14:33:47,327 - DEBUG - [engine.py:104] - 
📊 [300502 新易盛] 最新 3 行切片检查:
              open    high     low   close      volume        amount  turnover                 updated_at
date                                                                                                     
2026-03-09  380.00  387.32  369.32  384.00  44166394.0  1.662925e+10  0.049882 2026-03-11 14:33:47.323277
2026-03-10  394.75  401.00  382.59  397.33  42488136.0  1.669605e+10  0.047986 2026-03-11 14:33:47.323277
2026-03-11  400.01  408.00  392.20  393.10  30337728.0           NaN  0.000000                        NaT

2026-03-11 14:33:48,301 - DEBUG - [akshare_pd.py:78] - 👉 数据列名检查: ['date', 'open', 'high', 'low', 'close', 'volume', 'amount', 'outstanding_share', 'turnover']
2026-03-11 14:33:48,305 - INFO - [engine.py:99] - ⚡ [300308 中际旭创] 盘中数据注入成功！(跳动现价: 553.82)
2026-03-11 14:33:48,307 - DEBUG - [engine.py:104] - 
📊 [300308 中际旭创] 最新 3 行切片检查:
             open    high     low   close      volume        amount  turnover                 updated_at
date                                                                                                    
2026-03-09  520.1  528.30  506.00  525.99  31474315.0  1.623065e+10  0.028471 2026-03-11 14:33:48.301856
2026-03-10  540.0  548.98  530.02  547.00  28309414.0  1.534895e+10  0.025608 2026-03-11 14:33:48.301856
2026-03-11  557.0  568.90  553.00  553.82  21558621.0           NaN  0.000000                        NaT

2026-03-11 14:33:49,222 - DEBUG - [akshare_pd.py:78] - 👉 数据列名检查: ['date', 'open', 'high', 'low', 'close', 'volume', 'amount', 'outstanding_share', 'turnover']
2026-03-11 14:33:49,226 - INFO - [engine.py:99] - ⚡ [300750 宁德时代] 盘中数据注入成功！(跳动现价: 397.3)
2026-03-11 14:33:49,229 - DEBUG - [engine.py:104] - 
📊 [300750 宁德时代] 最新 3 行切片检查:
              open    high     low  close      volume        amount  turnover                 updated_at
date                                                                                                    
2026-03-09  348.84  359.85  345.06  357.5  31797613.0  1.121800e+10  0.007470 2026-03-11 14:33:49.222946
2026-03-10  375.00  379.77  366.50  376.3  50741728.0  1.904908e+10  0.011921 2026-03-11 14:33:49.222946
2026-03-11  379.58  403.55  378.98  397.3  51101637.0           NaN  0.000000                        NaT

2026-03-11 14:33:50,211 - DEBUG - [akshare_pd.py:78] - 👉 数据列名检查: ['date', 'open', 'high', 'low', 'close', 'volume', 'amount', 'outstanding_share', 'turnover']
2026-03-11 14:33:50,215 - INFO - [engine.py:99] - ⚡ [002261 拓维信息] 盘中数据注入成功！(跳动现价: 41.96)
2026-03-11 14:33:50,216 - DEBUG - [engine.py:104] - 
📊 [002261 拓维信息] 最新 3 行切片检查:
             open   high    low  close       volume        amount  turnover                 updated_at
date                                                                                                  
2026-03-09  39.49  42.96  37.91  42.96  340835678.0  1.379804e+10  0.297504 2026-03-11 14:33:50.212414
2026-03-10  42.15  44.06  40.72  41.76  313689541.0  1.320427e+10  0.273809 2026-03-11 14:33:50.212414
2026-03-11  41.51  43.89  41.03  41.96  236338725.0           NaN  0.000000                        NaT

2026-03-11 14:33:51,232 - DEBUG - [akshare_pd.py:78] - 👉 数据列名检查: ['date', 'open', 'high', 'low', 'close', 'volume', 'amount', 'outstanding_share', 'turnover']
2026-03-11 14:33:51,235 - INFO - [engine.py:99] - ⚡ [000547 航天发展] 盘中数据注入成功！(跳动现价: 33.36)
2026-03-11 14:33:51,238 - DEBUG - [engine.py:104] - 
📊 [000547 航天发展] 最新 3 行切片检查:
             open   high    low  close       volume        amount  turnover                 updated_at
date                                                                                                  
2026-03-09  31.30  33.32  31.30  32.10  311748689.0  1.016066e+10  0.196177 2026-03-11 14:33:51.232083
2026-03-10  32.51  34.30  32.12  33.66  364988789.0  1.220221e+10  0.229680 2026-03-11 14:33:51.232083
2026-03-11  34.00  34.00  32.80  33.36  254494295.0           NaN  0.000000                        NaT

2026-03-11 14:33:52,146 - DEBUG - [akshare_pd.py:78] - 👉 数据列名检查: ['date', 'open', 'high', 'low', 'close', 'volume', 'amount', 'outstanding_share', 'turnover']
2026-03-11 14:33:52,149 - INFO - [engine.py:99] - ⚡ [000988 华工科技] 盘中数据注入成功！(跳动现价: 134.18)
2026-03-11 14:33:52,150 - DEBUG - [engine.py:104] - 
📊 [000988 华工科技] 最新 3 行切片检查:
              open    high     low   close       volume        amount  turnover                 updated_at
date                                                                                                      
2026-03-09  112.00  119.78  108.50  118.60  135658907.0  1.541769e+10  0.134986 2026-03-11 14:33:52.146836
2026-03-10  119.49  124.00  116.55  123.51  113779973.0  1.363733e+10  0.113216 2026-03-11 14:33:52.146836
2026-03-11  122.99  135.20  122.90  134.18  110516934.0           NaN  0.000000                        NaT

2026-03-11 14:33:54,087 - DEBUG - [akshare_pd.py:78] - 👉 数据列名检查: ['date', 'open', 'high', 'low', 'close', 'volume', 'amount', 'outstanding_share', 'turnover']
2026-03-11 14:33:54,089 - INFO - [engine.py:99] - ⚡ [300394 天孚通信] 盘中数据注入成功！(跳动现价: 330.53)
2026-03-11 14:33:54,091 - DEBUG - [engine.py:104] - 
📊 [300394 天孚通信] 最新 3 行切片检查:
              open    high     low   close      volume        amount  turnover                 updated_at
date                                                                                                     
2026-03-09  306.75  310.48  292.00  306.96  37896546.0  1.136586e+10  0.048845 2026-03-11 14:33:54.088421
2026-03-10  329.00  341.88  325.01  340.48  38050810.0  1.274569e+10  0.049044 2026-03-11 14:33:54.088421
2026-03-11  342.69  344.44  330.03  330.53  22847817.0           NaN  0.000000                        NaT

2026-03-11 14:33:56,649 - DEBUG - [akshare_pd.py:78] - 👉 数据列名检查: ['date', 'open', 'high', 'low', 'close', 'volume', 'amount', 'outstanding_share', 'turnover']
2026-03-11 14:33:56,654 - INFO - [engine.py:99] - ⚡ [600410 华胜天成] 盘中数据注入成功！(跳动现价: 33.46)
2026-03-11 14:33:56,656 - DEBUG - [engine.py:104] - 
📊 [600410 华胜天成] 最新 3 行切片检查:
             open   high    low  close       volume        amount  turnover                 updated_at
date                                                                                                  
2026-03-09  28.50  32.60  27.85  30.51  387235359.0  1.152136e+10  0.353158 2026-03-11 14:33:56.650472
2026-03-10  30.51  32.57  29.68  31.83  370505276.0  1.156331e+10  0.337900 2026-03-11 14:33:56.650472
2026-03-11  31.20  34.31  31.19  33.46  329556186.0           NaN  0.000000                        NaT

2026-03-11 14:33:57,701 - DEBUG - [akshare_pd.py:78] - 👉 数据列名检查: ['date', 'open', 'high', 'low', 'close', 'volume', 'amount', 'outstanding_share', 'turnover']
2026-03-11 14:33:57,703 - INFO - [engine.py:99] - ⚡ [601899 紫金矿业] 盘中数据注入成功！(跳动现价: 37.27)
2026-03-11 14:33:57,705 - DEBUG - [engine.py:104] - 
📊 [601899 紫金矿业] 最新 3 行切片检查:
             open   high    low  close       volume        amount  turnover                 updated_at
date                                                                                                  
2026-03-09  35.93  36.67  34.86  36.40  390629022.0  1.390525e+10  0.018962 2026-03-11 14:33:57.701615
2026-03-10  36.98  37.54  36.80  37.13  201312398.0  7.475372e+09  0.009772 2026-03-11 14:33:57.701615
2026-03-11  37.50  37.64  37.04  37.27  128566190.0           NaN  0.000000                        NaT

2026-03-11 14:33:58,730 - DEBUG - [akshare_pd.py:78] - 👉 数据列名检查: ['date', 'open', 'high', 'low', 'close', 'volume', 'amount', 'outstanding_share', 'turnover']
2026-03-11 14:33:58,734 - INFO - [engine.py:99] - ⚡ [002506 协鑫集成] 盘中数据注入成功！(跳动现价: 5.96)
2026-03-11 14:33:58,736 - DEBUG - [engine.py:104] - 
📊 [002506 协鑫集成] 最新 3 行切片检查:
            open  high   low  close        volume        amount  turnover                 updated_at
date                                                                                                
2026-03-09  5.65  6.05  5.65   5.78  1.691455e+09  9.840327e+09  0.289413 2026-03-11 14:33:58.731074
2026-03-10  5.78  6.19  5.60   6.07  1.416593e+09  8.373467e+09  0.242383 2026-03-11 14:33:58.731074
2026-03-11  6.00  6.36  5.80   5.96  1.335474e+09           NaN  0.000000                        NaT

2026-03-11 14:33:59,893 - DEBUG - [akshare_pd.py:78] - 👉 数据列名检查: ['date', 'open', 'high', 'low', 'close', 'volume', 'amount', 'outstanding_share', 'turnover']
2026-03-11 14:33:59,895 - INFO - [engine.py:99] - ⚡ [300274 阳光电源] 盘中数据注入成功！(跳动现价: 171.03)
2026-03-11 14:33:59,897 - DEBUG - [engine.py:104] - 
📊 [300274 阳光电源] 最新 3 行切片检查:
              open    high     low   close       volume        amount  turnover                 updated_at
date                                                                                                      
2026-03-09  148.49  156.85  147.57  155.80   82230094.0  1.267351e+10  0.051726 2026-03-11 14:33:59.893554
2026-03-10  157.99  158.69  153.20  156.10   59341753.0  9.259444e+09  0.037329 2026-03-11 14:33:59.893554
2026-03-11  156.42  175.66  156.39  171.03  133099691.0           NaN  0.000000                        NaT

2026-03-11 14:34:00,820 - DEBUG - [akshare_pd.py:78] - 👉 数据列名检查: ['date', 'open', 'high', 'low', 'close', 'volume', 'amount', 'outstanding_share', 'turnover']
2026-03-11 14:34:00,823 - INFO - [engine.py:99] - ⚡ [002384 东山精密] 盘中数据注入成功！(跳动现价: 103.95)
2026-03-11 14:34:00,824 - DEBUG - [engine.py:104] - 
📊 [002384 东山精密] 最新 3 行切片检查:
              open    high     low   close      volume        amount  turnover                 updated_at
date                                                                                                     
2026-03-09   90.30   98.50   87.19   98.24  90442577.0  8.286012e+09  0.065239 2026-03-11 14:34:00.821102
2026-03-10  102.00  108.06  101.20  108.06  91333198.0  9.599794e+09  0.065882 2026-03-11 14:34:00.821102
2026-03-11  109.33  111.65  103.71  103.95  80906127.0           NaN  0.000000                        NaT

2026-03-11 14:34:02,248 - DEBUG - [akshare_pd.py:78] - 👉 数据列名检查: ['date', 'open', 'high', 'low', 'close', 'volume', 'amount', 'outstanding_share', 'turnover']
2026-03-11 14:34:02,252 - INFO - [engine.py:99] - ⚡ [600498 烽火通信] 盘中数据注入成功！(跳动现价: 57.0)
2026-03-11 14:34:02,253 - DEBUG - [engine.py:104] - 
📊 [600498 烽火通信] 最新 3 行切片检查:
             open   high    low  close       volume        amount  turnover                 updated_at
date                                                                                                  
2026-03-09  50.86  52.20  47.60   52.0  124158461.0  6.161074e+09  0.097638 2026-03-11 14:34:02.248815
2026-03-10  53.00  57.20  52.71   57.2  144011656.0  8.010268e+09  0.113250 2026-03-11 14:34:02.248815
2026-03-11  58.60  61.78  56.66   57.0  168754793.0           NaN  0.000000                        NaT

2026-03-11 14:34:03,107 - DEBUG - [akshare_pd.py:78] - 👉 数据列名检查: ['date', 'open', 'high', 'low', 'close', 'volume', 'amount', 'outstanding_share', 'turnover']
2026-03-11 14:34:03,109 - INFO - [engine.py:99] - ⚡ [601868 中国能建] 盘中数据注入成功！(跳动现价: 3.45)
2026-03-11 14:34:03,111 - DEBUG - [engine.py:104] - 
📊 [601868 中国能建] 最新 3 行切片检查:
            open  high   low  close        volume        amount  turnover                 updated_at
date                                                                                                
2026-03-09  2.95  3.05  2.90   2.94  3.310056e+09  9.812071e+09  0.102072 2026-03-11 14:34:03.108622
2026-03-10  2.98  3.23  2.87   3.14  3.231616e+09  9.989403e+09  0.099653 2026-03-11 14:34:03.108622
2026-03-11  3.15  3.45  3.09   3.45  1.873532e+09           NaN  0.000000                        NaT

2026-03-11 14:34:04,178 - DEBUG - [akshare_pd.py:78] - 👉 数据列名检查: ['date', 'open', 'high', 'low', 'close', 'volume', 'amount', 'outstanding_share', 'turnover']
2026-03-11 14:34:04,181 - INFO - [engine.py:99] - ⚡ [300476 胜宏科技] 盘中数据注入成功！(跳动现价: 284.68)
2026-03-11 14:34:04,183 - DEBUG - [engine.py:104] - 
📊 [300476 胜宏科技] 最新 3 行切片检查:
              open    high    low   close      volume        amount  turnover                 updated_at
date                                                                                                    
2026-03-09  270.00  271.81  260.2  270.04  32894179.0  8.713586e+09  0.038384 2026-03-11 14:34:04.179608
2026-03-10  278.00  289.99  276.5  289.00  39657754.0  1.130852e+10  0.046276 2026-03-11 14:34:04.179608
2026-03-11  288.99  290.55  283.8  284.68  23286015.0           NaN  0.000000                        NaT

2026-03-11 14:34:05,292 - DEBUG - [akshare_pd.py:78] - 👉 数据列名检查: ['date', 'open', 'high', 'low', 'close', 'volume', 'amount', 'outstanding_share', 'turnover']
2026-03-11 14:34:05,295 - INFO - [engine.py:99] - ⚡ [300017 网宿科技] 盘中数据注入成功！(跳动现价: 19.4)
2026-03-11 14:34:05,297 - DEBUG - [engine.py:104] - 
📊 [300017 网宿科技] 最新 3 行切片检查:
             open   high    low  close       volume        amount  turnover                 updated_at
date                                                                                                  
2026-03-09  18.00  20.24  17.81  20.03  626705917.0  1.182061e+10  0.271866 2026-03-11 14:34:05.293154
2026-03-10  20.65  21.48  19.40  20.39  568261968.0  1.155532e+10  0.246513 2026-03-11 14:34:05.293154
2026-03-11  20.20  20.38  19.38  19.40  337693671.0           NaN  0.000000                        NaT

2026-03-11 14:34:06,244 - DEBUG - [akshare_pd.py:78] - 👉 数据列名检查: ['date', 'open', 'high', 'low', 'close', 'volume', 'amount', 'outstanding_share', 'turnover']
2026-03-11 14:34:06,248 - INFO - [engine.py:99] - ⚡ [600487 亨通光电] 盘中数据注入成功！(跳动现价: 51.07)
2026-03-11 14:34:06,250 - DEBUG - [engine.py:104] - 
📊 [600487 亨通光电] 最新 3 行切片检查:
             open   high    low  close       volume        amount  turnover                 updated_at
date                                                                                                  
2026-03-09  45.81  46.16  43.59  45.72  160204750.0  7.118931e+09  0.065519 2026-03-11 14:34:06.244520
2026-03-10  46.72  50.20  46.72  49.99  153667766.0  7.447927e+09  0.062845 2026-03-11 14:34:06.244520
2026-03-11  51.00  54.30  50.63  51.07  149562762.0           NaN  0.000000                        NaT

2026-03-11 14:34:07,479 - DEBUG - [akshare_pd.py:78] - 👉 数据列名检查: ['date', 'open', 'high', 'low', 'close', 'volume', 'amount', 'outstanding_share', 'turnover']
2026-03-11 14:34:07,483 - INFO - [engine.py:99] - ⚡ [002475 立讯精密] 盘中数据注入成功！(跳动现价: 50.32)
2026-03-11 14:34:07,484 - DEBUG - [engine.py:104] - 
📊 [002475 立讯精密] 最新 3 行切片检查:
             open   high    low  close       volume        amount  turnover                 updated_at
date                                                                                                  
2026-03-09  46.27  46.62  45.43  46.50   97374939.0  4.484441e+09  0.013395 2026-03-11 14:34:07.480116
2026-03-10  47.20  49.70  47.20  49.39  181409372.0  8.875108e+09  0.024956 2026-03-11 14:34:07.480116
2026-03-11  49.45  50.88  49.28  50.32  154975697.0           NaN  0.000000                        NaT

2026-03-11 14:34:09,197 - DEBUG - [akshare_pd.py:78] - 👉 数据列名检查: ['date', 'open', 'high', 'low', 'close', 'volume', 'amount', 'outstanding_share', 'turnover']
2026-03-11 14:34:09,201 - INFO - [engine.py:99] - ⚡ [600759 洲际油气] 盘中数据注入成功！(跳动现价: 7.51)
2026-03-11 14:34:09,203 - DEBUG - [engine.py:104] - 
📊 [600759 洲际油气] 最新 3 行切片检查:
            open  high   low  close        volume        amount  turnover                 updated_at
date                                                                                                
2026-03-09  9.06  9.06  8.30   8.32  1.252567e+09  1.101528e+10  0.302283 2026-03-11 14:34:09.198142
2026-03-10  7.49  7.75  7.49   7.49  7.200396e+08  5.425945e+09  0.173768 2026-03-11 14:34:09.198142
2026-03-11  7.10  7.72  6.91   7.51  7.339470e+08           NaN  0.000000                        NaT

2026-03-11 14:34:10,220 - DEBUG - [akshare_pd.py:78] - 👉 数据列名检查: ['date', 'open', 'high', 'low', 'close', 'volume', 'amount', 'outstanding_share', 'turnover']
2026-03-11 14:34:10,223 - INFO - [engine.py:99] - ⚡ [002594 比亚迪] 盘中数据注入成功！(跳动现价: 99.4)
2026-03-11 14:34:10,224 - DEBUG - [engine.py:104] - 
📊 [002594 比亚迪] 最新 3 行切片检查:
             open    high    low  close       volume        amount  turnover                 updated_at
date                                                                                                   
2026-03-09  93.62   98.00  93.00  97.52  109340899.0  1.056249e+10  0.031355 2026-03-11 14:34:10.220218
2026-03-10  97.18   97.49  96.08  96.60   50746243.0  4.907397e+09  0.014552 2026-03-11 14:34:10.220218
2026-03-11  96.75  100.34  95.67  99.40   81699119.0           NaN  0.000000                        NaT

2026-03-11 14:34:11,108 - DEBUG - [akshare_pd.py:78] - 👉 数据列名检查: ['date', 'open', 'high', 'low', 'close', 'volume', 'amount', 'outstanding_share', 'turnover']
2026-03-11 14:34:11,110 - INFO - [engine.py:99] - ⚡ [600938 中国海油] 盘中数据注入成功！(跳动现价: 41.82)
2026-03-11 14:34:11,111 - DEBUG - [engine.py:104] - 
📊 [600938 中国海油] 最新 3 行切片检查:
             open   high    low  close       volume        amount  turnover                 updated_at
date                                                                                                  
2026-03-09  44.54  44.54  43.00  43.36  213415357.0  9.411870e+09  0.071376 2026-03-11 14:34:11.108771
2026-03-10  39.03  41.66  39.03  40.98  165158546.0  6.646851e+09  0.055237 2026-03-11 14:34:11.108771
2026-03-11  40.20  42.08  40.20  41.82  105736965.0           NaN  0.000000                        NaT

2026-03-11 14:34:12,240 - DEBUG - [akshare_pd.py:78] - 👉 数据列名检查: ['date', 'open', 'high', 'low', 'close', 'volume', 'amount', 'outstanding_share', 'turnover']
2026-03-11 14:34:12,242 - INFO - [engine.py:99] - ⚡ [300475 香农芯创] 盘中数据注入成功！(跳动现价: 156.5)
2026-03-11 14:34:12,243 - DEBUG - [engine.py:104] - 
📊 [300475 香农芯创] 最新 3 行切片检查:
              open    high     low   close      volume        amount  turnover                 updated_at
date                                                                                                     
2026-03-09  149.01  158.67  145.00  157.80  37749133.0  5.748262e+09  0.084757 2026-03-11 14:34:12.240937
2026-03-10  160.20  165.32  158.58  161.85  36564689.0  5.932588e+09  0.082098 2026-03-11 14:34:12.240937
2026-03-11  160.51  162.22  155.58  156.50  25684071.0           NaN  0.000000                        NaT

2026-03-11 14:34:13,274 - DEBUG - [akshare_pd.py:78] - 👉 数据列名检查: ['date', 'open', 'high', 'low', 'close', 'volume', 'amount', 'outstanding_share', 'turnover']
2026-03-11 14:34:13,279 - INFO - [engine.py:99] - ⚡ [002281 光迅科技] 盘中数据注入成功！(跳动现价: 92.64)
2026-03-11 14:34:13,281 - DEBUG - [engine.py:104] - 
📊 [002281 光迅科技] 最新 3 行切片检查:
             open   high    low  close      volume        amount  turnover                 updated_at
date                                                                                                 
2026-03-09  77.95  78.86  72.33  78.33  64519089.0  4.852562e+09  0.082772 2026-03-11 14:34:13.276001
2026-03-10  78.99  86.16  78.99  86.16  55409530.0  4.557438e+09  0.071085 2026-03-11 14:34:13.276001
2026-03-11  90.68  93.00  89.00  92.64  89381666.0           NaN  0.000000                        NaT

2026-03-11 14:34:14,327 - DEBUG - [akshare_pd.py:78] - 👉 数据列名检查: ['date', 'open', 'high', 'low', 'close', 'volume', 'amount', 'outstanding_share', 'turnover']
2026-03-11 14:34:14,331 - INFO - [engine.py:99] - ⚡ [600703 三安光电] 盘中数据注入成功！(跳动现价: 17.07)
2026-03-11 14:34:14,333 - DEBUG - [engine.py:104] - 
📊 [600703 三安光电] 最新 3 行切片检查:
             open   high    low  close       volume        amount  turnover                 updated_at
date                                                                                                  
2026-03-09  16.32  16.55  15.71  16.38  262794548.0  4.241215e+09  0.052675 2026-03-11 14:34:14.328662
2026-03-10  16.50  16.50  15.90  16.11  190315789.0  3.072166e+09  0.038147 2026-03-11 14:34:14.328662
2026-03-11  16.15  17.42  16.05  17.07  301285867.0           NaN  0.000000                        NaT

2026-03-11 14:34:15,295 - DEBUG - [akshare_pd.py:78] - 👉 数据列名检查: ['date', 'open', 'high', 'low', 'close', 'volume', 'amount', 'outstanding_share', 'turnover']
2026-03-11 14:34:15,298 - INFO - [engine.py:99] - ⚡ [601857 中国石油] 盘中数据注入成功！(跳动现价: 12.09)
2026-03-11 14:34:15,300 - DEBUG - [engine.py:104] - 
📊 [601857 中国石油] 最新 3 行切片检查:
             open   high    low  close       volume        amount  turnover                 updated_at
date                                                                                                  
2026-03-09  13.48  13.48  12.91  12.92  817445288.0  1.076400e+10  0.005048 2026-03-11 14:34:15.296028
2026-03-10  12.18  12.30  11.78  11.99  524362917.0  6.301324e+09  0.003238 2026-03-11 14:34:15.296028
2026-03-11  11.78  12.09  11.65  12.09  387332866.0           NaN  0.000000                        NaT

2026-03-11 14:34:16,244 - DEBUG - [akshare_pd.py:78] - 👉 数据列名检查: ['date', 'open', 'high', 'low', 'close', 'volume', 'amount', 'outstanding_share', 'turnover']
2026-03-11 14:34:16,247 - INFO - [engine.py:99] - ⚡ [002195 岩山科技] 盘中数据注入成功！(跳动现价: 10.71)
2026-03-11 14:34:16,249 - DEBUG - [engine.py:104] - 
📊 [002195 岩山科技] 最新 3 行切片检查:
             open   high    low  close       volume        amount  turnover                 updated_at
date                                                                                                  
2026-03-09  10.52  10.73  10.46  10.65  488647965.0  5.175943e+09  0.087239 2026-03-11 14:34:16.244098
2026-03-10  10.72  10.75  10.38  10.52  460576916.0  4.850971e+09  0.082227 2026-03-11 14:34:16.244098
2026-03-11  10.60  10.97  10.31  10.71  623244168.0           NaN  0.000000                        NaT

2026-03-11 14:34:17,274 - DEBUG - [akshare_pd.py:78] - 👉 数据列名检查: ['date', 'open', 'high', 'low', 'close', 'volume', 'amount', 'outstanding_share', 'turnover']
2026-03-11 14:34:17,279 - INFO - [engine.py:99] - ⚡ [300014 亿纬锂能] 盘中数据注入成功！(跳动现价: 67.9)
2026-03-11 14:34:17,280 - DEBUG - [engine.py:104] - 
📊 [300014 亿纬锂能] 最新 3 行切片检查:
             open   high    low  close       volume        amount  turnover                 updated_at
date                                                                                                  
2026-03-09  59.70  62.50  58.36  62.28   59208676.0  3.611984e+09  0.029607 2026-03-11 14:34:17.276090
2026-03-10  62.71  63.85  62.50  62.98   40868830.0  2.583041e+09  0.020436 2026-03-11 14:34:17.276090
2026-03-11  62.76  69.67  62.70  67.90  116563910.0           NaN  0.000000                        NaT

2026-03-11 14:34:18,269 - DEBUG - [akshare_pd.py:78] - 👉 数据列名检查: ['date', 'open', 'high', 'low', 'close', 'volume', 'amount', 'outstanding_share', 'turnover']
2026-03-11 14:34:18,271 - INFO - [engine.py:99] - ⚡ [600989 宝丰能源] 盘中数据注入成功！(跳动现价: 31.85)
2026-03-11 14:34:18,273 - DEBUG - [engine.py:104] - 
📊 [600989 宝丰能源] 最新 3 行切片检查:
             open   high    low  close       volume        amount  turnover                 updated_at
date                                                                                                  
2026-03-09  31.49  31.49  30.07  30.64  316806474.0  9.873710e+09  0.043201 2026-03-11 14:34:18.269616
2026-03-10  27.58  29.88  27.58  28.95  246527995.0  7.083563e+09  0.033617 2026-03-11 14:34:18.269616
2026-03-11  28.35  31.85  28.35  31.85  216420254.0           NaN  0.000000                        NaT

2026-03-11 14:34:19,346 - DEBUG - [akshare_pd.py:78] - 👉 数据列名检查: ['date', 'open', 'high', 'low', 'close', 'volume', 'amount', 'outstanding_share', 'turnover']
2026-03-11 14:34:19,350 - INFO - [engine.py:99] - ⚡ [600875 东方电气] 盘中数据注入成功！(跳动现价: 41.12)
2026-03-11 14:34:19,352 - DEBUG - [engine.py:104] - 
📊 [600875 东方电气] 最新 3 行切片检查:
             open   high    low  close       volume        amount  turnover                 updated_at
date                                                                                                  
2026-03-09  42.11  43.80  41.63  43.00  141944816.0  6.042191e+09  0.062714 2026-03-11 14:34:19.347134
2026-03-10  43.06  44.06  41.75  42.16  127077622.0  5.414091e+09  0.056145 2026-03-11 14:34:19.347134
2026-03-11  42.50  42.62  40.41  41.12  112400037.0           NaN  0.000000                        NaT

2026-03-11 14:34:19,531 - INFO - [cloudakpd.py:36] - ============================================================
2026-03-11 14:34:19,531 - INFO - [cloudakpd.py:37] - 📊 [DataCenter] 数据内核启动审计...
2026-03-11 14:34:19,531 - INFO - [cloudakpd.py:38] -    ▫️ 存储模式 : ☁️  云端 (PostgreSQL)
2026-03-11 14:34:19,531 - INFO - [cloudakpd.py:39] -    ▫️ 连接节点 : ep-noisy-dust-a1zv7w56-pooler.ap-southeast-1.aws.neon.tech/neondb
2026-03-11 14:34:24,119 - INFO - [cloudakpd.py:85] - 📂 字段审计完成，当前支持: low, name, open, is_closed, amount, turnover_rate, latest_price, high, updated_at, trade_date, volume, symbol
2026-03-11 14:34:24,119 - INFO - [cloudakpd.py:42] - ============================================================
2026-03-11 14:35:20,820 - INFO - [cloudakpd.py:204] - ---------------------------------------------
2026-03-11 14:35:20,820 - INFO - [cloudakpd.py:205] - 🔍 [审计] 同步完成: 2026-03-11
2026-03-11 14:35:20,820 - INFO - [cloudakpd.py:206] -    ▫️ 标的总数 : 5488 条
2026-03-11 14:35:20,821 - INFO - [cloudakpd.py:207] -    ▫️ 资金状态 : 盘中实时
2026-03-11 14:35:20,821 - INFO - [cloudakpd.py:208] -    ▫️ 存入时间 : 2026-03-11 14:35:12.528996
2026-03-11 14:35:20,825 - INFO - [cloudakpd.py:210] - 
symbol name  open  latest_price  high   low    volume      amount trade_date
920000 安徽凤凰 17.90         17.95 18.20 17.87  644915.0  11616104.0 2026-03-11
920001 纬达光电 19.55         19.73 21.27 19.27 8538097.0 172490036.0 2026-03-11
920002 万达轴承 93.56         93.09 94.50 92.91  650679.0  60941099.0 2026-03-11
2026-03-11 14:35:20,825 - INFO - [cloudakpd.py:211] - ---------------------------------------------
2026-03-11 14:35:22,281 - INFO - [cloudakpd.py:204] - ---------------------------------------------
2026-03-11 14:35:22,281 - INFO - [cloudakpd.py:205] - 🔍 [审计] 读取成功: 2026-03-11
2026-03-11 14:35:22,282 - INFO - [cloudakpd.py:206] -    ▫️ 标的总数 : 5488 条
2026-03-11 14:35:22,282 - INFO - [cloudakpd.py:207] -    ▫️ 资金状态 : 盘中实时
2026-03-11 14:35:22,282 - INFO - [cloudakpd.py:208] -    ▫️ 存入时间 : 2026-03-11 14:35:12.528996
2026-03-11 14:35:22,284 - INFO - [cloudakpd.py:210] - 
symbol name  open  latest_price  high   low    volume      amount trade_date
920000 安徽凤凰 17.90         17.95 18.20 17.87  644915.0  11616104.0 2026-03-11
920001 纬达光电 19.55         19.73 21.27 19.27 8538097.0 172490036.0 2026-03-11
920002 万达轴承 93.56         93.09 94.50 92.91  650679.0  60941099.0 2026-03-11
2026-03-11 14:35:22,285 - INFO - [cloudakpd.py:211] - ---------------------------------------------
2026-03-11 14:35:22,288 - INFO - [ledger.py:266] - ✅ 资产审计完成。当前净资产: 1042620129.56, 云端对齐已完成。
2026-03-11 14:35:22,288 - INFO - [engine.py:161] - ================================================================================
2026-03-11 14:35:22,289 - INFO - [engine.py:162] - 【操作审批纪要 (Execution Summary)】
2026-03-11 14:35:22,289 - INFO - [engine.py:164] - 🟢 000547 (航天发展) 建议买入 290800 股 | 预估价: 33.36 | 状态: 待老板确认 | 逻辑: 顺势金叉确认，首次建仓
2026-03-11 14:35:22,290 - INFO - [engine.py:164] - 🟢 600938 (中国海油) 建议买入 232000 股 | 预估价: 41.82 | 状态: 待老板确认 | 逻辑: 顺势金叉确认，首次建仓
2026-03-11 14:35:22,290 - INFO - [engine.py:164] - 🟢 600703 (三安光电) 建议买入 568400 股 | 预估价: 17.07 | 状态: 待老板确认 | 逻辑: 顺势金叉确认，首次建仓
2026-03-11 14:35:22,290 - INFO - [engine.py:164] - 🟢 601857 (中国石油) 建议买入 802500 股 | 预估价: 12.09 | 状态: 待老板确认 | 逻辑: 顺势金叉确认，首次建仓
2026-03-11 14:35:22,290 - INFO - [engine.py:168] - 
【持仓状态确认 (Positions Audit)】
2026-03-11 14:35:22,291 - INFO - [engine.py:170] - 🛡️ 601179 (中国西电) | 持仓 860000 股 | 现价: 19.15 | 浮盈: -0.16%
   └─ 买入日期: 2026-03-11 | 开仓逻辑: 顺势金叉确认，首次建仓
2026-03-11 14:35:22,291 - INFO - [engine.py:170] - 🛡️ 600089 (特变电工) | 持仓 529700 股 | 现价: 31.08 | 浮盈: -0.19%
   └─ 买入日期: 2026-03-11 | 开仓逻辑: 顺势金叉确认，首次建仓
2026-03-11 14:35:22,291 - INFO - [engine.py:170] - 🛡️ 002202 (金风科技) | 持仓 323300 股 | 现价: 30.11 | 浮盈: 0.33%
   └─ 买入日期: 2026-03-11 | 开仓逻辑: 顺势金叉确认，首次建仓
2026-03-11 14:35:22,291 - INFO - [engine.py:170] - 🛡️ 600522 (中天科技) | 持仓 300 股 | 现价: 30.02 | 浮盈: 1.99%
   └─ 买入日期: 历史遗留 | 开仓逻辑: 未知建仓逻辑
2026-03-11 14:35:22,292 - INFO - [engine.py:170] - 🛡️ 601939 (建设银行) | 持仓 200 股 | 现价: 9.02 | 浮盈: 4.64%
   └─ 买入日期: 历史遗留 | 开仓逻辑: 未知建仓逻辑
2026-03-11 14:35:22,292 - INFO - [engine.py:174] - ================================================================================
2026-03-11 14:35:22,292 - INFO - [engine.py:175] - 👀 【交易额最大动态监控池 (优胜劣汰拒绝名单)】
2026-03-11 14:35:22,293 - INFO - [engine.py:186] -    - 🚫 观望 300502 (新易盛): 未形成多头排列
2026-03-11 14:35:22,294 - INFO - [engine.py:186] -    - 🚫 观望 300308 (中际旭创): 未满足缩量回踩或放量突破
2026-03-11 14:35:22,294 - INFO - [engine.py:186] -    - 🚫 观望 300750 (宁德时代): 未形成多头排列
2026-03-11 14:35:22,294 - INFO - [engine.py:186] -    - 🚫 观望 002261 (拓维信息): 未形成多头排列
2026-03-11 14:35:22,295 - INFO - [engine.py:186] -    - 🚫 观望 000988 (华工科技): 乖离率偏高 (1.54)
2026-03-11 14:35:22,295 - INFO - [engine.py:186] -    - 🚫 观望 300394 (天孚通信): 未满足缩量回踩或放量突破
2026-03-11 14:35:22,295 - INFO - [engine.py:186] -    - 🚫 观望 600410 (华胜天成): 乖离率偏高 (1.37)
2026-03-11 14:35:22,295 - INFO - [engine.py:186] -    - 🚫 观望 601899 (紫金矿业): 未满足缩量回踩或放量突破
2026-03-11 14:35:22,296 - INFO - [engine.py:186] -    - 🚫 观望 002506 (协鑫集成): 乖离率偏高 (1.34)
2026-03-11 14:35:22,296 - INFO - [engine.py:186] -    - 🚫 观望 300274 (阳光电源): 未形成多头排列
2026-03-11 14:35:22,296 - INFO - [engine.py:186] -    - 🚫 观望 002384 (东山精密): 乖离率偏高 (1.27)
2026-03-11 14:35:22,297 - INFO - [engine.py:186] -    - 🚫 观望 600498 (烽火通信): 乖离率偏高 (1.25)
2026-03-11 14:35:22,297 - INFO - [engine.py:186] -    - 🚫 观望 601868 (中国能建): 未形成多头排列
2026-03-11 14:35:22,297 - INFO - [engine.py:186] -    - 🚫 观望 300476 (胜宏科技): 未形成多头排列
2026-03-11 14:35:22,298 - INFO - [engine.py:186] -    - 🚫 观望 300017 (网宿科技): 未满足缩量回踩或放量突破
2026-03-11 14:35:22,298 - INFO - [engine.py:186] -    - 🚫 观望 600487 (亨通光电): 乖离率偏高 (1.28)
2026-03-11 14:35:22,298 - INFO - [engine.py:186] -    - 🚫 观望 002475 (立讯精密): 未形成多头排列
2026-03-11 14:35:22,298 - INFO - [engine.py:186] -    - 🚫 观望 600759 (洲际油气): 乖离率偏高 (1.28)
2026-03-11 14:35:22,299 - INFO - [engine.py:186] -    - 🚫 观望 002594 (比亚迪): 未形成多头排列
2026-03-11 14:35:22,299 - INFO - [engine.py:186] -    - 🚫 观望 300475 (香农芯创): 未满足缩量回踩或放量突破
2026-03-11 14:35:22,299 - INFO - [engine.py:186] -    - 🚫 观望 002281 (光迅科技): 乖离率偏高 (1.25)
2026-03-11 14:35:22,300 - INFO - [engine.py:186] -    - 🚫 观望 002195 (岩山科技): 未满足缩量回踩或放量突破
2026-03-11 14:35:22,300 - INFO - [engine.py:186] -    - 🚫 观望 300014 (亿纬锂能): 未形成多头排列
2026-03-11 14:35:22,300 - INFO - [engine.py:186] -    - 🚫 观望 600989 (宝丰能源): 乖离率偏高 (1.30)
2026-03-11 14:35:22,301 - INFO - [engine.py:186] -    - 🚫 观望 600875 (东方电气): 乖离率偏高 (1.28)
