2026-03-12 12:25:36,799 - INFO - [config.py:47] - --------------------------------------------------------------------------------
2026-03-12 12:25:36,799 - INFO - [config.py:48] - ⚙️ 【策略参数装载与核对】 -> 依据: trials_20260311_165301.csv
2026-03-12 12:25:36,804 - INFO - [config.py:50] -    - 注入动态寻优参数 : bias_entry_limit: 1.25, ma_long: 70, ma_mid: 38, ma_short: 8, partial_exit_min_profit: 0.15, partial_exit_pct: 0.3, profit_tier1: 0.15, stop_loss_pct: 0.08, trailing_stop_pct: 0.34, trailing_tier1: 0.1, unit_size: 0.2
2026-03-12 12:25:36,804 - INFO - [config.py:51] - --------------------------------------------------------------------------------
2026-03-12 12:25:36,849 - INFO - [cloudakpd.py:36] - ============================================================
2026-03-12 12:25:36,850 - INFO - [cloudakpd.py:37] - 📊 [DataCenter] 数据内核启动审计...
2026-03-12 12:25:36,851 - INFO - [cloudakpd.py:38] -    ▫️ 存储模式 : ☁️  云端 (PostgreSQL)
2026-03-12 12:25:36,852 - INFO - [cloudakpd.py:39] -    ▫️ 连接节点 : ep-noisy-dust-a1zv7w56-pooler.ap-southeast-1.aws.neon.tech/neondb
2026-03-12 12:25:40,454 - INFO - [cloudakpd.py:85] - 📂 字段审计完成，当前支持: open, name, low, turnover_rate, high, latest_price, trade_date, updated_at, symbol, is_closed, amount, volume
2026-03-12 12:25:40,475 - INFO - [cloudakpd.py:42] - ============================================================
2026-03-12 12:25:41,461 - WARNING - [universe.py:42] - ⚠️ [UniverseManager] 云端快照为空，请检查数据同步。
2026-03-12 12:25:41,463 - INFO - [engine.py:24] - ================================================================================
2026-03-12 12:25:41,463 - INFO - [engine.py:25] -  🚀 启动量化交易实盘中心 (2026-03-12 12:25)
2026-03-12 12:25:41,466 - INFO - [engine.py:26] -    - 📒 人工比对账本 : D:\git\longtrading\data\live_broker_account.json
2026-03-12 12:25:41,467 - INFO - [engine.py:27] -    - 💸 审计交易流水 : D:\git\longtrading\data\live_trade_ledger.csv
2026-03-12 12:25:41,468 - INFO - [engine.py:28] - ================================================================================
2026-03-12 12:25:41,478 - WARNING - [ledger.py:64] - 🚨 【对账异常】 601857 系统应有 802500 与 真实持有 0不一致。系统已强制以人工为准重新校准！
2026-03-12 12:25:41,480 - WARNING - [ledger.py:64] - 🚨 【对账异常】 000547 系统应有 290800 与 真实持有 0不一致。系统已强制以人工为准重新校准！
2026-03-12 12:25:41,481 - WARNING - [ledger.py:64] - 🚨 【对账异常】 600938 系统应有 232000 与 真实持有 0不一致。系统已强制以人工为准重新校准！
2026-03-12 12:25:41,482 - WARNING - [ledger.py:64] - 🚨 【对账异常】 600703 系统应有 568400 与 真实持有 0不一致。系统已强制以人工为准重新校准！
2026-03-12 12:25:41,482 - INFO - [engine.py:36] - 📡 正在全盘扫描历史数据与近期快照，构建动态监控池...
2026-03-12 12:25:41,482 - INFO - [universe.py:145] - 📊 正在通过云端 SQL 审计近 20 个交易日的热点标的...
2026-03-12 12:25:41,994 - INFO - [universe.py:192] - ✅ [UniverseManager] 动态股票池已对齐云端，当前池规模: 34
2026-03-12 12:25:41,995 - INFO - [engine.py:38] - 🏦 会计部接管完毕: 可用现金 【1,000,000,000.00 元】，真实持仓 【5 只】，雷达标的 【34 只】。
2026-03-12 12:25:41,996 - INFO - [engine.py:39] - 🎯 监控池构建完毕: 汇聚近 20 日霸榜标的，实盘监控总数: 【34 只】。
2026-03-12 12:25:42,001 - INFO - [engine.py:67] - --------------------------------------------------------------------------------
2026-03-12 12:25:42,001 - INFO - [engine.py:68] - 【盘前资产风控评估 (Pre-Trade NAV Dashboard)】
2026-03-12 12:25:42,002 - INFO - [engine.py:69] -    - 可用现金 (Available Cash) : 1,000,000,000.00
2026-03-12 12:25:42,002 - INFO - [engine.py:70] -    - 持仓成本 (Total Cost)     : 42,702,445.20
2026-03-12 12:25:42,003 - INFO - [engine.py:71] -    - 持仓市值 (Market Value)   : 42,702,445.20
2026-03-12 12:25:42,004 - INFO - [engine.py:72] -    - 净 资 产 (Total Equity)   : 1,042,702,445.20
2026-03-12 12:25:42,004 - INFO - [engine.py:73] -    - 账面浮盈 (Floating PnL)   : 0.00 (0.00%)
2026-03-12 12:25:42,005 - INFO - [engine.py:74] - --------------------------------------------------------------------------------
2026-03-12 12:25:43,047 - DEBUG - [akshare_pd.py:78] - 👉 数据列名检查: ['date', 'open', 'high', 'low', 'close', 'volume', 'amount', 'outstanding_share', 'turnover']
2026-03-12 12:25:43,055 - DEBUG - [engine.py:104] - 
📊 [601179 601179] 最新 3 行切片检查:
             open   high    low  close       volume        amount  turnover                 updated_at
date                                                                                                  
2026-03-09  18.90  20.61  18.89  20.17  534452198.0  1.061643e+10  0.104265 2026-03-12 12:25:43.047817
2026-03-10  20.00  20.65  19.58  19.99  442844017.0  8.876727e+09  0.086394 2026-03-12 12:25:43.047817
2026-03-11  20.01  20.10  18.72  19.15  538764514.0  1.039706e+10  0.105107 2026-03-12 12:25:43.047817

2026-03-12 12:25:44,085 - DEBUG - [akshare_pd.py:78] - 👉 数据列名检查: ['date', 'open', 'high', 'low', 'close', 'volume', 'amount', 'outstanding_share', 'turnover']
2026-03-12 12:25:44,088 - DEBUG - [engine.py:104] - 
📊 [600089 600089] 最新 3 行切片检查:
             open   high    low  close       volume        amount  turnover                 updated_at
date                                                                                                  
2026-03-09  31.81  33.15  31.80  32.76  421073209.0  1.372328e+10  0.083335 2026-03-12 12:25:44.085668
2026-03-10  32.69  32.74  31.65  31.86  353286075.0  1.132871e+10  0.069919 2026-03-12 12:25:44.085668
2026-03-11  31.87  31.90  30.90  31.04  310469652.0  9.699245e+09  0.061445 2026-03-12 12:25:44.085668

2026-03-12 12:25:44,988 - DEBUG - [akshare_pd.py:78] - 👉 数据列名检查: ['date', 'open', 'high', 'low', 'close', 'volume', 'amount', 'outstanding_share', 'turnover']
2026-03-12 12:25:44,992 - DEBUG - [engine.py:104] - 
📊 [002202 002202] 最新 3 行切片检查:
             open   high    low  close       volume        amount  turnover                 updated_at
date                                                                                                  
2026-03-09  27.70  28.58  27.50  28.47  197276190.0  5.538672e+09  0.058652 2026-03-12 12:25:44.988617
2026-03-10  28.59  29.20  28.23  28.48  201005873.0  5.763493e+09  0.059761 2026-03-12 12:25:44.988617
2026-03-11  28.51  31.00  27.82  30.24  434392923.0  1.278988e+10  0.129149 2026-03-12 12:25:44.988617

2026-03-12 12:25:46,243 - DEBUG - [akshare_pd.py:78] - 👉 数据列名检查: ['date', 'open', 'high', 'low', 'close', 'volume', 'amount', 'outstanding_share', 'turnover']
2026-03-12 12:25:46,247 - DEBUG - [engine.py:104] - 
📊 [600522 600522] 最新 3 行切片检查:
             open   high    low  close       volume        amount  turnover                 updated_at
date                                                                                                  
2026-03-09  26.37  27.31  25.38  27.20  155402012.0  4.065327e+09  0.045533 2026-03-12 12:25:46.244082
2026-03-10  27.55  29.18  27.41  28.90  168544463.0  4.798302e+09  0.049384 2026-03-12 12:25:46.244082
2026-03-11  29.82  31.66  29.79  30.01  244824364.0  7.470581e+09  0.071734 2026-03-12 12:25:46.244082

2026-03-12 12:25:47,372 - DEBUG - [akshare_pd.py:78] - 👉 数据列名检查: ['date', 'open', 'high', 'low', 'close', 'volume', 'amount', 'outstanding_share', 'turnover']
2026-03-12 12:25:47,377 - DEBUG - [engine.py:104] - 
📊 [601939 601939] 最新 3 行切片检查:
            open  high   low  close       volume        amount  turnover                 updated_at
date                                                                                               
2026-03-09  8.96  9.14  8.93   9.06  152815331.0  1.381533e+09  0.015929 2026-03-12 12:25:47.373203
2026-03-10  9.01  9.04  8.93   8.94   83402353.0  7.477126e+08  0.008693 2026-03-12 12:25:47.373203
2026-03-11  8.94  9.05  8.89   9.05   86050618.0  7.735042e+08  0.008970 2026-03-12 12:25:47.373203

2026-03-12 12:25:48,386 - DEBUG - [akshare_pd.py:78] - 👉 数据列名检查: ['date', 'open', 'high', 'low', 'close', 'volume', 'amount', 'outstanding_share', 'turnover']
2026-03-12 12:25:48,389 - DEBUG - [engine.py:104] - 
📊 [300502 300502] 最新 3 行切片检查:
              open    high     low   close      volume        amount  turnover                 updated_at
date                                                                                                     
2026-03-09  380.00  387.32  369.32  384.00  44166394.0  1.662925e+10  0.049882 2026-03-12 12:25:48.387443
2026-03-10  394.75  401.00  382.59  397.33  42488136.0  1.669605e+10  0.047986 2026-03-12 12:25:48.387443
2026-03-11  400.01  408.00  392.20  393.23  33838170.0  1.350834e+10  0.038217 2026-03-12 12:25:48.387443

2026-03-12 12:25:49,214 - DEBUG - [akshare_pd.py:78] - 👉 数据列名检查: ['date', 'open', 'high', 'low', 'close', 'volume', 'amount', 'outstanding_share', 'turnover']
2026-03-12 12:25:49,218 - DEBUG - [engine.py:104] - 
📊 [300308 300308] 最新 3 行切片检查:
             open    high     low   close      volume        amount  turnover                 updated_at
date                                                                                                    
2026-03-09  520.1  528.30  506.00  525.99  31474315.0  1.623065e+10  0.028471 2026-03-12 12:25:49.214088
2026-03-10  540.0  548.98  530.02  547.00  28309414.0  1.534895e+10  0.025608 2026-03-12 12:25:49.214088
2026-03-11  557.0  568.90  553.00  554.68  23897170.0  1.341204e+10  0.021617 2026-03-12 12:25:49.214088

2026-03-12 12:25:50,124 - DEBUG - [akshare_pd.py:78] - 👉 数据列名检查: ['date', 'open', 'high', 'low', 'close', 'volume', 'amount', 'outstanding_share', 'turnover']
2026-03-12 12:25:50,127 - DEBUG - [engine.py:104] - 
📊 [300750 300750] 最新 3 行切片检查:
              open    high     low  close      volume        amount  turnover                 updated_at
date                                                                                                    
2026-03-09  348.84  359.85  345.06  357.5  31797613.0  1.121800e+10  0.007470 2026-03-12 12:25:50.124392
2026-03-10  375.00  379.77  366.50  376.3  50741728.0  1.904908e+10  0.011921 2026-03-12 12:25:50.124392
2026-03-11  379.58  403.55  378.98  396.8  57598685.0  2.264270e+10  0.013531 2026-03-12 12:25:50.124392

2026-03-12 12:25:51,157 - DEBUG - [akshare_pd.py:78] - 👉 数据列名检查: ['date', 'open', 'high', 'low', 'close', 'volume', 'amount', 'outstanding_share', 'turnover']
2026-03-12 12:25:51,162 - DEBUG - [engine.py:104] - 
📊 [002261 002261] 最新 3 行切片检查:
             open   high    low  close       volume        amount  turnover                 updated_at
date                                                                                                  
2026-03-09  39.49  42.96  37.91  42.96  340835678.0  1.379804e+10  0.297504 2026-03-12 12:25:51.158506
2026-03-10  42.15  44.06  40.72  41.76  313689541.0  1.320427e+10  0.273809 2026-03-12 12:25:51.158506
2026-03-11  41.51  43.89  41.03  41.08  272790380.0  1.151191e+10  0.238109 2026-03-12 12:25:51.158506

2026-03-12 12:25:52,207 - DEBUG - [akshare_pd.py:78] - 👉 数据列名检查: ['date', 'open', 'high', 'low', 'close', 'volume', 'amount', 'outstanding_share', 'turnover']
2026-03-12 12:25:52,210 - DEBUG - [engine.py:104] - 
📊 [000547 000547] 最新 3 行切片检查:
             open   high    low  close       volume        amount  turnover                 updated_at
date                                                                                                  
2026-03-09  31.30  33.32  31.30  32.10  311748689.0  1.016066e+10  0.196177 2026-03-12 12:25:52.207524
2026-03-10  32.51  34.30  32.12  33.66  364988789.0  1.220221e+10  0.229680 2026-03-12 12:25:52.207524
2026-03-11  34.00  34.00  32.80  33.31  297030040.0  9.915401e+09  0.186915 2026-03-12 12:25:52.207524

2026-03-12 12:25:53,318 - DEBUG - [akshare_pd.py:78] - 👉 数据列名检查: ['date', 'open', 'high', 'low', 'close', 'volume', 'amount', 'outstanding_share', 'turnover']
2026-03-12 12:25:53,322 - DEBUG - [engine.py:104] - 
📊 [000988 000988] 最新 3 行切片检查:
              open    high     low   close       volume        amount  turnover                 updated_at
date                                                                                                      
2026-03-09  112.00  119.78  108.50  118.60  135658907.0  1.541769e+10  0.134986 2026-03-12 12:25:53.319572
2026-03-10  119.49  124.00  116.55  123.51  113779973.0  1.363733e+10  0.113216 2026-03-12 12:25:53.319572
2026-03-11  122.99  135.69  122.90  134.88  125882525.0  1.641234e+10  0.125258 2026-03-12 12:25:53.319572

2026-03-12 12:25:54,293 - DEBUG - [akshare_pd.py:78] - 👉 数据列名检查: ['date', 'open', 'high', 'low', 'close', 'volume', 'amount', 'outstanding_share', 'turnover']
2026-03-12 12:25:54,297 - DEBUG - [engine.py:104] - 
📊 [300394 300394] 最新 3 行切片检查:
              open    high     low   close      volume        amount  turnover                 updated_at
date                                                                                                     
2026-03-09  306.75  310.48  292.00  306.96  37896546.0  1.136586e+10  0.048845 2026-03-12 12:25:54.294726
2026-03-10  329.00  341.88  325.01  340.48  38050810.0  1.274569e+10  0.049044 2026-03-12 12:25:54.294726
2026-03-11  342.69  344.44  329.30  331.00  26757383.0  8.972870e+09  0.034488 2026-03-12 12:25:54.294726

2026-03-12 12:25:55,370 - DEBUG - [akshare_pd.py:78] - 👉 数据列名检查: ['date', 'open', 'high', 'low', 'close', 'volume', 'amount', 'outstanding_share', 'turnover']
2026-03-12 12:25:55,373 - DEBUG - [engine.py:104] - 
📊 [600410 600410] 最新 3 行切片检查:
             open   high    low  close       volume        amount  turnover                 updated_at
date                                                                                                  
2026-03-09  28.50  32.60  27.85  30.51  387235359.0  1.152136e+10  0.353158 2026-03-12 12:25:55.370829
2026-03-10  30.51  32.57  29.68  31.83  370505276.0  1.156331e+10  0.337900 2026-03-12 12:25:55.370829
2026-03-11  31.20  34.31  31.19  32.68  413292958.0  1.370430e+10  0.376922 2026-03-12 12:25:55.370829

2026-03-12 12:25:56,338 - DEBUG - [akshare_pd.py:78] - 👉 数据列名检查: ['date', 'open', 'high', 'low', 'close', 'volume', 'amount', 'outstanding_share', 'turnover']
2026-03-12 12:25:56,340 - DEBUG - [engine.py:104] - 
📊 [601899 601899] 最新 3 行切片检查:
             open   high    low  close       volume        amount  turnover                 updated_at
date                                                                                                  
2026-03-09  35.93  36.67  34.86  36.40  390629022.0  1.390525e+10  0.018962 2026-03-12 12:25:56.338957
2026-03-10  36.98  37.54  36.80  37.13  201312398.0  7.475372e+09  0.009772 2026-03-12 12:25:56.338957
2026-03-11  37.50  37.64  37.04  37.24  148131269.0  5.525147e+09  0.007191 2026-03-12 12:25:56.338957

2026-03-12 12:25:57,246 - DEBUG - [akshare_pd.py:78] - 👉 数据列名检查: ['date', 'open', 'high', 'low', 'close', 'volume', 'amount', 'outstanding_share', 'turnover']
2026-03-12 12:25:57,249 - DEBUG - [engine.py:104] - 
📊 [002506 002506] 最新 3 行切片检查:
            open  high   low  close        volume        amount  turnover                 updated_at
date                                                                                                
2026-03-09  5.65  6.05  5.65   5.78  1.691455e+09  9.840327e+09  0.289413 2026-03-12 12:25:57.246648
2026-03-10  5.78  6.19  5.60   6.07  1.416593e+09  8.373467e+09  0.242383 2026-03-12 12:25:57.246648
2026-03-11  6.00  6.36  5.80   5.96  1.563213e+09  9.493189e+09  0.267471 2026-03-12 12:25:57.246648

2026-03-12 12:25:58,230 - DEBUG - [akshare_pd.py:78] - 👉 数据列名检查: ['date', 'open', 'high', 'low', 'close', 'volume', 'amount', 'outstanding_share', 'turnover']
2026-03-12 12:25:58,236 - DEBUG - [engine.py:104] - 
📊 [300274 300274] 最新 3 行切片检查:
              open    high     low   close       volume        amount  turnover                 updated_at
date                                                                                                      
2026-03-09  148.49  156.85  147.57  155.80   82230094.0  1.267351e+10  0.051726 2026-03-12 12:25:58.231996
2026-03-10  157.99  158.69  153.20  156.10   59341753.0  9.259444e+09  0.037329 2026-03-12 12:25:58.231996
2026-03-11  156.42  175.66  156.39  170.92  144572766.0  2.431173e+10  0.090943 2026-03-12 12:25:58.231996

2026-03-12 12:25:59,166 - DEBUG - [akshare_pd.py:78] - 👉 数据列名检查: ['date', 'open', 'high', 'low', 'close', 'volume', 'amount', 'outstanding_share', 'turnover']
2026-03-12 12:25:59,171 - DEBUG - [engine.py:104] - 
📊 [002384 002384] 最新 3 行切片检查:
              open    high     low   close      volume        amount  turnover                 updated_at
date                                                                                                     
2026-03-09   90.30   98.50   87.19   98.24  90442577.0  8.286012e+09  0.065239 2026-03-12 12:25:59.167155
2026-03-10  102.00  108.06  101.20  108.06  91333198.0  9.599794e+09  0.065882 2026-03-12 12:25:59.167155
2026-03-11  109.33  111.65  103.71  104.80  91369094.0  9.735043e+09  0.065908 2026-03-12 12:25:59.167155

2026-03-12 12:26:00,486 - DEBUG - [akshare_pd.py:78] - 👉 数据列名检查: ['date', 'open', 'high', 'low', 'close', 'volume', 'amount', 'outstanding_share', 'turnover']
2026-03-12 12:26:00,489 - DEBUG - [engine.py:104] - 
📊 [600498 600498] 最新 3 行切片检查:
             open   high    low  close       volume        amount  turnover                 updated_at
date                                                                                                  
2026-03-09  50.86  52.20  47.60  52.00  124158461.0  6.161074e+09  0.097638 2026-03-12 12:26:00.487189
2026-03-10  53.00  57.20  52.71  57.20  144011656.0  8.010268e+09  0.113250 2026-03-12 12:26:00.487189
2026-03-11  58.60  61.78  56.66  57.03  183744064.0  1.086759e+10  0.144496 2026-03-12 12:26:00.487189

2026-03-12 12:26:01,489 - DEBUG - [akshare_pd.py:78] - 👉 数据列名检查: ['date', 'open', 'high', 'low', 'close', 'volume', 'amount', 'outstanding_share', 'turnover']
2026-03-12 12:26:01,493 - DEBUG - [engine.py:104] - 
📊 [601868 601868] 最新 3 行切片检查:
            open  high   low  close        volume        amount  turnover                 updated_at
date                                                                                                
2026-03-09  2.95  3.05  2.90   2.94  3.310056e+09  9.812071e+09  0.102072 2026-03-12 12:26:01.490419
2026-03-10  2.98  3.23  2.87   3.14  3.231616e+09  9.989403e+09  0.099653 2026-03-12 12:26:01.490419
2026-03-11  3.15  3.45  3.09   3.45  1.892516e+09  6.294151e+09  0.058359 2026-03-12 12:26:01.490419

2026-03-12 12:26:02,593 - DEBUG - [akshare_pd.py:78] - 👉 数据列名检查: ['date', 'open', 'high', 'low', 'close', 'volume', 'amount', 'outstanding_share', 'turnover']
2026-03-12 12:26:02,595 - DEBUG - [engine.py:104] - 
📊 [300476 300476] 最新 3 行切片检查:
              open    high    low   close      volume        amount  turnover                 updated_at
date                                                                                                    
2026-03-09  270.00  271.81  260.2  270.04  32894179.0  8.713586e+09  0.038384 2026-03-12 12:26:02.594565
2026-03-10  278.00  289.99  276.5  289.00  39657754.0  1.130852e+10  0.046276 2026-03-12 12:26:02.594565
2026-03-11  288.99  290.55  283.8  284.80  26223427.0  7.503241e+09  0.030600 2026-03-12 12:26:02.594565

2026-03-12 12:26:03,566 - DEBUG - [akshare_pd.py:78] - 👉 数据列名检查: ['date', 'open', 'high', 'low', 'close', 'volume', 'amount', 'outstanding_share', 'turnover']
2026-03-12 12:26:03,569 - DEBUG - [engine.py:104] - 
📊 [300017 300017] 最新 3 行切片检查:
             open   high    low  close       volume        amount  turnover                 updated_at
date                                                                                                  
2026-03-09  18.00  20.24  17.81  20.03  626705917.0  1.182061e+10  0.271866 2026-03-12 12:26:03.566579
2026-03-10  20.65  21.48  19.40  20.39  568261968.0  1.155532e+10  0.246513 2026-03-12 12:26:03.566579
2026-03-11  20.20  20.38  19.36  19.38  384801124.0  7.598068e+09  0.166927 2026-03-12 12:26:03.566579

2026-03-12 12:26:04,713 - DEBUG - [akshare_pd.py:78] - 👉 数据列名检查: ['date', 'open', 'high', 'low', 'close', 'volume', 'amount', 'outstanding_share', 'turnover']
2026-03-12 12:26:04,716 - DEBUG - [engine.py:104] - 
📊 [600487 600487] 最新 3 行切片检查:
             open   high    low  close       volume        amount  turnover                 updated_at
date                                                                                                  
2026-03-09  45.81  46.16  43.59  45.72  160204750.0  7.118931e+09  0.065519 2026-03-12 12:26:04.713594
2026-03-10  46.72  50.20  46.72  49.99  153667766.0  7.447927e+09  0.062845 2026-03-12 12:26:04.713594
2026-03-11  51.00  54.30  50.63  50.80  168100591.0  8.775464e+09  0.068748 2026-03-12 12:26:04.713594

2026-03-12 12:26:05,879 - DEBUG - [akshare_pd.py:78] - 👉 数据列名检查: ['date', 'open', 'high', 'low', 'close', 'volume', 'amount', 'outstanding_share', 'turnover']
2026-03-12 12:26:05,882 - DEBUG - [engine.py:104] - 
📊 [002475 002475] 最新 3 行切片检查:
             open   high    low  close       volume        amount  turnover                 updated_at
date                                                                                                  
2026-03-09  46.27  46.62  45.43  46.50   97374939.0  4.484441e+09  0.013395 2026-03-12 12:26:05.880301
2026-03-10  47.20  49.70  47.20  49.39  181409372.0  8.875108e+09  0.024956 2026-03-12 12:26:05.880301
2026-03-11  49.45  50.88  49.28  50.17  168648425.0  8.476554e+09  0.023200 2026-03-12 12:26:05.880301

2026-03-12 12:26:07,056 - DEBUG - [akshare_pd.py:78] - 👉 数据列名检查: ['date', 'open', 'high', 'low', 'close', 'volume', 'amount', 'outstanding_share', 'turnover']
2026-03-12 12:26:07,060 - DEBUG - [engine.py:104] - 
📊 [600759 600759] 最新 3 行切片检查:
            open  high   low  close        volume        amount  turnover                 updated_at
date                                                                                                
2026-03-09  9.06  9.06  8.30   8.32  1.252567e+09  1.101528e+10  0.302283 2026-03-12 12:26:07.056104
2026-03-10  7.49  7.75  7.49   7.49  7.200396e+08  5.425945e+09  0.173768 2026-03-12 12:26:07.056104
2026-03-11  7.10  7.72  6.91   7.56  8.316349e+08  6.136074e+09  0.200699 2026-03-12 12:26:07.056104

2026-03-12 12:26:07,961 - DEBUG - [akshare_pd.py:78] - 👉 数据列名检查: ['date', 'open', 'high', 'low', 'close', 'volume', 'amount', 'outstanding_share', 'turnover']
2026-03-12 12:26:07,964 - DEBUG - [engine.py:104] - 
📊 [002594 002594] 最新 3 行切片检查:
             open    high    low  close       volume        amount  turnover                 updated_at
date                                                                                                   
2026-03-09  93.62   98.00  93.00  97.52  109340899.0  1.056249e+10  0.031355 2026-03-12 12:26:07.962340
2026-03-10  97.18   97.49  96.08  96.60   50746243.0  4.907397e+09  0.014552 2026-03-12 12:26:07.962340
2026-03-11  96.75  100.34  95.67  99.22   90374375.0  8.925094e+09  0.025916 2026-03-12 12:26:07.962340

2026-03-12 12:26:08,870 - DEBUG - [akshare_pd.py:78] - 👉 数据列名检查: ['date', 'open', 'high', 'low', 'close', 'volume', 'amount', 'outstanding_share', 'turnover']
2026-03-12 12:26:08,873 - DEBUG - [engine.py:104] - 
📊 [600938 600938] 最新 3 行切片检查:
             open   high    low  close       volume        amount  turnover                 updated_at
date                                                                                                  
2026-03-09  44.54  44.54  43.00  43.36  213415357.0  9.411870e+09  0.071376 2026-03-12 12:26:08.871149
2026-03-10  39.03  41.66  39.03  40.98  165158546.0  6.646851e+09  0.055237 2026-03-12 12:26:08.871149
2026-03-11  40.20  42.08  40.20  41.76  120809993.0  4.963745e+09  0.040405 2026-03-12 12:26:08.871149

2026-03-12 12:26:09,802 - DEBUG - [akshare_pd.py:78] - 👉 数据列名检查: ['date', 'open', 'high', 'low', 'close', 'volume', 'amount', 'outstanding_share', 'turnover']
2026-03-12 12:26:09,805 - DEBUG - [engine.py:104] - 
📊 [300475 300475] 最新 3 行切片检查:
              open    high     low   close      volume        amount  turnover                 updated_at
date                                                                                                     
2026-03-09  149.01  158.67  145.00  157.80  37749133.0  5.748262e+09  0.084757 2026-03-12 12:26:09.802884
2026-03-10  160.20  165.32  158.58  161.85  36564689.0  5.932588e+09  0.082098 2026-03-12 12:26:09.802884
2026-03-11  160.51  162.22  155.58  156.83  28241066.0  4.468852e+09  0.063409 2026-03-12 12:26:09.802884

2026-03-12 12:26:10,834 - DEBUG - [akshare_pd.py:78] - 👉 数据列名检查: ['date', 'open', 'high', 'low', 'close', 'volume', 'amount', 'outstanding_share', 'turnover']
2026-03-12 12:26:10,837 - DEBUG - [engine.py:104] - 
📊 [002281 002281] 最新 3 行切片检查:
             open   high    low  close       volume        amount  turnover                 updated_at
date                                                                                                  
2026-03-09  77.95  78.86  72.33  78.33   64519089.0  4.852562e+09  0.082772 2026-03-12 12:26:10.834304
2026-03-10  78.99  86.16  78.99  86.16   55409530.0  4.557438e+09  0.071085 2026-03-12 12:26:10.834304
2026-03-11  90.68  93.08  89.00  91.49  102547496.0  9.369670e+09  0.131559 2026-03-12 12:26:10.834304

2026-03-12 12:26:11,952 - DEBUG - [akshare_pd.py:78] - 👉 数据列名检查: ['date', 'open', 'high', 'low', 'close', 'volume', 'amount', 'outstanding_share', 'turnover']
2026-03-12 12:26:11,961 - DEBUG - [engine.py:104] - 
📊 [600703 600703] 最新 3 行切片检查:
             open   high    low  close       volume        amount  turnover                 updated_at
date                                                                                                  
2026-03-09  16.32  16.55  15.71  16.38  262794548.0  4.241215e+09  0.052675 2026-03-12 12:26:11.954984
2026-03-10  16.50  16.50  15.90  16.11  190315789.0  3.072166e+09  0.038147 2026-03-12 12:26:11.954984
2026-03-11  16.15  17.42  16.05  17.04  327210971.0  5.518783e+09  0.065586 2026-03-12 12:26:11.954984

2026-03-12 12:26:12,989 - DEBUG - [akshare_pd.py:78] - 👉 数据列名检查: ['date', 'open', 'high', 'low', 'close', 'volume', 'amount', 'outstanding_share', 'turnover']
2026-03-12 12:26:12,995 - DEBUG - [engine.py:104] - 
📊 [601857 601857] 最新 3 行切片检查:
             open   high    low  close       volume        amount  turnover                 updated_at
date                                                                                                  
2026-03-09  13.48  13.48  12.91  12.92  817445288.0  1.076400e+10  0.005048 2026-03-12 12:26:12.990498
2026-03-10  12.18  12.30  11.78  11.99  524362917.0  6.301324e+09  0.003238 2026-03-12 12:26:12.990498
2026-03-11  11.78  12.16  11.65  12.13  474054564.0  5.647612e+09  0.002928 2026-03-12 12:26:12.990498

2026-03-12 12:26:13,998 - DEBUG - [akshare_pd.py:78] - 👉 数据列名检查: ['date', 'open', 'high', 'low', 'close', 'volume', 'amount', 'outstanding_share', 'turnover']
2026-03-12 12:26:14,001 - DEBUG - [engine.py:104] - 
📊 [002195 002195] 最新 3 行切片检查:
             open   high    low  close       volume        amount  turnover                 updated_at
date                                                                                                  
2026-03-09  10.52  10.73  10.46  10.65  488647965.0  5.175943e+09  0.087239 2026-03-12 12:26:13.999602
2026-03-10  10.72  10.75  10.38  10.52  460576916.0  4.850971e+09  0.082227 2026-03-12 12:26:13.999602
2026-03-11  10.60  10.97  10.31  10.71  705692047.0  7.524519e+09  0.125988 2026-03-12 12:26:13.999602

2026-03-12 12:26:15,038 - DEBUG - [akshare_pd.py:78] - 👉 数据列名检查: ['date', 'open', 'high', 'low', 'close', 'volume', 'amount', 'outstanding_share', 'turnover']
2026-03-12 12:26:15,043 - DEBUG - [engine.py:104] - 
📊 [300014 300014] 最新 3 行切片检查:
             open   high    low  close       volume        amount  turnover                 updated_at
date                                                                                                  
2026-03-09  59.70  62.50  58.36  62.28   59208676.0  3.611984e+09  0.029607 2026-03-12 12:26:15.039239
2026-03-10  62.71  63.85  62.50  62.98   40868830.0  2.583041e+09  0.020436 2026-03-12 12:26:15.039239
2026-03-11  62.76  69.67  62.70  67.97  125431380.0  8.429228e+09  0.062722 2026-03-12 12:26:15.039239

2026-03-12 12:26:15,932 - DEBUG - [akshare_pd.py:78] - 👉 数据列名检查: ['date', 'open', 'high', 'low', 'close', 'volume', 'amount', 'outstanding_share', 'turnover']
2026-03-12 12:26:15,934 - DEBUG - [engine.py:104] - 
📊 [600989 600989] 最新 3 行切片检查:
             open   high    low  close       volume        amount  turnover                 updated_at
date                                                                                                  
2026-03-09  31.49  31.49  30.07  30.64  316806474.0  9.873710e+09  0.043201 2026-03-12 12:26:15.932932
2026-03-10  27.58  29.88  27.58  28.95  246527995.0  7.083563e+09  0.033617 2026-03-12 12:26:15.932932
2026-03-11  28.35  31.85  28.35  31.85  219548593.0  6.627817e+09  0.029938 2026-03-12 12:26:15.932932

2026-03-12 12:26:17,002 - DEBUG - [akshare_pd.py:78] - 👉 数据列名检查: ['date', 'open', 'high', 'low', 'close', 'volume', 'amount', 'outstanding_share', 'turnover']
2026-03-12 12:26:17,005 - DEBUG - [engine.py:104] - 
📊 [600875 600875] 最新 3 行切片检查:
             open   high    low  close       volume        amount  turnover                 updated_at
date                                                                                                  
2026-03-09  42.11  43.80  41.63  43.00  141944816.0  6.042191e+09  0.062714 2026-03-12 12:26:17.002780
2026-03-10  43.06  44.06  41.75  42.16  127077622.0  5.414091e+09  0.056145 2026-03-12 12:26:17.002780
2026-03-11  42.50  42.62  40.41  41.08  124544135.0  5.126705e+09  0.055026 2026-03-12 12:26:17.002780

2026-03-12 12:26:17,220 - INFO - [cloudakpd.py:36] - ============================================================
2026-03-12 12:26:17,220 - INFO - [cloudakpd.py:37] - 📊 [DataCenter] 数据内核启动审计...
2026-03-12 12:26:17,222 - INFO - [cloudakpd.py:38] -    ▫️ 存储模式 : ☁️  云端 (PostgreSQL)
2026-03-12 12:26:17,222 - INFO - [cloudakpd.py:39] -    ▫️ 连接节点 : ep-noisy-dust-a1zv7w56-pooler.ap-southeast-1.aws.neon.tech/neondb
2026-03-12 12:26:19,692 - INFO - [cloudakpd.py:85] - 📂 字段审计完成，当前支持: open, name, low, turnover_rate, high, latest_price, trade_date, updated_at, symbol, is_closed, amount, volume
2026-03-12 12:26:19,694 - INFO - [cloudakpd.py:42] - ============================================================
2026-03-12 12:26:44,186 - INFO - [cloudakpd.py:204] - ---------------------------------------------
2026-03-12 12:26:44,187 - INFO - [cloudakpd.py:205] - 🔍 [审计] 同步完成: 2026-03-12
2026-03-12 12:26:44,188 - INFO - [cloudakpd.py:206] -    ▫️ 标的总数 : 5488 条
2026-03-12 12:26:44,189 - INFO - [cloudakpd.py:207] -    ▫️ 资金状态 : 盘中实时
2026-03-12 12:26:44,190 - INFO - [cloudakpd.py:208] -    ▫️ 存入时间 : 2026-03-12 12:26:42.487144
2026-03-12 12:26:44,194 - INFO - [cloudakpd.py:210] - 
symbol name  open  latest_price  high   low    volume      amount trade_date
920000 安徽凤凰 18.00         17.85 18.00 17.77  265538.0   4743780.0 2026-03-12
920001 纬达光电 19.36         20.40 21.98 19.31 8520795.0 176913396.0 2026-03-12
920002 万达轴承 92.91         91.02 93.40 91.00  314200.0  28847322.0 2026-03-12
2026-03-12 12:26:44,194 - INFO - [cloudakpd.py:211] - ---------------------------------------------
2026-03-12 12:26:45,963 - INFO - [cloudakpd.py:204] - ---------------------------------------------
2026-03-12 12:26:45,963 - INFO - [cloudakpd.py:205] - 🔍 [审计] 读取成功: 2026-03-12
2026-03-12 12:26:45,965 - INFO - [cloudakpd.py:206] -    ▫️ 标的总数 : 5488 条
2026-03-12 12:26:45,965 - INFO - [cloudakpd.py:207] -    ▫️ 资金状态 : 盘中实时
2026-03-12 12:26:45,967 - INFO - [cloudakpd.py:208] -    ▫️ 存入时间 : 2026-03-12 12:26:42.487144
2026-03-12 12:26:45,969 - INFO - [cloudakpd.py:210] - 
symbol  name  open  latest_price  high   low     volume      amount trade_date
000001  平安银行 10.87         10.89 10.94 10.85 39613797.0 431868089.0 2026-03-12
000002  万 科Ａ  4.66          4.64  4.68  4.64 42883793.0 199771093.0 2026-03-12
000004 *ST国华  5.87          5.87  5.87  5.87   644700.0   3784389.0 2026-03-12
2026-03-12 12:26:45,969 - INFO - [cloudakpd.py:211] - ---------------------------------------------
2026-03-12 12:26:45,972 - INFO - [ledger.py:266] - ✅ 资产审计完成。当前净资产: 1042002608.04, 云端对齐已完成。
2026-03-12 12:26:45,972 - INFO - [engine.py:161] - ================================================================================
2026-03-12 12:26:45,972 - INFO - [engine.py:162] - 【操作审批纪要 (Execution Summary)】
2026-03-12 12:26:45,973 - INFO - [engine.py:164] - 🟢 000547 (000547) 建议买入 176500 股 | 预估价: 33.31 | 状态: 待老板确认 | 逻辑: 顺势金叉确认，首次建仓
2026-03-12 12:26:45,973 - INFO - [engine.py:164] - 🟢 600938 (600938) 建议买入 140800 股 | 预估价: 41.76 | 状态: 待老板确认 | 逻辑: 顺势金叉确认，首次建仓
2026-03-12 12:26:45,974 - INFO - [engine.py:164] - 🟢 002281 (002281) 建议买入 64200 股 | 预估价: 91.49 | 状态: 待老板确认 | 逻辑: 顺势金叉确认，首次建仓
2026-03-12 12:26:45,975 - INFO - [engine.py:164] - 🟢 600703 (600703) 建议买入 345100 股 | 预估价: 17.04 | 状态: 待老板确认 | 逻辑: 顺势金叉确认，首次建仓
2026-03-12 12:26:45,975 - INFO - [engine.py:168] - 
【持仓状态确认 (Positions Audit)】
2026-03-12 12:26:45,975 - INFO - [engine.py:170] - 🛡️ 601179 (601179) | 持仓 860000 股 | 现价: 19.15 | 浮盈: -0.16%
   └─ 买入日期: 2026-03-11 | 开仓逻辑: 顺势金叉确认，首次建仓
2026-03-12 12:26:45,975 - INFO - [engine.py:170] - 🛡️ 600089 (600089) | 持仓 529700 股 | 现价: 31.04 | 浮盈: -0.32%
   └─ 买入日期: 2026-03-11 | 开仓逻辑: 顺势金叉确认，首次建仓
2026-03-12 12:26:45,976 - INFO - [engine.py:170] - 🛡️ 002202 (002202) | 持仓 323300 股 | 现价: 30.24 | 浮盈: 0.77%
   └─ 买入日期: 2026-03-11 | 开仓逻辑: 顺势金叉确认，首次建仓
2026-03-12 12:26:45,976 - INFO - [engine.py:170] - 🛡️ 600522 (600522) | 持仓 300 股 | 现价: 30.01 | 浮盈: 1.96%
   └─ 买入日期: 历史遗留 | 开仓逻辑: 未知建仓逻辑
2026-03-12 12:26:45,977 - INFO - [engine.py:170] - 🛡️ 601939 (601939) | 持仓 200 股 | 现价: 9.05 | 浮盈: 4.99%
   └─ 买入日期: 历史遗留 | 开仓逻辑: 未知建仓逻辑
2026-03-12 12:26:45,977 - INFO - [engine.py:174] - ================================================================================
2026-03-12 12:26:45,977 - INFO - [engine.py:175] - 👀 【交易额最大动态监控池 (优胜劣汰拒绝名单)】
2026-03-12 12:26:45,977 - INFO - [engine.py:186] -    - 🚫 观望 300502 (300502): 未形成多头排列
2026-03-12 12:26:45,978 - INFO - [engine.py:186] -    - 🚫 观望 300308 (300308): 未形成多头排列
2026-03-12 12:26:45,978 - INFO - [engine.py:186] -    - 🚫 观望 300750 (300750): 未形成多头排列
2026-03-12 12:26:45,980 - INFO - [engine.py:186] -    - 🚫 观望 002261 (002261): 未形成多头排列
2026-03-12 12:26:45,981 - INFO - [engine.py:186] -    - 🚫 观望 000988 (000988): 乖离率偏高 (1.57)
2026-03-12 12:26:45,981 - INFO - [engine.py:186] -    - 🚫 观望 300394 (300394): 未满足缩量回踩或放量突破
2026-03-12 12:26:45,982 - INFO - [engine.py:186] -    - 🚫 观望 600410 (600410): 乖离率偏高 (1.37)
2026-03-12 12:26:45,982 - INFO - [engine.py:186] -    - 🚫 观望 601899 (601899): 未满足缩量回踩或放量突破
2026-03-12 12:26:45,983 - INFO - [engine.py:186] -    - 🚫 观望 002506 (002506): 乖离率偏高 (1.45)
2026-03-12 12:26:45,984 - INFO - [engine.py:186] -    - 🚫 观望 300274 (300274): 未形成多头排列
2026-03-12 12:26:45,984 - INFO - [engine.py:186] -    - 🚫 观望 002384 (002384): 未形成多头排列
2026-03-12 12:26:45,985 - INFO - [engine.py:186] -    - 🚫 观望 600498 (600498): 乖离率偏高 (1.28)
2026-03-12 12:26:45,985 - INFO - [engine.py:186] -    - 🚫 观望 601868 (601868): 未形成多头排列
2026-03-12 12:26:45,986 - INFO - [engine.py:186] -    - 🚫 观望 300476 (300476): 未形成多头排列
2026-03-12 12:26:45,986 - INFO - [engine.py:186] -    - 🚫 观望 300017 (300017): 未满足缩量回踩或放量突破
2026-03-12 12:26:45,987 - INFO - [engine.py:186] -    - 🚫 观望 600487 (600487): 乖离率偏高 (1.38)
2026-03-12 12:26:45,988 - INFO - [engine.py:186] -    - 🚫 观望 002475 (002475): 未形成多头排列
2026-03-12 12:26:45,989 - INFO - [engine.py:186] -    - 🚫 观望 600759 (600759): 乖离率偏高 (1.41)
2026-03-12 12:26:45,989 - INFO - [engine.py:186] -    - 🚫 观望 002594 (002594): 未形成多头排列
2026-03-12 12:26:45,990 - INFO - [engine.py:186] -    - 🚫 观望 300475 (300475): 未形成多头排列
2026-03-12 12:26:45,991 - INFO - [engine.py:186] -    - 🚫 观望 601857 (601857): 未形成多头排列
2026-03-12 12:26:45,991 - INFO - [engine.py:186] -    - 🚫 观望 002195 (002195): 未满足缩量回踩或放量突破
2026-03-12 12:26:45,992 - INFO - [engine.py:186] -    - 🚫 观望 300014 (300014): 未形成多头排列
2026-03-12 12:26:45,992 - INFO - [engine.py:186] -    - 🚫 观望 600989 (600989): 乖离率偏高 (1.35)
2026-03-12 12:26:45,993 - INFO - [engine.py:186] -    - 🚫 观望 600875 (600875): 乖离率偏高 (1.33)
2026-03-12 13:43:03,769 - INFO - [config.py:47] - --------------------------------------------------------------------------------
2026-03-12 13:43:03,769 - INFO - [config.py:48] - ⚙️ 【策略参数装载与核对】 -> 依据: trials_20260311_165301.csv
2026-03-12 13:43:03,769 - INFO - [config.py:50] -    - 注入动态寻优参数 : bias_entry_limit: 1.25, ma_long: 70, ma_mid: 38, ma_short: 8, partial_exit_min_profit: 0.15, partial_exit_pct: 0.3, profit_tier1: 0.15, stop_loss_pct: 0.08, trailing_stop_pct: 0.34, trailing_tier1: 0.1, unit_size: 0.2
2026-03-12 13:43:03,770 - INFO - [config.py:51] - --------------------------------------------------------------------------------
2026-03-12 13:43:03,817 - INFO - [cloudakpd.py:36] - ============================================================
2026-03-12 13:43:03,817 - INFO - [cloudakpd.py:37] - 📊 [DataCenter] 数据内核启动审计...
2026-03-12 13:43:03,818 - INFO - [cloudakpd.py:38] -    ▫️ 存储模式 : ☁️  云端 (PostgreSQL)
2026-03-12 13:43:03,818 - INFO - [cloudakpd.py:39] -    ▫️ 连接节点 : ep-noisy-dust-a1zv7w56-pooler.ap-southeast-1.aws.neon.tech/neondb
2026-03-12 13:43:07,014 - INFO - [cloudakpd.py:85] - 📂 字段审计完成，当前支持: symbol, open, low, trade_date, latest_price, high, amount, turnover_rate, updated_at, volume, name, is_closed
2026-03-12 13:43:07,015 - INFO - [cloudakpd.py:42] - ============================================================
2026-03-12 13:43:08,394 - INFO - [cloudakpd.py:204] - ---------------------------------------------
2026-03-12 13:43:08,395 - INFO - [cloudakpd.py:205] - 🔍 [审计] 读取成功: 2026-03-12
2026-03-12 13:43:08,395 - INFO - [cloudakpd.py:206] -    ▫️ 标的总数 : 5488 条
2026-03-12 13:43:08,396 - INFO - [cloudakpd.py:207] -    ▫️ 资金状态 : 盘中实时
2026-03-12 13:43:08,396 - INFO - [cloudakpd.py:208] -    ▫️ 存入时间 : 2026-03-12 12:26:42.487144
2026-03-12 13:43:08,401 - INFO - [cloudakpd.py:210] - 
symbol name  open  latest_price  high   low    volume      amount trade_date
920000 安徽凤凰 18.00         17.85 18.00 17.77  265538.0   4743780.0 2026-03-12
920001 纬达光电 19.36         20.40 21.98 19.31 8520795.0 176913396.0 2026-03-12
920002 万达轴承 92.91         91.02 93.40 91.00  314200.0  28847322.0 2026-03-12
2026-03-12 13:43:08,401 - INFO - [cloudakpd.py:211] - ---------------------------------------------
2026-03-12 13:43:08,402 - INFO - [universe.py:40] - ✅ [UniverseManager] 云端全量快照加载成功，当前监控 5488 只标的。
2026-03-12 13:43:08,403 - INFO - [engine.py:24] - ================================================================================
2026-03-12 13:43:08,403 - INFO - [engine.py:25] -  🚀 启动量化交易实盘中心 (2026-03-12 13:43)
2026-03-12 13:43:08,403 - INFO - [engine.py:26] -    - 📒 人工比对账本 : D:\git\LongTrading\data\live_broker_account.json
2026-03-12 13:43:08,404 - INFO - [engine.py:27] -    - 💸 审计交易流水 : D:\git\LongTrading\data\live_trade_ledger.csv
2026-03-12 13:43:08,404 - INFO - [engine.py:28] - ================================================================================
2026-03-12 13:43:08,408 - WARNING - [ledger.py:64] - 🚨 【对账异常】 000547 系统应有 176500 与 真实持有 0不一致。系统已强制以人工为准重新校准！
2026-03-12 13:43:08,409 - WARNING - [ledger.py:64] - 🚨 【对账异常】 600938 系统应有 140800 与 真实持有 0不一致。系统已强制以人工为准重新校准！
2026-03-12 13:43:08,409 - WARNING - [ledger.py:64] - 🚨 【对账异常】 600703 系统应有 345100 与 真实持有 0不一致。系统已强制以人工为准重新校准！
2026-03-12 13:43:08,409 - WARNING - [ledger.py:64] - 🚨 【对账异常】 002281 系统应有 64200 与 真实持有 0不一致。系统已强制以人工为准重新校准！
2026-03-12 13:43:08,410 - INFO - [engine.py:36] - 📡 正在全盘扫描历史数据与近期快照，构建动态监控池...
2026-03-12 13:43:08,410 - INFO - [universe.py:145] - 📊 正在通过云端 SQL 审计近 20 个交易日的热点标的...
2026-03-12 13:43:08,906 - INFO - [universe.py:192] - ✅ [UniverseManager] 动态股票池已对齐云端，当前池规模: 38
2026-03-12 13:43:08,906 - INFO - [engine.py:38] - 🏦 会计部接管完毕: 可用现金 【1,000,000,000.00 元】，真实持仓 【5 只】，雷达标的 【38 只】。
2026-03-12 13:43:08,907 - INFO - [engine.py:39] - 🎯 监控池构建完毕: 汇聚近 20 日霸榜标的，实盘监控总数: 【38 只】。
2026-03-12 13:43:08,909 - INFO - [engine.py:67] - --------------------------------------------------------------------------------
2026-03-12 13:43:08,910 - INFO - [engine.py:68] - 【盘前资产风控评估 (Pre-Trade NAV Dashboard)】
2026-03-12 13:43:08,910 - INFO - [engine.py:69] -    - 可用现金 (Available Cash) : 1,000,000,000.00
2026-03-12 13:43:08,911 - INFO - [engine.py:70] -    - 持仓成本 (Total Cost)     : 42,702,445.20
2026-03-12 13:43:08,911 - INFO - [engine.py:71] -    - 持仓市值 (Market Value)   : 41,369,325.00
2026-03-12 13:43:08,911 - INFO - [engine.py:72] -    - 净 资 产 (Total Equity)   : 1,041,369,325.00
2026-03-12 13:43:08,911 - INFO - [engine.py:73] -    - 账面浮盈 (Floating PnL)   : -1,333,120.20 (-3.12%)
2026-03-12 13:43:08,912 - INFO - [engine.py:74] - --------------------------------------------------------------------------------
2026-03-12 13:43:10,021 - DEBUG - [akshare_pd.py:78] - 👉 数据列名检查: ['date', 'open', 'high', 'low', 'close', 'volume', 'amount', 'outstanding_share', 'turnover']
2026-03-12 13:43:10,026 - INFO - [engine.py:99] - ⚡ [601179 中国西电] 盘中数据注入成功！(跳动现价: 18.38)
2026-03-12 13:43:10,028 - DEBUG - [engine.py:104] - 
📊 [601179 中国西电] 最新 3 行切片检查:
             open   high    low  close       volume        amount  turnover                 updated_at
date                                                                                                  
2026-03-10  20.00  20.65  19.58  19.99  442844017.0  8.876727e+09  0.086394 2026-03-12 13:43:10.021627
2026-03-11  20.01  20.10  18.72  19.15  538764514.0  1.039706e+10  0.105107 2026-03-12 13:43:10.021627
2026-03-12  18.80  19.34  18.33  18.38  281396975.0           NaN  0.000000                        NaT

2026-03-12 13:43:11,061 - DEBUG - [akshare_pd.py:78] - 👉 数据列名检查: ['date', 'open', 'high', 'low', 'close', 'volume', 'amount', 'outstanding_share', 'turnover']
2026-03-12 13:43:11,064 - INFO - [engine.py:99] - ⚡ [600089 特变电工] 盘中数据注入成功！(跳动现价: 30.41)
2026-03-12 13:43:11,066 - DEBUG - [engine.py:104] - 
📊 [600089 特变电工] 最新 3 行切片检查:
             open   high    low  close       volume        amount  turnover                 updated_at
date                                                                                                  
2026-03-10  32.69  32.74  31.65  31.86  353286075.0  1.132871e+10  0.069919 2026-03-12 13:43:11.061980
2026-03-11  31.87  31.90  30.90  31.04  310469652.0  9.699245e+09  0.061445 2026-03-12 13:43:11.061980
2026-03-12  31.04  31.26  30.38  30.41  145068328.0           NaN  0.000000                        NaT

2026-03-12 13:43:12,093 - DEBUG - [akshare_pd.py:78] - 👉 数据列名检查: ['date', 'open', 'high', 'low', 'close', 'volume', 'amount', 'outstanding_share', 'turnover']
2026-03-12 13:43:12,097 - INFO - [engine.py:99] - ⚡ [002202 金风科技] 盘中数据注入成功！(跳动现价: 29.21)
2026-03-12 13:43:12,099 - DEBUG - [engine.py:104] - 
📊 [002202 金风科技] 最新 3 行切片检查:
             open  high    low  close       volume        amount  turnover                 updated_at
date                                                                                                 
2026-03-10  28.59  29.2  28.23  28.48  201005873.0  5.763493e+09  0.059761 2026-03-12 13:43:12.093689
2026-03-11  28.51  31.0  27.82  30.24  434392923.0  1.278988e+10  0.129149 2026-03-12 13:43:12.093689
2026-03-12  29.94  30.3  29.15  29.21  190195982.0           NaN  0.000000                        NaT

2026-03-12 13:43:13,048 - DEBUG - [akshare_pd.py:78] - 👉 数据列名检查: ['date', 'open', 'high', 'low', 'close', 'volume', 'amount', 'outstanding_share', 'turnover']
2026-03-12 13:43:13,052 - INFO - [engine.py:99] - ⚡ [600522 中天科技] 盘中数据注入成功！(跳动现价: 29.79)
2026-03-12 13:43:13,053 - DEBUG - [engine.py:104] - 
📊 [600522 中天科技] 最新 3 行切片检查:
             open   high    low  close       volume        amount  turnover                 updated_at
date                                                                                                  
2026-03-10  27.55  29.18  27.41  28.90  168544463.0  4.798302e+09  0.049384 2026-03-12 13:43:13.049257
2026-03-11  29.82  31.66  29.79  30.01  244824364.0  7.470581e+09  0.071734 2026-03-12 13:43:13.049257
2026-03-12  29.60  31.38  29.60  29.79  110313115.0           NaN  0.000000                        NaT

2026-03-12 13:43:14,289 - DEBUG - [akshare_pd.py:78] - 👉 数据列名检查: ['date', 'open', 'high', 'low', 'close', 'volume', 'amount', 'outstanding_share', 'turnover']
2026-03-12 13:43:14,293 - INFO - [engine.py:99] - ⚡ [601939 建设银行] 盘中数据注入成功！(跳动现价: 9.09)
2026-03-12 13:43:14,294 - DEBUG - [engine.py:104] - 
📊 [601939 建设银行] 最新 3 行切片检查:
            open  high   low  close      volume       amount  turnover                 updated_at
date                                                                                             
2026-03-10  9.01  9.04  8.93   8.94  83402353.0  747712625.0  0.008693 2026-03-12 13:43:14.290550
2026-03-11  8.94  9.05  8.89   9.05  86050618.0  773504210.0  0.008970 2026-03-12 13:43:14.290550
2026-03-12  9.04  9.12  9.00   9.09  48457188.0          NaN  0.000000                        NaT

2026-03-12 13:43:15,313 - DEBUG - [akshare_pd.py:78] - 👉 数据列名检查: ['date', 'open', 'high', 'low', 'close', 'volume', 'amount', 'outstanding_share', 'turnover']
2026-03-12 13:43:15,316 - INFO - [engine.py:99] - ⚡ [300394 天孚通信] 盘中数据注入成功！(跳动现价: 317.03)
2026-03-12 13:43:15,318 - DEBUG - [engine.py:104] - 
📊 [300394 天孚通信] 最新 3 行切片检查:
              open    high     low   close      volume        amount  turnover                 updated_at
date                                                                                                     
2026-03-10  329.00  341.88  325.01  340.48  38050810.0  1.274569e+10  0.049044 2026-03-12 13:43:15.314203
2026-03-11  342.69  344.44  329.30  331.00  26757383.0  8.972870e+09  0.034488 2026-03-12 13:43:15.314203
2026-03-12  331.00  333.47  316.00  317.03  16715926.0           NaN  0.000000                        NaT

2026-03-12 13:43:16,423 - DEBUG - [akshare_pd.py:78] - 👉 数据列名检查: ['date', 'open', 'high', 'low', 'close', 'volume', 'amount', 'outstanding_share', 'turnover']
2026-03-12 13:43:16,444 - INFO - [engine.py:99] - ⚡ [000988 华工科技] 盘中数据注入成功！(跳动现价: 128.75)
2026-03-12 13:43:16,446 - DEBUG - [engine.py:104] - 
📊 [000988 华工科技] 最新 3 行切片检查:
              open    high     low   close       volume        amount  turnover                 updated_at
date                                                                                                      
2026-03-10  119.49  124.00  116.55  123.51  113779973.0  1.363733e+10  0.113216 2026-03-12 13:43:16.441193
2026-03-11  122.99  135.69  122.90  134.88  125882525.0  1.641234e+10  0.125258 2026-03-12 13:43:16.441193
2026-03-12  133.74  141.41  126.00  128.75  141209509.0           NaN  0.000000                        NaT

2026-03-12 13:43:17,442 - DEBUG - [akshare_pd.py:78] - 👉 数据列名检查: ['date', 'open', 'high', 'low', 'close', 'volume', 'amount', 'outstanding_share', 'turnover']
2026-03-12 13:43:17,445 - INFO - [engine.py:99] - ⚡ [300502 新易盛] 盘中数据注入成功！(跳动现价: 378.5)
2026-03-12 13:43:17,447 - DEBUG - [engine.py:104] - 
📊 [300502 新易盛] 最新 3 行切片检查:
              open    high     low   close      volume        amount  turnover                 updated_at
date                                                                                                     
2026-03-10  394.75  401.00  382.59  397.33  42488136.0  1.669605e+10  0.047986 2026-03-12 13:43:17.443699
2026-03-11  400.01  408.00  392.20  393.23  33838170.0  1.350834e+10  0.038217 2026-03-12 13:43:17.443699
2026-03-12  400.01  404.85  377.20  378.50  23626583.0           NaN  0.000000                        NaT

2026-03-12 13:43:18,487 - DEBUG - [akshare_pd.py:78] - 👉 数据列名检查: ['date', 'open', 'high', 'low', 'close', 'volume', 'amount', 'outstanding_share', 'turnover']
2026-03-12 13:43:18,489 - INFO - [engine.py:99] - ⚡ [300308 中际旭创] 盘中数据注入成功！(跳动现价: 535.3)
2026-03-12 13:43:18,491 - DEBUG - [engine.py:104] - 
📊 [300308 中际旭创] 最新 3 行切片检查:
              open    high     low   close      volume        amount  turnover                 updated_at
date                                                                                                     
2026-03-10  540.00  548.98  530.02  547.00  28309414.0  1.534895e+10  0.025608 2026-03-12 13:43:18.487801
2026-03-11  557.00  568.90  553.00  554.68  23897170.0  1.341204e+10  0.021617 2026-03-12 13:43:18.487801
2026-03-12  557.25  563.58  535.00  535.30  13879304.0           NaN  0.000000                        NaT

2026-03-12 13:43:19,470 - DEBUG - [akshare_pd.py:78] - 👉 数据列名检查: ['date', 'open', 'high', 'low', 'close', 'volume', 'amount', 'outstanding_share', 'turnover']
2026-03-12 13:43:19,473 - INFO - [engine.py:99] - ⚡ [300750 宁德时代] 盘中数据注入成功！(跳动现价: 394.06)
2026-03-12 13:43:19,475 - DEBUG - [engine.py:104] - 
📊 [300750 宁德时代] 最新 3 行切片检查:
              open    high     low   close      volume        amount  turnover                 updated_at
date                                                                                                     
2026-03-10  375.00  379.77  366.50  376.30  50741728.0  1.904908e+10  0.011921 2026-03-12 13:43:19.471040
2026-03-11  379.58  403.55  378.98  396.80  57598685.0  2.264270e+10  0.013531 2026-03-12 13:43:19.471040
2026-03-12  400.00  400.90  392.70  394.06  18549183.0           NaN  0.000000                        NaT

2026-03-12 13:43:20,468 - DEBUG - [akshare_pd.py:78] - 👉 数据列名检查: ['date', 'open', 'high', 'low', 'close', 'volume', 'amount', 'outstanding_share', 'turnover']
2026-03-12 13:43:20,471 - INFO - [engine.py:99] - ⚡ [002261 拓维信息] 盘中数据注入成功！(跳动现价: 39.9)
2026-03-12 13:43:20,472 - DEBUG - [engine.py:104] - 
📊 [002261 拓维信息] 最新 3 行切片检查:
             open   high    low  close       volume        amount  turnover                 updated_at
date                                                                                                  
2026-03-10  42.15  44.06  40.72  41.76  313689541.0  1.320427e+10  0.273809 2026-03-12 13:43:20.468922
2026-03-11  41.51  43.89  41.03  41.08  272790380.0  1.151191e+10  0.238109 2026-03-12 13:43:20.468922
2026-03-12  40.82  42.50  39.48  39.90  164443036.0           NaN  0.000000                        NaT

2026-03-12 13:43:21,574 - DEBUG - [akshare_pd.py:78] - 👉 数据列名检查: ['date', 'open', 'high', 'low', 'close', 'volume', 'amount', 'outstanding_share', 'turnover']
2026-03-12 13:43:21,578 - INFO - [engine.py:99] - ⚡ [600410 华胜天成] 盘中数据注入成功！(跳动现价: 31.42)
2026-03-12 13:43:21,580 - DEBUG - [engine.py:104] - 
📊 [600410 华胜天成] 最新 3 行切片检查:
             open   high    low  close       volume        amount  turnover                 updated_at
date                                                                                                  
2026-03-10  30.51  32.57  29.68  31.83  370505276.0  1.156331e+10  0.337900 2026-03-12 13:43:21.574538
2026-03-11  31.20  34.31  31.19  32.68  413292958.0  1.370430e+10  0.376922 2026-03-12 13:43:21.574538
2026-03-12  32.45  33.50  30.59  31.42  241795392.0           NaN  0.000000                        NaT

2026-03-12 13:43:22,684 - DEBUG - [akshare_pd.py:78] - 👉 数据列名检查: ['date', 'open', 'high', 'low', 'close', 'volume', 'amount', 'outstanding_share', 'turnover']
2026-03-12 13:43:22,687 - INFO - [engine.py:99] - ⚡ [000547 航天发展] 盘中数据注入成功！(跳动现价: 31.8)
2026-03-12 13:43:22,688 - DEBUG - [engine.py:104] - 
📊 [000547 航天发展] 最新 3 行切片检查:
             open   high    low  close       volume        amount  turnover                 updated_at
date                                                                                                  
2026-03-10  32.51  34.30  32.12  33.66  364988789.0  1.220221e+10  0.229680 2026-03-12 13:43:22.684652
2026-03-11  34.00  34.00  32.80  33.31  297030040.0  9.915401e+09  0.186915 2026-03-12 13:43:22.684652
2026-03-12  33.00  33.31  31.53  31.80  155343779.0           NaN  0.000000                        NaT

2026-03-12 13:43:23,694 - DEBUG - [akshare_pd.py:78] - 👉 数据列名检查: ['date', 'open', 'high', 'low', 'close', 'volume', 'amount', 'outstanding_share', 'turnover']
2026-03-12 13:43:23,698 - INFO - [engine.py:99] - ⚡ [300274 阳光电源] 盘中数据注入成功！(跳动现价: 170.31)
2026-03-12 13:43:23,700 - DEBUG - [engine.py:104] - 
📊 [300274 阳光电源] 最新 3 行切片检查:
              open    high     low   close       volume        amount  turnover                 updated_at
date                                                                                                      
2026-03-10  157.99  158.69  153.20  156.10   59341753.0  9.259444e+09  0.037329 2026-03-12 13:43:23.695395
2026-03-11  156.42  175.66  156.39  170.92  144572766.0  2.431173e+10  0.090943 2026-03-12 13:43:23.695395
2026-03-12  171.54  173.77  168.40  170.31   64461008.0           NaN  0.000000                        NaT

2026-03-12 13:43:24,692 - DEBUG - [akshare_pd.py:78] - 👉 数据列名检查: ['date', 'open', 'high', 'low', 'close', 'volume', 'amount', 'outstanding_share', 'turnover']
2026-03-12 13:43:24,695 - INFO - [engine.py:99] - ⚡ [600487 亨通光电] 盘中数据注入成功！(跳动现价: 51.36)
2026-03-12 13:43:24,696 - DEBUG - [engine.py:104] - 
📊 [600487 亨通光电] 最新 3 行切片检查:
             open  high    low  close       volume        amount  turnover                 updated_at
date                                                                                                 
2026-03-10  46.72  50.2  46.72  49.99  153667766.0  7.447927e+09  0.062845 2026-03-12 13:43:24.692454
2026-03-11  51.00  54.3  50.63  50.80  168100591.0  8.775464e+09  0.068748 2026-03-12 13:43:24.692454
2026-03-12  49.90  54.3  49.90  51.36  112878840.0           NaN  0.000000                        NaT

2026-03-12 13:43:25,604 - DEBUG - [akshare_pd.py:78] - 👉 数据列名检查: ['date', 'open', 'high', 'low', 'close', 'volume', 'amount', 'outstanding_share', 'turnover']
2026-03-12 13:43:25,607 - INFO - [engine.py:99] - ⚡ [601868 中国能建] 盘中数据注入成功！(跳动现价: 3.58)
2026-03-12 13:43:25,609 - DEBUG - [engine.py:104] - 
📊 [601868 中国能建] 最新 3 行切片检查:
            open  high   low  close        volume        amount  turnover                 updated_at
date                                                                                                
2026-03-10  2.98  3.23  2.87   3.14  3.231616e+09  9.989403e+09  0.099653 2026-03-12 13:43:25.604991
2026-03-11  3.15  3.45  3.09   3.45  1.892516e+09  6.294151e+09  0.058359 2026-03-12 13:43:25.604991
2026-03-12  3.52  3.76  3.50   3.58  3.417523e+09           NaN  0.000000                        NaT

2026-03-12 13:43:26,615 - DEBUG - [akshare_pd.py:78] - 👉 数据列名检查: ['date', 'open', 'high', 'low', 'close', 'volume', 'amount', 'outstanding_share', 'turnover']
2026-03-12 13:43:26,619 - INFO - [engine.py:99] - ⚡ [002506 协鑫集成] 盘中数据注入成功！(跳动现价: 5.82)
2026-03-12 13:43:26,620 - DEBUG - [engine.py:104] - 
📊 [002506 协鑫集成] 最新 3 行切片检查:
            open  high  low  close        volume        amount  turnover                 updated_at
date                                                                                               
2026-03-10  5.78  6.19  5.6   6.07  1.416593e+09  8.373467e+09  0.242383 2026-03-12 13:43:26.615619
2026-03-11  6.00  6.36  5.8   5.96  1.563213e+09  9.493189e+09  0.267471 2026-03-12 13:43:26.615619
2026-03-12  5.80  6.06  5.7   5.82  7.820757e+08           NaN  0.000000                        NaT

2026-03-12 13:43:27,564 - DEBUG - [akshare_pd.py:78] - 👉 数据列名检查: ['date', 'open', 'high', 'low', 'close', 'volume', 'amount', 'outstanding_share', 'turnover']
2026-03-12 13:43:27,567 - INFO - [engine.py:99] - ⚡ [002384 东山精密] 盘中数据注入成功！(跳动现价: 102.59)
2026-03-12 13:43:27,569 - DEBUG - [engine.py:104] - 
📊 [002384 东山精密] 最新 3 行切片检查:
              open    high     low   close      volume        amount  turnover                 updated_at
date                                                                                                     
2026-03-10  102.00  108.06  101.20  108.06  91333198.0  9.599794e+09  0.065882 2026-03-12 13:43:27.565445
2026-03-11  109.33  111.65  103.71  104.80  91369094.0  9.735043e+09  0.065908 2026-03-12 13:43:27.565445
2026-03-12  106.09  107.49  102.01  102.59  39641324.0           NaN  0.000000                        NaT

2026-03-12 13:43:28,466 - DEBUG - [akshare_pd.py:78] - 👉 数据列名检查: ['date', 'open', 'high', 'low', 'close', 'volume', 'amount', 'outstanding_share', 'turnover']
2026-03-12 13:43:28,468 - INFO - [engine.py:99] - ⚡ [300017 网宿科技] 盘中数据注入成功！(跳动现价: 19.53)
2026-03-12 13:43:28,470 - DEBUG - [engine.py:104] - 
📊 [300017 网宿科技] 最新 3 行切片检查:
             open   high    low  close       volume        amount  turnover                 updated_at
date                                                                                                  
2026-03-10  20.65  21.48  19.40  20.39  568261968.0  1.155532e+10  0.246513 2026-03-12 13:43:28.466729
2026-03-11  20.20  20.38  19.36  19.38  384801124.0  7.598068e+09  0.166927 2026-03-12 13:43:28.466729
2026-03-12  19.28  20.50  19.01  19.53  298629952.0           NaN  0.000000                        NaT

2026-03-12 13:43:29,439 - DEBUG - [akshare_pd.py:78] - 👉 数据列名检查: ['date', 'open', 'high', 'low', 'close', 'volume', 'amount', 'outstanding_share', 'turnover']
2026-03-12 13:43:29,442 - INFO - [engine.py:99] - ⚡ [600498 烽火通信] 盘中数据注入成功！(跳动现价: 55.75)
2026-03-12 13:43:29,443 - DEBUG - [engine.py:104] - 
📊 [600498 烽火通信] 最新 3 行切片检查:
             open   high    low  close       volume        amount  turnover                 updated_at
date                                                                                                  
2026-03-10  53.00  57.20  52.71  57.20  144011656.0  8.010268e+09  0.113250 2026-03-12 13:43:29.439228
2026-03-11  58.60  61.78  56.66  57.03  183744064.0  1.086759e+10  0.144496 2026-03-12 13:43:29.439228
2026-03-12  57.02  59.59  55.62  55.75   75665268.0           NaN  0.000000                        NaT

2026-03-12 13:43:30,415 - DEBUG - [akshare_pd.py:78] - 👉 数据列名检查: ['date', 'open', 'high', 'low', 'close', 'volume', 'amount', 'outstanding_share', 'turnover']
2026-03-12 13:43:30,419 - INFO - [engine.py:99] - ⚡ [601899 紫金矿业] 盘中数据注入成功！(跳动现价: 36.43)
2026-03-12 13:43:30,420 - DEBUG - [engine.py:104] - 
📊 [601899 紫金矿业] 最新 3 行切片检查:
             open   high    low  close       volume        amount  turnover                 updated_at
date                                                                                                  
2026-03-10  36.98  37.54  36.80  37.13  201312398.0  7.475372e+09  0.009772 2026-03-12 13:43:30.416597
2026-03-11  37.50  37.64  37.04  37.24  148131269.0  5.525147e+09  0.007191 2026-03-12 13:43:30.416597
2026-03-12  36.79  37.16  36.37  36.43  121622315.0           NaN  0.000000                        NaT

2026-03-12 13:43:31,349 - DEBUG - [akshare_pd.py:78] - 👉 数据列名检查: ['date', 'open', 'high', 'low', 'close', 'volume', 'amount', 'outstanding_share', 'turnover']
2026-03-12 13:43:31,352 - INFO - [engine.py:99] - ⚡ [600703 三安光电] 盘中数据注入成功！(跳动现价: 18.2)
2026-03-12 13:43:31,354 - DEBUG - [engine.py:104] - 
📊 [600703 三安光电] 最新 3 行切片检查:
             open   high    low  close       volume        amount  turnover                 updated_at
date                                                                                                  
2026-03-10  16.50  16.50  15.90  16.11  190315789.0  3.072166e+09  0.038147 2026-03-12 13:43:31.350368
2026-03-11  16.15  17.42  16.05  17.04  327210971.0  5.518783e+09  0.065586 2026-03-12 13:43:31.350368
2026-03-12  17.05  18.74  17.00  18.20  344874589.0           NaN  0.000000                        NaT

2026-03-12 13:43:32,347 - DEBUG - [akshare_pd.py:78] - 👉 数据列名检查: ['date', 'open', 'high', 'low', 'close', 'volume', 'amount', 'outstanding_share', 'turnover']
2026-03-12 13:43:32,351 - INFO - [engine.py:99] - ⚡ [002281 光迅科技] 盘中数据注入成功！(跳动现价: 97.45)
2026-03-12 13:43:32,352 - DEBUG - [engine.py:104] - 
📊 [002281 光迅科技] 最新 3 行切片检查:
             open    high    low  close       volume        amount  turnover                 updated_at
date                                                                                                   
2026-03-10  78.99   86.16  78.99  86.16   55409530.0  4.557438e+09  0.071085 2026-03-12 13:43:32.348124
2026-03-11  90.68   93.08  89.00  91.49  102547496.0  9.369670e+09  0.131559 2026-03-12 13:43:32.348124
2026-03-12  91.54  100.64  91.54  97.45   82967316.0           NaN  0.000000                        NaT

2026-03-12 13:43:33,233 - DEBUG - [akshare_pd.py:78] - 👉 数据列名检查: ['date', 'open', 'high', 'low', 'close', 'volume', 'amount', 'outstanding_share', 'turnover']
2026-03-12 13:43:33,236 - INFO - [engine.py:99] - ⚡ [300476 胜宏科技] 盘中数据注入成功！(跳动现价: 274.76)
2026-03-12 13:43:33,238 - DEBUG - [engine.py:104] - 
📊 [300476 胜宏科技] 最新 3 行切片检查:
              open    high     low   close      volume        amount  turnover                 updated_at
date                                                                                                     
2026-03-10  278.00  289.99  276.50  289.00  39657754.0  1.130852e+10  0.046276 2026-03-12 13:43:33.234296
2026-03-11  288.99  290.55  283.80  284.80  26223427.0  7.503241e+09  0.030600 2026-03-12 13:43:33.234296
2026-03-12  282.99  285.80  274.15  274.76  18809612.0           NaN  0.000000                        NaT

2026-03-12 13:43:34,146 - DEBUG - [akshare_pd.py:78] - 👉 数据列名检查: ['date', 'open', 'high', 'low', 'close', 'volume', 'amount', 'outstanding_share', 'turnover']
2026-03-12 13:43:34,149 - INFO - [engine.py:99] - ⚡ [002475 立讯精密] 盘中数据注入成功！(跳动现价: 49.42)
2026-03-12 13:43:34,151 - DEBUG - [engine.py:104] - 
📊 [002475 立讯精密] 最新 3 行切片检查:
             open   high    low  close       volume        amount  turnover                 updated_at
date                                                                                                  
2026-03-10  47.20  49.70  47.20  49.39  181409372.0  8.875108e+09  0.024956 2026-03-12 13:43:34.147144
2026-03-11  49.45  50.88  49.28  50.17  168648425.0  8.476554e+09  0.023200 2026-03-12 13:43:34.147144
2026-03-12  49.90  50.43  49.37  49.42   57903953.0           NaN  0.000000                        NaT

2026-03-12 13:43:35,015 - DEBUG - [akshare_pd.py:78] - 👉 数据列名检查: ['date', 'open', 'high', 'low', 'close', 'volume', 'amount', 'outstanding_share', 'turnover']
2026-03-12 13:43:35,017 - INFO - [engine.py:99] - ⚡ [600989 宝丰能源] 盘中数据注入成功！(跳动现价: 33.84)
2026-03-12 13:43:35,019 - DEBUG - [engine.py:104] - 
📊 [600989 宝丰能源] 最新 3 行切片检查:
             open   high    low  close       volume        amount  turnover                 updated_at
date                                                                                                  
2026-03-10  27.58  29.88  27.58  28.95  246527995.0  7.083563e+09  0.033617 2026-03-12 13:43:35.016310
2026-03-11  28.35  31.85  28.35  31.85  219548593.0  6.627817e+09  0.029938 2026-03-12 13:43:35.016310
2026-03-12  33.30  34.60  32.20  33.84  194209901.0           NaN  0.000000                        NaT

2026-03-12 13:43:35,957 - DEBUG - [akshare_pd.py:78] - 👉 数据列名检查: ['date', 'open', 'high', 'low', 'close', 'volume', 'amount', 'outstanding_share', 'turnover']
2026-03-12 13:43:35,960 - INFO - [engine.py:99] - ⚡ [600759 洲际油气] 盘中数据注入成功！(跳动现价: 7.59)
2026-03-12 13:43:35,962 - DEBUG - [engine.py:104] - 
📊 [600759 洲际油气] 最新 3 行切片检查:
            open  high   low  close       volume        amount  turnover                 updated_at
date                                                                                               
2026-03-10  7.49  7.75  7.49   7.49  720039561.0  5.425945e+09  0.173768 2026-03-12 13:43:35.957986
2026-03-11  7.10  7.72  6.91   7.56  831634860.0  6.136074e+09  0.200699 2026-03-12 13:43:35.957986
2026-03-12  7.80  7.80  7.30   7.59  501942760.0           NaN  0.000000                        NaT

2026-03-12 13:43:36,864 - DEBUG - [akshare_pd.py:78] - 👉 数据列名检查: ['date', 'open', 'high', 'low', 'close', 'volume', 'amount', 'outstanding_share', 'turnover']
2026-03-12 13:43:36,867 - INFO - [engine.py:99] - ⚡ [002594 比亚迪] 盘中数据注入成功！(跳动现价: 98.87)
2026-03-12 13:43:36,868 - DEBUG - [engine.py:104] - 
📊 [002594 比亚迪] 最新 3 行切片检查:
             open    high    low  close      volume        amount  turnover                 updated_at
date                                                                                                  
2026-03-10  97.18   97.49  96.08  96.60  50746243.0  4.907397e+09  0.014552 2026-03-12 13:43:36.865425
2026-03-11  96.75  100.34  95.67  99.22  90374375.0  8.925094e+09  0.025916 2026-03-12 13:43:36.865425
2026-03-12  99.23  100.69  98.70  98.87  35475095.0           NaN  0.000000                        NaT

2026-03-12 13:43:37,894 - DEBUG - [akshare_pd.py:78] - 👉 数据列名检查: ['date', 'open', 'high', 'low', 'close', 'volume', 'amount', 'outstanding_share', 'turnover']
2026-03-12 13:43:37,898 - INFO - [engine.py:99] - ⚡ [300014 亿纬锂能] 盘中数据注入成功！(跳动现价: 68.12)
2026-03-12 13:43:37,900 - DEBUG - [engine.py:104] - 
📊 [300014 亿纬锂能] 最新 3 行切片检查:
             open   high    low  close       volume        amount  turnover                 updated_at
date                                                                                                  
2026-03-10  62.71  63.85  62.50  62.98   40868830.0  2.583041e+09  0.020436 2026-03-12 13:43:37.895650
2026-03-11  62.76  69.67  62.70  67.97  125431380.0  8.429228e+09  0.062722 2026-03-12 13:43:37.895650
2026-03-12  68.57  69.18  67.31  68.12   52900335.0           NaN  0.000000                        NaT

2026-03-12 13:43:38,985 - DEBUG - [akshare_pd.py:78] - 👉 数据列名检查: ['date', 'open', 'high', 'low', 'close', 'volume', 'amount', 'outstanding_share', 'turnover']
2026-03-12 13:43:38,988 - INFO - [engine.py:99] - ⚡ [601600 中国铝业] 盘中数据注入成功！(跳动现价: 14.52)
2026-03-12 13:43:38,989 - DEBUG - [engine.py:104] - 
📊 [601600 中国铝业] 最新 3 行切片检查:
             open   high    low  close       volume        amount  turnover                 updated_at
date                                                                                                  
2026-03-10  13.57  13.82  13.51  13.70  268983915.0  3.676298e+09  0.020419 2026-03-12 13:43:38.985677
2026-03-11  13.76  14.06  13.68  13.96  276323190.0  3.825460e+09  0.020976 2026-03-12 13:43:38.985677
2026-03-12  14.20  14.90  14.03  14.52  375829740.0           NaN  0.000000                        NaT

2026-03-12 13:43:40,147 - DEBUG - [akshare_pd.py:78] - 👉 数据列名检查: ['date', 'open', 'high', 'low', 'close', 'volume', 'amount', 'outstanding_share', 'turnover']
2026-03-12 13:43:40,150 - INFO - [engine.py:99] - ⚡ [002015 协鑫能科] 盘中数据注入成功！(跳动现价: 21.22)
2026-03-12 13:43:40,152 - DEBUG - [engine.py:104] - 
📊 [002015 协鑫能科] 最新 3 行切片检查:
             open   high    low  close       volume        amount  turnover                 updated_at
date                                                                                                  
2026-03-10  18.39  18.68  17.07  18.12  359976476.0  6.392891e+09  0.221753 2026-03-12 13:43:40.148302
2026-03-11  18.01  19.93  17.39  19.42  371346202.0  7.098510e+09  0.228757 2026-03-12 13:43:40.148302
2026-03-12  20.00  21.36  19.50  21.22  337660176.0           NaN  0.000000                        NaT

2026-03-12 13:43:41,093 - DEBUG - [akshare_pd.py:78] - 👉 数据列名检查: ['date', 'open', 'high', 'low', 'close', 'volume', 'amount', 'outstanding_share', 'turnover']
2026-03-12 13:43:41,096 - INFO - [engine.py:99] - ⚡ [300475 香农芯创] 盘中数据注入成功！(跳动现价: 151.5)
2026-03-12 13:43:41,098 - DEBUG - [engine.py:104] - 
📊 [300475 香农芯创] 最新 3 行切片检查:
              open    high     low   close      volume        amount  turnover                 updated_at
date                                                                                                     
2026-03-10  160.20  165.32  158.58  161.85  36564689.0  5.932588e+09  0.082098 2026-03-12 13:43:41.094255
2026-03-11  160.51  162.22  155.58  156.83  28241066.0  4.468852e+09  0.063409 2026-03-12 13:43:41.094255
2026-03-12  156.30  158.40  151.50  151.50  12431663.0           NaN  0.000000                        NaT

2026-03-12 13:43:42,263 - DEBUG - [akshare_pd.py:78] - 👉 数据列名检查: ['date', 'open', 'high', 'low', 'close', 'volume', 'amount', 'outstanding_share', 'turnover']
2026-03-12 13:43:42,267 - INFO - [engine.py:99] - ⚡ [600875 东方电气] 盘中数据注入成功！(跳动现价: 39.53)
2026-03-12 13:43:42,269 - DEBUG - [engine.py:104] - 
📊 [600875 东方电气] 最新 3 行切片检查:
             open   high    low  close       volume        amount  turnover                 updated_at
date                                                                                                  
2026-03-10  43.06  44.06  41.75  42.16  127077622.0  5.414091e+09  0.056145 2026-03-12 13:43:42.264682
2026-03-11  42.50  42.62  40.41  41.08  124544135.0  5.126705e+09  0.055026 2026-03-12 13:43:42.264682
2026-03-12  40.75  40.89  39.52  39.53   59671622.0           NaN  0.000000                        NaT

2026-03-12 13:43:43,403 - DEBUG - [akshare_pd.py:78] - 👉 数据列名检查: ['date', 'open', 'high', 'low', 'close', 'volume', 'amount', 'outstanding_share', 'turnover']
2026-03-12 13:43:43,405 - INFO - [engine.py:99] - ⚡ [601857 中国石油] 盘中数据注入成功！(跳动现价: 12.26)
2026-03-12 13:43:43,407 - DEBUG - [engine.py:104] - 
📊 [601857 中国石油] 最新 3 行切片检查:
             open   high    low  close       volume        amount  turnover                 updated_at
date                                                                                                  
2026-03-10  12.18  12.30  11.78  11.99  524362917.0  6.301324e+09  0.003238 2026-03-12 13:43:43.403724
2026-03-11  11.78  12.16  11.65  12.13  474054564.0  5.647612e+09  0.002928 2026-03-12 13:43:43.403724
2026-03-12  12.33  12.39  11.95  12.26  277301451.0           NaN  0.000000                        NaT

2026-03-12 13:43:44,235 - DEBUG - [akshare_pd.py:78] - 👉 数据列名检查: ['date', 'open', 'high', 'low', 'close', 'volume', 'amount', 'outstanding_share', 'turnover']
2026-03-12 13:43:44,238 - INFO - [engine.py:99] - ⚡ [600938 中国海油] 盘中数据注入成功！(跳动现价: 42.64)
2026-03-12 13:43:44,239 - DEBUG - [engine.py:104] - 
📊 [600938 中国海油] 最新 3 行切片检查:
             open   high    low  close       volume        amount  turnover                 updated_at
date                                                                                                  
2026-03-10  39.03  41.66  39.03  40.98  165158546.0  6.646851e+09  0.055237 2026-03-12 13:43:44.235482
2026-03-11  40.20  42.08  40.20  41.76  120809993.0  4.963745e+09  0.040405 2026-03-12 13:43:44.235482
2026-03-12  42.62  43.25  41.65  42.64   86849777.0           NaN  0.000000                        NaT

2026-03-12 13:43:45,064 - DEBUG - [akshare_pd.py:78] - 👉 数据列名检查: ['date', 'open', 'high', 'low', 'close', 'volume', 'amount', 'outstanding_share', 'turnover']
2026-03-12 13:43:45,067 - INFO - [engine.py:99] - ⚡ [601138 工业富联] 盘中数据注入成功！(跳动现价: 52.66)
2026-03-12 13:43:45,068 - DEBUG - [engine.py:104] - 
📊 [601138 工业富联] 最新 3 行切片检查:
             open   high    low  close       volume        amount  turnover                 updated_at
date                                                                                                  
2026-03-10  53.63  54.38  53.40  54.36  117385056.0  6.334071e+09  0.005911 2026-03-12 13:43:45.065243
2026-03-11  54.70  54.99  53.60  53.89  122007345.0  6.604833e+09  0.006144 2026-03-12 13:43:45.065243
2026-03-12  53.90  54.78  52.63  52.66   98892589.0           NaN  0.000000                        NaT

2026-03-12 13:43:46,058 - DEBUG - [akshare_pd.py:78] - 👉 数据列名检查: ['date', 'open', 'high', 'low', 'close', 'volume', 'amount', 'outstanding_share', 'turnover']
2026-03-12 13:43:46,061 - INFO - [engine.py:99] - ⚡ [002195 岩山科技] 盘中数据注入成功！(跳动现价: 10.28)
2026-03-12 13:43:46,063 - DEBUG - [engine.py:104] - 
📊 [002195 岩山科技] 最新 3 行切片检查:
             open   high    low  close       volume        amount  turnover                 updated_at
date                                                                                                  
2026-03-10  10.72  10.75  10.38  10.52  460576916.0  4.850971e+09  0.082227 2026-03-12 13:43:46.058883
2026-03-11  10.60  10.97  10.31  10.71  705692047.0  7.524519e+09  0.125988 2026-03-12 13:43:46.058883
2026-03-12  10.58  10.59  10.26  10.28  288352096.0           NaN  0.000000                        NaT

2026-03-12 13:43:46,867 - DEBUG - [akshare_pd.py:78] - 👉 数据列名检查: ['date', 'open', 'high', 'low', 'close', 'volume', 'amount', 'outstanding_share', 'turnover']
2026-03-12 13:43:46,870 - INFO - [engine.py:99] - ⚡ [601669 中国电建] 盘中数据注入成功！(跳动现价: 6.26)
2026-03-12 13:43:46,872 - DEBUG - [engine.py:104] - 
📊 [601669 中国电建] 最新 3 行切片检查:
            open  high   low  close        volume        amount  turnover                 updated_at
date                                                                                                
2026-03-10  5.90  6.19  5.84   6.03  6.860737e+08  4.143831e+09  0.052486 2026-03-12 13:43:46.868243
2026-03-11  6.04  6.54  5.93   6.38  1.245092e+09  7.840193e+09  0.095252 2026-03-12 13:43:46.868243
2026-03-12  6.48  6.50  6.25   6.26  8.250880e+08           NaN  0.000000                        NaT

2026-03-12 13:43:47,076 - INFO - [cloudakpd.py:36] - ============================================================
2026-03-12 13:43:47,077 - INFO - [cloudakpd.py:37] - 📊 [DataCenter] 数据内核启动审计...
2026-03-12 13:43:47,077 - INFO - [cloudakpd.py:38] -    ▫️ 存储模式 : ☁️  云端 (PostgreSQL)
2026-03-12 13:43:47,077 - INFO - [cloudakpd.py:39] -    ▫️ 连接节点 : ep-noisy-dust-a1zv7w56-pooler.ap-southeast-1.aws.neon.tech/neondb
2026-03-12 13:43:49,474 - INFO - [cloudakpd.py:85] - 📂 字段审计完成，当前支持: symbol, open, low, trade_date, latest_price, high, amount, turnover_rate, updated_at, volume, name, is_closed
2026-03-12 13:43:49,475 - INFO - [cloudakpd.py:42] - ============================================================
2026-03-12 13:44:09,011 - INFO - [cloudakpd.py:204] - ---------------------------------------------
2026-03-12 13:44:09,012 - INFO - [cloudakpd.py:205] - 🔍 [审计] 同步完成: 2026-03-12
2026-03-12 13:44:09,012 - INFO - [cloudakpd.py:206] -    ▫️ 标的总数 : 5488 条
2026-03-12 13:44:09,013 - INFO - [cloudakpd.py:207] -    ▫️ 资金状态 : 盘中实时
2026-03-12 13:44:09,013 - INFO - [cloudakpd.py:208] -    ▫️ 存入时间 : 2026-03-12 13:44:07.519163
2026-03-12 13:44:09,016 - INFO - [cloudakpd.py:210] - 
symbol name  open  latest_price  high   low    volume      amount trade_date
920000 安徽凤凰 18.00         17.85 18.00 17.77  310563.0   5546403.0 2026-03-12
920001 纬达光电 19.36         20.46 21.98 19.31 9062570.0 188019606.0 2026-03-12
920002 万达轴承 92.91         93.05 93.77 90.90  518092.0  47666081.0 2026-03-12
2026-03-12 13:44:09,017 - INFO - [cloudakpd.py:211] - ---------------------------------------------
2026-03-12 13:44:10,276 - INFO - [cloudakpd.py:204] - ---------------------------------------------
2026-03-12 13:44:10,277 - INFO - [cloudakpd.py:205] - 🔍 [审计] 读取成功: 2026-03-12
2026-03-12 13:44:10,278 - INFO - [cloudakpd.py:206] -    ▫️ 标的总数 : 5488 条
2026-03-12 13:44:10,278 - INFO - [cloudakpd.py:207] -    ▫️ 资金状态 : 盘中实时
2026-03-12 13:44:10,279 - INFO - [cloudakpd.py:208] -    ▫️ 存入时间 : 2026-03-12 13:44:07.519163
2026-03-12 13:44:10,282 - INFO - [cloudakpd.py:210] - 
symbol name  open  latest_price  high   low    volume      amount trade_date
920000 安徽凤凰 18.00         17.85 18.00 17.77  310563.0   5546403.0 2026-03-12
920001 纬达光电 19.36         20.46 21.98 19.31 9062570.0 188019606.0 2026-03-12
920002 万达轴承 92.91         93.05 93.77 90.90  518092.0  47666081.0 2026-03-12
2026-03-12 13:44:10,283 - INFO - [cloudakpd.py:211] - ---------------------------------------------
2026-03-12 13:44:10,286 - INFO - [ledger.py:266] - ✅ 资产审计完成。当前净资产: 1042934077.54, 云端对齐已完成。
2026-03-12 13:44:10,286 - INFO - [engine.py:161] - ================================================================================
2026-03-12 13:44:10,287 - INFO - [engine.py:162] - 【操作审批纪要 (Execution Summary)】
2026-03-12 13:44:10,287 - INFO - [engine.py:164] - 🟢 000547 (航天发展) 建议买入 165400 股 | 预估价: 31.80 | 状态: 待老板确认 | 逻辑: 顺势金叉确认，首次建仓
2026-03-12 13:44:10,287 - INFO - [engine.py:164] - 🟢 600498 (烽火通信) 建议买入 94300 股 | 预估价: 55.75 | 状态: 待老板确认 | 逻辑: 顺势金叉确认，首次建仓
2026-03-12 13:44:10,287 - INFO - [engine.py:164] - 🟢 600703 (三安光电) 建议买入 289000 股 | 预估价: 18.20 | 状态: 待老板确认 | 逻辑: 顺势金叉确认，首次建仓
2026-03-12 13:44:10,287 - INFO - [engine.py:164] - 🟢 601600 (中国铝业) 建议买入 362300 股 | 预估价: 14.52 | 状态: 待老板确认 | 逻辑: 顺势金叉确认，首次建仓
2026-03-12 13:44:10,288 - INFO - [engine.py:164] - 🟢 600938 (中国海油) 建议买入 123300 股 | 预估价: 42.64 | 状态: 待老板确认 | 逻辑: 顺势金叉确认，首次建仓
2026-03-12 13:44:10,288 - INFO - [engine.py:168] - 
【持仓状态确认 (Positions Audit)】
2026-03-12 13:44:10,288 - INFO - [engine.py:170] - 🛡️ 601179 (中国西电) | 持仓 860000 股 | 现价: 18.38 | 浮盈: -4.17%
   └─ 买入日期: 2026-03-11 | 开仓逻辑: 顺势金叉确认，首次建仓
2026-03-12 13:44:10,289 - INFO - [engine.py:170] - 🛡️ 600089 (特变电工) | 持仓 529700 股 | 现价: 30.41 | 浮盈: -2.34%
   └─ 买入日期: 2026-03-11 | 开仓逻辑: 顺势金叉确认，首次建仓
2026-03-12 13:44:10,289 - INFO - [engine.py:170] - 🛡️ 002202 (金风科技) | 持仓 323300 股 | 现价: 29.21 | 浮盈: -2.67%
   └─ 买入日期: 2026-03-11 | 开仓逻辑: 顺势金叉确认，首次建仓
2026-03-12 13:44:10,289 - INFO - [engine.py:170] - 🛡️ 600522 (中天科技) | 持仓 300 股 | 现价: 29.79 | 浮盈: 1.21%
   └─ 买入日期: 历史遗留 | 开仓逻辑: 未知建仓逻辑
2026-03-12 13:44:10,289 - INFO - [engine.py:170] - 🛡️ 601939 (建设银行) | 持仓 200 股 | 现价: 9.09 | 浮盈: 5.45%
   └─ 买入日期: 历史遗留 | 开仓逻辑: 未知建仓逻辑
2026-03-12 13:44:10,290 - INFO - [engine.py:174] - ================================================================================
2026-03-12 13:44:10,290 - INFO - [engine.py:175] - 👀 【交易额最大动态监控池 (优胜劣汰拒绝名单)】
2026-03-12 13:44:10,290 - INFO - [engine.py:186] -    - 🚫 观望 300394 (天孚通信): 未满足缩量回踩或放量突破
2026-03-12 13:44:10,292 - INFO - [engine.py:186] -    - 🚫 观望 000988 (华工科技): 乖离率偏高 (1.47)
2026-03-12 13:44:10,292 - INFO - [engine.py:186] -    - 🚫 观望 300502 (新易盛): 未形成多头排列
2026-03-12 13:44:10,292 - INFO - [engine.py:186] -    - 🚫 观望 300308 (中际旭创): 未形成多头排列
2026-03-12 13:44:10,292 - INFO - [engine.py:186] -    - 🚫 观望 300750 (宁德时代): 未形成多头排列
2026-03-12 13:44:10,292 - INFO - [engine.py:186] -    - 🚫 观望 002261 (拓维信息): 未形成多头排列
2026-03-12 13:44:10,293 - INFO - [engine.py:186] -    - 🚫 观望 600410 (华胜天成): 乖离率偏高 (1.31)
2026-03-12 13:44:10,293 - INFO - [engine.py:186] -    - 🚫 观望 300274 (阳光电源): 未形成多头排列
2026-03-12 13:44:10,293 - INFO - [engine.py:186] -    - 🚫 观望 600487 (亨通光电): 乖离率偏高 (1.37)
2026-03-12 13:44:10,294 - INFO - [engine.py:186] -    - 🚫 观望 601868 (中国能建): 未形成多头排列
2026-03-12 13:44:10,294 - INFO - [engine.py:186] -    - 🚫 观望 002506 (协鑫集成): 乖离率偏高 (1.39)
2026-03-12 13:44:10,295 - INFO - [engine.py:186] -    - 🚫 观望 002384 (东山精密): 未形成多头排列
2026-03-12 13:44:10,295 - INFO - [engine.py:186] -    - 🚫 观望 300017 (网宿科技): 未满足缩量回踩或放量突破
2026-03-12 13:44:10,295 - INFO - [engine.py:186] -    - 🚫 观望 601899 (紫金矿业): 未满足缩量回踩或放量突破
2026-03-12 13:44:10,296 - INFO - [engine.py:186] -    - 🚫 观望 002281 (光迅科技): 乖离率偏高 (1.31)
2026-03-12 13:44:10,296 - INFO - [engine.py:186] -    - 🚫 观望 300476 (胜宏科技): 未形成多头排列
2026-03-12 13:44:10,296 - INFO - [engine.py:186] -    - 🚫 观望 002475 (立讯精密): 未形成多头排列
2026-03-12 13:44:10,297 - INFO - [engine.py:186] -    - 🚫 观望 600989 (宝丰能源): 乖离率偏高 (1.41)
2026-03-12 13:44:10,297 - INFO - [engine.py:186] -    - 🚫 观望 600759 (洲际油气): 乖离率偏高 (1.39)
2026-03-12 13:44:10,297 - INFO - [engine.py:186] -    - 🚫 观望 002594 (比亚迪): 未形成多头排列
2026-03-12 13:44:10,297 - INFO - [engine.py:186] -    - 🚫 观望 300014 (亿纬锂能): 未形成多头排列
2026-03-12 13:44:10,299 - INFO - [engine.py:186] -    - 🚫 观望 002015 (协鑫能科): 乖离率偏高 (1.67)
2026-03-12 13:44:10,299 - INFO - [engine.py:186] -    - 🚫 观望 300475 (香农芯创): 未形成多头排列
2026-03-12 13:44:10,299 - INFO - [engine.py:186] -    - 🚫 观望 600875 (东方电气): 乖离率偏高 (1.27)
2026-03-12 13:44:10,300 - INFO - [engine.py:186] -    - 🚫 观望 601857 (中国石油): 未形成多头排列
2026-03-12 13:44:10,300 - INFO - [engine.py:186] -    - 🚫 观望 601138 (工业富联): 未形成多头排列
2026-03-12 13:44:10,301 - INFO - [engine.py:186] -    - 🚫 观望 002195 (岩山科技): 未满足缩量回踩或放量突破
2026-03-12 13:44:10,301 - INFO - [engine.py:186] -    - 🚫 观望 601669 (中国电建): 未形成多头排列
2026-03-12 13:46:43,061 - INFO - [config.py:47] - --------------------------------------------------------------------------------
2026-03-12 13:46:43,062 - INFO - [config.py:48] - ⚙️ 【策略参数装载与核对】 -> 依据: trials_20260311_165301.csv
2026-03-12 13:46:43,062 - INFO - [config.py:50] -    - 注入动态寻优参数 : bias_entry_limit: 1.25, ma_long: 70, ma_mid: 38, ma_short: 8, partial_exit_min_profit: 0.15, partial_exit_pct: 0.3, profit_tier1: 0.15, stop_loss_pct: 0.08, trailing_stop_pct: 0.34, trailing_tier1: 0.1, unit_size: 0.2
2026-03-12 13:46:43,062 - INFO - [config.py:51] - --------------------------------------------------------------------------------
2026-03-12 13:46:43,100 - INFO - [cloudakpd.py:36] - ============================================================
2026-03-12 13:46:43,100 - INFO - [cloudakpd.py:37] - 📊 [DataCenter] 数据内核启动审计...
2026-03-12 13:46:43,101 - INFO - [cloudakpd.py:38] -    ▫️ 存储模式 : ☁️  云端 (PostgreSQL)
2026-03-12 13:46:43,101 - INFO - [cloudakpd.py:39] -    ▫️ 连接节点 : ep-noisy-dust-a1zv7w56-pooler.ap-southeast-1.aws.neon.tech/neondb
2026-03-12 13:46:45,680 - INFO - [cloudakpd.py:85] - 📂 字段审计完成，当前支持: turnover_rate, amount, latest_price, symbol, open, low, name, volume, is_closed, updated_at, high, trade_date
2026-03-12 13:46:45,680 - INFO - [cloudakpd.py:42] - ============================================================
2026-03-12 13:46:46,904 - INFO - [cloudakpd.py:204] - ---------------------------------------------
2026-03-12 13:46:46,904 - INFO - [cloudakpd.py:205] - 🔍 [审计] 读取成功: 2026-03-12
2026-03-12 13:46:46,905 - INFO - [cloudakpd.py:206] -    ▫️ 标的总数 : 5488 条
2026-03-12 13:46:46,905 - INFO - [cloudakpd.py:207] -    ▫️ 资金状态 : 盘中实时
2026-03-12 13:46:46,905 - INFO - [cloudakpd.py:208] -    ▫️ 存入时间 : 2026-03-12 13:44:07.519163
2026-03-12 13:46:46,909 - INFO - [cloudakpd.py:210] - 
symbol name  open  latest_price  high   low    volume      amount trade_date
920000 安徽凤凰 18.00         17.85 18.00 17.77  310563.0   5546403.0 2026-03-12
920001 纬达光电 19.36         20.46 21.98 19.31 9062570.0 188019606.0 2026-03-12
920002 万达轴承 92.91         93.05 93.77 90.90  518092.0  47666081.0 2026-03-12
2026-03-12 13:46:46,909 - INFO - [cloudakpd.py:211] - ---------------------------------------------
2026-03-12 13:46:46,910 - INFO - [universe.py:40] - ✅ [UniverseManager] 云端全量快照加载成功，当前监控 5488 只标的。
2026-03-12 13:46:46,910 - INFO - [engine.py:24] - ================================================================================
2026-03-12 13:46:46,910 - INFO - [engine.py:25] -  🚀 启动量化交易实盘中心 (2026-03-12 13:46)
2026-03-12 13:46:46,911 - INFO - [engine.py:26] -    - 📒 人工比对账本 : D:\git\LongTrading\data\live_broker_account.json
2026-03-12 13:46:46,911 - INFO - [engine.py:27] -    - 💸 审计交易流水 : D:\git\LongTrading\data\live_trade_ledger.csv
2026-03-12 13:46:46,911 - INFO - [engine.py:28] - ================================================================================
2026-03-12 13:46:46,915 - WARNING - [ledger.py:64] - 🚨 【对账异常】 000547 系统应有 165400 与 真实持有 0不一致。系统已强制以人工为准重新校准！
2026-03-12 13:46:46,915 - WARNING - [ledger.py:64] - 🚨 【对账异常】 600938 系统应有 123300 与 真实持有 0不一致。系统已强制以人工为准重新校准！
2026-03-12 13:46:46,916 - WARNING - [ledger.py:64] - 🚨 【对账异常】 601600 系统应有 362300 与 真实持有 0不一致。系统已强制以人工为准重新校准！
2026-03-12 13:46:46,916 - WARNING - [ledger.py:64] - 🚨 【对账异常】 600498 系统应有 94300 与 真实持有 0不一致。系统已强制以人工为准重新校准！
2026-03-12 13:46:46,916 - WARNING - [ledger.py:64] - 🚨 【对账异常】 600703 系统应有 289000 与 真实持有 0不一致。系统已强制以人工为准重新校准！
2026-03-12 13:46:46,916 - INFO - [engine.py:36] - 📡 正在全盘扫描历史数据与近期快照，构建动态监控池...
2026-03-12 13:46:46,917 - INFO - [universe.py:145] - 📊 正在通过云端 SQL 审计近 20 个交易日的热点标的...
2026-03-12 13:46:47,304 - INFO - [universe.py:192] - ✅ [UniverseManager] 动态股票池已对齐云端，当前池规模: 38
2026-03-12 13:46:47,304 - INFO - [engine.py:38] - 🏦 会计部接管完毕: 可用现金 【1,000,000,000.00 元】，真实持仓 【5 只】，雷达标的 【38 只】。
2026-03-12 13:46:47,305 - INFO - [engine.py:39] - 🎯 监控池构建完毕: 汇聚近 20 日霸榜标的，实盘监控总数: 【38 只】。
2026-03-12 13:46:47,306 - INFO - [engine.py:67] - --------------------------------------------------------------------------------
2026-03-12 13:46:47,308 - INFO - [engine.py:68] - 【盘前资产风控评估 (Pre-Trade NAV Dashboard)】
2026-03-12 13:46:47,308 - INFO - [engine.py:69] -    - 可用现金 (Available Cash) : 1,000,000,000.00
2026-03-12 13:46:47,308 - INFO - [engine.py:70] -    - 持仓成本 (Total Cost)     : 42,702,445.20
2026-03-12 13:46:47,309 - INFO - [engine.py:71] -    - 持仓市值 (Market Value)   : 42,776,349.00
2026-03-12 13:46:47,309 - INFO - [engine.py:72] -    - 净 资 产 (Total Equity)   : 1,042,776,349.00
2026-03-12 13:46:47,309 - INFO - [engine.py:73] -    - 账面浮盈 (Floating PnL)   : 73,903.80 (0.17%)
2026-03-12 13:46:47,309 - INFO - [engine.py:74] - --------------------------------------------------------------------------------
2026-03-12 13:46:48,265 - DEBUG - [akshare_pd.py:78] - 👉 数据列名检查: ['date', 'open', 'high', 'low', 'close', 'volume', 'amount', 'outstanding_share', 'turnover']
2026-03-12 13:46:48,269 - INFO - [engine.py:99] - ⚡ [601179 中国西电] 盘中数据注入成功！(跳动现价: 18.73)
2026-03-12 13:46:48,270 - DEBUG - [engine.py:104] - 
📊 [601179 中国西电] 最新 3 行切片检查:
             open   high    low  close       volume        amount  turnover                 updated_at
date                                                                                                  
2026-03-10  20.00  20.65  19.58  19.99  442844017.0  8.876727e+09  0.086394 2026-03-12 13:46:48.266402
2026-03-11  20.01  20.10  18.72  19.15  538764514.0  1.039706e+10  0.105107 2026-03-12 13:46:48.266402
2026-03-12  18.80  19.34  18.33  18.73  316787096.0           NaN  0.000000                        NaT

2026-03-12 13:46:49,326 - DEBUG - [akshare_pd.py:78] - 👉 数据列名检查: ['date', 'open', 'high', 'low', 'close', 'volume', 'amount', 'outstanding_share', 'turnover']
2026-03-12 13:46:49,330 - INFO - [engine.py:99] - ⚡ [600089 特变电工] 盘中数据注入成功！(跳动现价: 30.85)
2026-03-12 13:46:49,332 - DEBUG - [engine.py:104] - 
📊 [600089 特变电工] 最新 3 行切片检查:
             open   high    low  close       volume        amount  turnover                 updated_at
date                                                                                                  
2026-03-10  32.69  32.74  31.65  31.86  353286075.0  1.132871e+10  0.069919 2026-03-12 13:46:49.327611
2026-03-11  31.87  31.90  30.90  31.04  310469652.0  9.699245e+09  0.061445 2026-03-12 13:46:49.327611
2026-03-12  31.04  31.26  30.38  30.85  171462558.0           NaN  0.000000                        NaT

2026-03-12 13:46:50,247 - DEBUG - [akshare_pd.py:78] - 👉 数据列名检查: ['date', 'open', 'high', 'low', 'close', 'volume', 'amount', 'outstanding_share', 'turnover']
2026-03-12 13:46:50,251 - INFO - [engine.py:99] - ⚡ [002202 金风科技] 盘中数据注入成功！(跳动现价: 31.91)
2026-03-12 13:46:50,252 - DEBUG - [engine.py:104] - 
📊 [002202 金风科技] 最新 3 行切片检查:
             open  high    low  close       volume        amount  turnover                 updated_at
date                                                                                                 
2026-03-10  28.59  29.2  28.23  28.48  201005873.0  5.763493e+09  0.059761 2026-03-12 13:46:50.248866
2026-03-11  28.51  31.0  27.82  30.24  434392923.0  1.278988e+10  0.129149 2026-03-12 13:46:50.248866
2026-03-12  29.94  33.0  29.15  31.91  389611692.0           NaN  0.000000                        NaT

2026-03-12 13:46:51,237 - DEBUG - [akshare_pd.py:78] - 👉 数据列名检查: ['date', 'open', 'high', 'low', 'close', 'volume', 'amount', 'outstanding_share', 'turnover']
2026-03-12 13:46:51,240 - INFO - [engine.py:99] - ⚡ [600522 中天科技] 盘中数据注入成功！(跳动现价: 29.93)
2026-03-12 13:46:51,241 - DEBUG - [engine.py:104] - 
📊 [600522 中天科技] 最新 3 行切片检查:
             open   high    low  close       volume        amount  turnover                 updated_at
date                                                                                                  
2026-03-10  27.55  29.18  27.41  28.90  168544463.0  4.798302e+09  0.049384 2026-03-12 13:46:51.237179
2026-03-11  29.82  31.66  29.79  30.01  244824364.0  7.470581e+09  0.071734 2026-03-12 13:46:51.237179
2026-03-12  29.60  31.38  29.50  29.93  126210120.0           NaN  0.000000                        NaT

2026-03-12 13:46:52,326 - DEBUG - [akshare_pd.py:78] - 👉 数据列名检查: ['date', 'open', 'high', 'low', 'close', 'volume', 'amount', 'outstanding_share', 'turnover']
2026-03-12 13:46:52,330 - INFO - [engine.py:99] - ⚡ [601939 建设银行] 盘中数据注入成功！(跳动现价: 9.11)
2026-03-12 13:46:52,331 - DEBUG - [engine.py:104] - 
📊 [601939 建设银行] 最新 3 行切片检查:
            open  high   low  close      volume       amount  turnover                 updated_at
date                                                                                             
2026-03-10  9.01  9.04  8.93   8.94  83402353.0  747712625.0  0.008693 2026-03-12 13:46:52.327897
2026-03-11  8.94  9.05  8.89   9.05  86050618.0  773504210.0  0.008970 2026-03-12 13:46:52.327897
2026-03-12  9.04  9.12  9.00   9.11  62158892.0          NaN  0.000000                        NaT

2026-03-12 13:46:53,556 - DEBUG - [akshare_pd.py:78] - 👉 数据列名检查: ['date', 'open', 'high', 'low', 'close', 'volume', 'amount', 'outstanding_share', 'turnover']
2026-03-12 13:46:53,559 - INFO - [engine.py:99] - ⚡ [300394 天孚通信] 盘中数据注入成功！(跳动现价: 317.7)
2026-03-12 13:46:53,561 - DEBUG - [engine.py:104] - 
📊 [300394 天孚通信] 最新 3 行切片检查:
              open    high     low   close      volume        amount  turnover                 updated_at
date                                                                                                     
2026-03-10  329.00  341.88  325.01  340.48  38050810.0  1.274569e+10  0.049044 2026-03-12 13:46:53.557491
2026-03-11  342.69  344.44  329.30  331.00  26757383.0  8.972870e+09  0.034488 2026-03-12 13:46:53.557491
2026-03-12  331.00  333.47  314.61  317.70  20822999.0           NaN  0.000000                        NaT

2026-03-12 13:46:54,567 - DEBUG - [akshare_pd.py:78] - 👉 数据列名检查: ['date', 'open', 'high', 'low', 'close', 'volume', 'amount', 'outstanding_share', 'turnover']
2026-03-12 13:46:54,570 - INFO - [engine.py:99] - ⚡ [000988 华工科技] 盘中数据注入成功！(跳动现价: 128.12)
2026-03-12 13:46:54,573 - DEBUG - [engine.py:104] - 
📊 [000988 华工科技] 最新 3 行切片检查:
              open    high     low   close       volume        amount  turnover                 updated_at
date                                                                                                      
2026-03-10  119.49  124.00  116.55  123.51  113779973.0  1.363733e+10  0.113216 2026-03-12 13:46:54.567610
2026-03-11  122.99  135.69  122.90  134.88  125882525.0  1.641234e+10  0.125258 2026-03-12 13:46:54.567610
2026-03-12  133.74  141.41  123.50  128.12  165844036.0           NaN  0.000000                        NaT

2026-03-12 13:46:55,658 - DEBUG - [akshare_pd.py:78] - 👉 数据列名检查: ['date', 'open', 'high', 'low', 'close', 'volume', 'amount', 'outstanding_share', 'turnover']
2026-03-12 13:46:55,661 - INFO - [engine.py:99] - ⚡ [000547 航天发展] 盘中数据注入成功！(跳动现价: 31.95)
2026-03-12 13:46:55,662 - DEBUG - [engine.py:104] - 
📊 [000547 航天发展] 最新 3 行切片检查:
             open   high    low  close       volume        amount  turnover                 updated_at
date                                                                                                  
2026-03-10  32.51  34.30  32.12  33.66  364988789.0  1.220221e+10  0.229680 2026-03-12 13:46:55.658400
2026-03-11  34.00  34.00  32.80  33.31  297030040.0  9.915401e+09  0.186915 2026-03-12 13:46:55.658400
2026-03-12  33.00  33.31  31.09  31.95  194079415.0           NaN  0.000000                        NaT

2026-03-12 13:46:56,557 - DEBUG - [akshare_pd.py:78] - 👉 数据列名检查: ['date', 'open', 'high', 'low', 'close', 'volume', 'amount', 'outstanding_share', 'turnover']
2026-03-12 13:46:56,562 - INFO - [engine.py:99] - ⚡ [300308 中际旭创] 盘中数据注入成功！(跳动现价: 531.51)
2026-03-12 13:46:56,564 - DEBUG - [engine.py:104] - 
📊 [300308 中际旭创] 最新 3 行切片检查:
              open    high     low   close      volume        amount  turnover                 updated_at
date                                                                                                     
2026-03-10  540.00  548.98  530.02  547.00  28309414.0  1.534895e+10  0.025608 2026-03-12 13:46:56.559381
2026-03-11  557.00  568.90  553.00  554.68  23897170.0  1.341204e+10  0.021617 2026-03-12 13:46:56.559381
2026-03-12  557.25  563.58  528.50  531.51  18479319.0           NaN  0.000000                        NaT

2026-03-12 13:46:57,404 - DEBUG - [akshare_pd.py:78] - 👉 数据列名检查: ['date', 'open', 'high', 'low', 'close', 'volume', 'amount', 'outstanding_share', 'turnover']
2026-03-12 13:46:57,407 - INFO - [engine.py:99] - ⚡ [300750 宁德时代] 盘中数据注入成功！(跳动现价: 395.62)
2026-03-12 13:46:57,410 - DEBUG - [engine.py:104] - 
📊 [300750 宁德时代] 最新 3 行切片检查:
              open    high     low   close      volume        amount  turnover                 updated_at
date                                                                                                     
2026-03-10  375.00  379.77  366.50  376.30  50741728.0  1.904908e+10  0.011921 2026-03-12 13:46:57.404754
2026-03-11  379.58  403.55  378.98  396.80  57598685.0  2.264270e+10  0.013531 2026-03-12 13:46:57.404754
2026-03-12  400.00  400.90  392.70  395.62  22357715.0           NaN  0.000000                        NaT

2026-03-12 13:46:58,382 - DEBUG - [akshare_pd.py:78] - 👉 数据列名检查: ['date', 'open', 'high', 'low', 'close', 'volume', 'amount', 'outstanding_share', 'turnover']
2026-03-12 13:46:58,386 - INFO - [engine.py:99] - ⚡ [300502 新易盛] 盘中数据注入成功！(跳动现价: 378.14)
2026-03-12 13:46:58,387 - DEBUG - [engine.py:104] - 
📊 [300502 新易盛] 最新 3 行切片检查:
              open    high     low   close      volume        amount  turnover                 updated_at
date                                                                                                     
2026-03-10  394.75  401.00  382.59  397.33  42488136.0  1.669605e+10  0.047986 2026-03-12 13:46:58.383569
2026-03-11  400.01  408.00  392.20  393.23  33838170.0  1.350834e+10  0.038217 2026-03-12 13:46:58.383569
2026-03-12  400.01  404.85  375.67  378.14  27925595.0           NaN  0.000000                        NaT

2026-03-12 13:46:59,431 - DEBUG - [akshare_pd.py:78] - 👉 数据列名检查: ['date', 'open', 'high', 'low', 'close', 'volume', 'amount', 'outstanding_share', 'turnover']
2026-03-12 13:46:59,434 - INFO - [engine.py:99] - ⚡ [002261 拓维信息] 盘中数据注入成功！(跳动现价: 39.88)
2026-03-12 13:46:59,436 - DEBUG - [engine.py:104] - 
📊 [002261 拓维信息] 最新 3 行切片检查:
             open   high    low  close       volume        amount  turnover                 updated_at
date                                                                                                  
2026-03-10  42.15  44.06  40.72  41.76  313689541.0  1.320427e+10  0.273809 2026-03-12 13:46:59.432632
2026-03-11  41.51  43.89  41.03  41.08  272790380.0  1.151191e+10  0.238109 2026-03-12 13:46:59.432632
2026-03-12  40.82  42.50  39.39  39.88  184081636.0           NaN  0.000000                        NaT

2026-03-12 13:47:00,306 - DEBUG - [akshare_pd.py:78] - 👉 数据列名检查: ['date', 'open', 'high', 'low', 'close', 'volume', 'amount', 'outstanding_share', 'turnover']
2026-03-12 13:47:00,310 - INFO - [engine.py:99] - ⚡ [600410 华胜天成] 盘中数据注入成功！(跳动现价: 30.98)
2026-03-12 13:47:00,312 - DEBUG - [engine.py:104] - 
📊 [600410 华胜天成] 最新 3 行切片检查:
             open   high    low  close       volume        amount  turnover                 updated_at
date                                                                                                  
2026-03-10  30.51  32.57  29.68  31.83  370505276.0  1.156331e+10  0.337900 2026-03-12 13:47:00.306781
2026-03-11  31.20  34.31  31.19  32.68  413292958.0  1.370430e+10  0.376922 2026-03-12 13:47:00.306781
2026-03-12  32.45  33.50  30.59  30.98  279425500.0           NaN  0.000000                        NaT

2026-03-12 13:47:01,232 - DEBUG - [akshare_pd.py:78] - 👉 数据列名检查: ['date', 'open', 'high', 'low', 'close', 'volume', 'amount', 'outstanding_share', 'turnover']
2026-03-12 13:47:01,234 - INFO - [engine.py:99] - ⚡ [300274 阳光电源] 盘中数据注入成功！(跳动现价: 172.05)
2026-03-12 13:47:01,236 - DEBUG - [engine.py:104] - 
📊 [300274 阳光电源] 最新 3 行切片检查:
              open    high     low   close       volume        amount  turnover                 updated_at
date                                                                                                      
2026-03-10  157.99  158.69  153.20  156.10   59341753.0  9.259444e+09  0.037329 2026-03-12 13:47:01.232653
2026-03-11  156.42  175.66  156.39  170.92  144572766.0  2.431173e+10  0.090943 2026-03-12 13:47:01.232653
2026-03-12  171.54  173.77  168.40  172.05   79988128.0           NaN  0.000000                        NaT

2026-03-12 13:47:02,226 - DEBUG - [akshare_pd.py:78] - 👉 数据列名检查: ['date', 'open', 'high', 'low', 'close', 'volume', 'amount', 'outstanding_share', 'turnover']
2026-03-12 13:47:02,229 - INFO - [engine.py:99] - ⚡ [600487 亨通光电] 盘中数据注入成功！(跳动现价: 51.08)
2026-03-12 13:47:02,231 - DEBUG - [engine.py:104] - 
📊 [600487 亨通光电] 最新 3 行切片检查:
             open  high    low  close       volume        amount  turnover                 updated_at
date                                                                                                 
2026-03-10  46.72  50.2  46.72  49.99  153667766.0  7.447927e+09  0.062845 2026-03-12 13:47:02.226412
2026-03-11  51.00  54.3  50.63  50.80  168100591.0  8.775464e+09  0.068748 2026-03-12 13:47:02.226412
2026-03-12  49.90  54.3  49.90  51.08  127894407.0           NaN  0.000000                        NaT

2026-03-12 13:47:03,210 - DEBUG - [akshare_pd.py:78] - 👉 数据列名检查: ['date', 'open', 'high', 'low', 'close', 'volume', 'amount', 'outstanding_share', 'turnover']
2026-03-12 13:47:03,213 - INFO - [engine.py:99] - ⚡ [601868 中国能建] 盘中数据注入成功！(跳动现价: 3.8)
2026-03-12 13:47:03,215 - DEBUG - [engine.py:104] - 
📊 [601868 中国能建] 最新 3 行切片检查:
            open  high   low  close        volume        amount  turnover                 updated_at
date                                                                                                
2026-03-10  2.98  3.23  2.87   3.14  3.231616e+09  9.989403e+09  0.099653 2026-03-12 13:47:03.211249
2026-03-11  3.15  3.45  3.09   3.45  1.892516e+09  6.294151e+09  0.058359 2026-03-12 13:47:03.211249
2026-03-12  3.52  3.80  3.50   3.80  4.054311e+09           NaN  0.000000                        NaT

2026-03-12 13:47:04,124 - DEBUG - [akshare_pd.py:78] - 👉 数据列名检查: ['date', 'open', 'high', 'low', 'close', 'volume', 'amount', 'outstanding_share', 'turnover']
2026-03-12 13:47:04,128 - INFO - [engine.py:99] - ⚡ [002506 协鑫集成] 盘中数据注入成功！(跳动现价: 5.97)
2026-03-12 13:47:04,129 - DEBUG - [engine.py:104] - 
📊 [002506 协鑫集成] 最新 3 行切片检查:
            open  high  low  close        volume        amount  turnover                 updated_at
date                                                                                               
2026-03-10  5.78  6.19  5.6   6.07  1.416593e+09  8.373467e+09  0.242383 2026-03-12 13:47:04.125272
2026-03-11  6.00  6.36  5.8   5.96  1.563213e+09  9.493189e+09  0.267471 2026-03-12 13:47:04.125272
2026-03-12  5.80  6.06  5.7   5.97  9.160275e+08           NaN  0.000000                        NaT

2026-03-12 13:47:05,233 - DEBUG - [akshare_pd.py:78] - 👉 数据列名检查: ['date', 'open', 'high', 'low', 'close', 'volume', 'amount', 'outstanding_share', 'turnover']
2026-03-12 13:47:05,235 - INFO - [engine.py:99] - ⚡ [002384 东山精密] 盘中数据注入成功！(跳动现价: 103.1)
2026-03-12 13:47:05,237 - DEBUG - [engine.py:104] - 
📊 [002384 东山精密] 最新 3 行切片检查:
              open    high     low   close      volume        amount  turnover                 updated_at
date                                                                                                     
2026-03-10  102.00  108.06  101.20  108.06  91333198.0  9.599794e+09  0.065882 2026-03-12 13:47:05.233899
2026-03-11  109.33  111.65  103.71  104.80  91369094.0  9.735043e+09  0.065908 2026-03-12 13:47:05.233899
2026-03-12  106.09  107.49  101.20  103.10  48105277.0           NaN  0.000000                        NaT

2026-03-12 13:47:06,283 - DEBUG - [akshare_pd.py:78] - 👉 数据列名检查: ['date', 'open', 'high', 'low', 'close', 'volume', 'amount', 'outstanding_share', 'turnover']
2026-03-12 13:47:06,286 - INFO - [engine.py:99] - ⚡ [300017 网宿科技] 盘中数据注入成功！(跳动现价: 19.16)
2026-03-12 13:47:06,288 - DEBUG - [engine.py:104] - 
📊 [300017 网宿科技] 最新 3 行切片检查:
             open   high    low  close       volume        amount  turnover                 updated_at
date                                                                                                  
2026-03-10  20.65  21.48  19.40  20.39  568261968.0  1.155532e+10  0.246513 2026-03-12 13:47:06.284139
2026-03-11  20.20  20.38  19.36  19.38  384801124.0  7.598068e+09  0.166927 2026-03-12 13:47:06.284139
2026-03-12  19.28  20.50  19.01  19.16  337081818.0           NaN  0.000000                        NaT

2026-03-12 13:47:07,377 - DEBUG - [akshare_pd.py:78] - 👉 数据列名检查: ['date', 'open', 'high', 'low', 'close', 'volume', 'amount', 'outstanding_share', 'turnover']
2026-03-12 13:47:07,380 - INFO - [engine.py:99] - ⚡ [600498 烽火通信] 盘中数据注入成功！(跳动现价: 55.81)
2026-03-12 13:47:07,382 - DEBUG - [engine.py:104] - 
📊 [600498 烽火通信] 最新 3 行切片检查:
             open   high    low  close       volume        amount  turnover                 updated_at
date                                                                                                  
2026-03-10  53.00  57.20  52.71  57.20  144011656.0  8.010268e+09  0.113250 2026-03-12 13:47:07.378200
2026-03-11  58.60  61.78  56.66  57.03  183744064.0  1.086759e+10  0.144496 2026-03-12 13:47:07.378200
2026-03-12  57.02  59.59  55.00  55.81   85915579.0           NaN  0.000000                        NaT

2026-03-12 13:47:08,396 - DEBUG - [akshare_pd.py:78] - 👉 数据列名检查: ['date', 'open', 'high', 'low', 'close', 'volume', 'amount', 'outstanding_share', 'turnover']
2026-03-12 13:47:08,398 - INFO - [engine.py:99] - ⚡ [601899 紫金矿业] 盘中数据注入成功！(跳动现价: 36.56)
2026-03-12 13:47:08,401 - DEBUG - [engine.py:104] - 
📊 [601899 紫金矿业] 最新 3 行切片检查:
             open   high    low  close       volume        amount  turnover                 updated_at
date                                                                                                  
2026-03-10  36.98  37.54  36.80  37.13  201312398.0  7.475372e+09  0.009772 2026-03-12 13:47:08.396962
2026-03-11  37.50  37.64  37.04  37.24  148131269.0  5.525147e+09  0.007191 2026-03-12 13:47:08.396962
2026-03-12  36.79  37.16  36.35  36.56  146549536.0           NaN  0.000000                        NaT

2026-03-12 13:47:09,409 - DEBUG - [akshare_pd.py:78] - 👉 数据列名检查: ['date', 'open', 'high', 'low', 'close', 'volume', 'amount', 'outstanding_share', 'turnover']
2026-03-12 13:47:09,413 - INFO - [engine.py:99] - ⚡ [600703 三安光电] 盘中数据注入成功！(跳动现价: 18.25)
2026-03-12 13:47:09,415 - DEBUG - [engine.py:104] - 
📊 [600703 三安光电] 最新 3 行切片检查:
             open   high    low  close       volume        amount  turnover                 updated_at
date                                                                                                  
2026-03-10  16.50  16.50  15.90  16.11  190315789.0  3.072166e+09  0.038147 2026-03-12 13:47:09.410715
2026-03-11  16.15  17.42  16.05  17.04  327210971.0  5.518783e+09  0.065586 2026-03-12 13:47:09.410715
2026-03-12  17.05  18.74  17.00  18.25  370094553.0           NaN  0.000000                        NaT

2026-03-12 13:47:10,366 - DEBUG - [akshare_pd.py:78] - 👉 数据列名检查: ['date', 'open', 'high', 'low', 'close', 'volume', 'amount', 'outstanding_share', 'turnover']
2026-03-12 13:47:10,368 - INFO - [engine.py:99] - ⚡ [002281 光迅科技] 盘中数据注入成功！(跳动现价: 96.96)
2026-03-12 13:47:10,370 - DEBUG - [engine.py:104] - 
📊 [002281 光迅科技] 最新 3 行切片检查:
             open    high    low  close       volume        amount  turnover                 updated_at
date                                                                                                   
2026-03-10  78.99   86.16  78.99  86.16   55409530.0  4.557438e+09  0.071085 2026-03-12 13:47:10.366213
2026-03-11  90.68   93.08  89.00  91.49  102547496.0  9.369670e+09  0.131559 2026-03-12 13:47:10.366213
2026-03-12  91.54  100.64  91.54  96.96   94974060.0           NaN  0.000000                        NaT

2026-03-12 13:47:11,433 - DEBUG - [akshare_pd.py:78] - 👉 数据列名检查: ['date', 'open', 'high', 'low', 'close', 'volume', 'amount', 'outstanding_share', 'turnover']
2026-03-12 13:47:11,435 - INFO - [engine.py:99] - ⚡ [300476 胜宏科技] 盘中数据注入成功！(跳动现价: 276.2)
2026-03-12 13:47:11,437 - DEBUG - [engine.py:104] - 
📊 [300476 胜宏科技] 最新 3 行切片检查:
              open    high    low  close      volume        amount  turnover                 updated_at
date                                                                                                   
2026-03-10  278.00  289.99  276.5  289.0  39657754.0  1.130852e+10  0.046276 2026-03-12 13:47:11.433897
2026-03-11  288.99  290.55  283.8  284.8  26223427.0  7.503241e+09  0.030600 2026-03-12 13:47:11.433897
2026-03-12  282.99  285.80  273.4  276.2  21672268.0           NaN  0.000000                        NaT

2026-03-12 13:47:12,516 - DEBUG - [akshare_pd.py:78] - 👉 数据列名检查: ['date', 'open', 'high', 'low', 'close', 'volume', 'amount', 'outstanding_share', 'turnover']
2026-03-12 13:47:12,519 - INFO - [engine.py:99] - ⚡ [002475 立讯精密] 盘中数据注入成功！(跳动现价: 49.46)
2026-03-12 13:47:12,520 - DEBUG - [engine.py:104] - 
📊 [002475 立讯精密] 最新 3 行切片检查:
             open   high    low  close       volume        amount  turnover                 updated_at
date                                                                                                  
2026-03-10  47.20  49.70  47.20  49.39  181409372.0  8.875108e+09  0.024956 2026-03-12 13:47:12.516242
2026-03-11  49.45  50.88  49.28  50.17  168648425.0  8.476554e+09  0.023200 2026-03-12 13:47:12.516242
2026-03-12  49.90  50.43  49.37  49.46   67903092.0           NaN  0.000000                        NaT

2026-03-12 13:47:13,429 - DEBUG - [akshare_pd.py:78] - 👉 数据列名检查: ['date', 'open', 'high', 'low', 'close', 'volume', 'amount', 'outstanding_share', 'turnover']
2026-03-12 13:47:13,432 - INFO - [engine.py:99] - ⚡ [600989 宝丰能源] 盘中数据注入成功！(跳动现价: 33.72)
2026-03-12 13:47:13,433 - DEBUG - [engine.py:104] - 
📊 [600989 宝丰能源] 最新 3 行切片检查:
             open   high    low  close       volume        amount  turnover                 updated_at
date                                                                                                  
2026-03-10  27.58  29.88  27.58  28.95  246527995.0  7.083563e+09  0.033617 2026-03-12 13:47:13.430337
2026-03-11  28.35  31.85  28.35  31.85  219548593.0  6.627817e+09  0.029938 2026-03-12 13:47:13.430337
2026-03-12  33.30  34.60  32.20  33.72  216816771.0           NaN  0.000000                        NaT

2026-03-12 13:47:14,418 - DEBUG - [akshare_pd.py:78] - 👉 数据列名检查: ['date', 'open', 'high', 'low', 'close', 'volume', 'amount', 'outstanding_share', 'turnover']
2026-03-12 13:47:14,422 - INFO - [engine.py:99] - ⚡ [600759 洲际油气] 盘中数据注入成功！(跳动现价: 7.4)
2026-03-12 13:47:14,424 - DEBUG - [engine.py:104] - 
📊 [600759 洲际油气] 最新 3 行切片检查:
            open  high   low  close       volume        amount  turnover                 updated_at
date                                                                                               
2026-03-10  7.49  7.75  7.49   7.49  720039561.0  5.425945e+09  0.173768 2026-03-12 13:47:14.419891
2026-03-11  7.10  7.72  6.91   7.56  831634860.0  6.136074e+09  0.200699 2026-03-12 13:47:14.419891
2026-03-12  7.80  7.80  7.30   7.40  579386560.0           NaN  0.000000                        NaT

2026-03-12 13:47:15,343 - DEBUG - [akshare_pd.py:78] - 👉 数据列名检查: ['date', 'open', 'high', 'low', 'close', 'volume', 'amount', 'outstanding_share', 'turnover']
2026-03-12 13:47:15,346 - INFO - [engine.py:99] - ⚡ [002594 比亚迪] 盘中数据注入成功！(跳动现价: 99.2)
2026-03-12 13:47:15,347 - DEBUG - [engine.py:104] - 
📊 [002594 比亚迪] 最新 3 行切片检查:
             open    high    low  close      volume        amount  turnover                 updated_at
date                                                                                                  
2026-03-10  97.18   97.49  96.08  96.60  50746243.0  4.907397e+09  0.014552 2026-03-12 13:47:15.343770
2026-03-11  96.75  100.34  95.67  99.22  90374375.0  8.925094e+09  0.025916 2026-03-12 13:47:15.343770
2026-03-12  99.23  100.69  98.70  99.20  41331957.0           NaN  0.000000                        NaT

2026-03-12 13:47:16,243 - DEBUG - [akshare_pd.py:78] - 👉 数据列名检查: ['date', 'open', 'high', 'low', 'close', 'volume', 'amount', 'outstanding_share', 'turnover']
2026-03-12 13:47:16,247 - INFO - [engine.py:99] - ⚡ [300014 亿纬锂能] 盘中数据注入成功！(跳动现价: 68.76)
2026-03-12 13:47:16,249 - DEBUG - [engine.py:104] - 
📊 [300014 亿纬锂能] 最新 3 行切片检查:
             open   high    low  close       volume        amount  turnover                 updated_at
date                                                                                                  
2026-03-10  62.71  63.85  62.50  62.98   40868830.0  2.583041e+09  0.020436 2026-03-12 13:47:16.244788
2026-03-11  62.76  69.67  62.70  67.97  125431380.0  8.429228e+09  0.062722 2026-03-12 13:47:16.244788
2026-03-12  68.57  69.18  67.31  68.76   63465640.0           NaN  0.000000                        NaT

2026-03-12 13:47:17,213 - DEBUG - [akshare_pd.py:78] - 👉 数据列名检查: ['date', 'open', 'high', 'low', 'close', 'volume', 'amount', 'outstanding_share', 'turnover']
2026-03-12 13:47:17,216 - INFO - [engine.py:99] - ⚡ [601600 中国铝业] 盘中数据注入成功！(跳动现价: 14.7)
2026-03-12 13:47:17,217 - DEBUG - [engine.py:104] - 
📊 [601600 中国铝业] 最新 3 行切片检查:
             open   high    low  close       volume        amount  turnover                 updated_at
date                                                                                                  
2026-03-10  13.57  13.82  13.51  13.70  268983915.0  3.676298e+09  0.020419 2026-03-12 13:47:17.214284
2026-03-11  13.76  14.06  13.68  13.96  276323190.0  3.825460e+09  0.020976 2026-03-12 13:47:17.214284
2026-03-12  14.20  14.90  14.03  14.70  422895846.0           NaN  0.000000                        NaT

2026-03-12 13:47:18,184 - DEBUG - [akshare_pd.py:78] - 👉 数据列名检查: ['date', 'open', 'high', 'low', 'close', 'volume', 'amount', 'outstanding_share', 'turnover']
2026-03-12 13:47:18,187 - INFO - [engine.py:99] - ⚡ [002015 协鑫能科] 盘中数据注入成功！(跳动现价: 21.36)
2026-03-12 13:47:18,189 - DEBUG - [engine.py:104] - 
📊 [002015 协鑫能科] 最新 3 行切片检查:
             open   high    low  close       volume        amount  turnover                 updated_at
date                                                                                                  
2026-03-10  18.39  18.68  17.07  18.12  359976476.0  6.392891e+09  0.221753 2026-03-12 13:47:18.184183
2026-03-11  18.01  19.93  17.39  19.42  371346202.0  7.098510e+09  0.228757 2026-03-12 13:47:18.184183
2026-03-12  20.00  21.36  19.50  21.36  346161532.0           NaN  0.000000                        NaT

2026-03-12 13:47:19,283 - DEBUG - [akshare_pd.py:78] - 👉 数据列名检查: ['date', 'open', 'high', 'low', 'close', 'volume', 'amount', 'outstanding_share', 'turnover']
2026-03-12 13:47:19,287 - INFO - [engine.py:99] - ⚡ [300475 香农芯创] 盘中数据注入成功！(跳动现价: 151.43)
2026-03-12 13:47:19,289 - DEBUG - [engine.py:104] - 
📊 [300475 香农芯创] 最新 3 行切片检查:
              open    high     low   close      volume        amount  turnover                 updated_at
date                                                                                                     
2026-03-10  160.20  165.32  158.58  161.85  36564689.0  5.932588e+09  0.082098 2026-03-12 13:47:19.284275
2026-03-11  160.51  162.22  155.58  156.83  28241066.0  4.468852e+09  0.063409 2026-03-12 13:47:19.284275
2026-03-12  156.30  158.40  150.66  151.43  15293991.0           NaN  0.000000                        NaT

2026-03-12 13:47:20,297 - DEBUG - [akshare_pd.py:78] - 👉 数据列名检查: ['date', 'open', 'high', 'low', 'close', 'volume', 'amount', 'outstanding_share', 'turnover']
2026-03-12 13:47:20,301 - INFO - [engine.py:99] - ⚡ [600875 东方电气] 盘中数据注入成功！(跳动现价: 40.38)
2026-03-12 13:47:20,303 - DEBUG - [engine.py:104] - 
📊 [600875 东方电气] 最新 3 行切片检查:
             open   high    low  close       volume        amount  turnover                 updated_at
date                                                                                                  
2026-03-10  43.06  44.06  41.75  42.16  127077622.0  5.414091e+09  0.056145 2026-03-12 13:47:20.298280
2026-03-11  42.50  42.62  40.41  41.08  124544135.0  5.126705e+09  0.055026 2026-03-12 13:47:20.298280
2026-03-12  40.75  40.89  39.41  40.38   84407371.0           NaN  0.000000                        NaT

2026-03-12 13:47:21,220 - DEBUG - [akshare_pd.py:78] - 👉 数据列名检查: ['date', 'open', 'high', 'low', 'close', 'volume', 'amount', 'outstanding_share', 'turnover']
2026-03-12 13:47:21,224 - INFO - [engine.py:99] - ⚡ [601857 中国石油] 盘中数据注入成功！(跳动现价: 12.21)
2026-03-12 13:47:21,226 - DEBUG - [engine.py:104] - 
📊 [601857 中国石油] 最新 3 行切片检查:
             open   high    low  close       volume        amount  turnover                 updated_at
date                                                                                                  
2026-03-10  12.18  12.30  11.78  11.99  524362917.0  6.301324e+09  0.003238 2026-03-12 13:47:21.220902
2026-03-11  11.78  12.16  11.65  12.13  474054564.0  5.647612e+09  0.002928 2026-03-12 13:47:21.220902
2026-03-12  12.33  12.39  11.95  12.21  322252003.0           NaN  0.000000                        NaT

2026-03-12 13:47:22,092 - DEBUG - [akshare_pd.py:78] - 👉 数据列名检查: ['date', 'open', 'high', 'low', 'close', 'volume', 'amount', 'outstanding_share', 'turnover']
2026-03-12 13:47:22,094 - INFO - [engine.py:99] - ⚡ [600938 中国海油] 盘中数据注入成功！(跳动现价: 43.09)
2026-03-12 13:47:22,095 - DEBUG - [engine.py:104] - 
📊 [600938 中国海油] 最新 3 行切片检查:
             open   high    low  close       volume        amount  turnover                 updated_at
date                                                                                                  
2026-03-10  39.03  41.66  39.03  40.98  165158546.0  6.646851e+09  0.055237 2026-03-12 13:47:22.092854
2026-03-11  40.20  42.08  40.20  41.76  120809993.0  4.963745e+09  0.040405 2026-03-12 13:47:22.092854
2026-03-12  42.62  43.25  41.65  43.09  115998794.0           NaN  0.000000                        NaT

2026-03-12 13:47:23,031 - DEBUG - [akshare_pd.py:78] - 👉 数据列名检查: ['date', 'open', 'high', 'low', 'close', 'volume', 'amount', 'outstanding_share', 'turnover']
2026-03-12 13:47:23,035 - INFO - [engine.py:99] - ⚡ [601138 工业富联] 盘中数据注入成功！(跳动现价: 52.6)
2026-03-12 13:47:23,036 - DEBUG - [engine.py:104] - 
📊 [601138 工业富联] 最新 3 行切片检查:
             open   high    low  close       volume        amount  turnover                 updated_at
date                                                                                                  
2026-03-10  53.63  54.38  53.40  54.36  117385056.0  6.334071e+09  0.005911 2026-03-12 13:47:23.032232
2026-03-11  54.70  54.99  53.60  53.89  122007345.0  6.604833e+09  0.006144 2026-03-12 13:47:23.032232
2026-03-12  53.90  54.78  52.22  52.60  116012759.0           NaN  0.000000                        NaT

2026-03-12 13:47:24,043 - DEBUG - [akshare_pd.py:78] - 👉 数据列名检查: ['date', 'open', 'high', 'low', 'close', 'volume', 'amount', 'outstanding_share', 'turnover']
2026-03-12 13:47:24,046 - INFO - [engine.py:99] - ⚡ [002195 岩山科技] 盘中数据注入成功！(跳动现价: 10.33)
2026-03-12 13:47:24,048 - DEBUG - [engine.py:104] - 
📊 [002195 岩山科技] 最新 3 行切片检查:
             open   high    low  close       volume        amount  turnover                 updated_at
date                                                                                                  
2026-03-10  10.72  10.75  10.38  10.52  460576916.0  4.850971e+09  0.082227 2026-03-12 13:47:24.044471
2026-03-11  10.60  10.97  10.31  10.71  705692047.0  7.524519e+09  0.125988 2026-03-12 13:47:24.044471
2026-03-12  10.58  10.59  10.25  10.33  333222895.0           NaN  0.000000                        NaT

2026-03-12 13:47:24,962 - DEBUG - [akshare_pd.py:78] - 👉 数据列名检查: ['date', 'open', 'high', 'low', 'close', 'volume', 'amount', 'outstanding_share', 'turnover']
2026-03-12 13:47:24,965 - INFO - [engine.py:99] - ⚡ [601669 中国电建] 盘中数据注入成功！(跳动现价: 6.6)
2026-03-12 13:47:24,966 - DEBUG - [engine.py:104] - 
📊 [601669 中国电建] 最新 3 行切片检查:
            open  high   low  close        volume        amount  turnover                 updated_at
date                                                                                                
2026-03-10  5.90  6.19  5.84   6.03  6.860737e+08  4.143831e+09  0.052486 2026-03-12 13:47:24.963267
2026-03-11  6.04  6.54  5.93   6.38  1.245092e+09  7.840193e+09  0.095252 2026-03-12 13:47:24.963267
2026-03-12  6.48  6.65  6.25   6.60  1.177512e+09           NaN  0.000000                        NaT

2026-03-12 13:47:25,148 - INFO - [cloudakpd.py:36] - ============================================================
2026-03-12 13:47:25,149 - INFO - [cloudakpd.py:37] - 📊 [DataCenter] 数据内核启动审计...
2026-03-12 13:47:25,149 - INFO - [cloudakpd.py:38] -    ▫️ 存储模式 : ☁️  云端 (PostgreSQL)
2026-03-12 13:47:25,149 - INFO - [cloudakpd.py:39] -    ▫️ 连接节点 : ep-noisy-dust-a1zv7w56-pooler.ap-southeast-1.aws.neon.tech/neondb
2026-03-12 13:47:27,652 - INFO - [cloudakpd.py:85] - 📂 字段审计完成，当前支持: turnover_rate, amount, latest_price, symbol, open, low, name, volume, is_closed, updated_at, high, trade_date
2026-03-12 13:47:27,652 - INFO - [cloudakpd.py:42] - ============================================================
2026-03-12 13:47:28,315 - INFO - [cloudakpd.py:136] - ⏳ 数据保鲜期内 (上次同步: 13:44)，跳过同步。
2026-03-12 13:47:29,802 - INFO - [cloudakpd.py:204] - ---------------------------------------------
2026-03-12 13:47:29,803 - INFO - [cloudakpd.py:205] - 🔍 [审计] 读取成功: 2026-03-12
2026-03-12 13:47:29,803 - INFO - [cloudakpd.py:206] -    ▫️ 标的总数 : 5488 条
2026-03-12 13:47:29,803 - INFO - [cloudakpd.py:207] -    ▫️ 资金状态 : 盘中实时
2026-03-12 13:47:29,804 - INFO - [cloudakpd.py:208] -    ▫️ 存入时间 : 2026-03-12 13:44:07.519163
2026-03-12 13:47:29,806 - INFO - [cloudakpd.py:210] - 
symbol name  open  latest_price  high   low    volume      amount trade_date
920000 安徽凤凰 18.00         17.85 18.00 17.77  310563.0   5546403.0 2026-03-12
920001 纬达光电 19.36         20.46 21.98 19.31 9062570.0 188019606.0 2026-03-12
920002 万达轴承 92.91         93.05 93.77 90.90  518092.0  47666081.0 2026-03-12
2026-03-12 13:47:29,806 - INFO - [cloudakpd.py:211] - ---------------------------------------------
2026-03-12 13:47:29,809 - INFO - [ledger.py:266] - ✅ 资产审计完成。当前净资产: 1042768458.95, 云端对齐已完成。
2026-03-12 13:47:29,809 - INFO - [engine.py:161] - ================================================================================
2026-03-12 13:47:29,809 - INFO - [engine.py:162] - 【操作审批纪要 (Execution Summary)】
2026-03-12 13:47:29,809 - INFO - [engine.py:164] - 🟢 000547 (航天发展) 建议买入 164600 股 | 预估价: 31.95 | 状态: 待老板确认 | 逻辑: 顺势金叉确认，首次建仓
2026-03-12 13:47:29,809 - INFO - [engine.py:164] - 🟢 600498 (烽火通信) 建议买入 94200 股 | 预估价: 55.81 | 状态: 待老板确认 | 逻辑: 顺势金叉确认，首次建仓
2026-03-12 13:47:29,810 - INFO - [engine.py:164] - 🟢 600703 (三安光电) 建议买入 288300 股 | 预估价: 18.25 | 状态: 待老板确认 | 逻辑: 顺势金叉确认，首次建仓
2026-03-12 13:47:29,810 - INFO - [engine.py:164] - 🟢 601600 (中国铝业) 建议买入 357900 股 | 预估价: 14.70 | 状态: 待老板确认 | 逻辑: 顺势金叉确认，首次建仓
2026-03-12 13:47:29,810 - INFO - [engine.py:164] - 🟢 600938 (中国海油) 建议买入 122100 股 | 预估价: 43.09 | 状态: 待老板确认 | 逻辑: 顺势金叉确认，首次建仓
2026-03-12 13:47:29,810 - INFO - [engine.py:168] - 
【持仓状态确认 (Positions Audit)】
2026-03-12 13:47:29,810 - INFO - [engine.py:170] - 🛡️ 601179 (中国西电) | 持仓 860000 股 | 现价: 18.73 | 浮盈: -2.35%
   └─ 买入日期: 2026-03-11 | 开仓逻辑: 顺势金叉确认，首次建仓
2026-03-12 13:47:29,811 - INFO - [engine.py:170] - 🛡️ 600089 (特变电工) | 持仓 529700 股 | 现价: 30.85 | 浮盈: -0.93%
   └─ 买入日期: 2026-03-11 | 开仓逻辑: 顺势金叉确认，首次建仓
2026-03-12 13:47:29,811 - INFO - [engine.py:170] - 🛡️ 002202 (金风科技) | 持仓 323300 股 | 现价: 31.91 | 浮盈: 6.33%
   └─ 买入日期: 2026-03-11 | 开仓逻辑: 顺势金叉确认，首次建仓
2026-03-12 13:47:29,811 - INFO - [engine.py:170] - 🛡️ 600522 (中天科技) | 持仓 300 股 | 现价: 29.93 | 浮盈: 1.69%
   └─ 买入日期: 历史遗留 | 开仓逻辑: 未知建仓逻辑
2026-03-12 13:47:29,811 - INFO - [engine.py:170] - 🛡️ 601939 (建设银行) | 持仓 200 股 | 现价: 9.11 | 浮盈: 5.68%
   └─ 买入日期: 历史遗留 | 开仓逻辑: 未知建仓逻辑
2026-03-12 13:47:29,812 - INFO - [engine.py:174] - ================================================================================
2026-03-12 13:47:29,812 - INFO - [engine.py:175] - 👀 【交易额最大动态监控池 (优胜劣汰拒绝名单)】
2026-03-12 13:47:29,812 - INFO - [engine.py:186] -    - 🚫 观望 300394 (天孚通信): 未满足缩量回踩或放量突破
2026-03-12 13:47:29,813 - INFO - [engine.py:186] -    - 🚫 观望 000988 (华工科技): 乖离率偏高 (1.47)
2026-03-12 13:47:29,813 - INFO - [engine.py:186] -    - 🚫 观望 300308 (中际旭创): 未形成多头排列
2026-03-12 13:47:29,814 - INFO - [engine.py:186] -    - 🚫 观望 300750 (宁德时代): 未形成多头排列
2026-03-12 13:47:29,815 - INFO - [engine.py:186] -    - 🚫 观望 300502 (新易盛): 未形成多头排列
2026-03-12 13:47:29,815 - INFO - [engine.py:186] -    - 🚫 观望 002261 (拓维信息): 未形成多头排列
2026-03-12 13:47:29,816 - INFO - [engine.py:186] -    - 🚫 观望 600410 (华胜天成): 乖离率偏高 (1.29)
2026-03-12 13:47:29,816 - INFO - [engine.py:186] -    - 🚫 观望 300274 (阳光电源): 未形成多头排列
2026-03-12 13:47:29,816 - INFO - [engine.py:186] -    - 🚫 观望 600487 (亨通光电): 乖离率偏高 (1.36)
2026-03-12 13:47:29,817 - INFO - [engine.py:186] -    - 🚫 观望 601868 (中国能建): 未形成多头排列
2026-03-12 13:47:29,817 - INFO - [engine.py:186] -    - 🚫 观望 002506 (协鑫集成): 乖离率偏高 (1.42)
2026-03-12 13:47:29,817 - INFO - [engine.py:186] -    - 🚫 观望 002384 (东山精密): 未形成多头排列
2026-03-12 13:47:29,818 - INFO - [engine.py:186] -    - 🚫 观望 300017 (网宿科技): 未满足缩量回踩或放量突破
2026-03-12 13:47:29,818 - INFO - [engine.py:186] -    - 🚫 观望 601899 (紫金矿业): 未满足缩量回踩或放量突破
2026-03-12 13:47:29,818 - INFO - [engine.py:186] -    - 🚫 观望 002281 (光迅科技): 乖离率偏高 (1.30)
2026-03-12 13:47:29,819 - INFO - [engine.py:186] -    - 🚫 观望 300476 (胜宏科技): 未形成多头排列
2026-03-12 13:47:29,819 - INFO - [engine.py:186] -    - 🚫 观望 002475 (立讯精密): 未形成多头排列
2026-03-12 13:47:29,820 - INFO - [engine.py:186] -    - 🚫 观望 600989 (宝丰能源): 乖离率偏高 (1.40)
2026-03-12 13:47:29,820 - INFO - [engine.py:186] -    - 🚫 观望 600759 (洲际油气): 乖离率偏高 (1.35)
2026-03-12 13:47:29,820 - INFO - [engine.py:186] -    - 🚫 观望 002594 (比亚迪): 未形成多头排列
2026-03-12 13:47:29,821 - INFO - [engine.py:186] -    - 🚫 观望 300014 (亿纬锂能): 未形成多头排列
2026-03-12 13:47:29,821 - INFO - [engine.py:186] -    - 🚫 观望 002015 (协鑫能科): 乖离率偏高 (1.68)
2026-03-12 13:47:29,821 - INFO - [engine.py:186] -    - 🚫 观望 300475 (香农芯创): 未形成多头排列
2026-03-12 13:47:29,822 - INFO - [engine.py:186] -    - 🚫 观望 600875 (东方电气): 乖离率偏高 (1.30)
2026-03-12 13:47:29,822 - INFO - [engine.py:186] -    - 🚫 观望 601857 (中国石油): 未形成多头排列
2026-03-12 13:47:29,823 - INFO - [engine.py:186] -    - 🚫 观望 601138 (工业富联): 未形成多头排列
2026-03-12 13:47:29,823 - INFO - [engine.py:186] -    - 🚫 观望 002195 (岩山科技): 未满足缩量回踩或放量突破
2026-03-12 13:47:29,823 - INFO - [engine.py:186] -    - 🚫 观望 601669 (中国电建): 未形成多头排列
2026-03-12 14:41:07,504 - INFO - [config.py:47] - --------------------------------------------------------------------------------
2026-03-12 14:41:07,504 - INFO - [config.py:48] - ⚙️ 【策略参数装载与核对】 -> 依据: trials_20260311_165301.csv
2026-03-12 14:41:07,506 - INFO - [config.py:50] -    - 注入动态寻优参数 : bias_entry_limit: 1.25, ma_long: 70, ma_mid: 38, ma_short: 8, partial_exit_min_profit: 0.15, partial_exit_pct: 0.3, profit_tier1: 0.15, stop_loss_pct: 0.08, trailing_stop_pct: 0.34, trailing_tier1: 0.1, unit_size: 0.2
2026-03-12 14:41:07,506 - INFO - [config.py:51] - --------------------------------------------------------------------------------
2026-03-12 14:41:07,545 - INFO - [cloudakpd.py:36] - ============================================================
2026-03-12 14:41:07,545 - INFO - [cloudakpd.py:37] - 📊 [DataCenter] 数据内核启动审计...
2026-03-12 14:41:07,545 - INFO - [cloudakpd.py:38] -    ▫️ 存储模式 : ☁️  云端 (PostgreSQL)
2026-03-12 14:41:07,546 - INFO - [cloudakpd.py:39] -    ▫️ 连接节点 : ep-noisy-dust-a1zv7w56-pooler.ap-southeast-1.aws.neon.tech/neondb
2026-03-12 14:41:10,751 - INFO - [cloudakpd.py:85] - 📂 字段审计完成，当前支持: trade_date, volume, updated_at, turnover_rate, high, is_closed, name, amount, symbol, open, low, latest_price
2026-03-12 14:41:10,751 - INFO - [cloudakpd.py:42] - ============================================================
2026-03-12 14:41:12,121 - INFO - [cloudakpd.py:204] - ---------------------------------------------
2026-03-12 14:41:12,121 - INFO - [cloudakpd.py:205] - 🔍 [审计] 读取成功: 2026-03-12
2026-03-12 14:41:12,122 - INFO - [cloudakpd.py:206] -    ▫️ 标的总数 : 5488 条
2026-03-12 14:41:12,122 - INFO - [cloudakpd.py:207] -    ▫️ 资金状态 : 盘中实时
2026-03-12 14:41:12,123 - INFO - [cloudakpd.py:208] -    ▫️ 存入时间 : 2026-03-12 13:44:07.519163
2026-03-12 14:41:12,127 - INFO - [cloudakpd.py:210] - 
symbol name  open  latest_price  high   low    volume      amount trade_date
920000 安徽凤凰 18.00         17.85 18.00 17.77  310563.0   5546403.0 2026-03-12
920001 纬达光电 19.36         20.46 21.98 19.31 9062570.0 188019606.0 2026-03-12
920002 万达轴承 92.91         93.05 93.77 90.90  518092.0  47666081.0 2026-03-12
2026-03-12 14:41:12,127 - INFO - [cloudakpd.py:211] - ---------------------------------------------
2026-03-12 14:41:12,128 - INFO - [universe.py:40] - ✅ [UniverseManager] 云端全量快照加载成功，当前监控 5488 只标的。
2026-03-12 14:41:12,128 - INFO - [engine.py:24] - ================================================================================
2026-03-12 14:41:12,129 - INFO - [engine.py:25] -  🚀 启动量化交易实盘中心 (2026-03-12 14:41)
2026-03-12 14:41:12,129 - INFO - [engine.py:26] -    - 📒 人工比对账本 : D:\git\LongTrading\data\live_broker_account.json
2026-03-12 14:41:12,129 - INFO - [engine.py:27] -    - 💸 审计交易流水 : D:\git\LongTrading\data\live_trade_ledger.csv
2026-03-12 14:41:12,129 - INFO - [engine.py:28] - ================================================================================
2026-03-12 14:41:12,134 - WARNING - [ledger.py:64] - 🚨 【对账异常】 600938 系统应有 122100 与 真实持有 0不一致。系统已强制以人工为准重新校准！
2026-03-12 14:41:12,135 - WARNING - [ledger.py:64] - 🚨 【对账异常】 601600 系统应有 357900 与 真实持有 0不一致。系统已强制以人工为准重新校准！
2026-03-12 14:41:12,135 - WARNING - [ledger.py:64] - 🚨 【对账异常】 000547 系统应有 164600 与 真实持有 0不一致。系统已强制以人工为准重新校准！
2026-03-12 14:41:12,135 - WARNING - [ledger.py:64] - 🚨 【对账异常】 600498 系统应有 94200 与 真实持有 0不一致。系统已强制以人工为准重新校准！
2026-03-12 14:41:12,136 - WARNING - [ledger.py:64] - 🚨 【对账异常】 600703 系统应有 288300 与 真实持有 0不一致。系统已强制以人工为准重新校准！
2026-03-12 14:41:12,136 - INFO - [engine.py:36] - 📡 正在全盘扫描历史数据与近期快照，构建动态监控池...
2026-03-12 14:41:12,137 - INFO - [universe.py:145] - 📊 正在通过云端 SQL 审计近 20 个交易日的热点标的...
2026-03-12 14:41:12,610 - INFO - [universe.py:192] - ✅ [UniverseManager] 动态股票池已对齐云端，当前池规模: 38
2026-03-12 14:41:12,610 - INFO - [engine.py:38] - 🏦 会计部接管完毕: 可用现金 【1,000,000,000.00 元】，真实持仓 【5 只】，雷达标的 【38 只】。
2026-03-12 14:41:12,610 - INFO - [engine.py:39] - 🎯 监控池构建完毕: 汇聚近 20 日霸榜标的，实盘监控总数: 【38 只】。
2026-03-12 14:41:12,612 - INFO - [engine.py:67] - --------------------------------------------------------------------------------
2026-03-12 14:41:12,612 - INFO - [engine.py:68] - 【盘前资产风控评估 (Pre-Trade NAV Dashboard)】
2026-03-12 14:41:12,613 - INFO - [engine.py:69] -    - 可用现金 (Available Cash) : 1,000,000,000.00
2026-03-12 14:41:12,613 - INFO - [engine.py:70] -    - 持仓成本 (Total Cost)     : 42,702,445.20
2026-03-12 14:41:12,613 - INFO - [engine.py:71] -    - 持仓市值 (Market Value)   : 42,776,349.00
2026-03-12 14:41:12,613 - INFO - [engine.py:72] -    - 净 资 产 (Total Equity)   : 1,042,776,349.00
2026-03-12 14:41:12,613 - INFO - [engine.py:73] -    - 账面浮盈 (Floating PnL)   : 73,903.80 (0.17%)
2026-03-12 14:41:12,614 - INFO - [engine.py:74] - --------------------------------------------------------------------------------
2026-03-12 14:41:13,803 - DEBUG - [akshare_pd.py:78] - 👉 数据列名检查: ['date', 'open', 'high', 'low', 'close', 'volume', 'amount', 'outstanding_share', 'turnover']
2026-03-12 14:41:13,806 - INFO - [engine.py:99] - ⚡ [601179 中国西电] 盘中数据注入成功！(跳动现价: 18.73)
2026-03-12 14:41:13,808 - DEBUG - [engine.py:104] - 
📊 [601179 中国西电] 最新 3 行切片检查:
             open   high    low  close       volume        amount  turnover                 updated_at
date                                                                                                  
2026-03-10  20.00  20.65  19.58  19.99  442844017.0  8.876727e+09  0.086394 2026-03-12 14:41:13.803518
2026-03-11  20.01  20.10  18.72  19.15  538764514.0  1.039706e+10  0.105107 2026-03-12 14:41:13.803518
2026-03-12  18.80  19.34  18.33  18.73  316787096.0           NaN  0.000000                        NaT

2026-03-12 14:41:14,737 - DEBUG - [akshare_pd.py:78] - 👉 数据列名检查: ['date', 'open', 'high', 'low', 'close', 'volume', 'amount', 'outstanding_share', 'turnover']
2026-03-12 14:41:14,740 - INFO - [engine.py:99] - ⚡ [600089 特变电工] 盘中数据注入成功！(跳动现价: 30.85)
2026-03-12 14:41:14,742 - DEBUG - [engine.py:104] - 
📊 [600089 特变电工] 最新 3 行切片检查:
             open   high    low  close       volume        amount  turnover                 updated_at
date                                                                                                  
2026-03-10  32.69  32.74  31.65  31.86  353286075.0  1.132871e+10  0.069919 2026-03-12 14:41:14.738430
2026-03-11  31.87  31.90  30.90  31.04  310469652.0  9.699245e+09  0.061445 2026-03-12 14:41:14.738430
2026-03-12  31.04  31.26  30.38  30.85  171462558.0           NaN  0.000000                        NaT

2026-03-12 14:41:15,610 - DEBUG - [akshare_pd.py:78] - 👉 数据列名检查: ['date', 'open', 'high', 'low', 'close', 'volume', 'amount', 'outstanding_share', 'turnover']
2026-03-12 14:41:15,613 - INFO - [engine.py:99] - ⚡ [002202 金风科技] 盘中数据注入成功！(跳动现价: 31.91)
2026-03-12 14:41:15,615 - DEBUG - [engine.py:104] - 
📊 [002202 金风科技] 最新 3 行切片检查:
             open  high    low  close       volume        amount  turnover                 updated_at
date                                                                                                 
2026-03-10  28.59  29.2  28.23  28.48  201005873.0  5.763493e+09  0.059761 2026-03-12 14:41:15.610720
2026-03-11  28.51  31.0  27.82  30.24  434392923.0  1.278988e+10  0.129149 2026-03-12 14:41:15.610720
2026-03-12  29.94  33.0  29.15  31.91  389611692.0           NaN  0.000000                        NaT

2026-03-12 14:41:16,595 - DEBUG - [akshare_pd.py:78] - 👉 数据列名检查: ['date', 'open', 'high', 'low', 'close', 'volume', 'amount', 'outstanding_share', 'turnover']
2026-03-12 14:41:16,598 - INFO - [engine.py:99] - ⚡ [600522 中天科技] 盘中数据注入成功！(跳动现价: 29.93)
2026-03-12 14:41:16,600 - DEBUG - [engine.py:104] - 
📊 [600522 中天科技] 最新 3 行切片检查:
             open   high    low  close       volume        amount  turnover                 updated_at
date                                                                                                  
2026-03-10  27.55  29.18  27.41  28.90  168544463.0  4.798302e+09  0.049384 2026-03-12 14:41:16.595001
2026-03-11  29.82  31.66  29.79  30.01  244824364.0  7.470581e+09  0.071734 2026-03-12 14:41:16.595001
2026-03-12  29.60  31.38  29.50  29.93  126210120.0           NaN  0.000000                        NaT

2026-03-12 14:41:17,513 - DEBUG - [akshare_pd.py:78] - 👉 数据列名检查: ['date', 'open', 'high', 'low', 'close', 'volume', 'amount', 'outstanding_share', 'turnover']
2026-03-12 14:41:17,517 - INFO - [engine.py:99] - ⚡ [601939 建设银行] 盘中数据注入成功！(跳动现价: 9.11)
2026-03-12 14:41:17,518 - DEBUG - [engine.py:104] - 
📊 [601939 建设银行] 最新 3 行切片检查:
            open  high   low  close      volume       amount  turnover                 updated_at
date                                                                                             
2026-03-10  9.01  9.04  8.93   8.94  83402353.0  747712625.0  0.008693 2026-03-12 14:41:17.513975
2026-03-11  8.94  9.05  8.89   9.05  86050618.0  773504210.0  0.008970 2026-03-12 14:41:17.513975
2026-03-12  9.04  9.12  9.00   9.11  62158892.0          NaN  0.000000                        NaT

2026-03-12 14:41:18,322 - DEBUG - [akshare_pd.py:78] - 👉 数据列名检查: ['date', 'open', 'high', 'low', 'close', 'volume', 'amount', 'outstanding_share', 'turnover']
2026-03-12 14:41:18,325 - INFO - [engine.py:99] - ⚡ [300394 天孚通信] 盘中数据注入成功！(跳动现价: 317.7)
2026-03-12 14:41:18,327 - DEBUG - [engine.py:104] - 
📊 [300394 天孚通信] 最新 3 行切片检查:
              open    high     low   close      volume        amount  turnover                 updated_at
date                                                                                                     
2026-03-10  329.00  341.88  325.01  340.48  38050810.0  1.274569e+10  0.049044 2026-03-12 14:41:18.323367
2026-03-11  342.69  344.44  329.30  331.00  26757383.0  8.972870e+09  0.034488 2026-03-12 14:41:18.323367
2026-03-12  331.00  333.47  314.61  317.70  20822999.0           NaN  0.000000                        NaT

2026-03-12 14:41:19,365 - DEBUG - [akshare_pd.py:78] - 👉 数据列名检查: ['date', 'open', 'high', 'low', 'close', 'volume', 'amount', 'outstanding_share', 'turnover']
2026-03-12 14:41:19,368 - INFO - [engine.py:99] - ⚡ [000988 华工科技] 盘中数据注入成功！(跳动现价: 128.12)
2026-03-12 14:41:19,369 - DEBUG - [engine.py:104] - 
📊 [000988 华工科技] 最新 3 行切片检查:
              open    high     low   close       volume        amount  turnover                 updated_at
date                                                                                                      
2026-03-10  119.49  124.00  116.55  123.51  113779973.0  1.363733e+10  0.113216 2026-03-12 14:41:19.365882
2026-03-11  122.99  135.69  122.90  134.88  125882525.0  1.641234e+10  0.125258 2026-03-12 14:41:19.365882
2026-03-12  133.74  141.41  123.50  128.12  165844036.0           NaN  0.000000                        NaT

2026-03-12 14:41:20,440 - DEBUG - [akshare_pd.py:78] - 👉 数据列名检查: ['date', 'open', 'high', 'low', 'close', 'volume', 'amount', 'outstanding_share', 'turnover']
2026-03-12 14:41:20,444 - INFO - [engine.py:99] - ⚡ [000547 航天发展] 盘中数据注入成功！(跳动现价: 31.95)
2026-03-12 14:41:20,446 - DEBUG - [engine.py:104] - 
📊 [000547 航天发展] 最新 3 行切片检查:
             open   high    low  close       volume        amount  turnover                 updated_at
date                                                                                                  
2026-03-10  32.51  34.30  32.12  33.66  364988789.0  1.220221e+10  0.229680 2026-03-12 14:41:20.441967
2026-03-11  34.00  34.00  32.80  33.31  297030040.0  9.915401e+09  0.186915 2026-03-12 14:41:20.441967
2026-03-12  33.00  33.31  31.09  31.95  194079415.0           NaN  0.000000                        NaT

2026-03-12 14:41:21,281 - DEBUG - [akshare_pd.py:78] - 👉 数据列名检查: ['date', 'open', 'high', 'low', 'close', 'volume', 'amount', 'outstanding_share', 'turnover']
2026-03-12 14:41:21,284 - INFO - [engine.py:99] - ⚡ [300308 中际旭创] 盘中数据注入成功！(跳动现价: 531.51)
2026-03-12 14:41:21,285 - DEBUG - [engine.py:104] - 
📊 [300308 中际旭创] 最新 3 行切片检查:
              open    high     low   close      volume        amount  turnover                 updated_at
date                                                                                                     
2026-03-10  540.00  548.98  530.02  547.00  28309414.0  1.534895e+10  0.025608 2026-03-12 14:41:21.281955
2026-03-11  557.00  568.90  553.00  554.68  23897170.0  1.341204e+10  0.021617 2026-03-12 14:41:21.281955
2026-03-12  557.25  563.58  528.50  531.51  18479319.0           NaN  0.000000                        NaT

2026-03-12 14:41:22,139 - DEBUG - [akshare_pd.py:78] - 👉 数据列名检查: ['date', 'open', 'high', 'low', 'close', 'volume', 'amount', 'outstanding_share', 'turnover']
2026-03-12 14:41:22,142 - INFO - [engine.py:99] - ⚡ [300750 宁德时代] 盘中数据注入成功！(跳动现价: 395.62)
2026-03-12 14:41:22,144 - DEBUG - [engine.py:104] - 
📊 [300750 宁德时代] 最新 3 行切片检查:
              open    high     low   close      volume        amount  turnover                 updated_at
date                                                                                                     
2026-03-10  375.00  379.77  366.50  376.30  50741728.0  1.904908e+10  0.011921 2026-03-12 14:41:22.140497
2026-03-11  379.58  403.55  378.98  396.80  57598685.0  2.264270e+10  0.013531 2026-03-12 14:41:22.140497
2026-03-12  400.00  400.90  392.70  395.62  22357715.0           NaN  0.000000                        NaT

2026-03-12 14:41:23,011 - DEBUG - [akshare_pd.py:78] - 👉 数据列名检查: ['date', 'open', 'high', 'low', 'close', 'volume', 'amount', 'outstanding_share', 'turnover']
2026-03-12 14:41:23,014 - INFO - [engine.py:99] - ⚡ [300502 新易盛] 盘中数据注入成功！(跳动现价: 378.14)
2026-03-12 14:41:23,015 - DEBUG - [engine.py:104] - 
📊 [300502 新易盛] 最新 3 行切片检查:
              open    high     low   close      volume        amount  turnover                 updated_at
date                                                                                                     
2026-03-10  394.75  401.00  382.59  397.33  42488136.0  1.669605e+10  0.047986 2026-03-12 14:41:23.011981
2026-03-11  400.01  408.00  392.20  393.23  33838170.0  1.350834e+10  0.038217 2026-03-12 14:41:23.011981
2026-03-12  400.01  404.85  375.67  378.14  27925595.0           NaN  0.000000                        NaT

2026-03-12 14:41:24,046 - DEBUG - [akshare_pd.py:78] - 👉 数据列名检查: ['date', 'open', 'high', 'low', 'close', 'volume', 'amount', 'outstanding_share', 'turnover']
2026-03-12 14:41:24,049 - INFO - [engine.py:99] - ⚡ [002261 拓维信息] 盘中数据注入成功！(跳动现价: 39.88)
2026-03-12 14:41:24,051 - DEBUG - [engine.py:104] - 
📊 [002261 拓维信息] 最新 3 行切片检查:
             open   high    low  close       volume        amount  turnover                 updated_at
date                                                                                                  
2026-03-10  42.15  44.06  40.72  41.76  313689541.0  1.320427e+10  0.273809 2026-03-12 14:41:24.046743
2026-03-11  41.51  43.89  41.03  41.08  272790380.0  1.151191e+10  0.238109 2026-03-12 14:41:24.046743
2026-03-12  40.82  42.50  39.39  39.88  184081636.0           NaN  0.000000                        NaT

2026-03-12 14:41:24,924 - DEBUG - [akshare_pd.py:78] - 👉 数据列名检查: ['date', 'open', 'high', 'low', 'close', 'volume', 'amount', 'outstanding_share', 'turnover']
2026-03-12 14:41:24,928 - INFO - [engine.py:99] - ⚡ [600410 华胜天成] 盘中数据注入成功！(跳动现价: 30.98)
2026-03-12 14:41:24,930 - DEBUG - [engine.py:104] - 
📊 [600410 华胜天成] 最新 3 行切片检查:
             open   high    low  close       volume        amount  turnover                 updated_at
date                                                                                                  
2026-03-10  30.51  32.57  29.68  31.83  370505276.0  1.156331e+10  0.337900 2026-03-12 14:41:24.925709
2026-03-11  31.20  34.31  31.19  32.68  413292958.0  1.370430e+10  0.376922 2026-03-12 14:41:24.925709
2026-03-12  32.45  33.50  30.59  30.98  279425500.0           NaN  0.000000                        NaT

2026-03-12 14:41:26,143 - DEBUG - [akshare_pd.py:78] - 👉 数据列名检查: ['date', 'open', 'high', 'low', 'close', 'volume', 'amount', 'outstanding_share', 'turnover']
2026-03-12 14:41:26,145 - INFO - [engine.py:99] - ⚡ [300274 阳光电源] 盘中数据注入成功！(跳动现价: 172.05)
2026-03-12 14:41:26,148 - DEBUG - [engine.py:104] - 
📊 [300274 阳光电源] 最新 3 行切片检查:
              open    high     low   close       volume        amount  turnover                 updated_at
date                                                                                                      
2026-03-10  157.99  158.69  153.20  156.10   59341753.0  9.259444e+09  0.037329 2026-03-12 14:41:26.143935
2026-03-11  156.42  175.66  156.39  170.92  144572766.0  2.431173e+10  0.090943 2026-03-12 14:41:26.143935
2026-03-12  171.54  173.77  168.40  172.05   79988128.0           NaN  0.000000                        NaT

2026-03-12 14:41:27,009 - DEBUG - [akshare_pd.py:78] - 👉 数据列名检查: ['date', 'open', 'high', 'low', 'close', 'volume', 'amount', 'outstanding_share', 'turnover']
2026-03-12 14:41:27,013 - INFO - [engine.py:99] - ⚡ [600487 亨通光电] 盘中数据注入成功！(跳动现价: 51.08)
2026-03-12 14:41:27,015 - DEBUG - [engine.py:104] - 
📊 [600487 亨通光电] 最新 3 行切片检查:
             open  high    low  close       volume        amount  turnover                 updated_at
date                                                                                                 
2026-03-10  46.72  50.2  46.72  49.99  153667766.0  7.447927e+09  0.062845 2026-03-12 14:41:27.010218
2026-03-11  51.00  54.3  50.63  50.80  168100591.0  8.775464e+09  0.068748 2026-03-12 14:41:27.010218
2026-03-12  49.90  54.3  49.90  51.08  127894407.0           NaN  0.000000                        NaT

2026-03-12 14:41:27,957 - DEBUG - [akshare_pd.py:78] - 👉 数据列名检查: ['date', 'open', 'high', 'low', 'close', 'volume', 'amount', 'outstanding_share', 'turnover']
2026-03-12 14:41:27,959 - INFO - [engine.py:99] - ⚡ [601868 中国能建] 盘中数据注入成功！(跳动现价: 3.8)
2026-03-12 14:41:27,960 - DEBUG - [engine.py:104] - 
📊 [601868 中国能建] 最新 3 行切片检查:
            open  high   low  close        volume        amount  turnover                 updated_at
date                                                                                                
2026-03-10  2.98  3.23  2.87   3.14  3.231616e+09  9.989403e+09  0.099653 2026-03-12 14:41:27.957804
2026-03-11  3.15  3.45  3.09   3.45  1.892516e+09  6.294151e+09  0.058359 2026-03-12 14:41:27.957804
2026-03-12  3.52  3.80  3.50   3.80  4.054311e+09           NaN  0.000000                        NaT

2026-03-12 14:41:28,852 - DEBUG - [akshare_pd.py:78] - 👉 数据列名检查: ['date', 'open', 'high', 'low', 'close', 'volume', 'amount', 'outstanding_share', 'turnover']
2026-03-12 14:41:28,856 - INFO - [engine.py:99] - ⚡ [002506 协鑫集成] 盘中数据注入成功！(跳动现价: 5.97)
2026-03-12 14:41:28,858 - DEBUG - [engine.py:104] - 
📊 [002506 协鑫集成] 最新 3 行切片检查:
            open  high  low  close        volume        amount  turnover                 updated_at
date                                                                                               
2026-03-10  5.78  6.19  5.6   6.07  1.416593e+09  8.373467e+09  0.242383 2026-03-12 14:41:28.853101
2026-03-11  6.00  6.36  5.8   5.96  1.563213e+09  9.493189e+09  0.267471 2026-03-12 14:41:28.853101
2026-03-12  5.80  6.06  5.7   5.97  9.160275e+08           NaN  0.000000                        NaT

2026-03-12 14:41:29,793 - DEBUG - [akshare_pd.py:78] - 👉 数据列名检查: ['date', 'open', 'high', 'low', 'close', 'volume', 'amount', 'outstanding_share', 'turnover']
2026-03-12 14:41:29,796 - INFO - [engine.py:99] - ⚡ [002384 东山精密] 盘中数据注入成功！(跳动现价: 103.1)
2026-03-12 14:41:29,797 - DEBUG - [engine.py:104] - 
📊 [002384 东山精密] 最新 3 行切片检查:
              open    high     low   close      volume        amount  turnover                 updated_at
date                                                                                                     
2026-03-10  102.00  108.06  101.20  108.06  91333198.0  9.599794e+09  0.065882 2026-03-12 14:41:29.794421
2026-03-11  109.33  111.65  103.71  104.80  91369094.0  9.735043e+09  0.065908 2026-03-12 14:41:29.794421
2026-03-12  106.09  107.49  101.20  103.10  48105277.0           NaN  0.000000                        NaT

2026-03-12 14:41:30,721 - DEBUG - [akshare_pd.py:78] - 👉 数据列名检查: ['date', 'open', 'high', 'low', 'close', 'volume', 'amount', 'outstanding_share', 'turnover']
2026-03-12 14:41:30,723 - INFO - [engine.py:99] - ⚡ [300017 网宿科技] 盘中数据注入成功！(跳动现价: 19.16)
2026-03-12 14:41:30,726 - DEBUG - [engine.py:104] - 
📊 [300017 网宿科技] 最新 3 行切片检查:
             open   high    low  close       volume        amount  turnover                 updated_at
date                                                                                                  
2026-03-10  20.65  21.48  19.40  20.39  568261968.0  1.155532e+10  0.246513 2026-03-12 14:41:30.721599
2026-03-11  20.20  20.38  19.36  19.38  384801124.0  7.598068e+09  0.166927 2026-03-12 14:41:30.721599
2026-03-12  19.28  20.50  19.01  19.16  337081818.0           NaN  0.000000                        NaT

2026-03-12 14:41:31,678 - DEBUG - [akshare_pd.py:78] - 👉 数据列名检查: ['date', 'open', 'high', 'low', 'close', 'volume', 'amount', 'outstanding_share', 'turnover']
2026-03-12 14:41:31,681 - INFO - [engine.py:99] - ⚡ [600498 烽火通信] 盘中数据注入成功！(跳动现价: 55.81)
2026-03-12 14:41:31,683 - DEBUG - [engine.py:104] - 
📊 [600498 烽火通信] 最新 3 行切片检查:
             open   high    low  close       volume        amount  turnover                 updated_at
date                                                                                                  
2026-03-10  53.00  57.20  52.71  57.20  144011656.0  8.010268e+09  0.113250 2026-03-12 14:41:31.678400
2026-03-11  58.60  61.78  56.66  57.03  183744064.0  1.086759e+10  0.144496 2026-03-12 14:41:31.678400
2026-03-12  57.02  59.59  55.00  55.81   85915579.0           NaN  0.000000                        NaT

2026-03-12 14:41:32,602 - DEBUG - [akshare_pd.py:78] - 👉 数据列名检查: ['date', 'open', 'high', 'low', 'close', 'volume', 'amount', 'outstanding_share', 'turnover']
2026-03-12 14:41:32,605 - INFO - [engine.py:99] - ⚡ [601899 紫金矿业] 盘中数据注入成功！(跳动现价: 36.56)
2026-03-12 14:41:32,606 - DEBUG - [engine.py:104] - 
📊 [601899 紫金矿业] 最新 3 行切片检查:
             open   high    low  close       volume        amount  turnover                 updated_at
date                                                                                                  
2026-03-10  36.98  37.54  36.80  37.13  201312398.0  7.475372e+09  0.009772 2026-03-12 14:41:32.602906
2026-03-11  37.50  37.64  37.04  37.24  148131269.0  5.525147e+09  0.007191 2026-03-12 14:41:32.602906
2026-03-12  36.79  37.16  36.35  36.56  146549536.0           NaN  0.000000                        NaT

2026-03-12 14:41:33,924 - DEBUG - [akshare_pd.py:78] - 👉 数据列名检查: ['date', 'open', 'high', 'low', 'close', 'volume', 'amount', 'outstanding_share', 'turnover']
2026-03-12 14:41:33,927 - INFO - [engine.py:99] - ⚡ [600703 三安光电] 盘中数据注入成功！(跳动现价: 18.25)
2026-03-12 14:41:33,929 - DEBUG - [engine.py:104] - 
📊 [600703 三安光电] 最新 3 行切片检查:
             open   high    low  close       volume        amount  turnover                 updated_at
date                                                                                                  
2026-03-10  16.50  16.50  15.90  16.11  190315789.0  3.072166e+09  0.038147 2026-03-12 14:41:33.924717
2026-03-11  16.15  17.42  16.05  17.04  327210971.0  5.518783e+09  0.065586 2026-03-12 14:41:33.924717
2026-03-12  17.05  18.74  17.00  18.25  370094553.0           NaN  0.000000                        NaT

2026-03-12 14:41:34,790 - DEBUG - [akshare_pd.py:78] - 👉 数据列名检查: ['date', 'open', 'high', 'low', 'close', 'volume', 'amount', 'outstanding_share', 'turnover']
2026-03-12 14:41:34,792 - INFO - [engine.py:99] - ⚡ [002281 光迅科技] 盘中数据注入成功！(跳动现价: 96.96)
2026-03-12 14:41:34,795 - DEBUG - [engine.py:104] - 
📊 [002281 光迅科技] 最新 3 行切片检查:
             open    high    low  close       volume        amount  turnover                 updated_at
date                                                                                                   
2026-03-10  78.99   86.16  78.99  86.16   55409530.0  4.557438e+09  0.071085 2026-03-12 14:41:34.790957
2026-03-11  90.68   93.08  89.00  91.49  102547496.0  9.369670e+09  0.131559 2026-03-12 14:41:34.790957
2026-03-12  91.54  100.64  91.54  96.96   94974060.0           NaN  0.000000                        NaT

2026-03-12 14:41:35,810 - DEBUG - [akshare_pd.py:78] - 👉 数据列名检查: ['date', 'open', 'high', 'low', 'close', 'volume', 'amount', 'outstanding_share', 'turnover']
2026-03-12 14:41:35,813 - INFO - [engine.py:99] - ⚡ [300476 胜宏科技] 盘中数据注入成功！(跳动现价: 276.2)
2026-03-12 14:41:35,814 - DEBUG - [engine.py:104] - 
📊 [300476 胜宏科技] 最新 3 行切片检查:
              open    high    low  close      volume        amount  turnover                 updated_at
date                                                                                                   
2026-03-10  278.00  289.99  276.5  289.0  39657754.0  1.130852e+10  0.046276 2026-03-12 14:41:35.810989
2026-03-11  288.99  290.55  283.8  284.8  26223427.0  7.503241e+09  0.030600 2026-03-12 14:41:35.810989
2026-03-12  282.99  285.80  273.4  276.2  21672268.0           NaN  0.000000                        NaT

2026-03-12 14:41:36,702 - DEBUG - [akshare_pd.py:78] - 👉 数据列名检查: ['date', 'open', 'high', 'low', 'close', 'volume', 'amount', 'outstanding_share', 'turnover']
2026-03-12 14:41:36,705 - INFO - [engine.py:99] - ⚡ [002475 立讯精密] 盘中数据注入成功！(跳动现价: 49.46)
2026-03-12 14:41:36,706 - DEBUG - [engine.py:104] - 
📊 [002475 立讯精密] 最新 3 行切片检查:
             open   high    low  close       volume        amount  turnover                 updated_at
date                                                                                                  
2026-03-10  47.20  49.70  47.20  49.39  181409372.0  8.875108e+09  0.024956 2026-03-12 14:41:36.702350
2026-03-11  49.45  50.88  49.28  50.17  168648425.0  8.476554e+09  0.023200 2026-03-12 14:41:36.702350
2026-03-12  49.90  50.43  49.37  49.46   67903092.0           NaN  0.000000                        NaT

2026-03-12 14:41:37,691 - DEBUG - [akshare_pd.py:78] - 👉 数据列名检查: ['date', 'open', 'high', 'low', 'close', 'volume', 'amount', 'outstanding_share', 'turnover']
2026-03-12 14:41:37,694 - INFO - [engine.py:99] - ⚡ [600989 宝丰能源] 盘中数据注入成功！(跳动现价: 33.72)
2026-03-12 14:41:37,697 - DEBUG - [engine.py:104] - 
📊 [600989 宝丰能源] 最新 3 行切片检查:
             open   high    low  close       volume        amount  turnover                 updated_at
date                                                                                                  
2026-03-10  27.58  29.88  27.58  28.95  246527995.0  7.083563e+09  0.033617 2026-03-12 14:41:37.692028
2026-03-11  28.35  31.85  28.35  31.85  219548593.0  6.627817e+09  0.029938 2026-03-12 14:41:37.692028
2026-03-12  33.30  34.60  32.20  33.72  216816771.0           NaN  0.000000                        NaT

2026-03-12 14:41:38,617 - DEBUG - [akshare_pd.py:78] - 👉 数据列名检查: ['date', 'open', 'high', 'low', 'close', 'volume', 'amount', 'outstanding_share', 'turnover']
2026-03-12 14:41:38,621 - INFO - [engine.py:99] - ⚡ [600759 洲际油气] 盘中数据注入成功！(跳动现价: 7.4)
2026-03-12 14:41:38,624 - DEBUG - [engine.py:104] - 
📊 [600759 洲际油气] 最新 3 行切片检查:
            open  high   low  close       volume        amount  turnover                 updated_at
date                                                                                               
2026-03-10  7.49  7.75  7.49   7.49  720039561.0  5.425945e+09  0.173768 2026-03-12 14:41:38.618483
2026-03-11  7.10  7.72  6.91   7.56  831634860.0  6.136074e+09  0.200699 2026-03-12 14:41:38.618483
2026-03-12  7.80  7.80  7.30   7.40  579386560.0           NaN  0.000000                        NaT

2026-03-12 14:41:39,683 - DEBUG - [akshare_pd.py:78] - 👉 数据列名检查: ['date', 'open', 'high', 'low', 'close', 'volume', 'amount', 'outstanding_share', 'turnover']
2026-03-12 14:41:39,686 - INFO - [engine.py:99] - ⚡ [002594 比亚迪] 盘中数据注入成功！(跳动现价: 99.2)
2026-03-12 14:41:39,688 - DEBUG - [engine.py:104] - 
📊 [002594 比亚迪] 最新 3 行切片检查:
             open    high    low  close      volume        amount  turnover                 updated_at
date                                                                                                  
2026-03-10  97.18   97.49  96.08  96.60  50746243.0  4.907397e+09  0.014552 2026-03-12 14:41:39.684430
2026-03-11  96.75  100.34  95.67  99.22  90374375.0  8.925094e+09  0.025916 2026-03-12 14:41:39.684430
2026-03-12  99.23  100.69  98.70  99.20  41331957.0           NaN  0.000000                        NaT

2026-03-12 14:41:40,610 - DEBUG - [akshare_pd.py:78] - 👉 数据列名检查: ['date', 'open', 'high', 'low', 'close', 'volume', 'amount', 'outstanding_share', 'turnover']
2026-03-12 14:41:40,612 - INFO - [engine.py:99] - ⚡ [300014 亿纬锂能] 盘中数据注入成功！(跳动现价: 68.76)
2026-03-12 14:41:40,614 - DEBUG - [engine.py:104] - 
📊 [300014 亿纬锂能] 最新 3 行切片检查:
             open   high    low  close       volume        amount  turnover                 updated_at
date                                                                                                  
2026-03-10  62.71  63.85  62.50  62.98   40868830.0  2.583041e+09  0.020436 2026-03-12 14:41:40.610646
2026-03-11  62.76  69.67  62.70  67.97  125431380.0  8.429228e+09  0.062722 2026-03-12 14:41:40.610646
2026-03-12  68.57  69.18  67.31  68.76   63465640.0           NaN  0.000000                        NaT

2026-03-12 14:41:41,541 - DEBUG - [akshare_pd.py:78] - 👉 数据列名检查: ['date', 'open', 'high', 'low', 'close', 'volume', 'amount', 'outstanding_share', 'turnover']
2026-03-12 14:41:41,545 - INFO - [engine.py:99] - ⚡ [601600 中国铝业] 盘中数据注入成功！(跳动现价: 14.7)
2026-03-12 14:41:41,546 - DEBUG - [engine.py:104] - 
📊 [601600 中国铝业] 最新 3 行切片检查:
             open   high    low  close       volume        amount  turnover                 updated_at
date                                                                                                  
2026-03-10  13.57  13.82  13.51  13.70  268983915.0  3.676298e+09  0.020419 2026-03-12 14:41:41.541686
2026-03-11  13.76  14.06  13.68  13.96  276323190.0  3.825460e+09  0.020976 2026-03-12 14:41:41.541686
2026-03-12  14.20  14.90  14.03  14.70  422895846.0           NaN  0.000000                        NaT

2026-03-12 14:41:42,544 - DEBUG - [akshare_pd.py:78] - 👉 数据列名检查: ['date', 'open', 'high', 'low', 'close', 'volume', 'amount', 'outstanding_share', 'turnover']
2026-03-12 14:41:42,549 - INFO - [engine.py:99] - ⚡ [002015 协鑫能科] 盘中数据注入成功！(跳动现价: 21.36)
2026-03-12 14:41:42,551 - DEBUG - [engine.py:104] - 
📊 [002015 协鑫能科] 最新 3 行切片检查:
             open   high    low  close       volume        amount  turnover                 updated_at
date                                                                                                  
2026-03-10  18.39  18.68  17.07  18.12  359976476.0  6.392891e+09  0.221753 2026-03-12 14:41:42.545455
2026-03-11  18.01  19.93  17.39  19.42  371346202.0  7.098510e+09  0.228757 2026-03-12 14:41:42.545455
2026-03-12  20.00  21.36  19.50  21.36  346161532.0           NaN  0.000000                        NaT

2026-03-12 14:41:43,476 - DEBUG - [akshare_pd.py:78] - 👉 数据列名检查: ['date', 'open', 'high', 'low', 'close', 'volume', 'amount', 'outstanding_share', 'turnover']
2026-03-12 14:41:43,479 - INFO - [engine.py:99] - ⚡ [300475 香农芯创] 盘中数据注入成功！(跳动现价: 151.43)
2026-03-12 14:41:43,481 - DEBUG - [engine.py:104] - 
📊 [300475 香农芯创] 最新 3 行切片检查:
              open    high     low   close      volume        amount  turnover                 updated_at
date                                                                                                     
2026-03-10  160.20  165.32  158.58  161.85  36564689.0  5.932588e+09  0.082098 2026-03-12 14:41:43.477214
2026-03-11  160.51  162.22  155.58  156.83  28241066.0  4.468852e+09  0.063409 2026-03-12 14:41:43.477214
2026-03-12  156.30  158.40  150.66  151.43  15293991.0           NaN  0.000000                        NaT

2026-03-12 14:41:44,427 - DEBUG - [akshare_pd.py:78] - 👉 数据列名检查: ['date', 'open', 'high', 'low', 'close', 'volume', 'amount', 'outstanding_share', 'turnover']
2026-03-12 14:41:44,430 - INFO - [engine.py:99] - ⚡ [600875 东方电气] 盘中数据注入成功！(跳动现价: 40.38)
2026-03-12 14:41:44,433 - DEBUG - [engine.py:104] - 
📊 [600875 东方电气] 最新 3 行切片检查:
             open   high    low  close       volume        amount  turnover                 updated_at
date                                                                                                  
2026-03-10  43.06  44.06  41.75  42.16  127077622.0  5.414091e+09  0.056145 2026-03-12 14:41:44.427815
2026-03-11  42.50  42.62  40.41  41.08  124544135.0  5.126705e+09  0.055026 2026-03-12 14:41:44.427815
2026-03-12  40.75  40.89  39.41  40.38   84407371.0           NaN  0.000000                        NaT

2026-03-12 14:41:45,363 - DEBUG - [akshare_pd.py:78] - 👉 数据列名检查: ['date', 'open', 'high', 'low', 'close', 'volume', 'amount', 'outstanding_share', 'turnover']
2026-03-12 14:41:45,366 - INFO - [engine.py:99] - ⚡ [601857 中国石油] 盘中数据注入成功！(跳动现价: 12.21)
2026-03-12 14:41:45,367 - DEBUG - [engine.py:104] - 
📊 [601857 中国石油] 最新 3 行切片检查:
             open   high    low  close       volume        amount  turnover                 updated_at
date                                                                                                  
2026-03-10  12.18  12.30  11.78  11.99  524362917.0  6.301324e+09  0.003238 2026-03-12 14:41:45.364021
2026-03-11  11.78  12.16  11.65  12.13  474054564.0  5.647612e+09  0.002928 2026-03-12 14:41:45.364021
2026-03-12  12.33  12.39  11.95  12.21  322252003.0           NaN  0.000000                        NaT

2026-03-12 14:41:46,232 - DEBUG - [akshare_pd.py:78] - 👉 数据列名检查: ['date', 'open', 'high', 'low', 'close', 'volume', 'amount', 'outstanding_share', 'turnover']
2026-03-12 14:41:46,234 - INFO - [engine.py:99] - ⚡ [600938 中国海油] 盘中数据注入成功！(跳动现价: 43.09)
2026-03-12 14:41:46,236 - DEBUG - [engine.py:104] - 
📊 [600938 中国海油] 最新 3 行切片检查:
             open   high    low  close       volume        amount  turnover                 updated_at
date                                                                                                  
2026-03-10  39.03  41.66  39.03  40.98  165158546.0  6.646851e+09  0.055237 2026-03-12 14:41:46.233059
2026-03-11  40.20  42.08  40.20  41.76  120809993.0  4.963745e+09  0.040405 2026-03-12 14:41:46.233059
2026-03-12  42.62  43.25  41.65  43.09  115998794.0           NaN  0.000000                        NaT

2026-03-12 14:41:47,158 - DEBUG - [akshare_pd.py:78] - 👉 数据列名检查: ['date', 'open', 'high', 'low', 'close', 'volume', 'amount', 'outstanding_share', 'turnover']
2026-03-12 14:41:47,160 - INFO - [engine.py:99] - ⚡ [601138 工业富联] 盘中数据注入成功！(跳动现价: 52.6)
2026-03-12 14:41:47,162 - DEBUG - [engine.py:104] - 
📊 [601138 工业富联] 最新 3 行切片检查:
             open   high    low  close       volume        amount  turnover                 updated_at
date                                                                                                  
2026-03-10  53.63  54.38  53.40  54.36  117385056.0  6.334071e+09  0.005911 2026-03-12 14:41:47.158538
2026-03-11  54.70  54.99  53.60  53.89  122007345.0  6.604833e+09  0.006144 2026-03-12 14:41:47.158538
2026-03-12  53.90  54.78  52.22  52.60  116012759.0           NaN  0.000000                        NaT

2026-03-12 14:41:48,124 - DEBUG - [akshare_pd.py:78] - 👉 数据列名检查: ['date', 'open', 'high', 'low', 'close', 'volume', 'amount', 'outstanding_share', 'turnover']
2026-03-12 14:41:48,128 - INFO - [engine.py:99] - ⚡ [002195 岩山科技] 盘中数据注入成功！(跳动现价: 10.33)
2026-03-12 14:41:48,130 - DEBUG - [engine.py:104] - 
📊 [002195 岩山科技] 最新 3 行切片检查:
             open   high    low  close       volume        amount  turnover                 updated_at
date                                                                                                  
2026-03-10  10.72  10.75  10.38  10.52  460576916.0  4.850971e+09  0.082227 2026-03-12 14:41:48.125114
2026-03-11  10.60  10.97  10.31  10.71  705692047.0  7.524519e+09  0.125988 2026-03-12 14:41:48.125114
2026-03-12  10.58  10.59  10.25  10.33  333222895.0           NaN  0.000000                        NaT

2026-03-12 14:41:48,973 - DEBUG - [akshare_pd.py:78] - 👉 数据列名检查: ['date', 'open', 'high', 'low', 'close', 'volume', 'amount', 'outstanding_share', 'turnover']
2026-03-12 14:41:48,976 - INFO - [engine.py:99] - ⚡ [601669 中国电建] 盘中数据注入成功！(跳动现价: 6.6)
2026-03-12 14:41:48,978 - DEBUG - [engine.py:104] - 
📊 [601669 中国电建] 最新 3 行切片检查:
            open  high   low  close        volume        amount  turnover                 updated_at
date                                                                                                
2026-03-10  5.90  6.19  5.84   6.03  6.860737e+08  4.143831e+09  0.052486 2026-03-12 14:41:48.973585
2026-03-11  6.04  6.54  5.93   6.38  1.245092e+09  7.840193e+09  0.095252 2026-03-12 14:41:48.973585
2026-03-12  6.48  6.65  6.25   6.60  1.177512e+09           NaN  0.000000                        NaT

2026-03-12 14:41:49,159 - INFO - [cloudakpd.py:36] - ============================================================
2026-03-12 14:41:49,159 - INFO - [cloudakpd.py:37] - 📊 [DataCenter] 数据内核启动审计...
2026-03-12 14:41:49,160 - INFO - [cloudakpd.py:38] -    ▫️ 存储模式 : ☁️  云端 (PostgreSQL)
2026-03-12 14:41:49,160 - INFO - [cloudakpd.py:39] -    ▫️ 连接节点 : ep-noisy-dust-a1zv7w56-pooler.ap-southeast-1.aws.neon.tech/neondb
2026-03-12 14:41:51,681 - INFO - [cloudakpd.py:85] - 📂 字段审计完成，当前支持: trade_date, volume, updated_at, turnover_rate, high, is_closed, name, amount, symbol, open, low, latest_price
2026-03-12 14:41:51,682 - INFO - [cloudakpd.py:42] - ============================================================
2026-03-12 14:42:19,570 - INFO - [cloudakpd.py:204] - ---------------------------------------------
2026-03-12 14:42:19,571 - INFO - [cloudakpd.py:205] - 🔍 [审计] 同步完成: 2026-03-12
2026-03-12 14:42:19,572 - INFO - [cloudakpd.py:206] -    ▫️ 标的总数 : 5488 条
2026-03-12 14:42:19,572 - INFO - [cloudakpd.py:207] -    ▫️ 资金状态 : 盘中实时
2026-03-12 14:42:19,573 - INFO - [cloudakpd.py:208] -    ▫️ 存入时间 : 2026-03-12 14:42:17.948392
2026-03-12 14:42:19,577 - INFO - [cloudakpd.py:210] - 
symbol name  open  latest_price  high   low     volume      amount trade_date
920000 安徽凤凰 18.00         17.71 18.00 17.71   422353.0   7532995.0 2026-03-12
920001 纬达光电 19.36         20.66 21.98 19.31 10805563.0 224542434.0 2026-03-12
920002 万达轴承 92.91         92.28 93.77 90.90   597275.0  55005827.0 2026-03-12
2026-03-12 14:42:19,578 - INFO - [cloudakpd.py:211] - ---------------------------------------------
2026-03-12 14:42:20,850 - INFO - [cloudakpd.py:204] - ---------------------------------------------
2026-03-12 14:42:20,851 - INFO - [cloudakpd.py:205] - 🔍 [审计] 读取成功: 2026-03-12
2026-03-12 14:42:20,851 - INFO - [cloudakpd.py:206] -    ▫️ 标的总数 : 5488 条
2026-03-12 14:42:20,851 - INFO - [cloudakpd.py:207] -    ▫️ 资金状态 : 盘中实时
2026-03-12 14:42:20,853 - INFO - [cloudakpd.py:208] -    ▫️ 存入时间 : 2026-03-12 14:42:17.948392
2026-03-12 14:42:20,855 - INFO - [cloudakpd.py:210] - 
symbol name  open  latest_price  high   low     volume      amount trade_date
920000 安徽凤凰 18.00         17.71 18.00 17.71   422353.0   7532995.0 2026-03-12
920001 纬达光电 19.36         20.66 21.98 19.31 10805563.0 224542434.0 2026-03-12
920002 万达轴承 92.91         92.28 93.77 90.90   597275.0  55005827.0 2026-03-12
2026-03-12 14:42:20,855 - INFO - [cloudakpd.py:211] - ---------------------------------------------
2026-03-12 14:42:20,858 - INFO - [ledger.py:266] - ✅ 资产审计完成。当前净资产: 1042620979.95, 云端对齐已完成。
2026-03-12 14:42:20,858 - INFO - [engine.py:161] - ================================================================================
2026-03-12 14:42:20,858 - INFO - [engine.py:162] - 【操作审批纪要 (Execution Summary)】
2026-03-12 14:42:20,859 - INFO - [engine.py:164] - 🟢 000547 (航天发展) 建议买入 164600 股 | 预估价: 31.95 | 状态: 待老板确认 | 逻辑: 顺势金叉确认，首次建仓
2026-03-12 14:42:20,859 - INFO - [engine.py:164] - 🟢 600498 (烽火通信) 建议买入 94200 股 | 预估价: 55.81 | 状态: 待老板确认 | 逻辑: 顺势金叉确认，首次建仓
2026-03-12 14:42:20,859 - INFO - [engine.py:164] - 🟢 600703 (三安光电) 建议买入 288300 股 | 预估价: 18.25 | 状态: 待老板确认 | 逻辑: 顺势金叉确认，首次建仓
2026-03-12 14:42:20,859 - INFO - [engine.py:164] - 🟢 601600 (中国铝业) 建议买入 357900 股 | 预估价: 14.70 | 状态: 待老板确认 | 逻辑: 顺势金叉确认，首次建仓
2026-03-12 14:42:20,860 - INFO - [engine.py:164] - 🟢 600938 (中国海油) 建议买入 122100 股 | 预估价: 43.09 | 状态: 待老板确认 | 逻辑: 顺势金叉确认，首次建仓
2026-03-12 14:42:20,860 - INFO - [engine.py:168] - 
【持仓状态确认 (Positions Audit)】
2026-03-12 14:42:20,860 - INFO - [engine.py:170] - 🛡️ 601179 (中国西电) | 持仓 860000 股 | 现价: 18.73 | 浮盈: -2.35%
   └─ 买入日期: 2026-03-11 | 开仓逻辑: 顺势金叉确认，首次建仓
2026-03-12 14:42:20,861 - INFO - [engine.py:170] - 🛡️ 600089 (特变电工) | 持仓 529700 股 | 现价: 30.85 | 浮盈: -0.93%
   └─ 买入日期: 2026-03-11 | 开仓逻辑: 顺势金叉确认，首次建仓
2026-03-12 14:42:20,861 - INFO - [engine.py:170] - 🛡️ 002202 (金风科技) | 持仓 323300 股 | 现价: 31.91 | 浮盈: 6.33%
   └─ 买入日期: 2026-03-11 | 开仓逻辑: 顺势金叉确认，首次建仓
2026-03-12 14:42:20,861 - INFO - [engine.py:170] - 🛡️ 600522 (中天科技) | 持仓 300 股 | 现价: 29.93 | 浮盈: 1.69%
   └─ 买入日期: 历史遗留 | 开仓逻辑: 未知建仓逻辑
2026-03-12 14:42:20,861 - INFO - [engine.py:170] - 🛡️ 601939 (建设银行) | 持仓 200 股 | 现价: 9.11 | 浮盈: 5.68%
   └─ 买入日期: 历史遗留 | 开仓逻辑: 未知建仓逻辑
2026-03-12 14:42:20,862 - INFO - [engine.py:174] - ================================================================================
2026-03-12 14:42:20,862 - INFO - [engine.py:175] - 👀 【交易额最大动态监控池 (优胜劣汰拒绝名单)】
2026-03-12 14:42:20,862 - INFO - [engine.py:186] -    - 🚫 观望 300394 (天孚通信): 未满足缩量回踩或放量突破
2026-03-12 14:42:20,863 - INFO - [engine.py:186] -    - 🚫 观望 000988 (华工科技): 乖离率偏高 (1.47)
2026-03-12 14:42:20,863 - INFO - [engine.py:186] -    - 🚫 观望 300308 (中际旭创): 未形成多头排列
2026-03-12 14:42:20,863 - INFO - [engine.py:186] -    - 🚫 观望 300750 (宁德时代): 未形成多头排列
2026-03-12 14:42:20,864 - INFO - [engine.py:186] -    - 🚫 观望 300502 (新易盛): 未形成多头排列
2026-03-12 14:42:20,864 - INFO - [engine.py:186] -    - 🚫 观望 002261 (拓维信息): 未形成多头排列
2026-03-12 14:42:20,864 - INFO - [engine.py:186] -    - 🚫 观望 600410 (华胜天成): 乖离率偏高 (1.29)
2026-03-12 14:42:20,864 - INFO - [engine.py:186] -    - 🚫 观望 300274 (阳光电源): 未形成多头排列
2026-03-12 14:42:20,865 - INFO - [engine.py:186] -    - 🚫 观望 600487 (亨通光电): 乖离率偏高 (1.36)
2026-03-12 14:42:20,865 - INFO - [engine.py:186] -    - 🚫 观望 601868 (中国能建): 未形成多头排列
2026-03-12 14:42:20,865 - INFO - [engine.py:186] -    - 🚫 观望 002506 (协鑫集成): 乖离率偏高 (1.42)
2026-03-12 14:42:20,866 - INFO - [engine.py:186] -    - 🚫 观望 002384 (东山精密): 未形成多头排列
2026-03-12 14:42:20,866 - INFO - [engine.py:186] -    - 🚫 观望 300017 (网宿科技): 未满足缩量回踩或放量突破
2026-03-12 14:42:20,867 - INFO - [engine.py:186] -    - 🚫 观望 601899 (紫金矿业): 未满足缩量回踩或放量突破
2026-03-12 14:42:20,867 - INFO - [engine.py:186] -    - 🚫 观望 002281 (光迅科技): 乖离率偏高 (1.30)
2026-03-12 14:42:20,867 - INFO - [engine.py:186] -    - 🚫 观望 300476 (胜宏科技): 未形成多头排列
2026-03-12 14:42:20,868 - INFO - [engine.py:186] -    - 🚫 观望 002475 (立讯精密): 未形成多头排列
2026-03-12 14:42:20,869 - INFO - [engine.py:186] -    - 🚫 观望 600989 (宝丰能源): 乖离率偏高 (1.40)
2026-03-12 14:42:20,869 - INFO - [engine.py:186] -    - 🚫 观望 600759 (洲际油气): 乖离率偏高 (1.35)
2026-03-12 14:42:20,869 - INFO - [engine.py:186] -    - 🚫 观望 002594 (比亚迪): 未形成多头排列
2026-03-12 14:42:20,870 - INFO - [engine.py:186] -    - 🚫 观望 300014 (亿纬锂能): 未形成多头排列
2026-03-12 14:42:20,870 - INFO - [engine.py:186] -    - 🚫 观望 002015 (协鑫能科): 乖离率偏高 (1.68)
2026-03-12 14:42:20,871 - INFO - [engine.py:186] -    - 🚫 观望 300475 (香农芯创): 未形成多头排列
2026-03-12 14:42:20,871 - INFO - [engine.py:186] -    - 🚫 观望 600875 (东方电气): 乖离率偏高 (1.30)
2026-03-12 14:42:20,871 - INFO - [engine.py:186] -    - 🚫 观望 601857 (中国石油): 未形成多头排列
2026-03-12 14:42:20,872 - INFO - [engine.py:186] -    - 🚫 观望 601138 (工业富联): 未形成多头排列
2026-03-12 14:42:20,873 - INFO - [engine.py:186] -    - 🚫 观望 002195 (岩山科技): 未满足缩量回踩或放量突破
2026-03-12 14:42:20,874 - INFO - [engine.py:186] -    - 🚫 观望 601669 (中国电建): 未形成多头排列
2026-03-12 14:42:35,760 - INFO - [config.py:47] - --------------------------------------------------------------------------------
2026-03-12 14:42:35,760 - INFO - [config.py:48] - ⚙️ 【策略参数装载与核对】 -> 依据: trials_20260311_165301.csv
2026-03-12 14:42:35,761 - INFO - [config.py:50] -    - 注入动态寻优参数 : bias_entry_limit: 1.25, ma_long: 70, ma_mid: 38, ma_short: 8, partial_exit_min_profit: 0.15, partial_exit_pct: 0.3, profit_tier1: 0.15, stop_loss_pct: 0.08, trailing_stop_pct: 0.34, trailing_tier1: 0.1, unit_size: 0.2
2026-03-12 14:42:35,761 - INFO - [config.py:51] - --------------------------------------------------------------------------------
2026-03-12 14:42:35,797 - INFO - [cloudakpd.py:36] - ============================================================
2026-03-12 14:42:35,797 - INFO - [cloudakpd.py:37] - 📊 [DataCenter] 数据内核启动审计...
2026-03-12 14:42:35,798 - INFO - [cloudakpd.py:38] -    ▫️ 存储模式 : ☁️  云端 (PostgreSQL)
2026-03-12 14:42:35,798 - INFO - [cloudakpd.py:39] -    ▫️ 连接节点 : ep-noisy-dust-a1zv7w56-pooler.ap-southeast-1.aws.neon.tech/neondb
2026-03-12 14:42:38,359 - INFO - [cloudakpd.py:85] - 📂 字段审计完成，当前支持: low, high, amount, latest_price, is_closed, trade_date, turnover_rate, open, symbol, volume, updated_at, name
2026-03-12 14:42:38,360 - INFO - [cloudakpd.py:42] - ============================================================
2026-03-12 14:42:39,644 - INFO - [cloudakpd.py:204] - ---------------------------------------------
2026-03-12 14:42:39,645 - INFO - [cloudakpd.py:205] - 🔍 [审计] 读取成功: 2026-03-12
2026-03-12 14:42:39,646 - INFO - [cloudakpd.py:206] -    ▫️ 标的总数 : 5488 条
2026-03-12 14:42:39,647 - INFO - [cloudakpd.py:207] -    ▫️ 资金状态 : 盘中实时
2026-03-12 14:42:39,648 - INFO - [cloudakpd.py:208] -    ▫️ 存入时间 : 2026-03-12 14:42:17.948392
2026-03-12 14:42:39,652 - INFO - [cloudakpd.py:210] - 
symbol name  open  latest_price  high   low     volume      amount trade_date
920000 安徽凤凰 18.00         17.71 18.00 17.71   422353.0   7532995.0 2026-03-12
920001 纬达光电 19.36         20.66 21.98 19.31 10805563.0 224542434.0 2026-03-12
920002 万达轴承 92.91         92.28 93.77 90.90   597275.0  55005827.0 2026-03-12
2026-03-12 14:42:39,652 - INFO - [cloudakpd.py:211] - ---------------------------------------------
2026-03-12 14:42:39,653 - INFO - [universe.py:40] - ✅ [UniverseManager] 云端全量快照加载成功，当前监控 5488 只标的。
2026-03-12 14:42:39,653 - INFO - [engine.py:24] - ================================================================================
2026-03-12 14:42:39,653 - INFO - [engine.py:25] -  🚀 启动量化交易实盘中心 (2026-03-12 14:42)
2026-03-12 14:42:39,654 - INFO - [engine.py:26] -    - 📒 人工比对账本 : D:\git\LongTrading\data\live_broker_account.json
2026-03-12 14:42:39,654 - INFO - [engine.py:27] -    - 💸 审计交易流水 : D:\git\LongTrading\data\live_trade_ledger.csv
2026-03-12 14:42:39,654 - INFO - [engine.py:28] - ================================================================================
2026-03-12 14:42:39,658 - WARNING - [ledger.py:64] - 🚨 【对账异常】 600938 系统应有 122100 与 真实持有 0不一致。系统已强制以人工为准重新校准！
2026-03-12 14:42:39,659 - WARNING - [ledger.py:64] - 🚨 【对账异常】 600703 系统应有 288300 与 真实持有 0不一致。系统已强制以人工为准重新校准！
2026-03-12 14:42:39,659 - WARNING - [ledger.py:64] - 🚨 【对账异常】 600498 系统应有 94200 与 真实持有 0不一致。系统已强制以人工为准重新校准！
2026-03-12 14:42:39,659 - WARNING - [ledger.py:64] - 🚨 【对账异常】 000547 系统应有 164600 与 真实持有 0不一致。系统已强制以人工为准重新校准！
2026-03-12 14:42:39,660 - WARNING - [ledger.py:64] - 🚨 【对账异常】 601600 系统应有 357900 与 真实持有 0不一致。系统已强制以人工为准重新校准！
2026-03-12 14:42:39,660 - INFO - [engine.py:36] - 📡 正在全盘扫描历史数据与近期快照，构建动态监控池...
2026-03-12 14:42:39,660 - INFO - [universe.py:145] - 📊 正在通过云端 SQL 审计近 20 个交易日的热点标的...
2026-03-12 14:42:40,038 - INFO - [universe.py:192] - ✅ [UniverseManager] 动态股票池已对齐云端，当前池规模: 37
2026-03-12 14:42:40,038 - INFO - [engine.py:38] - 🏦 会计部接管完毕: 可用现金 【1,000,000,000.00 元】，真实持仓 【5 只】，雷达标的 【37 只】。
2026-03-12 14:42:40,038 - INFO - [engine.py:39] - 🎯 监控池构建完毕: 汇聚近 20 日霸榜标的，实盘监控总数: 【37 只】。
2026-03-12 14:42:40,041 - INFO - [engine.py:67] - --------------------------------------------------------------------------------
2026-03-12 14:42:40,042 - INFO - [engine.py:68] - 【盘前资产风控评估 (Pre-Trade NAV Dashboard)】
2026-03-12 14:42:40,042 - INFO - [engine.py:69] -    - 可用现金 (Available Cash) : 1,000,000,000.00
2026-03-12 14:42:40,042 - INFO - [engine.py:70] -    - 持仓成本 (Total Cost)     : 42,702,445.20
2026-03-12 14:42:40,042 - INFO - [engine.py:71] -    - 持仓市值 (Market Value)   : 42,545,635.00
2026-03-12 14:42:40,043 - INFO - [engine.py:72] -    - 净 资 产 (Total Equity)   : 1,042,545,635.00
2026-03-12 14:42:40,043 - INFO - [engine.py:73] -    - 账面浮盈 (Floating PnL)   : -156,810.20 (-0.37%)
2026-03-12 14:42:40,043 - INFO - [engine.py:74] - --------------------------------------------------------------------------------
2026-03-12 14:42:41,682 - DEBUG - [akshare_pd.py:78] - 👉 数据列名检查: ['date', 'open', 'high', 'low', 'close', 'volume', 'amount', 'outstanding_share', 'turnover']
2026-03-12 14:42:41,685 - INFO - [engine.py:99] - ⚡ [601179 中国西电] 盘中数据注入成功！(跳动现价: 18.61)
2026-03-12 14:42:41,687 - DEBUG - [engine.py:104] - 
📊 [601179 中国西电] 最新 3 行切片检查:
             open   high    low  close       volume        amount  turnover                 updated_at
date                                                                                                  
2026-03-10  20.00  20.65  19.58  19.99  442844017.0  8.876727e+09  0.086394 2026-03-12 14:42:41.682786
2026-03-11  20.01  20.10  18.72  19.15  538764514.0  1.039706e+10  0.105107 2026-03-12 14:42:41.682786
2026-03-12  18.80  19.34  18.33  18.61  354909085.0           NaN  0.000000                        NaT

2026-03-12 14:42:42,559 - DEBUG - [akshare_pd.py:78] - 👉 数据列名检查: ['date', 'open', 'high', 'low', 'close', 'volume', 'amount', 'outstanding_share', 'turnover']
2026-03-12 14:42:42,562 - INFO - [engine.py:99] - ⚡ [600089 特变电工] 盘中数据注入成功！(跳动现价: 30.78)
2026-03-12 14:42:42,564 - DEBUG - [engine.py:104] - 
📊 [600089 特变电工] 最新 3 行切片检查:
             open   high    low  close       volume        amount  turnover                 updated_at
date                                                                                                  
2026-03-10  32.69  32.74  31.65  31.86  353286075.0  1.132871e+10  0.069919 2026-03-12 14:42:42.560812
2026-03-11  31.87  31.90  30.90  31.04  310469652.0  9.699245e+09  0.061445 2026-03-12 14:42:42.560812
2026-03-12  31.04  31.26  30.38  30.78  199015787.0           NaN  0.000000                        NaT

2026-03-12 14:42:43,414 - DEBUG - [akshare_pd.py:78] - 👉 数据列名检查: ['date', 'open', 'high', 'low', 'close', 'volume', 'amount', 'outstanding_share', 'turnover']
2026-03-12 14:42:43,417 - INFO - [engine.py:99] - ⚡ [002202 金风科技] 盘中数据注入成功！(跳动现价: 31.63)
2026-03-12 14:42:43,420 - DEBUG - [engine.py:104] - 
📊 [002202 金风科技] 最新 3 行切片检查:
             open  high    low  close       volume        amount  turnover                 updated_at
date                                                                                                 
2026-03-10  28.59  29.2  28.23  28.48  201005873.0  5.763493e+09  0.059761 2026-03-12 14:42:43.415265
2026-03-11  28.51  31.0  27.82  30.24  434392923.0  1.278988e+10  0.129149 2026-03-12 14:42:43.415265
2026-03-12  29.94  33.0  29.15  31.63  443371661.0           NaN  0.000000                        NaT

2026-03-12 14:42:44,352 - DEBUG - [akshare_pd.py:78] - 👉 数据列名检查: ['date', 'open', 'high', 'low', 'close', 'volume', 'amount', 'outstanding_share', 'turnover']
2026-03-12 14:42:44,356 - INFO - [engine.py:99] - ⚡ [600522 中天科技] 盘中数据注入成功！(跳动现价: 30.22)
2026-03-12 14:42:44,357 - DEBUG - [engine.py:104] - 
📊 [600522 中天科技] 最新 3 行切片检查:
             open   high    low  close       volume        amount  turnover                 updated_at
date                                                                                                  
2026-03-10  27.55  29.18  27.41  28.90  168544463.0  4.798302e+09  0.049384 2026-03-12 14:42:44.352698
2026-03-11  29.82  31.66  29.79  30.01  244824364.0  7.470581e+09  0.071734 2026-03-12 14:42:44.352698
2026-03-12  29.60  31.38  29.50  30.22  150568822.0           NaN  0.000000                        NaT

2026-03-12 14:42:45,151 - DEBUG - [akshare_pd.py:78] - 👉 数据列名检查: ['date', 'open', 'high', 'low', 'close', 'volume', 'amount', 'outstanding_share', 'turnover']
2026-03-12 14:42:45,155 - INFO - [engine.py:99] - ⚡ [601939 建设银行] 盘中数据注入成功！(跳动现价: 9.12)
2026-03-12 14:42:45,157 - DEBUG - [engine.py:104] - 
📊 [601939 建设银行] 最新 3 行切片检查:
            open  high   low  close      volume       amount  turnover                 updated_at
date                                                                                             
2026-03-10  9.01  9.04  8.93   8.94  83402353.0  747712625.0  0.008693 2026-03-12 14:42:45.153004
2026-03-11  8.94  9.05  8.89   9.05  86050618.0  773504210.0  0.008970 2026-03-12 14:42:45.153004
2026-03-12  9.04  9.14  9.00   9.12  83682543.0          NaN  0.000000                        NaT

2026-03-12 14:42:46,115 - DEBUG - [akshare_pd.py:78] - 👉 数据列名检查: ['date', 'open', 'high', 'low', 'close', 'volume', 'amount', 'outstanding_share', 'turnover']
2026-03-12 14:42:46,119 - INFO - [engine.py:99] - ⚡ [000988 华工科技] 盘中数据注入成功！(跳动现价: 129.62)
2026-03-12 14:42:46,121 - DEBUG - [engine.py:104] - 
📊 [000988 华工科技] 最新 3 行切片检查:
              open    high     low   close       volume        amount  turnover                 updated_at
date                                                                                                      
2026-03-10  119.49  124.00  116.55  123.51  113779973.0  1.363733e+10  0.113216 2026-03-12 14:42:46.116215
2026-03-11  122.99  135.69  122.90  134.88  125882525.0  1.641234e+10  0.125258 2026-03-12 14:42:46.116215
2026-03-12  133.74  141.41  123.50  129.62  197658983.0           NaN  0.000000                        NaT

2026-03-12 14:42:46,869 - DEBUG - [akshare_pd.py:78] - 👉 数据列名检查: ['date', 'open', 'high', 'low', 'close', 'volume', 'amount', 'outstanding_share', 'turnover']
2026-03-12 14:42:46,872 - INFO - [engine.py:99] - ⚡ [300308 中际旭创] 盘中数据注入成功！(跳动现价: 533.41)
2026-03-12 14:42:46,874 - DEBUG - [engine.py:104] - 
📊 [300308 中际旭创] 最新 3 行切片检查:
              open    high     low   close      volume        amount  turnover                 updated_at
date                                                                                                     
2026-03-10  540.00  548.98  530.02  547.00  28309414.0  1.534895e+10  0.025608 2026-03-12 14:42:46.870522
2026-03-11  557.00  568.90  553.00  554.68  23897170.0  1.341204e+10  0.021617 2026-03-12 14:42:46.870522
2026-03-12  557.25  563.58  528.50  533.41  22163294.0           NaN  0.000000                        NaT

2026-03-12 14:42:47,640 - DEBUG - [akshare_pd.py:78] - 👉 数据列名检查: ['date', 'open', 'high', 'low', 'close', 'volume', 'amount', 'outstanding_share', 'turnover']
2026-03-12 14:42:47,643 - INFO - [engine.py:99] - ⚡ [002261 拓维信息] 盘中数据注入成功！(跳动现价: 40.1)
2026-03-12 14:42:47,645 - DEBUG - [engine.py:104] - 
📊 [002261 拓维信息] 最新 3 行切片检查:
             open   high    low  close       volume        amount  turnover                 updated_at
date                                                                                                  
2026-03-10  42.15  44.06  40.72  41.76  313689541.0  1.320427e+10  0.273809 2026-03-12 14:42:47.640924
2026-03-11  41.51  43.89  41.03  41.08  272790380.0  1.151191e+10  0.238109 2026-03-12 14:42:47.640924
2026-03-12  40.82  42.50  39.39  40.10  205629496.0           NaN  0.000000                        NaT

2026-03-12 14:42:48,543 - DEBUG - [akshare_pd.py:78] - 👉 数据列名检查: ['date', 'open', 'high', 'low', 'close', 'volume', 'amount', 'outstanding_share', 'turnover']
2026-03-12 14:42:48,546 - INFO - [engine.py:99] - ⚡ [300750 宁德时代] 盘中数据注入成功！(跳动现价: 395.23)
2026-03-12 14:42:48,548 - DEBUG - [engine.py:104] - 
📊 [300750 宁德时代] 最新 3 行切片检查:
              open    high     low   close      volume        amount  turnover                 updated_at
date                                                                                                     
2026-03-10  375.00  379.77  366.50  376.30  50741728.0  1.904908e+10  0.011921 2026-03-12 14:42:48.543902
2026-03-11  379.58  403.55  378.98  396.80  57598685.0  2.264270e+10  0.013531 2026-03-12 14:42:48.543902
2026-03-12  400.00  400.90  392.70  395.23  26848401.0           NaN  0.000000                        NaT

2026-03-12 14:42:49,433 - DEBUG - [akshare_pd.py:78] - 👉 数据列名检查: ['date', 'open', 'high', 'low', 'close', 'volume', 'amount', 'outstanding_share', 'turnover']
2026-03-12 14:42:49,436 - INFO - [engine.py:99] - ⚡ [300394 天孚通信] 盘中数据注入成功！(跳动现价: 332.96)
2026-03-12 14:42:49,438 - DEBUG - [engine.py:104] - 
📊 [300394 天孚通信] 最新 3 行切片检查:
              open    high     low   close      volume        amount  turnover                 updated_at
date                                                                                                     
2026-03-10  329.00  341.88  325.01  340.48  38050810.0  1.274569e+10  0.049044 2026-03-12 14:42:49.434040
2026-03-11  342.69  344.44  329.30  331.00  26757383.0  8.972870e+09  0.034488 2026-03-12 14:42:49.434040
2026-03-12  331.00  336.80  314.61  332.96  31329641.0           NaN  0.000000                        NaT

2026-03-12 14:42:50,265 - DEBUG - [akshare_pd.py:78] - 👉 数据列名检查: ['date', 'open', 'high', 'low', 'close', 'volume', 'amount', 'outstanding_share', 'turnover']
2026-03-12 14:42:50,269 - INFO - [engine.py:99] - ⚡ [000547 航天发展] 盘中数据注入成功！(跳动现价: 31.71)
2026-03-12 14:42:50,270 - DEBUG - [engine.py:104] - 
📊 [000547 航天发展] 最新 3 行切片检查:
             open   high    low  close       volume        amount  turnover                 updated_at
date                                                                                                  
2026-03-10  32.51  34.30  32.12  33.66  364988789.0  1.220221e+10  0.229680 2026-03-12 14:42:50.265897
2026-03-11  34.00  34.00  32.80  33.31  297030040.0  9.915401e+09  0.186915 2026-03-12 14:42:50.265897
2026-03-12  33.00  33.31  31.09  31.71  227912437.0           NaN  0.000000                        NaT

2026-03-12 14:42:51,091 - DEBUG - [akshare_pd.py:78] - 👉 数据列名检查: ['date', 'open', 'high', 'low', 'close', 'volume', 'amount', 'outstanding_share', 'turnover']
2026-03-12 14:42:51,093 - INFO - [engine.py:99] - ⚡ [300502 新易盛] 盘中数据注入成功！(跳动现价: 377.61)
2026-03-12 14:42:51,095 - DEBUG - [engine.py:104] - 
📊 [300502 新易盛] 最新 3 行切片检查:
              open    high     low   close      volume        amount  turnover                 updated_at
date                                                                                                     
2026-03-10  394.75  401.00  382.59  397.33  42488136.0  1.669605e+10  0.047986 2026-03-12 14:42:51.092095
2026-03-11  400.01  408.00  392.20  393.23  33838170.0  1.350834e+10  0.038217 2026-03-12 14:42:51.092095
2026-03-12  400.01  404.85  375.67  377.61  32404312.0           NaN  0.000000                        NaT

2026-03-12 14:42:51,983 - DEBUG - [akshare_pd.py:78] - 👉 数据列名检查: ['date', 'open', 'high', 'low', 'close', 'volume', 'amount', 'outstanding_share', 'turnover']
2026-03-12 14:42:51,987 - INFO - [engine.py:99] - ⚡ [600410 华胜天成] 盘中数据注入成功！(跳动现价: 32.22)
2026-03-12 14:42:51,988 - DEBUG - [engine.py:104] - 
📊 [600410 华胜天成] 最新 3 行切片检查:
             open   high    low  close       volume        amount  turnover                 updated_at
date                                                                                                  
2026-03-10  30.51  32.57  29.68  31.83  370505276.0  1.156331e+10  0.337900 2026-03-12 14:42:51.983471
2026-03-11  31.20  34.31  31.19  32.68  413292958.0  1.370430e+10  0.376922 2026-03-12 14:42:51.983471
2026-03-12  32.45  33.50  30.59  32.22  324584878.0           NaN  0.000000                        NaT

2026-03-12 14:42:52,963 - DEBUG - [akshare_pd.py:78] - 👉 数据列名检查: ['date', 'open', 'high', 'low', 'close', 'volume', 'amount', 'outstanding_share', 'turnover']
2026-03-12 14:42:52,966 - INFO - [engine.py:99] - ⚡ [300274 阳光电源] 盘中数据注入成功！(跳动现价: 172.71)
2026-03-12 14:42:52,968 - DEBUG - [engine.py:104] - 
📊 [300274 阳光电源] 最新 3 行切片检查:
              open    high     low   close       volume        amount  turnover                 updated_at
date                                                                                                      
2026-03-10  157.99  158.69  153.20  156.10   59341753.0  9.259444e+09  0.037329 2026-03-12 14:42:52.964164
2026-03-11  156.42  175.66  156.39  170.92  144572766.0  2.431173e+10  0.090943 2026-03-12 14:42:52.964164
2026-03-12  171.54  173.77  168.40  172.71   94874604.0           NaN  0.000000                        NaT

2026-03-12 14:42:53,891 - DEBUG - [akshare_pd.py:78] - 👉 数据列名检查: ['date', 'open', 'high', 'low', 'close', 'volume', 'amount', 'outstanding_share', 'turnover']
2026-03-12 14:42:53,893 - INFO - [engine.py:99] - ⚡ [300476 胜宏科技] 盘中数据注入成功！(跳动现价: 279.3)
2026-03-12 14:42:53,895 - DEBUG - [engine.py:104] - 
📊 [300476 胜宏科技] 最新 3 行切片检查:
              open    high    low  close      volume        amount  turnover                 updated_at
date                                                                                                   
2026-03-10  278.00  289.99  276.5  289.0  39657754.0  1.130852e+10  0.046276 2026-03-12 14:42:53.891390
2026-03-11  288.99  290.55  283.8  284.8  26223427.0  7.503241e+09  0.030600 2026-03-12 14:42:53.891390
2026-03-12  282.99  285.80  273.4  279.3  25818051.0           NaN  0.000000                        NaT

2026-03-12 14:42:54,803 - DEBUG - [akshare_pd.py:78] - 👉 数据列名检查: ['date', 'open', 'high', 'low', 'close', 'volume', 'amount', 'outstanding_share', 'turnover']
2026-03-12 14:42:54,806 - INFO - [engine.py:99] - ⚡ [600487 亨通光电] 盘中数据注入成功！(跳动现价: 51.23)
2026-03-12 14:42:54,808 - DEBUG - [engine.py:104] - 
📊 [600487 亨通光电] 最新 3 行切片检查:
             open  high    low  close       volume        amount  turnover                 updated_at
date                                                                                                 
2026-03-10  46.72  50.2  46.72  49.99  153667766.0  7.447927e+09  0.062845 2026-03-12 14:42:54.804268
2026-03-11  51.00  54.3  50.63  50.80  168100591.0  8.775464e+09  0.068748 2026-03-12 14:42:54.804268
2026-03-12  49.90  54.3  49.90  51.23  143168687.0           NaN  0.000000                        NaT

2026-03-12 14:42:55,771 - DEBUG - [akshare_pd.py:78] - 👉 数据列名检查: ['date', 'open', 'high', 'low', 'close', 'volume', 'amount', 'outstanding_share', 'turnover']
2026-03-12 14:42:55,774 - INFO - [engine.py:99] - ⚡ [601868 中国能建] 盘中数据注入成功！(跳动现价: 3.8)
2026-03-12 14:42:55,775 - DEBUG - [engine.py:104] - 
📊 [601868 中国能建] 最新 3 行切片检查:
            open  high   low  close        volume        amount  turnover                 updated_at
date                                                                                                
2026-03-10  2.98  3.23  2.87   3.14  3.231616e+09  9.989403e+09  0.099653 2026-03-12 14:42:55.771846
2026-03-11  3.15  3.45  3.09   3.45  1.892516e+09  6.294151e+09  0.058359 2026-03-12 14:42:55.771846
2026-03-12  3.52  3.80  3.50   3.80  4.640630e+09           NaN  0.000000                        NaT

2026-03-12 14:42:56,714 - DEBUG - [akshare_pd.py:78] - 👉 数据列名检查: ['date', 'open', 'high', 'low', 'close', 'volume', 'amount', 'outstanding_share', 'turnover']
2026-03-12 14:42:56,717 - INFO - [engine.py:99] - ⚡ [002384 东山精密] 盘中数据注入成功！(跳动现价: 104.11)
2026-03-12 14:42:56,719 - DEBUG - [engine.py:104] - 
📊 [002384 东山精密] 最新 3 行切片检查:
              open    high     low   close      volume        amount  turnover                 updated_at
date                                                                                                     
2026-03-10  102.00  108.06  101.20  108.06  91333198.0  9.599794e+09  0.065882 2026-03-12 14:42:56.715755
2026-03-11  109.33  111.65  103.71  104.80  91369094.0  9.735043e+09  0.065908 2026-03-12 14:42:56.715755
2026-03-12  106.09  107.49  101.20  104.11  62231815.0           NaN  0.000000                        NaT

2026-03-12 14:42:57,540 - DEBUG - [akshare_pd.py:78] - 👉 数据列名检查: ['date', 'open', 'high', 'low', 'close', 'volume', 'amount', 'outstanding_share', 'turnover']
2026-03-12 14:42:57,542 - INFO - [engine.py:99] - ⚡ [002506 协鑫集成] 盘中数据注入成功！(跳动现价: 5.9)
2026-03-12 14:42:57,545 - DEBUG - [engine.py:104] - 
📊 [002506 协鑫集成] 最新 3 行切片检查:
            open  high  low  close        volume        amount  turnover                 updated_at
date                                                                                               
2026-03-10  5.78  6.19  5.6   6.07  1.416593e+09  8.373467e+09  0.242383 2026-03-12 14:42:57.540995
2026-03-11  6.00  6.36  5.8   5.96  1.563213e+09  9.493189e+09  0.267471 2026-03-12 14:42:57.540995
2026-03-12  5.80  6.06  5.7   5.90  1.027684e+09           NaN  0.000000                        NaT

2026-03-12 14:42:58,403 - DEBUG - [akshare_pd.py:78] - 👉 数据列名检查: ['date', 'open', 'high', 'low', 'close', 'volume', 'amount', 'outstanding_share', 'turnover']
2026-03-12 14:42:58,405 - INFO - [engine.py:99] - ⚡ [600498 烽火通信] 盘中数据注入成功！(跳动现价: 55.54)
2026-03-12 14:42:58,407 - DEBUG - [engine.py:104] - 
📊 [600498 烽火通信] 最新 3 行切片检查:
             open   high    low  close       volume        amount  turnover                 updated_at
date                                                                                                  
2026-03-10  53.00  57.20  52.71  57.20  144011656.0  8.010268e+09  0.113250 2026-03-12 14:42:58.403851
2026-03-11  58.60  61.78  56.66  57.03  183744064.0  1.086759e+10  0.144496 2026-03-12 14:42:58.403851
2026-03-12  57.02  59.59  55.00  55.54   97983067.0           NaN  0.000000                        NaT

2026-03-12 14:42:59,347 - DEBUG - [akshare_pd.py:78] - 👉 数据列名检查: ['date', 'open', 'high', 'low', 'close', 'volume', 'amount', 'outstanding_share', 'turnover']
2026-03-12 14:42:59,350 - INFO - [engine.py:99] - ⚡ [601899 紫金矿业] 盘中数据注入成功！(跳动现价: 36.67)
2026-03-12 14:42:59,351 - DEBUG - [engine.py:104] - 
📊 [601899 紫金矿业] 最新 3 行切片检查:
             open   high    low  close       volume        amount  turnover                 updated_at
date                                                                                                  
2026-03-10  36.98  37.54  36.80  37.13  201312398.0  7.475372e+09  0.009772 2026-03-12 14:42:59.347769
2026-03-11  37.50  37.64  37.04  37.24  148131269.0  5.525147e+09  0.007191 2026-03-12 14:42:59.347769
2026-03-12  36.79  37.16  36.35  36.67  176508067.0           NaN  0.000000                        NaT

2026-03-12 14:43:00,684 - DEBUG - [akshare_pd.py:78] - 👉 数据列名检查: ['date', 'open', 'high', 'low', 'close', 'volume', 'amount', 'outstanding_share', 'turnover']
2026-03-12 14:43:00,687 - INFO - [engine.py:99] - ⚡ [300017 网宿科技] 盘中数据注入成功！(跳动现价: 19.18)
2026-03-12 14:43:00,688 - DEBUG - [engine.py:104] - 
📊 [300017 网宿科技] 最新 3 行切片检查:
             open   high    low  close       volume        amount  turnover                 updated_at
date                                                                                                  
2026-03-10  20.65  21.48  19.40  20.39  568261968.0  1.155532e+10  0.246513 2026-03-12 14:43:00.685062
2026-03-11  20.20  20.38  19.36  19.38  384801124.0  7.598068e+09  0.166927 2026-03-12 14:43:00.685062
2026-03-12  19.28  20.50  19.00  19.18  379394751.0           NaN  0.000000                        NaT

2026-03-12 14:43:01,722 - DEBUG - [akshare_pd.py:78] - 👉 数据列名检查: ['date', 'open', 'high', 'low', 'close', 'volume', 'amount', 'outstanding_share', 'turnover']
2026-03-12 14:43:01,725 - INFO - [engine.py:99] - ⚡ [600703 三安光电] 盘中数据注入成功！(跳动现价: 18.74)
2026-03-12 14:43:01,726 - DEBUG - [engine.py:104] - 
📊 [600703 三安光电] 最新 3 行切片检查:
             open   high    low  close       volume        amount  turnover                 updated_at
date                                                                                                  
2026-03-10  16.50  16.50  15.90  16.11  190315789.0  3.072166e+09  0.038147 2026-03-12 14:43:01.723863
2026-03-11  16.15  17.42  16.05  17.04  327210971.0  5.518783e+09  0.065586 2026-03-12 14:43:01.723863
2026-03-12  17.05  18.74  17.00  18.74  430944671.0           NaN  0.000000                        NaT

2026-03-12 14:43:02,622 - DEBUG - [akshare_pd.py:78] - 👉 数据列名检查: ['date', 'open', 'high', 'low', 'close', 'volume', 'amount', 'outstanding_share', 'turnover']
2026-03-12 14:43:02,624 - INFO - [engine.py:99] - ⚡ [002281 光迅科技] 盘中数据注入成功！(跳动现价: 98.71)
2026-03-12 14:43:02,626 - DEBUG - [engine.py:104] - 
📊 [002281 光迅科技] 最新 3 行切片检查:
             open    high    low  close       volume        amount  turnover                 updated_at
date                                                                                                   
2026-03-10  78.99   86.16  78.99  86.16   55409530.0  4.557438e+09  0.071085 2026-03-12 14:43:02.622587
2026-03-11  90.68   93.08  89.00  91.49  102547496.0  9.369670e+09  0.131559 2026-03-12 14:43:02.622587
2026-03-12  91.54  100.64  91.54  98.71  109176192.0           NaN  0.000000                        NaT

2026-03-12 14:43:03,513 - DEBUG - [akshare_pd.py:78] - 👉 数据列名检查: ['date', 'open', 'high', 'low', 'close', 'volume', 'amount', 'outstanding_share', 'turnover']
2026-03-12 14:43:03,516 - INFO - [engine.py:99] - ⚡ [600989 宝丰能源] 盘中数据注入成功！(跳动现价: 33.66)
2026-03-12 14:43:03,517 - DEBUG - [engine.py:104] - 
📊 [600989 宝丰能源] 最新 3 行切片检查:
             open   high    low  close       volume        amount  turnover                 updated_at
date                                                                                                  
2026-03-10  27.58  29.88  27.58  28.95  246527995.0  7.083563e+09  0.033617 2026-03-12 14:43:03.513076
2026-03-11  28.35  31.85  28.35  31.85  219548593.0  6.627817e+09  0.029938 2026-03-12 14:43:03.513076
2026-03-12  33.30  34.60  32.20  33.66  236206806.0           NaN  0.000000                        NaT

2026-03-12 14:43:04,375 - DEBUG - [akshare_pd.py:78] - 👉 数据列名检查: ['date', 'open', 'high', 'low', 'close', 'volume', 'amount', 'outstanding_share', 'turnover']
2026-03-12 14:43:04,378 - INFO - [engine.py:99] - ⚡ [600759 洲际油气] 盘中数据注入成功！(跳动现价: 7.41)
2026-03-12 14:43:04,379 - DEBUG - [engine.py:104] - 
📊 [600759 洲际油气] 最新 3 行切片检查:
            open  high   low  close       volume        amount  turnover                 updated_at
date                                                                                               
2026-03-10  7.49  7.75  7.49   7.49  720039561.0  5.425945e+09  0.173768 2026-03-12 14:43:04.375581
2026-03-11  7.10  7.72  6.91   7.56  831634860.0  6.136074e+09  0.200699 2026-03-12 14:43:04.375581
2026-03-12  7.80  7.80  7.30   7.41  638126478.0           NaN  0.000000                        NaT

2026-03-12 14:43:05,220 - DEBUG - [akshare_pd.py:78] - 👉 数据列名检查: ['date', 'open', 'high', 'low', 'close', 'volume', 'amount', 'outstanding_share', 'turnover']
2026-03-12 14:43:05,222 - INFO - [engine.py:99] - ⚡ [002594 比亚迪] 盘中数据注入成功！(跳动现价: 99.22)
2026-03-12 14:43:05,224 - DEBUG - [engine.py:104] - 
📊 [002594 比亚迪] 最新 3 行切片检查:
             open    high    low  close      volume        amount  turnover                 updated_at
date                                                                                                  
2026-03-10  97.18   97.49  96.08  96.60  50746243.0  4.907397e+09  0.014552 2026-03-12 14:43:05.220942
2026-03-11  96.75  100.34  95.67  99.22  90374375.0  8.925094e+09  0.025916 2026-03-12 14:43:05.220942
2026-03-12  99.23  100.69  98.70  99.22  46842712.0           NaN  0.000000                        NaT

2026-03-12 14:43:05,962 - DEBUG - [akshare_pd.py:78] - 👉 数据列名检查: ['date', 'open', 'high', 'low', 'close', 'volume', 'amount', 'outstanding_share', 'turnover']
2026-03-12 14:43:05,964 - INFO - [engine.py:99] - ⚡ [002475 立讯精密] 盘中数据注入成功！(跳动现价: 49.6)
2026-03-12 14:43:05,966 - DEBUG - [engine.py:104] - 
📊 [002475 立讯精密] 最新 3 行切片检查:
             open   high    low  close       volume        amount  turnover                 updated_at
date                                                                                                  
2026-03-10  47.20  49.70  47.20  49.39  181409372.0  8.875108e+09  0.024956 2026-03-12 14:43:05.962153
2026-03-11  49.45  50.88  49.28  50.17  168648425.0  8.476554e+09  0.023200 2026-03-12 14:43:05.962153
2026-03-12  49.90  50.43  49.28  49.60   80241399.0           NaN  0.000000                        NaT

2026-03-12 14:43:07,114 - DEBUG - [akshare_pd.py:78] - 👉 数据列名检查: ['date', 'open', 'high', 'low', 'close', 'volume', 'amount', 'outstanding_share', 'turnover']
2026-03-12 14:43:07,117 - INFO - [engine.py:99] - ⚡ [601857 中国石油] 盘中数据注入成功！(跳动现价: 12.19)
2026-03-12 14:43:07,119 - DEBUG - [engine.py:104] - 
📊 [601857 中国石油] 最新 3 行切片检查:
             open   high    low  close       volume        amount  turnover                 updated_at
date                                                                                                  
2026-03-10  12.18  12.30  11.78  11.99  524362917.0  6.301324e+09  0.003238 2026-03-12 14:43:07.115576
2026-03-11  11.78  12.16  11.65  12.13  474054564.0  5.647612e+09  0.002928 2026-03-12 14:43:07.115576
2026-03-12  12.33  12.39  11.95  12.19  376535457.0           NaN  0.000000                        NaT

2026-03-12 14:43:07,979 - DEBUG - [akshare_pd.py:78] - 👉 数据列名检查: ['date', 'open', 'high', 'low', 'close', 'volume', 'amount', 'outstanding_share', 'turnover']
2026-03-12 14:43:07,981 - INFO - [engine.py:99] - ⚡ [600938 中国海油] 盘中数据注入成功！(跳动现价: 43.0)
2026-03-12 14:43:07,983 - DEBUG - [engine.py:104] - 
📊 [600938 中国海油] 最新 3 行切片检查:
             open   high    low  close       volume        amount  turnover                 updated_at
date                                                                                                  
2026-03-10  39.03  41.66  39.03  40.98  165158546.0  6.646851e+09  0.055237 2026-03-12 14:43:07.979604
2026-03-11  40.20  42.08  40.20  41.76  120809993.0  4.963745e+09  0.040405 2026-03-12 14:43:07.979604
2026-03-12  42.62  43.25  41.65  43.00  140837869.0           NaN  0.000000                        NaT

2026-03-12 14:43:08,907 - DEBUG - [akshare_pd.py:78] - 👉 数据列名检查: ['date', 'open', 'high', 'low', 'close', 'volume', 'amount', 'outstanding_share', 'turnover']
2026-03-12 14:43:08,910 - INFO - [engine.py:99] - ⚡ [601138 工业富联] 盘中数据注入成功！(跳动现价: 52.66)
2026-03-12 14:43:08,912 - DEBUG - [engine.py:104] - 
📊 [601138 工业富联] 最新 3 行切片检查:
             open   high    low  close       volume        amount  turnover                 updated_at
date                                                                                                  
2026-03-10  53.63  54.38  53.40  54.36  117385056.0  6.334071e+09  0.005911 2026-03-12 14:43:08.908014
2026-03-11  54.70  54.99  53.60  53.89  122007345.0  6.604833e+09  0.006144 2026-03-12 14:43:08.908014
2026-03-12  53.90  54.78  52.22  52.66  130999610.0           NaN  0.000000                        NaT

2026-03-12 14:43:09,792 - DEBUG - [akshare_pd.py:78] - 👉 数据列名检查: ['date', 'open', 'high', 'low', 'close', 'volume', 'amount', 'outstanding_share', 'turnover']
2026-03-12 14:43:09,797 - INFO - [engine.py:99] - ⚡ [002015 协鑫能科] 盘中数据注入成功！(跳动现价: 21.36)
2026-03-12 14:43:09,798 - DEBUG - [engine.py:104] - 
📊 [002015 协鑫能科] 最新 3 行切片检查:
             open   high    low  close       volume        amount  turnover                 updated_at
date                                                                                                  
2026-03-10  18.39  18.68  17.07  18.12  359976476.0  6.392891e+09  0.221753 2026-03-12 14:43:09.793815
2026-03-11  18.01  19.93  17.39  19.42  371346202.0  7.098510e+09  0.228757 2026-03-12 14:43:09.793815
2026-03-12  20.00  21.36  19.50  21.36  347074212.0           NaN  0.000000                        NaT

2026-03-12 14:43:10,785 - DEBUG - [akshare_pd.py:78] - 👉 数据列名检查: ['date', 'open', 'high', 'low', 'close', 'volume', 'amount', 'outstanding_share', 'turnover']
2026-03-12 14:43:10,789 - INFO - [engine.py:99] - ⚡ [600875 东方电气] 盘中数据注入成功！(跳动现价: 40.47)
2026-03-12 14:43:10,791 - DEBUG - [engine.py:104] - 
📊 [600875 东方电气] 最新 3 行切片检查:
             open   high    low  close       volume        amount  turnover                 updated_at
date                                                                                                  
2026-03-10  43.06  44.06  41.75  42.16  127077622.0  5.414091e+09  0.056145 2026-03-12 14:43:10.786551
2026-03-11  42.50  42.62  40.41  41.08  124544135.0  5.126705e+09  0.055026 2026-03-12 14:43:10.786551
2026-03-12  40.75  40.89  39.41  40.47  100243852.0           NaN  0.000000                        NaT

2026-03-12 14:43:11,612 - DEBUG - [akshare_pd.py:78] - 👉 数据列名检查: ['date', 'open', 'high', 'low', 'close', 'volume', 'amount', 'outstanding_share', 'turnover']
2026-03-12 14:43:11,616 - INFO - [engine.py:99] - ⚡ [601669 中国电建] 盘中数据注入成功！(跳动现价: 6.55)
2026-03-12 14:43:11,618 - DEBUG - [engine.py:104] - 
📊 [601669 中国电建] 最新 3 行切片检查:
            open  high   low  close        volume        amount  turnover                 updated_at
date                                                                                                
2026-03-10  5.90  6.19  5.84   6.03  6.860737e+08  4.143831e+09  0.052486 2026-03-12 14:43:11.613905
2026-03-11  6.04  6.54  5.93   6.38  1.245092e+09  7.840193e+09  0.095252 2026-03-12 14:43:11.613905
2026-03-12  6.48  6.65  6.25   6.55  1.395825e+09           NaN  0.000000                        NaT

2026-03-12 14:43:12,442 - DEBUG - [akshare_pd.py:78] - 👉 数据列名检查: ['date', 'open', 'high', 'low', 'close', 'volume', 'amount', 'outstanding_share', 'turnover']
2026-03-12 14:43:12,445 - INFO - [engine.py:99] - ⚡ [002195 岩山科技] 盘中数据注入成功！(跳动现价: 10.34)
2026-03-12 14:43:12,447 - DEBUG - [engine.py:104] - 
📊 [002195 岩山科技] 最新 3 行切片检查:
             open   high    low  close       volume        amount  turnover                 updated_at
date                                                                                                  
2026-03-10  10.72  10.75  10.38  10.52  460576916.0  4.850971e+09  0.082227 2026-03-12 14:43:12.443096
2026-03-11  10.60  10.97  10.31  10.71  705692047.0  7.524519e+09  0.125988 2026-03-12 14:43:12.443096
2026-03-12  10.58  10.59  10.25  10.34  382540491.0           NaN  0.000000                        NaT

2026-03-12 14:43:13,440 - DEBUG - [akshare_pd.py:78] - 👉 数据列名检查: ['date', 'open', 'high', 'low', 'close', 'volume', 'amount', 'outstanding_share', 'turnover']
2026-03-12 14:43:13,443 - INFO - [engine.py:99] - ⚡ [300014 亿纬锂能] 盘中数据注入成功！(跳动现价: 68.9)
2026-03-12 14:43:13,445 - DEBUG - [engine.py:104] - 
📊 [300014 亿纬锂能] 最新 3 行切片检查:
             open   high    low  close       volume        amount  turnover                 updated_at
date                                                                                                  
2026-03-10  62.71  63.85  62.50  62.98   40868830.0  2.583041e+09  0.020436 2026-03-12 14:43:13.441896
2026-03-11  62.76  69.67  62.70  67.97  125431380.0  8.429228e+09  0.062722 2026-03-12 14:43:13.441896
2026-03-12  68.57  69.18  67.31  68.90   75019309.0           NaN  0.000000                        NaT

2026-03-12 14:43:14,326 - DEBUG - [akshare_pd.py:78] - 👉 数据列名检查: ['date', 'open', 'high', 'low', 'close', 'volume', 'amount', 'outstanding_share', 'turnover']
2026-03-12 14:43:14,329 - INFO - [engine.py:99] - ⚡ [300475 香农芯创] 盘中数据注入成功！(跳动现价: 152.07)
2026-03-12 14:43:14,330 - DEBUG - [engine.py:104] - 
📊 [300475 香农芯创] 最新 3 行切片检查:
              open    high     low   close      volume        amount  turnover                 updated_at
date                                                                                                     
2026-03-10  160.20  165.32  158.58  161.85  36564689.0  5.932588e+09  0.082098 2026-03-12 14:43:14.327290
2026-03-11  160.51  162.22  155.58  156.83  28241066.0  4.468852e+09  0.063409 2026-03-12 14:43:14.327290
2026-03-12  156.30  158.40  150.66  152.07  17519867.0           NaN  0.000000                        NaT

2026-03-12 14:43:14,501 - INFO - [cloudakpd.py:36] - ============================================================
2026-03-12 14:43:14,501 - INFO - [cloudakpd.py:37] - 📊 [DataCenter] 数据内核启动审计...
2026-03-12 14:43:14,502 - INFO - [cloudakpd.py:38] -    ▫️ 存储模式 : ☁️  云端 (PostgreSQL)
2026-03-12 14:43:14,502 - INFO - [cloudakpd.py:39] -    ▫️ 连接节点 : ep-noisy-dust-a1zv7w56-pooler.ap-southeast-1.aws.neon.tech/neondb
2026-03-12 14:43:16,929 - INFO - [cloudakpd.py:85] - 📂 字段审计完成，当前支持: low, high, amount, latest_price, is_closed, trade_date, turnover_rate, open, symbol, volume, updated_at, name
2026-03-12 14:43:16,930 - INFO - [cloudakpd.py:42] - ============================================================
2026-03-12 14:43:17,569 - INFO - [cloudakpd.py:136] - ⏳ 数据保鲜期内 (上次同步: 14:42)，跳过同步。
2026-03-12 14:43:18,831 - INFO - [cloudakpd.py:204] - ---------------------------------------------
2026-03-12 14:43:18,832 - INFO - [cloudakpd.py:205] - 🔍 [审计] 读取成功: 2026-03-12
2026-03-12 14:43:18,833 - INFO - [cloudakpd.py:206] -    ▫️ 标的总数 : 5488 条
2026-03-12 14:43:18,834 - INFO - [cloudakpd.py:207] -    ▫️ 资金状态 : 盘中实时
2026-03-12 14:43:18,835 - INFO - [cloudakpd.py:208] -    ▫️ 存入时间 : 2026-03-12 14:42:17.948392
2026-03-12 14:43:18,838 - INFO - [cloudakpd.py:210] - 
symbol name  open  latest_price  high   low     volume      amount trade_date
920000 安徽凤凰 18.00         17.71 18.00 17.71   422353.0   7532995.0 2026-03-12
920001 纬达光电 19.36         20.66 21.98 19.31 10805563.0 224542434.0 2026-03-12
920002 万达轴承 92.91         92.28 93.77 90.90   597275.0  55005827.0 2026-03-12
2026-03-12 14:43:18,839 - INFO - [cloudakpd.py:211] - ---------------------------------------------
2026-03-12 14:43:18,842 - INFO - [ledger.py:266] - ✅ 资产审计完成。当前净资产: 1042539153.38, 云端对齐已完成。
2026-03-12 14:43:18,842 - INFO - [engine.py:161] - ================================================================================
2026-03-12 14:43:18,842 - INFO - [engine.py:162] - 【操作审批纪要 (Execution Summary)】
2026-03-12 14:43:18,842 - INFO - [engine.py:164] - 🟢 000547 (航天发展) 建议买入 170400 股 | 预估价: 31.71 | 状态: 待老板确认 | 逻辑: 顺势金叉确认，首次建仓
2026-03-12 14:43:18,843 - INFO - [engine.py:164] - 🟢 600498 (烽火通信) 建议买入 97200 股 | 预估价: 55.54 | 状态: 待老板确认 | 逻辑: 顺势金叉确认，首次建仓
2026-03-12 14:43:18,843 - INFO - [engine.py:164] - 🟢 600703 (三安光电) 建议买入 288300 股 | 预估价: 18.74 | 状态: 待老板确认 | 逻辑: 顺势金叉确认，首次建仓
2026-03-12 14:43:18,843 - INFO - [engine.py:164] - 🟢 600938 (中国海油) 建议买入 125600 股 | 预估价: 43.00 | 状态: 待老板确认 | 逻辑: 顺势金叉确认，首次建仓
2026-03-12 14:43:18,843 - INFO - [engine.py:168] - 
【持仓状态确认 (Positions Audit)】
2026-03-12 14:43:18,843 - INFO - [engine.py:170] - 🛡️ 601179 (中国西电) | 持仓 860000 股 | 现价: 18.61 | 浮盈: -2.97%
   └─ 买入日期: 2026-03-11 | 开仓逻辑: 顺势金叉确认，首次建仓
2026-03-12 14:43:18,844 - INFO - [engine.py:170] - 🛡️ 600089 (特变电工) | 持仓 529700 股 | 现价: 30.78 | 浮盈: -1.16%
   └─ 买入日期: 2026-03-11 | 开仓逻辑: 顺势金叉确认，首次建仓
2026-03-12 14:43:18,844 - INFO - [engine.py:170] - 🛡️ 002202 (金风科技) | 持仓 323300 股 | 现价: 31.63 | 浮盈: 5.40%
   └─ 买入日期: 2026-03-11 | 开仓逻辑: 顺势金叉确认，首次建仓
2026-03-12 14:43:18,844 - INFO - [engine.py:170] - 🛡️ 600522 (中天科技) | 持仓 300 股 | 现价: 30.22 | 浮盈: 2.67%
   └─ 买入日期: 历史遗留 | 开仓逻辑: 未知建仓逻辑
2026-03-12 14:43:18,844 - INFO - [engine.py:170] - 🛡️ 601939 (建设银行) | 持仓 200 股 | 现价: 9.12 | 浮盈: 5.80%
   └─ 买入日期: 历史遗留 | 开仓逻辑: 未知建仓逻辑
2026-03-12 14:43:18,844 - INFO - [engine.py:174] - ================================================================================
2026-03-12 14:43:18,845 - INFO - [engine.py:175] - 👀 【交易额最大动态监控池 (优胜劣汰拒绝名单)】
2026-03-12 14:43:18,845 - INFO - [engine.py:186] -    - 🚫 观望 000988 (华工科技): 乖离率偏高 (1.48)
2026-03-12 14:43:18,845 - INFO - [engine.py:186] -    - 🚫 观望 300308 (中际旭创): 未形成多头排列
2026-03-12 14:43:18,846 - INFO - [engine.py:186] -    - 🚫 观望 002261 (拓维信息): 未形成多头排列
2026-03-12 14:43:18,846 - INFO - [engine.py:186] -    - 🚫 观望 300750 (宁德时代): 未形成多头排列
2026-03-12 14:43:18,846 - INFO - [engine.py:186] -    - 🚫 观望 300394 (天孚通信): 未满足缩量回踩或放量突破
2026-03-12 14:43:18,847 - INFO - [engine.py:186] -    - 🚫 观望 300502 (新易盛): 未形成多头排列
2026-03-12 14:43:18,848 - INFO - [engine.py:186] -    - 🚫 观望 600410 (华胜天成): 乖离率偏高 (1.34)
2026-03-12 14:43:18,848 - INFO - [engine.py:186] -    - 🚫 观望 300274 (阳光电源): 未形成多头排列
2026-03-12 14:43:18,849 - INFO - [engine.py:186] -    - 🚫 观望 300476 (胜宏科技): 未形成多头排列
2026-03-12 14:43:18,849 - INFO - [engine.py:186] -    - 🚫 观望 600487 (亨通光电): 乖离率偏高 (1.37)
2026-03-12 14:43:18,849 - INFO - [engine.py:186] -    - 🚫 观望 601868 (中国能建): 未形成多头排列
2026-03-12 14:43:18,850 - INFO - [engine.py:186] -    - 🚫 观望 002384 (东山精密): 未形成多头排列
2026-03-12 14:43:18,850 - INFO - [engine.py:186] -    - 🚫 观望 002506 (协鑫集成): 乖离率偏高 (1.41)
2026-03-12 14:43:18,850 - INFO - [engine.py:186] -    - 🚫 观望 601899 (紫金矿业): 未满足缩量回踩或放量突破
2026-03-12 14:43:18,851 - INFO - [engine.py:186] -    - 🚫 观望 300017 (网宿科技): 未满足缩量回踩或放量突破
2026-03-12 14:43:18,851 - INFO - [engine.py:186] -    - 🚫 观望 002281 (光迅科技): 乖离率偏高 (1.32)
2026-03-12 14:43:18,851 - INFO - [engine.py:186] -    - 🚫 观望 600989 (宝丰能源): 乖离率偏高 (1.40)
2026-03-12 14:43:18,852 - INFO - [engine.py:186] -    - 🚫 观望 600759 (洲际油气): 乖离率偏高 (1.35)
2026-03-12 14:43:18,852 - INFO - [engine.py:186] -    - 🚫 观望 002594 (比亚迪): 未形成多头排列
2026-03-12 14:43:18,853 - INFO - [engine.py:186] -    - 🚫 观望 002475 (立讯精密): 未形成多头排列
2026-03-12 14:43:18,853 - INFO - [engine.py:186] -    - 🚫 观望 601857 (中国石油): 未形成多头排列
2026-03-12 14:43:18,853 - INFO - [engine.py:186] -    - 🚫 观望 601138 (工业富联): 未形成多头排列
2026-03-12 14:43:18,854 - INFO - [engine.py:186] -    - 🚫 观望 002015 (协鑫能科): 乖离率偏高 (1.68)
2026-03-12 14:43:18,854 - INFO - [engine.py:186] -    - 🚫 观望 600875 (东方电气): 乖离率偏高 (1.30)
2026-03-12 14:43:18,854 - INFO - [engine.py:186] -    - 🚫 观望 601669 (中国电建): 未形成多头排列
2026-03-12 14:43:18,855 - INFO - [engine.py:186] -    - 🚫 观望 002195 (岩山科技): 未满足缩量回踩或放量突破
2026-03-12 14:43:18,855 - INFO - [engine.py:186] -    - 🚫 观望 300014 (亿纬锂能): 未形成多头排列
2026-03-12 14:43:18,855 - INFO - [engine.py:186] -    - 🚫 观望 300475 (香农芯创): 未形成多头排列
